u,v
CTS,MZT
ERS,KZN
BZR,GIS
LEI,YAP
SRG,TGO
AKI,HOD
ACY,CAI
AUC,RGS
HRL,OKJ
LYH,SDQ
BKI,LAN
ONQ,PBL
TLN,WEF
THN,YUD
ENE,YEK
CAW,YJT
GMZ,SUG
KGL,PRI
GRB,RAP
RET,SJT
DOY,SLL
HDG,KYP
BOO,KTM
CVU,KPR
TCB,YTE
CSG,TOE
KLX,YPW
KKH,VRC
BTU,PZO
JDH,PRI
KDH,LXA
MPH,TAM
AKK,STS
BPX,SMI
DNK,VLI
AUY,CZX
GYE,IAO
IXM,OSM
BVV,NQN
BTH,LSY
GST,LEI
BBA,CFE
FDE,SAE
MOF,PTP
ELV,NAS
LIF,YXY
DEC,UUS
PHB,SSJ
HRL,VLV
DJG,IGM
DMU,MHK
BMV,EBB
LOK,YQX
BCI,HKD
AGA,AGM
EVV,HPH
BFV,UET
DAV,ROP
ROS,YRB
PAC,YOW
CIK,MOC
CXB,EGC
RAJ,YIW
CLO,TBZ
FTA,RNB
HDY,RDN
BFV,PEZ
MOI,NVT
JHG,YIO
HVR,ONQ
ONG,YTZ
TOB,XBJ
ANR,TRR
SHA,VXO
BDS,UBJ
AZA,DLE
TIF,ULP
JUH,LPA
FUG,OCC
GPB,UIP
SRK,ZGU
BIA,BKW
FAO,IKI
POZ,TRK
CWL,SXX
CPV,GLN
HBA,MEX
AOK,HGH
IIL,MRU
SXI,TUG
DOL,MUB
KUS,YDF
OAX,OMH
ATD,YWP
KAO,KGI
CRD,LDU
EAU,TLJ
BIO,DLE
AUY,TOL
OBU,POG
DTM,ULB
BJA,ONT
GUW,SAH
CPH,GLO
BKG,ISG
BZE,HGN
OLL,PSE
FMM,SHL
GLN,KOS
CDJ,JUZ
BRW,YPM
GYD,ICI
SDU,YQZ
BLV,TQA
IMP,VVI
MKL,YTQ
DHI,TRK
ARI,YMM
PDS,SSA
ENH,SAB
SKP,UYU
JQE,NYT
AOE,YQL
AHU,LDH
PHW,TNJ
LKG,TUB
LJA,YKL
JAX,LFT
CHX,URY
TMU,UUA
AQJ,JSI
COU,SHL
LCR,PHE
QRO,USH
GVA,HIJ
CJA,EGS
RSW,XUZ
AZN,CZU
AFL,ZHA
JNN,KCT
HID,HLD
NPL,YYZ
HSL,IKO
DIR,IPH
RLG,SFT
NDJ,SMR
AAX,LLK
AGT,CPO
GIB,TUB
RBA,VNX
YEG,YUD
AOG,INU
BDJ,LMP
ATD,CIF
BRU,URY
MRV,NTQ
AUC,AUQ
CNY,PIT
FOC,PEZ
ASW,CGR
CCV,INC
ADU,HKD
LWS,PTJ
LUH,NMA
KGE,PMV
JHS,NQY
DCY,GOA
ILM,TNC
KOO,LIL
NUI,SFO
TAC,YNY
ADD,OST
MCO,XKS
JAI,PUY
TAI,THN
DFW,UII
CUR,UKX
LTN,PRH
PKR,VNS
CCK,DRG
WNN,YWH
JJN,RAE
GFK,VTE
MEA,SVP
DEE,LEX
CZL,GTR
DAT,SYM
MSZ,YGW
SLX,YKT
FKL,LLW
PIK,PKN
EQS,SOU
STG,YOJ
SGY,YMT
OSL,WLS
GEA,GOP
CXR,FLO
KZS,NPL
BFD,PEC
FCA,UCT
KCG,OTZ
PKN,TJM
FBM,MRX
JNU,SXR
HLA,LXG
MIM,VLD
QUB,ZAD
BAZ,VDS
GDZ,SVR
PAV,SDL
ASB,SJE
MOV,NBX
BRO,MTE
KGA,KLV
MWF,YQK
SJK,VHM
ATQ,DLA
CSG,ULB
BHU,GFF
RCH,RNB
HEK,IFO
CSG,MSU
ACA,MAM
BLD,FPO
ABD,PHX
CKY,TOG
JTC,LCY
FMM,NAO
KUL,RNO
OHH,SPC
AGN,HKB
HTI,NAW
JGA,MOI
GKK,WSN
MJV,YBK
FCA,MOB
EAM,WAE
AUA,SLZ
KIR,RIC
IAD,MKP
NUP,TEE
BMW,SZZ
COS,EBJ
MTS,SUJ
TUI,YGR
CZJ,ZGU
AMM,GXF
GCM,NRL
ANG,LPQ
IQQ,LJG
NBC,PQQ
JIC,WEI
ACR,PZB
HLZ,PIN
ETH,MNL
OKC,YPC
CIX,SKK
AYQ,SEZ
BVE,BXU
LYA,VAI
NSK,RIW
RKS,YAX
JMU,JSR
YTH,YYZ
EDR,JIM
RNS,UDR
EGN,MNT
SLH,TDX
ISG,SVX
ERF,RCY
BOD,SPI
CWL,PCR
LYR,NBS
NVT,PDA
AYP,YQR
MKE,ZAD
DRS,MCV
PLO,RRS
BSL,LGG
ASW,BUW
JDH,ZSE
DRS,GMP
MEM,MPH
GEL,PPW
KCA,TFF
OHE,PTP
KIM,PLU
CND,IKA
HMB,LOS
CIA,VLD
SVI,YZG
CPT,TZA
ELC,TIU
TMP,TOY
PMI,PSM
CHG,WUS
EWR,MZT
SHG,ZHA
BUZ,YWH
KIR,YIC
KWM,LLB
MYQ,WMO
LDE,SVR
GOQ,SNA
KCC,XFW
GST,LXA
IAR,MCG
GET,OSM
ETZ,LEA
GVA,MPH
IJK,RKA
GLH,IXJ
HRK,KCT
LTO,SZA
NCE,SWJ
BFF,TKK
IPI,YDQ
DQA,STV
LAW,YUS
ABS,SDL
PVA,YPO
ANR,XSB
QOW,TUP
JUV,MQH
KPB,LBP
HAM,KOP
BRQ,FMM
BSS,TAK
BHO,LYG
KRN,SMI
JST,THE
RDU,ROA
CAN,RBR
LIF,OBY
TIR,VCL
ACR,IXS
BVH,PTJ
AMM,RBR
AOS,YFB
GEG,PET
AKB,KMI
CHY,HAU
DAY,HRM
BLE,BOO
KQA,RMF
BND,GAL
POL,YNT
CPV,SVR
AZO,MVR
HMV,TIV
FKB,PBH
SLC,UAQ
DPO,NSK
DJB,SHD
LSY,YHR
BWI,KOA
EOH,KND
BTS,HKN
MAO,NCU
WRG,YBK
GRU,INN
CJB,LZC
BZV,DWD
BVI,NOZ
AIN,YGW
IXS,WUH
GAJ,PPW
AAX,GZO
OSR,UTT
EMA,ONT
CNS,OST
LNZ,VAR
NAQ,NDU
SCY,VNO
ROP,SDR
CRI,TRU
GTR,ODN
ATW,FDE
JJU,TUA
RVE,VCT
AKJ,XNN
GKK,LDE
BFV,HUU
JPA,NTL
GAN,MRA
CCJ,YKG
BKQ,KAZ
LAZ,YVM
DRS,NZH
NLA,SMS
IMF,LEB
HAK,ROT
PHO,YPX
BTJ,YVM
NOS,TUU
HAQ,XFN
CXI,ERF
BUC,PEI
AYP,GPT
ILM,LWO
CFE,VTE
BKO,TBT
SGG,ZRH
DGA,IKT
AGX,NSQ
ROW,TRK
CLM,KWM
LNS,MWZ
ARH,JKR
BYC,YHI
DIN,NAT
MLX,UII
BZO,PTY
BUZ,GXF
AJA,SKD
CNJ,YVP
MCE,VKG
KOJ,SBW
DHM,XRY
RAK,RAR
AXR,PAC
BEG,MQN
BUS,KOZ
CNJ,RBV
DIE,NYA
AGB,JNU
KWL,TMI
BTI,TZX
PLX,VTZ
MEH,VAI
IRG,MAA
JOG,WJU
BRU,NKM
GTR,YBP
CJM,PRN
LAI,NWI
PED,SKZ
KEM,UAS
MKE,TAC
AYP,SNN
AFA,NBC
SHE,ZSA
IAO,STT
RNS,YSY
EBU,MOB
MAD,VGA
MKY,YIN
BHS,IKO
GLF,HRG
HOU,OHH
KWA,TPA
JIM,YOP
KTL,SAV
GYS,GZP
BUR,MQN
JGA,MAN
GMO,PAF
AUS,BHI
MLN,VST
BLZ,DUB
KTN,PFO
LCK,OMA
LNJ,LRD
PYC,YOP
BOJ,PEM
ETR,KAN
PBI,TJA
EDO,HVB
BHX,EZS
OAL,XTG
YKU,ZAH
FJR,WYA
HZH,YUB
KDV,LNY
KHY,VAW
ABX,GUC
BHB,BSS
SJC,TRS
AKK,MEU
FDH,NTX
NYT,OMH
BME,DFW
COK,LWY
CPC,SCL
SKE,YGX
DOL,PIT
HVB,PKU
TYN,YXE
NRN,UAK
GEV,RIG
DUS,ZLT
CGR,IQT
YGJ,YHI
GFF,TSJ
BRD,SFJ
DRK,NAG
FAV,YYT
LNS,ROA
BET,BLJ
LEN,TEE
CPC,SRZ
ROR,YNT
CIJ,SHG
AOO,KGQ
DSA,RGS
ODS,YPM
ACT,JIQ
MOC,PLX
FSC,OWB
ZAM,ZQN
KCC,LTX
CUL,USH
ALA,REP
BTT,DGO
CBQ,FKB
JGA,PBC
KEM,STG
APF,KSO
ROB,TUO
INH,YGP
ACH,LCY
WMX,YES
PHX,RMF
YPO,YWL
MLO,TRW
BDS,IRC
BIA,XRY
AOQ,NLD
TDX,YQQ
FPO,SAL
PYY,TPA
NSK,SVA
MLE,RNB
BJF,TNC
KFS,MHQ
TET,YTE
KUH,MCI
ARW,CPX
CKB,SRZ
JTY,PEM
HTY,SHP
ACT,TAI
EVE,ROP
KLU,PFQ
KTG,ORN
MUN,SCO
HSN,TMU
BHQ,RIY
BIQ,TGI
IKI,YHU
GEG,MGF
CRD,SIP
HIJ,KCG
LTN,TGO
GBT,NRA
URY,VEE
ACZ,MLA
HFA,MHC
GMB,HAJ
KPB,SFB
BKC,OSW
BJF,EYK
KSC,TBU
IKE,VPE
SHH,XMH
IST,WVB
ASR,GWL
DMU,LZH
MUX,XCR
OAG,SHC
JIU,RBY
CUU,SBA
PHW,VBY
HRE,PLM
SWF,UPK
APF,IUI
KNH,TQL
AET,IOQ
KUU,VEE
EYK,SJW
AFZ,KCK
BQN,VBY
LWN,TER
REC,SLK
JED,LWY
NUI,QRW
BOY,SKK
NSH,PDA
MXX,NLK
FSC,UMD
GLT,NRT
HET,SPB
EGX,SLA
OAK,SIT
SPB,TRC
NJC,PLW
LYP,VNO
HFA,OLF
BOM,RDV
CJB,YAA
OSW,SZE
CCV,NOU
AEY,JUZ
ELL,WMI
BTR,GGT
GRQ,ILM
BTS,CFE
LKO,OPS
DEE,FON
ERM,OUA
AUR,VLD
JYV,KRS
RRS,RVD
AZN,LEI
OMA,PAH
HKT,VAN
BZG,YQU
CUZ,SMS
COR,PJM
OOK,ULK
HAM,SAH
FNC,HVB
HAU,PDL
BGO,LFT
EWN,MRV
PEI,POA
MMY,PWM
CJJ,MUA
BMA,BVS
NAV,UGC
AHN,NDR
AOE,TIU
RSH,YWK
NIM,OMR
AKB,RHD
KAD,KDU
ALB,CYB
ABS,TMW
MHH,TMP
AHO,ORZ
BEY,SMR
BGY,LSI
DWD,RHI
DRS,IQN
BHX,MVR
PYJ,RMA
DCY,FSP
EUG,KTA
MOI,TNK
DDG,IXL
CTL,TGO
SZX,YSY
IUI,TMJ
SBP,YPL
AXM,PLM
PVK,TJU
CZM,IGU
PUB,YNT
BFV,UIP
DMD,QOW
DAU,TMC
AOJ,OOL
LEC,PBG
AMS,BSD
LUM,VAK
BNC,IFJ
OUL,VLI
IOQ,LYG
PPG,RES
PEK,YQU
BPT,TRK
PZO,YAK
KBU,MJU
AHE,TER
YFA,YOJ
LUO,TWU
SPB,TNO
ABY,SCZ
BHD,PKU
HOU,YPH
ENE,TYR
BMI,TCD
BAZ,SLA
BOI,CIU
PVE,USM
NWI,SZE
HVB,LJU
GEA,WGP
GCK,ISC
HSN,LPT
IST,LKO
KAJ,KUH
BHO,SIC
DLH,NKG
YLH,YSM
IKE,IXL
KBP,YOW
KKH,TNK
BRM,CRI
MKP,ZGU
ARM,YPY
RAB,TGZ
TMS,YPJ
HJR,HRL
BWT,HDS
CGP,FEG
ADZ,TJQ
TYR,YXE
BUF,LEI
CDR,LUN
AQA,HVN
KRK,MFR
HDF,LLI
KAL,KWI
HHH,MCE
FLW,MPL
SJC,ZSE
ADA,YWB
ESB,OZZ
CBB,TRK
MAN,SDU
OSW,WLS
LWB,XFW
BOS,YWG
STN,YGR
SKO,YNO
GSE,YWB
SJC,ZVK
CPD,DBQ
HUI,IRZ
HFT,PUY
DLE,HME
MEB,SVB
NVT,SFJ
GTE,UMD
CFS,QBC
PIB,SEZ
XKS,YKF
JHB,SSB
AAR,DAL
JNG,KAN
ATK,MJD
PSJ,SFA
SZE,ZAT
DAB,VAO
TGZ,URE
DIB,OMH
PIX,PNH
CCK,CMI
HEA,TBU
ERM,PAG
UFA,WRL
SDD,TRR
CGI,LCK
BKZ,KSA
PIE,TYN
CGB,WMX
BVE,DND
ARM,ZTH
MDC,RJH
ODN,TBW
BLV,DYU
SZE,YGK
CRD,ZNZ
MDE,YQX
MSN,RCY
FTE,WBM
LAN,RDN
FVM,KRL
BSG,TAC
INC,LYR
MZG,OAX
CGA,EMK
HOF,PMC
KOS,NRA
BZR,ISN
DGT,KND
IAM,YMT
WRY,ZQW
GMZ,LUN
MZV,RAE
PBJ,SPB
BUR,SDV
FCA,KUA
OLB,SDL
LDH,OOL
JHM,MOC
LXG,MGT
CZM,IEV
HUU,SAB
GSO,TPP
BTK,ZFM
FMI,IGM
ARN,LDS
MDW,NER
CKD,CPR
CIZ,GEO
MEM,PGA
ATK,NOP
CZX,EGX
LET,THR
FTE,PVU
GMB,UVE
AKI,KSO
GYD,GZT
SHX,YKS
GZO,KQA
CFS,EAM
BZE,SXF
AHN,OLB
LLK,OLC
FNI,LLW
BKM,SMK
DAU,EWN
LAZ,PGU
ALA,WDH
BKW,SJU
LED,TCG
AQP,GUW
JKG,SVB
AQJ,HNS
CNM,SNA
NUL,RDV
HKN,SYY
LUZ,SVG
FUT,REX
CNM,ZKG
TKS,TUF
FLS,PPK
BRR,UIH
BIL,DED
DQA,KPR
KLR,KUH
SGD,ZSE
PSC,TIH
CGR,MCO
CUM,ROO
OGM,YPL
NME,TMI
KRF,SSY
HEL,IXM
GFK,SKU
TRE,VLD
FJR,KLU
PGF,PPG
LAS,SSR
AGS,IPN
LYH,PIX
LPB,YVO
HSN,MTY
FKS,MFU
EEK,LZO
BGO,YZP
HGU,JHW
KTT,SFT
KEP,SRY
MJU,RMI
DNZ,LNJ
LEA,YZF
HLN,OPS
CJL,SNE
HYL,OBU
BUR,LDY
PSE,QJH
TFI,YQL
ACI,FLA
LNE,TUP
BND,TTT
BHE,DMB
GRW,SOM
KKR,YWJ
AMQ,GNM
DAR,VLN
FPO,SBW
HJJ,RDC
KYP,SGY
LYB,OMH
CIY,DAD
EWN,NDG
LCX,MKK
LZC,WAE
KPV,UTT
BOM,FCA
ERL,MMK
IXL,YGX
JAN,RIC
GDN,LMT
DOK,PRC
AKU,KVD
LTO,UKA
BDQ,WSZ
BUL,KVG
MJU,YCB
SZA,SZB
EAR,YHZ
CGY,GYN
CPT,TNR
DSK,TRZ
GGW,IKO
CCF,HMA
GMZ,RXS
CBQ,PEU
HOT,INZ
AJU,ITB
EGE,SJD
CBB,DAT
WKJ,YXU
KAA,SJC
MJU,YHZ
CNP,TUN
EBA,FUT
BGO,WIL
SOU,YBR
FJR,PDA
OTH,UGB
BFD,YPY
ALA,JHB
DUS,MCM
WSN,YUT
HGN,IGG
MRV,YPL
BNI,TYN
OTZ,SDY
XTG,ZHA
ANC,NYA
GLH,ONG
OVD,ZEL
IXJ,NRK
DGO,KHD
HGU,MHT
SHB,SPR
CUF,LOD
ASE,WBM
CFR,VOG
JMU,LUQ
PGA,WLG
BDA,GTF
TLV,ZRJ
KUK,YCB
BDU,TNO
KKE,YVB
BSC,IXM
CEZ,SEN
IKO,MCI
MOD,SFA
MIS,ROB
BSK,VAS
PED,SGU
QJH,SPU
MCO,TSJ
FUG,TUG
GUW,MYA
TST,ZBL
JGS,UTT
MCP,ZCL
PLS,TCR
ISC,OLA
AZD,MZR
IJK,ZVK
ASW,LLK
BTC,SIN
CTS,MWA
LNV,TYS
HGU,MMO
MPP,YBR
KGA,SMF
GKK,WBQ
DEC,TOL
OLC,YFH
JOS,ORX
EYK,LMP
LEJ,NTQ
IGR,UDR
DFW,KGT
ABZ,STG
AJL,SMI
CLY,RAE
DLI,LZO
KAE,MMH
BWI,PTU
AHU,GMP
CXH,GYS
TPE,XMH
FMN,IPI
ATM,LKG
ESU,EVG
MEU,MNT
MSA,NEV
BIS,ZMT
SUB,YTH
HOG,KGS
CAL,LEA
CLV,TAP
BDB,VIG
CDC,MRD
AKV,UVE
CAW,NBC
PEC,SLY
EGO,EXI
GMO,SCO
TAK,YHY
LAO,TKD
GYD,OST
MEI,VDM
PIZ,TMR
NSN,YEK
GMO,YXX
DAU,NYO
CTM,TAS
PNI,RDZ
MOF,SGF
LGQ,PVC
ANV,AZD
CYX,ESD
LOE,MEM
HNS,RIC
SJD,YPR
LRE,TBU
PHE,PLZ
ARU,WAT
LYI,MWX
BHE,RJA
DHB,XFW
FUO,OGS
LAX,MSU
AEX,CLL
MPL,TOU
KEF,SMI
LVI,VDE
CUM,STZ
MNL,SUK
GTR,UAQ
CIK,YSK
PVR,WSZ
DED,SPS
SKN,UIN
KAL,SVA
NGS,VDM
CIC,PQS
ATZ,NER
IXU,KGQ
HOM,NTG
BND,GOI
INL,YGL
INH,PIA
GDZ,OPO
JNS,SAF
HOI,KOJ
RVT,XCH
KAA,MAZ
IAN,WRY
GCH,VII
GOJ,LYI
TCT,TLA
SDU,SRE
SMA,YNB
KDU,YXT
CEE,YYE
GLA,GOT
LUH,TRF
CIK,GDX
CKH,MHK
JUJ,VLI
ABE,SAF
FUG,SKE
AKN,UBA
KHZ,NUI
GAN,XSB
DYU,ZHA
POM,STI
SHA,TAC
AKP,IOA
BKS,FDF
IXB,KOZ
CKY,YNC
GWL,NQN
CXI,TRU
TMU,YIN
PUY,YWB
CZE,YGT
GLN,KCL
QRW,YKT
POI,VAW
WGP,ZLT
BLQ,JIK
ACT,OSI
KTM,YFH
GUC,VKG
ABR,PPQ
ATH,ONJ
KHV,WVB
EMK,POS
CBO,KKA
CHG,SCQ
AJI,MLX
GJA,KKR
BRQ,GAN
BEJ,BOJ
HUY,YZY
GUR,SUK
SCL,TLH
DGA,PCL
LLU,VRA
BPT,TLH
JMU,SJO
FMM,YTH
FIH,ZSE
BTU,TMW
GIG,MCN
BET,BTJ
RTM,UST
JIJ,SYX
AVL,BJM
LUZ,TAH
KRK,YOW
IKT,REP
COO,EAU
GZT,HGH
IOQ,TAE
TKJ,TWU
FRS,LOH
GLA,MNG
PEW,STC
CYZ,IUE
FKL,NRN
AZI,KGP
KHZ,VUS
IJK,RVN
RGK,YNB
GOJ,VNO
GRB,HDM
DND,YTE
BDA,ELM
CEG,DYR
CSG,VLN
ALS,CMN
GRP,MDU
CND,PDT
BRS,TKX
JKG,PNL
CLD,JKG
GNM,KOE
IOS,KBP
LPS,POA
UUS,WSZ
GAF,YZT
KNH,PND
ICI,SCW
CAC,CRD
NZH,OWB
CYF,MJZ
ROV,YXN
ORN,TUC
PDG,SYQ
LKH,TCO
BVH,RLK
MUC,STT
LUM,VLD
IBZ,MYW
HKD,SVB
DPL,ZQN
AZD,YWP
FCA,FPO
HOI,HYN
CEC,YRB
JUU,URE
BOO,DOM
HSG,OLF
MCY,OGX
AAE,CKX
ORH,PSE
PVH,VLC
PIB,SOC
LPD,WAT
MFE,ZTB
VCP,WHK
JDZ,YGR
TKP,YIO
USK,WBM
DBO,SNV
OSD,YYD
AYT,LJA
DDG,MSR
IGU,WUX
FSD,VRN
BHM,MTT
MCE,NKM
TUR,YFA
ABJ,VGA
GMB,PZI
HHH,KAT
CJU,SNV
BUN,KRP
BJL,LMC
BQB,SKN
EXT,SBP
ROT,SDE
TVS,WYA
IRG,TVC
RIG,YKU
BUC,TET
FDH,YCG
EAU,MID
EUG,TPQ
BJB,KRY
NLD,TAO
CGP,UVF
GOM,MHG
RFP,RVE
BAH,GRO
SGD,SJC
KAT,PFO
HRB,YPC
CGI,OTD
DRV,YKM
PHS,ZFM
PEI,YXC
ANM,PHS
NVT,PKE
CBO,VII
IFN,TPQ
SJZ,ZFN
BBO,LWB
HGN,ICI
OSR,VXE
LSC,RAS
HKK,JUB
KHV,NTE
CGA,SKP
INU,YNA
CNJ,YAG
KEF,LPP
KPV,VBV
PIS,YKG
ASW,LRS
STC,UPK
BUF,MTM
SRA,YKA
AES,JUL
RIC,ZFN
LET,WAA
BUQ,PSE
DOM,KIJ
DAR,JZH
LYR,MLE
BPL,DMK
CSH,SYB
LXA,YVQ
FSP,GUR
BNS,STS
AUQ,ILR
BXU,RAR
KWN,SJL
LGK,YPM
CED,GJT
FLL,NAH
DGO,MYJ
ACE,KXU
KOA,RTA
BDA,DLI
CLV,TKS
PSM,RIX
CCV,DSN
KAN,PFO
KVD,YNJ
KOJ,LYG
CEI,MYD
ASO,FJR
KCL,XUZ
GHB,VRA
AOR,WNZ
DIE,WEF
DOH,LIF
NVI,YSK
MNT,NUI
ELG,LIL
HEH,LED
JUB,KMS
SAH,SLC
DIG,LVI
BDO,SYO
PPQ,YGT
LWN,TLC
LPB,SHV
DRK,TBW
BRU,JLR
AQI,SRX
MCT,SWJ
HGU,IBZ
VUP,YUY
EWB,LTN
BUA,GKK
FLO,ROV
KTL,PXM
PBJ,XSB
DAY,ZRJ
URT,VVI
ASU,BUA
JUZ,RRS
CKG,TFS
DZN,RNN
FCA,LUG
AUS,LCK
FUN,NTL
CXB,SMR
CUL,FMN
DYR,YGZ
OZC,PMY
MRY,YPN
BDO,MCN
FEG,UVE
SVP,YVO
MCE,NSH
HAC,VDS
BKM,KLW
KZN,TWU
KWF,STL
GYA,PCR
GDV,YRT
DOL,YUX
NMA,SCU
CGP,LSP
CNF,SFT
KVL,MIM
BCN,SZI
AUY,TAG
ADZ,YVZ
OAX,YLE
CRL,MDU
ICT,MRZ
HVR,NVT
TOL,TST
SSJ,TCG
CEC,MST
AMM,BJI
FCO,KNS
ADL,SDN
LOK,LZH
EOI,YOJ
ASP,NYU
DSK,ZRH
APN,VGA
BRI,GND
HTS,LPP
CHC,YEV
ARK,JSI
JCB,PUY
JUB,OVD
GEV,TVU
IKT,OIT
MLM,YCB
MFE,TWB
DHI,SOU
LPI,OBU
BEL,SZX
FTA,PLZ
APW,EAU
PBJ,YNJ
DOY,GET
RIC,TIP
CUU,GCK
BQK,GHT
JUK,VVO
BOJ,ONG
SGO,YAX
SLC,ZHA
KTL,MLY
IZA,YXC
IMF,UYU
LGK,YMT
KET,RBV
CAP,HVN
OKA,TNJ
ENE,FRA
CGQ,MDU
CRK,SLI
CIU,KHD
LLU,PAH
GIG,IFN
AFL,BEU
CTS,NEV
COQ,KRS
GBT,RKS
BBI,CXJ
VVC,ZEM
CBT,SUV
AQP,TMC
IPH,MOZ
ABM,IOQ
CMP,WMI
EDO,HAU
OLL,SCE
ARM,TCB
NOB,PUF
NIM,SVZ
ITH,RSW
BFD,KMS
EMK,MMH
OKL,TCD
KPN,OHE
KWT,SIT
WNR,YEV
GJA,ITM
NYA,XCR
CEG,SFG
LIM,SLW
VDZ,VIL
DYR,YAM
BVE,PGU
PDT,TST
NBC,SFG
HAK,LEX
ATQ,YXC
JLN,WMI
GMZ,MUW
JLR,MMY
LIR,SJC
CBH,PPT
LBS,SGC
JUU,SCL
FMO,KCZ
ONG,PZH
EGC,MUA
CID,IUE
BSO,PRH
FLR,KZB
AIU,TGZ
AZR,PNP
GLA,TGZ
BGY,SMA
PTJ,REG
FTA,VGZ
BGM,YYZ
EDA,PIP
MKY,SNA
ERC,SYX
KNS,KTW
KVK,LKB
HRI,MRA
HFA,MEA
BZE,HEL
RSW,TFF
EBU,PLQ
LGA,LPB
HAJ,SJP
FDE,YXX
BJM,LYP
GNY,GSM
VER,ZSJ
RTB,TLC
NLD,SPU
CGB,MVR
PHO,VER
CSK,XMN
CXI,MGB
HOD,IPL
AJR,BME
ALF,BOB
ABB,KUO
HHH,PHE
CUL,LWO
BQK,CME
BUW,MAN
CHC,MCT
DAY,VVO
LMN,UEO
CUQ,LFR
RYG,SPB
DOM,RMF
CGH,YCB
LYC,YNJ
SBH,SOM
BWI,HVN
EGC,MMK
BRN,YAX
KTG,PSA
HRB,KND
GAO,LMM
PBU,SYQ
IXD,LLI
BJM,KUU
EQS,GGW
EGN,YTL
BUC,PMZ
AZR,EVN
AGR,LAQ
HRE,PHS
ANX,TGZ
LKN,PIX
OTZ,VKG
RUS,TXN
MOI,TKD
MOC,YTY
FAT,YTQ
CIJ,VGA
CTL,HMB
KUU,NUX
RSD,TKP
RGL,RKV
DTW,LYS
LRR,ROC
GAF,MAO
MCP,ZPB
BNI,UET
CCF,TBP
KUV,SLU
BOS,KAA
AES,ULB
CYX,ZSA
REN,YKL
TXN,VFA
ADE,LBL
SKK,YWB
HNH,SPB
GFF,PIR
DSA,JAX
AQP,FAY
LGA,SFJ
ADF,RIX
AHU,PJG
PVD,REU
KIV,ZFN
MGF,WNP
CUM,SNV
FJR,GMB
IUE,PPQ
FNI,PKR
BQB,CXI
GSM,RFP
HSL,YUS
BTK,ZNZ
GTR,TGI
HAQ,MDW
ARM,BFF
CUU,YPJ
AGX,KET
DRO,KTG
IQT,RAR
ICN,MQX
JKG,KSO
GYS,SLQ
KGS,VUS
PLO,SWA
DSA,NKC
KTM,KWT
NBE,SCE
GCI,LMP
BRO,PEM
PGV,TRE
BUZ,SDD
BUD,HOR
DGA,MDL
AAL,DZN
DYG,KTL
ABR,BRU
CBQ,PLS
HMI,VLY
TTQ,YZV
MYA,RGL
PKR,UIP
KBU,TAH
ELH,OTZ
HOI,ZAG
KEJ,PXO
BUZ,KIT
FUG,MKW
BLR,IAN
GRJ,KCQ
RAK,WWK
KYK,OLC
MDE,ULZ
ECN,OUL
TBW,YYQ
MRU,YUX
POZ,TBG
KSE,SLH
CZJ,VCT
CAK,MYT
JAU,LBC
BPX,BTK
NRA,YQU
UYN,ZFM
DBA,ZAZ
HHN,PUB
EGE,GYA
BOH,YUX
PVG,TFF
GOM,KNU
KLV,SEN
BCI,FRO
BHI,CIT
LMN,LZH
HKB,JNZ
DIB,KIJ
BSA,MCE
SRK,VST
MDL,OLA
KPO,MWX
AXD,BTU
KTB,KTE
ILY,TUG
CTG,JPA
TYF,YAT
BSR,YIN
OSW,YCD
GYE,ORU
CSX,GND
BAX,CKD
MLY,RCH
GSE,PDS
JXA,WLH
CYS,KBL
WNZ,YGX
IVC,TUS
JOI,VCT
MDT,THL
KHY,PVG
JGA,VGA
LKG,SDG
AKI,LAS
BRQ,YSJ
RUS,SXR
ANV,MUN
MAB,MSS
BEY,MPN
CPT,RUN
PMO,TCZ
BRI,LLU
KSY,XMS
IDA,SCU
CND,MJM
JCK,LWY
TSF,VOL
BGY,YXT
GJA,GUC
BRS,RAE
LYH,MDZ
GOV,VDH
CMX,EAU
GUR,OSM
BDU,KZR
BIM,YTH
CFC,NUE
FDF,KLO
FNI,FOR
JIJ,WRG
SRQ,TTT
BSD,UBA
CFE,YGV
AUS,HRK
BKO,IKT
HAM,LCK
DDC,ERN
BKZ,UKK
HUN,RCE
NVK,SDK
AZI,YSY
DLM,MUE
HDM,IWJ
VRA,YIK
KCC,RJL
WNH,WNP
NDB,PNQ
GRU,IAG
KLG,KYA
VKT,XNN
ARW,RVV
AVP,PNA
DPO,TUF
SBN,USN
KOT,MNL
JMK,NCL
LAU,YYY
INL,KAL
IGM,JTY
LWS,TIU
KZS,LNE
FTA,IMT
KAE,XNN
MHK,MKQ
BYN,RNO
MAD,PVK
FUN,RZE
DAT,GAJ
EQS,MAS
BUN,VNS
HIN,VUS
BRA,RAE
ATW,DUB
CZS,VAW
YKA,YXT
DRS,MKY
OAK,TUK
DIW,LLK
GYA,VQS
SGU,TZX
LPQ,ROP
HGH,KYP
NGQ,PBJ
GYD,SDP
GHB,PBJ
CLM,MWF
BMI,MJT
LYS,PXU
KYK,NBX
TNC,WBB
ERZ,NCU
MAJ,NAW
THR,YVQ
ERF,GKK
BRO,TUA
YGZ,YYZ
NBO,STG
HDM,PGF
BBI,TXK
LGP,MNA
KUO,RGL
JDZ,SWA
RUN,VDM
HTS,SDG
GLT,LBS
LCH,SCO
PSP,SUB
IKS,ILG
IRA,RSD
FNJ,PGV
CDC,JZH
ELV,LRD
NNM,YWJ
AGH,VCL
CBR,PZO
PEZ,TBP
IXA,SYR
CLV,DOH
AJU,GEG
BET,YQD
ATD,DME
CKD,SFL
CMH,SAT
HAS,JAN
IPN,WHK
AZR,OGD
CZJ,TIA
HOR,PNQ
YCU,YLH
BTT,PIH
AIT,FAV
KZN,VRC
CGP,WAG
MDW,SGY
ONT,XBE
FON,SOC
FLL,NUX
CBH,SAF
KZS,MQP
ELD,NRA
BBK,JAL
SAP,SVQ
MUC,TTU
JDZ,RBV
DEC,HPN
TZL,VOZ
ADE,PLM
AQJ,PQM
AZN,KOT
OME,SZZ
BXR,TLS
MAD,MAF
MAH,MQX
ERL,TBI
ADA,KAE
BLJ,CPX
ELV,KFS
DIJ,LPD
DAY,STT
LRE,SZA
MAA,RGI
NGB,NYM
PMO,UKA
AKK,CMX
AQG,FOC
ESD,WHK
AIN,YQD
KTB,TRR
DAB,JOE
BZR,KCG
IPI,PPV
RAS,TUA
HOT,VAI
CUC,WSX
GHB,JCK
EXT,IXG
BIS,GST
MKG,UII
BGF,JIU
MUA,YZF
BOM,CDC
TAL,XSB
GOT,IBA
JIK,NVK
FNJ,KNG
GTE,HTS
ATC,SQS
QOQ,YLE
HUI,TEN
RCH,UDI
SLY,SNN
RIY,RRS
BTV,JKL
ORF,SKU
IND,KAW
PGD,RZR
BDO,TLA
KRF,RIW
HYD,KDO
HSL,TOH
ACI,KNQ
RTM,WMI
RCB,TOS
PHW,TGI
LJG,NDB
TNW,YFH
AOR,SCW
BLK,YGX
GBT,PIZ
KEF,KIM
GCK,LQM
IND,ZTH
BGR,JIM
JTR,UST
EJH,ODS
FCA,HRL
HVG,OXB
DNR,YGW
FYU,RSA
BVC,TDX
BZO,PMR
IST,ULO
BRO,EIN
BRM,YTH
IAR,NST
HNL,YWP
BHV,YGZ
IXG,XBJ
BJL,WJU
BHU,BRQ
DIE,GMO
CHO,ORV
KWK,REN
CNF,UII
BLJ,JTY
MPA,RYG
YKG,YOJ
RFD,ZHA
KMG,YKF
DLU,YHD
IAM,MZV
HTN,YSO
COU,KVC
TKE,TUU
KLW,YGV
MIA,STW
MSA,SYR
IDR,ILD
RMP,VOG
KLO,LBS
CPT,NTX
MHG,SCK
TKD,VBV
IRZ,LKB
ANV,LFW
PMV,TCB
BON,YTL
TAE,ZKE
VHC,ZQN
AXP,DMK
AIN,ESL
SHJ,SVI
RGN,SVS
OGS,YIE
CAK,PSJ
BHV,RVK
CPV,IXB
BIK,LUV
NUE,WAG
OLF,RAK
DSM,PPK
OSL,PSE
KKB,MCV
LBP,PKB
DXB,FCA
YEV,YMN
JIC,MPP
ASR,CAC
CPC,GPA
BVA,GRX
IKE,VOZ
ACY,PEW
ASU,YAC
JIQ,TIZ
CEZ,CMP
BLD,KWF
HUS,YBG
KNH,NYA
JPR,XBJ
SRY,YBG
ADA,VLC
AUU,AXR
JCK,SXB
BUW,KWE
KAN,TKU
POG,UNN
LOE,REU
GFN,KGC
CRP,ETH
NCL,YLH
HVB,MXL
JGS,RNS
YXC,YZY
CYZ,YGW
AXU,FDF
URS,XGR
COD,TOY
CEB,SPN
BPS,CGY
BLI,PCL
GUM,MTY
BRU,GND
LIR,UBJ
DMM,RGS
JAV,RRG
LGI,MTR
IVC,WAT
KXU,MKL
RIA,TRR
DYG,VDA
AAQ,MSL
PSJ,RKS
KLR,PBC
BTT,SBP
HSN,NUL
JAL,SVR
CHY,WMN
BDQ,RST
AUA,LKO
ISA,YYE
CKY,RDC
DRV,OGX
MXV,OOL
PBI,SRA
GPB,TAK
BBO,TBS
TMM,WAT
FYU,UPG
MAM,TGP
BNI,PRH
BIS,CNS
CFS,TMM
SFO,YBL
GFN,KIT
BHH,YOP
OAX,VIS
CRP,NAH
AQI,OZH
ERN,IPA
ABT,RBR
ESU,GRX
LST,MBS
BVA,ENE
QUB,YXS
LFM,YSM
AZD,YSM
KAZ,WDH
IXB,YVO
PPT,TRK
NKG,TMM
KNX,SJW
DPS,YFJ
CXR,PAD
BGG,SKO
GKA,HSG
TOG,YPJ
PPP,RBV
HBA,IGA
GJA,MFM
GTR,IKI
EIN,MZT
GCN,LIT
KRL,NSI
RAE,VDH
IKO,NUL
COO,FAV
CJB,NBC
BFN,CLO
MJF,NBX
GMZ,SYD
IXS,OLA
PFQ,URE
TMW,VVC
ARM,FNA
HET,VQS
YAK,YVQ
DUD,KYU
MSN,YCS
KTL,WWP
BRL,BWI
YGL,YQL
CKX,RTA
OLA,RIX
GND,JHB
YXP,ZYL
PPW,SML
TAM,YHM
ACC,VAA
IRA,POL
LXG,OHH
ISU,JIK
CZH,TXK
AQP,TGG
LGG,LJA
IXC,NOJ
BHU,MYQ
LGI,TYR
DBO,IQN
KER,STC
OLH,SNU
OVB,YCU
GCK,OMD
LUM,PHO
CHA,TRF
KCC,XRY
KSD,OSD
MQM,YGK
HAS,NJF
FLG,XAP
AXD,BPX
LUM,TIV
DPL,MRV
ITM,NUL
KSJ,PVD
LYP,TDX
FSD,SDF
BBA,CPC
SRA,YUT
RAO,TNG
BBO,BFL
MTS,PAC
GAU,YFH
AOJ,SVR
HAV,KUL
LLW,YYT
KUO,MSN
ASM,OMR
PBG,RVK
HFA,MAD
KOE,NNY
CMW,SRV
BND,YSB
ILD,YTE
CCF,DIR
BUF,YVZ
HCR,YAA
ABT,XRY
FRW,LLB
HRL,MMH
LDB,MBS
ABJ,CJJ
UDI,YBX
CTU,PMF
PVD,VOL
ANC,PKY
CCU,HIA
LWS,PTP
AOE,AZN
CFR,HVB
DMD,URA
LKH,PZB
DUS,GYS
DAD,NOP
CIK,DAU
GHA,UKX
IKO,TGM
BTU,GRQ
MDQ,PGD
CCF,RBQ
FAR,MRU
MYQ,NIQ
AZI,IRJ
JCK,KYZ
ITO,NTL
PSG,SKT
IZA,MJV
ASO,BTU
RIG,SXB
RJK,YUX
BOY,JNX
CVU,MSL
GFN,PLZ
BIL,DRS
PUE,STZ
DLI,YTH
BOD,TRN
CSG,USN
GBB,SKZ
BJA,FUG
BGI,LBE
ACX,BRQ
EDO,VLL
PSJ,STD
PLQ,YYU
SKT,YKG
KLR,TDD
AHE,KTA
TLL,YXU
BNK,MCT
CJU,WNN
PZB,TTJ
AAY,BXR
GCN,SVA
HAN,PGX
TAY,YLC
CBH,REP
BDU,VVO
BQS,SLQ
GLF,UYN
DLU,STI
ABB,MDW
BEY,ZHY
MAN,YGT
HYA,KAW
PVE,SKB
LNS,XSC
ATM,XBJ
HHH,KPV
RNS,ROO
BIA,MRX
LLF,XCH
KOS,LOP
IDA,NNM
HFE,SMX
ABI,PTJ
EUX,HAC
HSL,KWJ
KID,PHC
BTS,PKA
AGP,RDZ
MGF,SAV
LGP,MKY
CAP,STD
HYN,MBS
ACC,ZYI
AUC,ZUH
LBU,SLW
RSW,TBU
BKI,EBJ
KRN,POL
CEN,KGA
BMV,NUX
VLL,WJR
AZO,EVV
DGT,TSR
CNF,OHH
ISB,PBU
SWA,ZUM
CCP,GFF
FTE,SVO
BZG,THX
SHG,ZCO
CVG,GWD
RUN,SRK
IZO,YKU
KNX,RTB
OXB,SEA
BOI,YAA
KHH,NSN
PGK,YXC
NRK,YIE
HDF,TOF
AUC,MIS
ABR,DIE
DYU,KCK
HKN,NRA
BZV,GEL
RBY,VAS
BJI,ZNZ
CSY,SLC
EEK,PPG
TZX,YAB
AWZ,JAL
RBV,YKS
BIL,DEA
VTE,YTS
LGQ,YQL
CUZ,URE
AAE,NOV
MMX,RKS
TAS,VLN
CGD,DIW
CPX,VBY
NVT,STN
LPM,YLL
NAG,WRE
RGN,TSE
CWL,UBA
ABR,HGU
ETR,KAT
KSC,WEI
EAS,PUY
BRA,CRI
AWD,GSP
JQE,VLV
MFM,SBP
KLL,PMC
HOV,KOJ
MAA,PTH
LSY,POA
TAK,VAI
YNJ,YVQ
ADZ,YHK
OGD,TYS
GUM,MRZ
OZH,PSG
LZO,PZB
PTG,YSB
CKH,TOU
DUR,SSH
FOR,KBL
EBH,RAI
CYZ,MTE
GKK,NOJ
FAE,PWQ
AWD,FNI
BHO,REP
CUR,RYG
ORD,YRL
BPT,RVV
MME,PHS
AJA,TJU
HBE,MQJ
AKL,MGH
LRD,ZNZ
DYG,YWK
BIK,CFE
CAB,GMO
SHL,YLW
GPS,NAT
PBU,WNN
ADQ,UIO
AZI,JAL
KWI,RAJ
BUN,CXF
ABE,SSJ
RBR,STL
TJQ,YOP
DHB,SGD
JGD,PCL
ATA,CGA
MKL,PKA
EUG,MOF
BOY,VLC
IAA,ZUH
ASW,NBS
HMV,JHB
KIS,SXO
GEO,KTL
BVI,RUS
NJF,SPI
GOA,TJA
NTG,TUK
GRX,LCA
GBT,NKC
CEI,ZAL
CMG,MOI
MRE,SJZ
CFS,LBB
MVT,SYY
AFL,YSM
IXE,OGM
ACK,BRR
MQX,PKY
NYT,YEG
LYI,YIN
CID,LCX
SLX,UTS
ABT,SNP
HUY,SLY
EXT,LPS
ABI,TRI
BJX,OLP
LNK,LTI
DNR,YMT
FUO,NOC
MLE,MXH
AMA,PDG
FRD,RKV
HYD,SGC
KRK,TMU
IFJ,PNP
IAH,LOP
ADQ,RDU
BCD,BPS
OPO,ZAD
CGR,NNM
EXT,YLE
KTN,ONT
KJA,YKM
TGG,YIO
KGA,PBO
MMY,PVK
REU,WYA
FNC,RNA
CID,SHJ
DYR,GIL
CIY,LGK
KQA,WAE
BQS,XBE
PIU,RTB
KEF,KVX
CXB,KCG
KLV,MSZ
DIG,PIK
BDP,PAF
KPV,LRE
JUV,UAQ
ANR,CHO
CLV,WSN
DLM,PJG
PLU,VLY
JSR,OWB
ADE,DEE
SUB,URT
BSC,TCR
BAV,RDC
EBU,PRI
BOY,PIU
FKB,SPN
AET,YAA
HUS,YVR
GOH,VVO
HOM,MAM
COU,SDR
MIR,ZAD
KHQ,LRS
IXA,PAF
ONG,OVS
EDA,NIQ
AFA,YQX
DMU,PAS
CGY,XFW
NOS,YHM
AOK,HIB
LMN,PYY
JUK,RFD
LBB,UDJ
ACU,LUW
OZC,TGK
SFN,TKE
AEX,STN
GPS,SAX
HOT,OGG
DRS,KPN
HPH,NZH
GTO,KMJ
VRN,YES
MDG,VIX
DLZ,TNC
KCQ,LOK
JAI,LYP
CVG,LYB
LBD,LRR
DIJ,GAN
FIH,MEL
BSO,NCL
DNR,GKK
BGO,GPT
EGE,MAH
AJI,WMR
CND,YHK
AWD,MTV
FWA,IXR
ASW,TAY
KUT,YIE
DRS,TOS
CZJ,PUM
DSA,PIS
CED,PFO
JMK,TMC
ALO,SOJ
EUN,YZR
JGS,SAX
ABS,VUS
HSL,ONQ
BWI,SHB
DKR,LWO
BOG,PRN
KCQ,PAZ
DIN,FNI
DDC,ZNE
PUW,SDK
NKI,RBV
SDQ,VER
CEG,SNA
AXT,NAH
SJL,XQP
GMR,POG
ABE,IAA
KYZ,NJC
FLL,LIF
RUN,TKE
ABE,TCB
SRP,SUK
MIG,WAT
KHN,YAG
JNB,JNU
THL,WAA
JJN,NCE
AIU,MCZ
LMC,MEE
ROA,TEQ
CNS,SIT
AQA,JGS
GFN,IXA
ADB,PGK
ADF,MSJ
TUI,YVB
DLI,IPL
BTK,NGO
LET,OKA
KBC,YQY
FNC,KDM
BIL,SRP
GDN,PBL
YLW,YVM
BNI,BYN
KKC,MTT
ALA,LWN
FRA,JUJ
SHL,WNA
GXH,MTE
BDB,HGU
JMK,PUJ
KAA,SLQ
ATW,BXB
BHK,HRG
KSQ,SJJ
BSR,SOY
PHW,SKE
PGV,UKX
CZX,VAI
ATK,XNA
CFE,YCU
FUE,IIL
FLR,JGS
SGC,YSO
KME,XSC
BMI,SSY
CIY,TLJ
CAY,PDV
LFT,UKX
AEX,ULO
KIX,MAA
DAB,FUT
BSK,UIO
BGM,NME
BRD,PES
FLW,LAD
NNB,SMF
MJM,YTQ
ITB,TGU
IZA,LBD
AEY,MEG
OHH,XIL
NME,RUS
BYC,ELC
APO,GEG
OWB,YCU
SXX,UFA
GCW,KLO
FMI,NKM
TNG,YGV
ODS,TML
JFR,TIP
BLL,SJL
ADE,LZO
OMS,PNZ
KGQ,PYC
CGP,WIL
KHV,LGP
DBA,WNA
MNA,URT
ASF,IWJ
MKP,TAY
CHY,THL
AGN,UMD
AQA,PTU
NBC,SZB
PHF,UIH
LRT,RAR
LYS,YZF
GMA,PQQ
ASW,TLN
BKG,HNA
DYU,PMF
ABZ,RBY
HID,RLK
AJA,RST
FMM,ORB
RYK,ZUH
HOR,NSI
DNR,IST
DAT,HMA
EAR,RHO
ASJ,KPV
BLR,LLI
BOD,VAA
QJH,TFI
JUU,YBG
LLF,OSM
PXM,YRG
JGS,UDJ
GFK,MVP
TJQ,YQU
RHI,YYF
RAB,YYC
KHY,ZBR
BZV,TNO
ELH,EWN
EWN,RIX
HCR,HUS
ATY,GRQ
IOS,LUR
MXL,YAX
BRU,BSR
MMJ,STD
JUK,MWX
BWI,TIZ
SZE,YVZ
CVG,KSH
PNR,TGU
EGE,YBC
CIJ,KRP
BNC,DMU
CYX,MAR
KWM,MQT
KSU,YXS
ABR,PZB
KZB,NIM
BCI,ONJ
AVA,HUI
CIZ,KPB
HAJ,LPB
CIX,WWT
ILO,SZI
ADE,BOG
HDS,KLL
LAO,PAP
AAE,JIU
DUR,URT
APW,SZG
AOE,KOO
MJU,WKJ
EBB,FOE
JUK,XUZ
RUT,RVK
CMH,YQD
ABS,IUI
PMR,RCM
FKL,HTY
CUL,TBS
EGX,FRE
BHR,WUA
FOE,YQF
BPL,YXT
EAU,SFT
GRP,POL
CEM,IMP
PAZ,PKN
GSP,SNA
LZH,TEE
PCL,VOL
AAN,JAL
HOV,TME
HBE,YYG
ILR,RNO
BKW,YYJ
HTI,RIC
LIM,MWA
BOO,LGL
LTX,RDN
CIF,NUE
AVV,GOI
MSL,VVC
BTH,OOL
JEG,MMK
AAT,YXY
CDV,FTU
ABJ,DBA
LPP,PKB
KBR,LTN
JZH,LCG
ECN,PKC
NCL,ZRJ
BRO,SUG
AES,KHD
EXT,QSF
SDK,SVX
CAL,GAM
SJT,YGT
JUJ,QRW
SPS,YHY
BRR,DUR
AOI,SRV
AAX,KLN
LGP,RIW
AJI,ZRH
ISN,KLW
PXU,RGA
ATW,BLE
TOL,XMN
TPP,YSY
LBP,PZU
EVE,POL
NVA,RKA
HAC,MXV
PMY,YOL
CJJ,XCR
DRW,OLL
HRO,PEN
NKG,OUZ
HOR,XEQ
DEC,GCW
IPT,PPK
MTM,USN
BHJ,KCO
CRP,QFN
AGH,POL
GLT,NVA
UST,YUS
ASF,FAO
MED,MKE
KXU,YWL
HRM,ZLT
HTI,KTW
AWD,NUI
IPA,SLC
JCK,KSA
AER,ISE
ALS,GRV
ERC,XNA
ILD,NSK
JIJ,REX
ORX,YXX
TTU,YKQ
DRS,PCR
CYO,GSE
ROC,YCU
USU,ZIG
SLN,SYD
BOJ,TKJ
BQK,SGU
CPX,MUW
KPO,SWJ
LOP,NNT
AGB,CFC
BAH,YXU
ILR,YYE
PVC,RIW
TBZ,YPJ
ELH,THN
ELQ,GOU
GPI,PRC
TRG,YCY
AMQ,CLD
JHB,SRE
ABL,PAG
FSZ,RNO
DCY,IXG
FUG,KND
BSD,KOP
OMO,YHI
KSY,OSI
OAX,VOG
HOR,RVN
MUA,TGU
KHI,MEE
AYT,JDO
PLJ,YGZ
BEJ,YIC
CGP,IXE
BKO,MGT
SZB,ULZ
PAH,UYN
HNS,NBS
AOE,EAS
KRT,LUX
CBB,MRX
CIX,SIN
CZE,LAR
KET,NTN
BJF,YDP
HKT,TDX
AUU,YIH
MXL,SOC
YBX,YOJ
BCV,ILD
CAK,MAF
KNG,PHW
IPT,YFS
PNR,ZAL
LET,YYJ
IKE,RIY
AJU,WMN
IXD,NTG
KSC,XQP
UPK,ZDY
AEX,FEN
BSO,DHB
SHX,WNH
RGL,TML
AMM,FSM
DPL,KMS
IMP,KGF
TAM,YZP
MKP,STR
PUJ,SON
AKB,UDJ
ASP,QRO
LKL,TDX
KHI,SVG
BHM,LEX
FLA,LZY
LFT,NCE
HYL,NOV
BHH,CZU
CNX,ZIG
EMK,ERM
DAR,LAQ
BSR,SZB
CLJ,SXX
ACY,NBX
NJF,TYN
FAE,HKB
RAB,SRG
HLA,OLH
BMU,SLA
GCH,PMR
CAE,KBC
HDS,LIF
FDF,NSH
AAX,BXB
AOG,PHW
AMA,COS
EBU,NVA
LLI,MSL
CNF,RHO
DPL,MTR
MXP,YTQ
LLU,YBK
PKN,SJO
MII,NAQ
CHS,SOM
KSE,LDH
HDF,LWN
BNA,MKW
KEM,LMT
SCO,YSJ
UAQ,VAK
KUS,PAD
AGT,QFX
DHM,SKO
ERZ,ETH
CMW,DED
FSM,MTV
OLF,YMN
ATA,NHV
RUA,YYE
LAI,LLF
IRJ,LAR
LDU,OPO
LKH,UDI
ABQ,RPR
BCD,PBO
SYQ,TSN
ASF,GBT
HOF,UBA
CNX,SPB
IPT,JOS
IXE,JBQ
BOY,CUF
BKY,NAT
AAR,PLW
TLS,VII
BUR,KTN
MGF,SBW
AGB,MCV
NIM,UIP
BRE,FDE
TCG,YKM
BEJ,LGB
MUK,TBU
LIS,NTL
OUL,SFT
DWC,KPV
AOS,LPL
BUD,FAR
SUJ,URY
JIJ,TYS
MKM,ORZ
KBL,ORU
MNA,SCO
KDV,KWA
GEA,TTN
YKL,YNJ
JDZ,PWQ
AKB,PGK
BOC,NBC
KVK,ZFN
FDF,FMN
ASU,SVJ
PVR,WNZ
BOI,LCA
IXL,SVQ
EDA,EGO
LPL,OUL
TWF,ZVK
PLM,TIP
ADB,BDH
PPQ,UPG
KSE,PPP
PVA,SZZ
IRK,JHG
KIR,ZQW
KCO,KWJ
OSD,YPX
TRE,TRW
MTS,WIC
CUL,EBH
BDU,POM
CND,TNC
STS,ZEL
GGT,KYU
CAN,WJR
BZR,IWK
LCY,LLB
GKK,KME
CNP,EDO
TFF,ZNE
COS,STM
MHD,TUI
AOQ,CFB
CBR,CFC
AGU,RDM
JBR,TUL
KCA,SHW
SOC,TGK
FUJ,MIR
DLU,YXS
KZB,YQD
NRN,TCO
AAR,GPS
NSQ,ZBF
DRO,LGQ
CLO,UIP
AES,KOW
HKD,UAS
GXH,PZO
IKA,RNL
RXS,ZAD
HEH,JAI
ALS,VII
GTO,SJW
DEC,QOQ
FLL,SVX
KLL,PDS
BTC,VKT
FWA,STV
BPL,OAG
HTN,MLU
MAQ,MEL
AGN,LAW
BGF,GDX
FNI,SLP
TVS,ZQN
CCF,MLI
HSN,NSI
LIT,PSP
LUN,TVC
PVU,TNC
RJA,YNC
CYB,XSB
DNH,SDF
AHE,EZS
FDE,MYJ
SYD,TPA
NDR,RCB
PLW,SRE
GJA,QRW
KZB,XMS
CRI,SMR
PAS,TGM
HUS,IRJ
BKZ,VDE
MSQ,TIV
ISU,YIE
GPB,YUM
AKB,KUU
KYZ,NAJ
IBZ,MED
HUU,NSK
JOS,PWM
AGR,SHX
BGF,WNA
EOH,RMF
LRH,ROS
BYO,GDV
ASP,PRA
BWN,TOL
PEC,YXP
BBA,PEG
AAN,VAS
BIQ,LHR
PPV,WAE
AHU,SPR
TRF,WWK
WTK,YYJ
PYY,SOJ
EDL,SKE
ATC,MQJ
HMI,MKY
DLH,GSM
FSC,YEG
AOR,EJH
MMU,SAL
TFS,ZAT
GIZ,ZQW
KIX,NBS
CLO,IRJ
BKZ,KKI
JIJ,ZBL
MFU,PPT
MJV,TUI
BGR,YUB
JMU,UEL
GFK,SOG
PBI,UYL
PHS,PNQ
CRI,KUA
CYF,MTV
TZL,WRO
CMP,SGD
CDV,IOM
FAY,HOB
SCL,SNO
BOB,ROW
HIN,KYP
TRS,XIC
TDX,VPS
DNK,JIK
CPT,LWY
LOS,NCE
HOD,PAZ
AIA,TAK
LYR,RUT
BIQ,YQU
GNU,UAS
ITO,YKA
LNV,TUI
SLZ,TIU
LJG,YQB
PRG,TRK
KSU,SKE
SSA,WUZ
AYQ,CIH
GNM,NYU
APW,YXL
JDH,RSH
RPR,YCD
HND,SKX
FKQ,RUR
BHV,THX
NAQ,YQC
BDU,OKL
LSI,NGE
EBU,LGA
AJF,MMJ
BIA,OKC
FAY,KYZ
FPO,GDL
XGR,ZQZ
LPL,YZT
GZO,LBL
LYP,RAP
NDB,PEI
BHR,FDF
JEG,NGB
JKR,LYR
BRC,RMI
AGP,TMW
BFV,HNA
ANU,VXO
BJM,LTD
MDT,MUX
ELG,NBC
FTE,PNR
BXB,YYJ
JRO,TEQ
ISA,MFM
MAF,SMR
KYK,TZX
DRK,NJF
ART,KZI
ALA,KVG
JHM,LYB
SNA,VAA
HEL,PJA
PTH,YTZ
ALC,HKG
FUK,RVN
BOB,NOV
DGT,GRJ
DYR,WMR
BHD,LED
BES,LPP
HNM,MCZ
GRK,VGA
AXR,KAA
ABM,HAV
ARU,GEA
BEL,FRO
PBL,TOE
KSJ,SYB
FUG,GOA
AVL,GUM
GTE,HMA
LAO,RAO
HAM,YHR
ASU,JJA
KZO,VIJ
LDB,SLM
ASW,YAX
FPO,IOS
ADD,YAY
GTO,RIY
HAQ,YXX
AUX,YNG
DJB,STC
MII,THU
FUG,TLM
PBC,XUZ
HRG,TTT
TKD,ZQN
IND,SJL
FNT,MRZ
NAW,PEC
GPT,XEQ
JRO,PLW
PMF,TUG
AET,JAN
BHH,OST
KGI,TOU
BGA,SON
RHO,VLY
DUT,PVA
RVN,TZA
CIC,MBA
BQL,DHN
LWY,ZUH
GYS,HAN
TJQ,UYL
BFV,IRP
CFE,ISU
GTE,GZT
NOV,YTE
DKR,GST
TLT,YGZ
AUY,PQS
BFJ,KPO
PHS,VNO
MGB,NDR
MPH,TQI
LAZ,RIG
OIT,YAT
AWD,LGQ
SFL,YVO
BEB,SKU
ABX,FRO
PRA,SVA
JKR,TZL
PRI,TDX
NRT,PKB
CUE,KRY
GNM,WRY
CUQ,HDF
BDU,VDS
LUR,MOT
DIY,MLY
QBC,SLK
ERC,NAW
ALH,UIP
CHX,URG
MOB,PMV
CAB,IOS
PES,VEE
SGU,YYQ
BZV,VNS
UAH,URA
HET,MIR
VOL,YQL
IRC,ZAG
FEZ,SDE
DAT,HPB
CGI,GRQ
ALC,CCS
IXU,MBT
IXZ,PVA
FCO,MQM
ALA,YYT
BUA,IPH
ELL,PCR
TVU,VIG
DUT,USM
IRZ,JAX
KPB,PEE
BIL,DSA
MKG,YYF
GUW,SXB
TGK,XQP
KWE,LAX
NPE,ZKG
HFE,MCX
CBH,TGC
GWT,UUA
DHB,GOV
AVL,RBA
INN,SUK
BKO,TSV
CRK,OXB
LQM,MDL
KHQ,LPQ
AUX,SCU
PAZ,ZNE
NYT,ORX
KSQ,ZRH
BFN,RAP
PAD,SIC
NAY,SPU
OKA,SCT
BVI,CCF
ADZ,TUO
AOE,MCX
OLP,YQQ
AUC,SHX
CJL,TTU
AYQ,HNA
HVB,PIB
LCH,SVK
KUA,LNZ
BBO,POA
JBR,YVB
AQJ,MCM
HOD,KSF
ANC,VLS
CME,TID
AXK,SHH
FSM,HVD
IKE,OTP
ELD,SLZ
CBH,POP
KRF,PDS
CIA,DLG
BLA,HHH
AHB,JAV
MBJ,TID
BET,COS
JAC,LUG
BXU,HFS
ESD,PXO
JOS,MVD
BRM,SYY
BLD,ZAG
KFS,MIA
KCQ,VDA
KWJ,OUL
GNM,REU
AAT,FLG
URJ,YNC
APF,RMP
EAE,LAE
DAB,TMU
BEU,ULP
MZT,SHJ
HCR,PTY
APN,SBY
EZE,RHD
KIS,RKA
LRR,MGQ
POG,ZTH
AVV,YIK
IBA,LYH
DZN,LYB
KGA,PKU
JLR,YLL
LSI,MJZ
BAH,YAT
SVR,YCB
BUR,VRN
CAL,PUE
CYZ,UUS
AWD,MCP
GZT,PDX
MPL,TBP
AXT,OBY
PJG,UAK
BHY,LBE
AUQ,TPA
DXB,MCP
BES,LPL
FKL,ROW
CPO,LIG
HAM,SDJ
IRK,STI
AOE,SVK
BSD,STD
BDQ,TTT
GNU,UGB
IST,LZO
CEE,UAH
OHH,SAX
BVH,RAI
CCS,MMJ
KME,TAP
FRW,PUM
ASP,RKD
BAH,OGL
IOM,TTQ
TLV,YNZ
PMZ,TRG
CJM,UAQ
CHC,YZF
AKF,SLY
ART,DOL
UTN,VAR
ANC,UBA
BIO,LTX
NVA,YSB
DUD,GFF
LMP,YNB
OGD,SVB
BZR,LPM
JHW,LBE
GHT,LCX
IPH,KVD
EGN,HYA
KWN,PIN
ISU,OZC
BUW,SLL
ABM,RSD
BUR,CTU
MEU,OAX
DIB,GPA
TGR,VII
HMO,PFB
ACZ,STC
BON,SHV
JPR,KSY
BKZ,YQB
GPI,KSC
EVE,LUK
PSO,SHW
ELS,YPC
PUE,YEV
KHQ,SHA
SDY,VIL
PUG,YRL
HFE,LUK
ADK,KYA
TWU,WMR
IXS,MTR
MLA,ZAM
TGI,TWU
CJM,ROA
KCA,TRF
MLX,WUA
EMK,YGX
CFS,MLH
MYA,SKU
JCK,QFG
GRP,MKM
BLA,CGB
MCE,SBN
BEG,KOO
COO,MJV
TRG,YHP
HTS,YWK
OMD,TSE
KAL,NGS
JRO,SEZ
ASF,TTA
PUW,TLH
KQT,YOL
CIZ,LXG
GJA,ORK
BSR,ZKG
LET,UIH
MRU,RTM
CDR,TJU
PSE,YOP
BJI,PSJ
IPC,OLL
ELV,PSA
TGH,TRS
MPL,UTP
BRS,ULP
BUS,WIC
KUA,PPP
MCO,MHD
GOH,RUS
CLM,CZS
CAP,XKH
INC,PPQ
IMP,KOZ
KIN,SVQ
DCM,IKA
YPW,ZGS
AGB,GKK
MZR,TGG
ABY,MHH
CED,IRK
BTC,ELS
BHU,JAL
GET,LKB
CLJ,KCA
DBV,IAD
TGH,WBQ
FCO,YVQ
ALW,SJU
CDR,TLH
IOA,KCM
UCT,WSN
CRA,DMM
NIM,NUX
KYU,MMO
LJG,PHW
SWA,TMT
BAH,HVG
AJI,MTT
LBS,UNN
FSZ,MLX
IBR,KYZ
RGL,TOH
NNY,WAE
CAW,GRB
KTM,YLC
HDF,OND
BNE,OAK
BHJ,GLH
HNS,MMK
CMA,PUS
MYD,UBJ
AUK,VDE
NOU,TVU
JCK,OKL
LEX,PAS
YRA,YVB
BNE,OSD
CIC,CJL
SAW,VTE
LEX,UPK
GRW,PPP
IND,VLL
GOJ,LGK
CPV,TUC
LSE,YNB
KLU,PTH
AKK,LGG
FKB,SFN
LNK,TAL
ARW,CFC
KSC,YNO
LPL,SJU
DED,LEB
CUL,RUT
FMO,PYC
MEA,NEV
MXZ,TSH
BTU,YEK
EGN,YGK
ABJ,GRZ
GOA,HVD
CRW,IVC
DIY,KRP
AZA,OMD
FKB,TLT
LOS,VSA
ASR,AUX
CXJ,NNB
KKA,KUD
AJI,DND
DIW,WBM
MJF,RDD
CXF,UVF
HMB,PLX
MDL,TLC
KDH,NTG
JBQ,KAN
ARN,AXM
RGN,SMA
BRC,YAC
LNY,SKO
PYH,ZQZ
CUF,TIJ
CGY,IXA
PQM,TIV
DUR,HDG
DVO,KBC
KUN,RGA
GOA,VIS
KSY,SKD
CHX,CZS
AWZ,CJS
MNL,SIP
KWM,LNZ
EAT,YDP
DGO,KLG
PIX,RMT
ENA,GJA
BFF,LGI
LRS,MCV
HVD,TTQ
KAZ,SAN
ISC,YKQ
LHR,ZHY
YXP,YYZ
JKL,YTY
ANS,MOZ
BFQ,PXU
JFK,NYA
BGW,EOI
AES,YWK
FSC,TME
DBV,YYD
HTI,MEE
ABY,DOK
DDG,DSA
FAR,VGO
HOB,OSM
ADA,TOL
AXK,SLH
GOM,RTM
JUU,VKG
BRM,MLL
TAE,YHZ
GLV,YGW
ACE,IST
BHS,ETH
AAE,YHR
BFF,PJG
CUF,USM
BGI,MRV
DHI,HHH
AAN,DUR
IXJ,PET
ITB,SID
CMG,CPH
JBQ,YSG
KAN,ULP
HAA,MHH
MHD,PCL
AZD,KRS
DMM,EVN
TFF,YAY
CRA,TDD
EBA,JQA
TUF,VEE
DMD,LTO
EAE,PDP
GRJ,ZAL
JUJ,VLC
ICN,YAA
EAS,YKF
KHI,PMW
SMK,YAM
EVV,HPN
LLK,SOF
GBE,JSU
MAN,RSA
SAX,ZGU
FAI,SEN
TCZ,WXN
BCD,DIW
DZN,TNO
MDL,MHD
GTR,SMI
BPN,HNS
OAJ,SAW
SSA,ZGU
LTO,SNN
KME,LYR
LKN,MGH
BBN,DMK
MTR,UUS
DHB,ROT
ILD,QJH
LNS,ZPB
MKM,SLL
LBU,ZVK
GCN,KSO
MTY,SZI
EGS,MTR
LKN,SVI
PAD,YCG
CFN,PNR
ANV,ATY
BTR,RDV
KCC,MFU
CBH,CRM
CVU,OPS
CGN,HAC
TJA,YZR
JUH,SHL
KCH,KOW
JBQ,NPE
NNB,RVN
BAY,LEC
LVI,ZEM
GYA,TIP
BUQ,YMO
ASP,OMR
EZS,PDS
DNH,SJJ
KFS,UST
UPG,VFA
MSR,VLC
IKS,KGC
OST,SSH
GPS,IAG
LPP,SOF
CIK,DAX
KOV,LAQ
TNO,YTE
ALW,APF
EKO,NTE
TTN,TYR
DLA,SRE
LIN,SAN
KGE,KLG
JDH,ODY
BGR,REP
KBL,SJK
MNA,OSI
ABI,GLA
HIN,KTA
IAR,SVI
LGP,VCP
RZR,YGK
EDR,KEF
KRY,TKE
SKN,TVS
CAL,TSH
FAI,IGR
CUE,WVB
PGV,WNP
BOO,BPX
EJA,RUT
LLI,MVD
GPS,YYR
BZN,GUW
MQM,SNN
ABD,KDU
AJI,DJB
GEL,KVD
AKI,OSI
COU,XIL
GWD,OLP
PNK,SFG
BYC,KOZ
UEO,YDP
ADK,SHL
BRM,HSV
JBQ,SUG
GCN,LTI
GHB,ORX
GNM,PVC
CUC,GAM
MOC,TXN
CUM,OST
KGS,PUW
JXA,UUA
CUQ,JGD
DMU,KWL
AJI,MEB
KMS,ZAG
HNA,KCQ
LTN,RVN
TGO,UDR
AOR,CLO
KAN,URS
HDG,JKL
BJI,PBC
KZO,WRE
OAG,PSG
NRL,ZNE
EGX,SOW
JPR,LNB
AOG,SDR
ATZ,MKP
ODO,SLQ
FMM,GYS
LDY,MUR
JOG,YBC
GTO,LSA
DHN,TRC
HLN,PGX
ORH,RJA
AXK,SKO
ERC,MJT
KKC,RIY
KMG,PDV
VAK,WTK
YAC,YQQ
LJU,MSZ
KDU,KSO
AIN,AOR
HVD,SZX
BET,CZL
KLO,UTP
JNN,REP
DOY,FCO
GTO,YXC
JNG,SBA
LCY,PEK
PTG,ROW
GBE,IEV
ENU,FKQ
KEM,TUC
HKD,KKH
GZP,RMF
ILY,MIG
AHN,TAH
ULB,YVZ
AGX,BNS
HUN,RAI
JBR,SIN
MEA,NAY
KFS,TKJ
KUV,YGV
KYK,RJH
FRS,PVC
ABI,SRZ
RYK,VLC
HKB,TUL
ELI,PKA
MAJ,VUS
CIJ,SDU
IST,JHB
EYW,YZR
HMA,PHX
SRP,STM
LPY,RAS
KOE,SDF
SAV,SKO
MSW,QJH
HMV,ORN
GAE,IRA
KHI,YHK
FRW,ZHA
AUU,MKL
HTI,VOG
RIX,VNS
NHV,VAK
BHY,DEN
CWA,IXE
CEM,KVG
JEG,TUK
BJX,TVY
AJF,KTM
INU,OMS
BON,CZH
LJG,LRE
CJC,KUS
COR,NCE
TKE,YGZ
HOT,MLA
JIQ,POR
KKN,SGF
JUV,MZT
KGC,TQL
ADQ,MKW
EVV,PFB
NAP,TMU
KPR,MUC
HOG,KPN
SNO,WUA
MPP,YFA
IDA,YRL
HRK,TIV
DIK,SLC
AUX,BTM
AGN,KYZ
HIA,ZPB
RAS,TWU
EAR,YNZ
KGD,YNP
BNK,YIF
MGH,PTH
ISP,TSH
BIQ,TFI
SRV,VRN
KWA,PHB
BVS,CCK
GRJ,KUK
ANV,PVA
KRO,MAS
CRL,PYY
KEP,NVT
EWB,KCA
ORX,YGX
CGR,SVZ
EGE,KPR
JTC,SKU
CCP,KIM
AMH,EKS
GFK,RVK
BFF,SRV
AOS,TIH
LBC,WIN
KZI,MGS
ALC,ATC
OTP,YGW
GIB,SJO
AAT,KHG
EYP,RYG
NDB,ZUH
LOD,MVP
GUR,PLW
MCM,SWA
NLT,NVK
LEC,MQM
HMB,PVG
VBY,YPH
LGK,PVG
SRP,TST
GIS,IFO
CSY,MQP
BOO,LOK
AIT,HOM
KUO,YPL
AJL,UIH
BDA,KUF
PKC,PSP
DIK,SZZ
CKS,XAP
KAJ,TEE
BIR,CLE
CIX,CUR
BQS,ZAH
BMU,YXJ
VAN,YZP
ORD,YHY
GAL,NAV
IRJ,TBZ
AZA,TAO
CAH,HKN
AET,IZA
DIR,EJA
KRK,LIF
GCC,PFQ
GAN,ORZ
INN,JTY
AVN,WUH
GWT,QOW
NTL,UKS
BWN,KBL
CBS,DRG
VXO,WLS
RJA,URG
LBF,POL
FOC,IOA
SGF,SHB
EVG,TUB
AMQ,OUD
GLA,TTT
TBG,UEO
BOO,MST
FAR,HRO
LRE,TJM
TGK,ZHA
GFN,TRE
AXD,ULP
HBE,YGZ
DNK,YHZ
KER,PDG
MNG,NRA
OAG,TSE
FRD,HPB
KLN,PBI
AGH,GYD
BGR,WAT
FCO,NME
ROS,YNJ
AUR,REP
AUR,WMX
BEN,OKA
TOE,UGC
BHD,LYG
INU,RNB
HDM,NQY
GOM,VCT
CLQ,WUH
MNG,NSK
LGK,MZG
MPA,SXR
RVT,YCU
POG,RIG
AEB,YCS
SCY,XNN
ANM,CBR
MCE,RES
PMF,YUY
RNO,RPR
BUN,YBK
DIJ,ZRJ
BHE,CAK
QRO,ULP
KSC,MXV
KNX,OIA
YXC,ZAT
SHM,YHD
BMY,YAP
FLW,TWU
TPS,YES
AAR,MOT
DMM,WRY
SKX,YYJ
GKK,HKN
CRW,NVK
ARK,NOB
RMP,VOL
IDA,LMN
FNT,SFB
SXF,YNY
GOJ,SZB
ANM,INN
CFN,YJT
PUM,SDN
KMJ,VRN
TNC,USU
KRK,LGA
MDE,WNP
BRM,LLU
GFK,HOI
DGA,RDC
FBS,SLZ
JNN,PCL
CIU,XIC
FLO,MEA
BRC,RDN
POS,YYU
BVH,NQU
HTI,SPS
JSH,RIY
DWD,KSF
BLK,TMC
NVT,VHM
KGI,YRT
ILD,XRY
BZO,YEG
AUU,MYW
HFE,YZR
EGX,YQB
PXM,SHA
KWK,MDQ
CJS,DLM
EAM,MZV
LEH,PBD
LNY,MFE
ORI,PIT
LOE,WYA
NSQ,SOJ
IAO,MAZ
OST,RVK
CUC,ULB
PED,QUB
DLU,LJU
BUD,MCY
JUH,PUG
DPO,STT
MLM,SJO
OZZ,TSR
BSA,ELQ
RAK,YSM
BIA,KLN
KWF,VBY
GAE,PRI
BJA,RPR
GES,KAA
FSM,SJL
AXA,HRG
GAU,MUK
KGE,RDM
CJM,ELU
NKG,SBW
CHU,PGX
MKK,TKK
GRB,KKE
LMP,SCO
GND,JXA
SAP,TRI
FKL,USK
MAB,PSP
AJI,TXL
MLM,RAI
GDN,PUW
ADF,MSW
KOK,MUA
ALG,GOQ
FAT,WDH
CHO,NVT
JDO,LCA
MHG,PBH
KID,RBA
GCC,GRO
BEN,TIM
IXJ,OMO
MLX,ZAD
BPL,SHG
BUD,FJR
PPK,SNV
ARN,TLE
CHY,IMP
ADQ,YXX
CBB,MYR
MOF,SUR
TXN,YXX
OLA,PPN
JOG,MCO
BYO,LMT
CXR,MGB
HON,KPO
BQB,OIT
MJD,SUG
ASF,YSY
KIH,YAP
NYM,XKS
BPX,RTM
NVA,UKK
BUW,TLC
TEE,VGZ
BZO,CEB
DIN,ZMT
EOH,EWR
BNK,MTS
RDV,UUD
ETR,SMF
NTN,STN
BTH,PUY
HJR,PGU
MWF,PBC
REN,YCD
ROI,TXK
FDE,SUX
NDJ,QUB
BSO,MSU
FUJ,NTX
AGF,ZRH
LNS,VCE
IWJ,PSC
AWD,MVP
ACX,SLW
LFM,WRL
KAZ,ZGU
ARW,KUH
IPH,YZZ
IBE,OKJ
DMD,HAN
EOH,VRC
BHQ,CYO
ADU,TGP
AUC,FLW
BJX,SLI
DLZ,URC
HOV,KSJ
KLX,WBB
BFJ,SYX
PWQ,UME
FLA,TSV
LJG,LUN
CNS,LLF
AAQ,FRU
NAT,OLL
BET,SZX
PES,SOG
GRI,JAL
PKZ,WMN
FLN,IST
AUX,RSD
SEZ,YUL
MAO,PIZ
SVK,ZEL
PBH,RNL
LBU,TFS
SJC,YYZ
SNU,WRO
UST,YCO
CZM,SZB
BNX,LZY
SNV,SRP
EJA,LBU
EXI,GAN
SSB,YYY
HAM,SEN
BGG,LPS
FOR,ZFN
BME,PYH
DZN,TQI
KEJ,WAW
MLY,NAY
HSN,YFS
AAQ,OMH
IXR,ROW
JED,SGY
KKE,SJK
DIJ,PIZ
KIF,TAL
CEM,LGI
TGU,UME
KDO,NRL
AVN,ROV
IUE,RIY
EBJ,VIN
BHU,ZBL
BHJ,RDN
JSY,TUC
GGT,OGM
HAV,PBJ
EGM,MEB
VRA,YHR
CPO,PPQ
FWA,LNE
TPE,USU
MTR,YAX
AZN,YYJ
BPL,VHC
BEY,YSG
DLE,HYG
NVK,XGR
AUK,PAF
PHL,WNR
TRF,TXK
KHG,MAR
ELQ,VER
BME,NEV
LED,YSO
JMU,YBC
LBC,YXE
LGW,TJA
EXI,YIK
COQ,SPN
LDH,XSC
BZG,SRK
ABE,IMF
KZI,MSY
HSL,LNB
GRI,PPB
NYM,WLK
AFL,ATW
NPL,SFG
HKK,KIJ
BHQ,PVH
KUZ,YBK
KHZ,NAH
FAE,LGA
MEC,OGS
LYC,MPP
PTP,SPN
GMP,RVN
CRI,GCW
DHN,PFQ
SML,ZAM
CEN,MXL
SVK,TAB
IGR,MOD
CED,GAJ
LCA,RIY
RCM,SOU
MRS,TAP
ADQ,OLP
KYP,RUA
KRY,SHR
HOF,SRY
SSB,SYX
LIF,LPB
CAH,CFE
ETZ,SDL
HAC,IOS
BLE,SGC
PHF,VLC
ATH,COR
CGK,RGL
IKA,MDQ
BEB,YAP
GOI,VLS
KNH,OUZ
BHE,RSU
ABY,LKL
GRR,ISP
CKS,PUQ
STI,ZBF
AUR,IKS
CBQ,KOC
IPT,SOU
CJM,CLT
DWD,FLN
MRD,MZH
MXZ,WLS
SYO,ZSJ
BMY,TUG
SAX,TOY
LPB,VXE
GOP,MSO
CGI,TRE
GOU,RHD
ALS,LWO
KZI,YFO
CGH,RAB
JKG,JSU
COO,IGR
JJA,MMH
HUH,NDY
KME,OMH
OSD,ZEM
CYX,SHV
TBZ,YWP
ILP,PHE
HME,KOV
MCE,TKU
BGO,KHD
HIR,PIE
GCM,LBB
CFU,YXP
CCP,KCM
SBZ,TIM
BHU,MCZ
BIS,KMG
LKE,TNR
JIB,LUV
KZI,MIM
NQY,SMF
NYU,SWA
MLI,YUT
DHN,JAI
HAM,TLE
KWN,SKU
BGW,CAB
LBP,STL
CVG,LUX
BNI,ISP
LMC,WDH
ALW,HGR
GRZ,PNQ
AGU,OMR
BWT,ZSJ
MYR,SRY
FUT,GZT
PGA,SCL
ERC,TYF
CIU,VNX
AQI,MAQ
CLE,ZTH
BHS,LBC
SNA,TPS
AXM,LFT
AJF,CAJ
CPT,DWD
HAN,SYO
SZA,VPY
EBB,SRV
BGM,DOH
LLU,VVI
BES,ERC
DAY,WNP
DLE,PEU
FLS,PPQ
OSW,SYB
NBC,TST
HYL,OOK
CME,TUP
LBA,ZQW
JSY,NOC
BJA,DQA
HKN,WGA
GOQ,MQP
ADD,YRT
CTU,SRE
ALS,YWB
CZX,MCN
HVG,SCW
EBB,SEA
VUP,YUS
SNN,STM
BLJ,MEL
TUU,UYU
ACK,GCM
ORZ,YSO
SOM,YYJ
JUK,SGO
PEG,YSJ
PRN,TPA
MVD,SKN
ISC,STV
LTO,XIL
DAY,ILP
PNI,TNC
BZL,SDF
NGE,SAW
ULK,WLS
PEM,YFB
CEM,KYP
AHB,BDU
AIN,YKG
HVN,OKL
HVB,SAW
EDO,PAV
BNI,TRF
DAL,FUT
LNB,OST
LRS,SXO
FJR,TNR
PLZ,YGT
BLK,LPP
RDM,TKP
KNS,TAI
CBB,IGM
LFR,PQC
JEG,YPC
GDZ,WJR
BTI,STI
EAT,MSU
CRL,LSY
AMH,MGS
GCW,KGT
AGB,SDY
GLN,MYD
JQA,PNI
IDA,YPH
EDR,IDR
SFA,YTS
CUM,DXB
MOQ,QRW
CGK,SPI
CCS,YES
GRP,IXD
KZN,WNH
BAL,MUW
RVE,RVV
MSJ,WHK
BHR,CJS
OBO,YNP
BMU,YIC
AOS,UET
PGV,RST
ABI,LBC
BUC,IRJ
IDR,SPC
IPA,STC
KRY,SHG
ASU,HKK
HPH,KPO
GRI,TOU
BTU,SZZ
ERI,TJQ
MII,PRI
CXI,KRT
DGA,OCC
YQG,ZBR
BKC,THN
STR,YVP
NTX,SNE
ARU,FCA
IXZ,TRS
JMK,WBQ
OSL,PAT
BOY,ZBR
EYP,MGA
WIN,YNZ
EAS,MSN
MDK,PND
FUJ,MHT
PIZ,VIE
RJA,SUX
NSI,TEN
KMS,RTB
FSM,YES
ROI,RRS
BFL,IGU
FPO,HYA
KSA,SZI
AJL,MAF
MXL,VKG
DHN,SNW
MLB,MYR
QFN,ZAD
GAF,IUE
IOA,ZAD
CCS,INZ
HNL,SHR
DJB,PMW
IIL,POL
CXJ,ILI
FON,LYC
KTA,XQP
MTT,VOL
LKO,MID
GBB,LAI
BEN,RVT
EZS,SMS
IXU,MVY
DGA,ISP
VOZ,ZAD
LAU,PZH
CXH,HOR
HAM,KBP
MCZ,MTV
NJF,WUA
KDV,ONG
CUM,ITB
BJA,VIX
BWK,DRW
EBJ,TUO
IPN,SZB
THN,YBL
IWJ,SYM
ISB,YPJ
SAL,TKD
MCI,TMS
GDE,KSC
KRT,TMP
MUE,URG
KAO,MMJ
HRO,LET
BRS,DEF
JNS,PTJ
JNU,LIS
ROI,SLM
BXB,MRU
FAR,JUB
GTE,XFW
BYN,SRP
DZA,MUR
CEM,ORY
BHO,SOU
ELV,SCY
AUG,BNC
NUI,RJL
FMI,MRE
AQP,SOW
PHW,PZI
MXZ,PNA
CZL,YQT
OLA,SLZ
OHE,SZI
BRU,SGU
LNS,PHL
MHK,PAD
EYK,ORX
KSO,WIN
BNA,MSS
GLT,YYQ
SXP,YWL
BLE,KAN
BRA,STM
NSK,SJZ
FAY,ORX
GST,JIK
BQK,SNU
DPO,TKX
KBC,NAT
OUL,WEF
FOC,LAI
BAZ,CEN
CMN,PNQ
EVV,TQI
AGH,POA
BGY,PAT
GRW,KPO
TEN,TRD
LFM,RET
CCS,MWA
GZP,ORU
CIT,HEA
CLV,FOR
NQY,TGM
INZ,NYT
COK,MRS
HUY,PEM
BAQ,HIB
AUC,TUR
ARH,TFN
ARN,BRR
BZV,VPE
DOL,FSM
CFC,THL
MPH,PPB
EVE,LDY
PHO,WRL
UIP,WIL
CFB,PEW
BMW,COQ
BUF,CUQ
AOQ,TBW
LDH,YXJ
LPA,SPD
LLB,PVK
OER,SPS
BFD,DLA
BFQ,LEN
STS,WMR
IGU,IOA
ALC,SXM
CFC,DUS
LYB,SYX
RAE,ROO
BNN,KPR
FYU,LBJ
JMK,QUW
GDT,MNL
MGS,SYQ
ACE,HNL
BSO,NJC
CFC,KOA
ISB,KOT
ASJ,BIA
BRO,DAY
KSH,VVC
CEC,YHI
PHL,YXC
POJ,SLW
MQF,YHY
DEN,OLB
CDG,HPN
MZG,PLZ
AKK,MQF
TUN,URG
IGU,JLR
GRR,TIJ
DMB,PHS
SDF,YQU
AKU,LUN
KDH,YSB
BQN,MMK
PHL,ZBL
LBE,MSO
CDR,ELL
MTM,TLC
MLH,QFN
CJB,KHV
IXD,SVU
ATZ,ONG
GOH,MGT
GRZ,NDR
BTI,TOH
MAA,YES
BVS,LDH
ULP,YGV
CSX,LEI
BMU,JHG
MJF,YAA
KAE,KOP
DIB,MCE
GOJ,MOT
BPS,YLE
KGX,WKJ
PLN,SHB
DOY,LKG
TUG,XTG
MRY,RPR
PGD,PHE
LPM,PPG
PPG,PWE
BKM,LIR
BRE,VOG
FNA,LWS
HET,MKE
FNJ,MUC
GIU,YOG
GEL,SLW
IQN,YIH
CTC,KWI
LNJ,MVD
HPH,KUT
GCI,OXB
PVH,YSB
AXK,JNS
LWS,YPM
KNG,TFF
JQA,KTE
LZH,MLX
CEM,SYB
EBL,SZX
SRE,VUS
BRW,TWF
TML,YHD
MTM,ROS
PLX,TOS
CYX,TSH
DAD,GRV
ABR,MJF
LXS,YYZ
BWN,KHI
IBZ,YKL
MSL,RCH
CCS,YAM
FSD,TEQ
APO,LLB
RBA,TML
ABZ,YQQ
TTU,YGX
MAQ,PGA
GND,NCL
DRS,OLA
GAN,RJL
DPO,HRL
RKV,SDL
LCR,SBP
BOY,LYI
ATC,CXB
POL,ROO
BNI,PPB
FTA,HGU
ILG,URS
AGA,TAC
BFN,MDC
JOG,YQX
TTU,VDM
CCK,EGO
AOE,MEU
LIG,MUX
RES,WTK
AHB,NSK
ABM,CAC
GLV,IGM
CIC,NGS
JAX,KRR
DNZ,LEN
TWF,YHD
AQI,YFO
AKV,GAN
CUL,ZAT
MNS,PIA
BFL,NOC
CSG,WAW
CTA,PES
CGY,UAK
APO,CDJ
HUI,SXX
KGE,MEA
BLQ,KWF
EDR,MHG
CDJ,PXU
EBA,RSA
GCH,URY
MQH,YBR
BVV,CUR
LLW,TRW
KUT,TBG
VTE,YRB
IXB,WRE
AEX,CCF
AOS,INH
JNS,OSL
ACE,YFC
AZR,LLI
MPH,SSG
GWD,VIN
OLF,SDK
FAT,PPK
RES,TPP
SSG,STS
KGP,PPS
KUO,PJM
LSP,YQZ
GDN,KGE
PND,WXN
BKG,YVO
FIH,YOJ
AGN,BGO
GKK,SDL
PMO,TMM
JNB,SGY
KDM,SCC
BUQ,OLC
KOC,PIK
GYE,PBC
PAF,TLM
AUA,BMI
ADD,APL
MEM,SLU
BBA,GUC
ABI,KGI
BXU,TNJ
CTM,HPN
CZS,RDD
KPO,ZQN
ADU,JKG
UPN,YGW
CKG,RFD
NVA,PIS
SRQ,VQS
ACU,YZG
GOI,MMB
ENU,LCA
OUA,UCT
LMC,RAB
BHK,LTO
KTW,USN
CCM,NTX
AOG,MKY
CAP,WUA
IAS,NOP
JEG,MSP
GIU,MFR
BPS,DUB
CFE,MBJ
SYZ,TNG
KSD,LZO
FVM,RSW
INZ,MLA
HTI,TMP
MUN,RNN
ANR,MSQ
DBQ,YMM
BLA,PKB
BHE,TAB
MJZ,YXC
HMI,HUS
MZH,SXI
GMP,TAM
LNB,PRI
GDL,VCS
NAH,UBP
DWD,PVA
REG,RNA
BUW,FPO
BJV,DAB
ENY,FUO
HDF,SBZ
DRG,MKY
OLL,STD
ACE,KOC
HAH,URT
DHB,GAN
BDP,YCO
FMI,IRZ
YFH,ZTH
MSP,NAQ
SSR,TSN
SAB,TMS
LUX,RDU
SMI,YYR
KPO,KTG
DIU,KSC
KKE,LWO
GXH,RAR
ASO,SAP
EKO,PKR
PHE,SHL
KPV,NSQ
EGC,PNL
FLW,SJZ
SVD,WIN
LCG,UAP
IAR,MFE
GMZ,LJA
LIG,NSI
JLN,YPH
PMO,PQS
ALC,FON
GAJ,MAO
KOJ,TKP
BNK,YEV
KSH,SAF
CKS,LET
MOF,WUX
BOY,SMX
KDU,RIC
FPO,MNG
IOS,KMQ
PUF,SAL
HPB,OVB
PLS,RVT
BQK,CHG
YXE,YYU
NYA,SVI
SPU,WSZ
DRG,HUS
AJR,QOQ
MDU,YZY
GJT,MCX
KRL,SNO
CRI,LTX
SBW,YBP
AGT,MCY
BSC,FPO
GSM,SXR
GPI,KKJ
DHI,NST
SZX,TAL
CJM,LHE
ABZ,VAR
MQN,RBA
CHX,LOP
RGN,VDA
BBO,KIS
CUK,WMI
IKI,LYI
BKI,DIR
MEC,TBN
NOB,PHE
LKE,VIN
BZV,KOJ
ROO,SHE
NUS,SAH
JGD,YMN
MPH,NGK
ANF,YSB
MUB,SRQ
AUC,PSG
BUR,GEA
BOM,GST
BEW,MIG
LOE,TBT
MWA,UDJ
WNR,YEK
LUZ,PDP
EBL,PUU
CPH,DJB
ACU,IKS
DCM,ROB
BNB,CKZ
CMG,YPO
AOK,YSK
ABS,DUS
BLA,KGX
VHC,VQS
BOD,VVC
MLE,TGG
GUM,JAV
KWN,RKD
TTU,YBP
MQH,NNY
ARU,DIG
BPL,PVR
PAH,YVM
AXT,MSZ
JOI,MDW
MKL,NDG
JRO,SNA
BHV,MSO
DPO,LUW
CAW,OGG
CCK,IDR
LSI,MHT
BIK,EMD
UDJ,ZUH
SGU,VDE
BIA,SGN
AAN,DEA
HAH,KOE
PVD,PZI
AOI,LOH
BPS,SIN
MFM,NVT
DNH,PMY
LLB,RTA
CLV,GXF
GEV,NDB
VVC,WRE
AGF,YNZ
AKJ,HGA
LNV,PUG
KRT,WMX
BHB,SZI
BEN,MWX
MOD,SJL
DYR,KMJ
GRZ,MKP
DCM,TUI
CPV,YAT
GUW,WXN
MYR,TNC
HGH,OGS
GOJ,PEU
MMU,SYX
CVM,JHW
JAU,SUK
BTT,GOQ
FMI,MHK
KYZ,KZR
BZO,PSG
OVB,TSH
PPV,WRE
APN,ROA
HEL,TUC
BNY,EOI
HIR,ORH
LCR,MHD
LOE,UNK
LNJ,UDR
BHY,TNW
CJA,VVO
GPS,HLH
MAH,SOG
BJA,DPL
HSV,YRA
GGT,XIC
BEG,HHH
HOU,YGX
RTW,SXO
CLM,WEF
ELP,TUC
CXR,IST
LXG,ULP
AUS,LKG
RUA,YGK
ECP,WRY
ADA,URA
VDB,WIL
BUN,HOG
ADD,OGX
CUL,SDL
CVM,HRK
SRX,VER
KEW,TAE
AMS,JCK
NTN,SHP
BFI,PIS
CZX,JJN
KBR,TLV
DMU,ORD
HND,MZH
TLT,YEV
PVK,PWQ
BHB,IAH
SRP,URE
BTR,ZEL
MLU,VAK
KLX,PAP
BZR,DPO
LOS,UII
ANC,CFR
AJA,NAQ
CHA,NNT
FTU,ZQZ
EAM,ORZ
JED,URT
CGB,SJT
EYK,YTH
AOQ,TCQ
HPH,SDD
MZL,RVT
DGT,YGP
BFN,DUT
MSO,SBA
ABS,VHM
PIN,TTE
GRR,SHM
AMM,SHH
BLQ,USU
MHG,UIH
HMA,PAP
BXB,TGD
CMU,MKM
FEG,NPE
FCO,SJC
LED,RDU
BKQ,TCB
GAU,SOU
AKF,CUQ
AUC,AUG
TRK,UST
FCA,VHM
AXU,PBG
MDZ,YGJ
MDE,UBA
GUW,NRA
IAN,YQB
BPS,BQK
BMA,LLI
PUW,WMR
AKI,PDX
JHG,UEL
BLE,YWK
JQE,TKX
KQT,REL
DIJ,NBE
PRG,YIO
SXM,ZHA
AQP,MJZ
MZT,RNN
AKN,KYA
PHS,TMS
LYS,YZG
LLI,LRS
JHM,PKE
BBO,VIN
AJI,BKZ
ANF,RNN
KMJ,ORY
ILR,SHD
KSD,MKQ
SJJ,SKZ
CSX,ILY
DPL,HLZ
CCF,ZIG
KOJ,MQH
ITO,TAL
HOR,KAZ
OTH,YXH
KIV,SCC
ISG,MBA
RUT,TID
TCG,TGP
EZE,KTG
EBU,YGJ
HMV,PZI
NJF,VNO
IRC,MAU
MYY,WUH
GFF,MED
CNF,DHI
CCK,SDL
BTM,LCA
BWK,REL
OKC,PKR
AGN,NSN
PPT,XUZ
PGF,YJT
LNY,PSO
SEN,SVJ
ANG,BHQ
MYU,OTH
KPB,PHC
CYF,FWA
JGN,YPR
DIU,LXS
MAU,ROK
KDO,MEH
BVC,OKC
LBC,YIE
ACE,HIJ
KDI,QFX
SSH,VNS
KTG,MDK
PIZ,TOB
DRS,KAJ
TWU,YQM
HYL,KKI
HFT,MMJ
APW,CDB
BIR,TTJ
MSZ,REG
CGO,HRE
MLH,MSJ
GAE,HOU
BHH,POG
CUQ,PPK
KGA,RMF
CUZ,UNG
PRA,SMK
GOV,YFC
CGY,TAS
JOG,MIG
CCK,SRQ
ESM,ULO
LAQ,VDM
BDO,HNA
BEL,JOG
POA,YGV
AVA,KWK
BVS,CZS
KUO,PIB
ARK,EDR
CDB,ENE
MHH,YBX
SHA,USU
CEG,CIF
FNC,MYG
ATQ,LCX
CGP,CIX
BMW,PQC
BKG,ULH
BME,BRS
CGH,NTQ
YSB,ZLT
JNN,YQD
PDA,TFF
CMA,KUD
PBI,UPG
GFN,TWF
GCH,POS
MUE,QRW
CJA,MNG
GWL,MUB
OKJ,PVE
GRQ,YYG
FCO,NJC
BRO,RBV
GCI,TCO
TAG,YPM
CZL,KKH
AZI,COO
CCF,EFL
GZP,TAE
PSP,YGR
CIU,SXI
DIW,NAW
YNO,YYT
BEB,YYB
CMG,POP
CIK,LLU
BEJ,SDJ
MTJ,PMI
HLD,PYH
IPI,SYY
AEP,WVB
GLO,URT
BIR,RSH
MDU,PPP
BQK,SAF
ESC,YPH
LSI,YTZ
MLU,YNP
GPT,KPR
CIA,RTA
ESM,ZHY
BTT,HBE
JNB,TNC
GZT,URC
GRX,LDU
AXR,AZD
FUN,LEQ
CFR,GST
LGI,MCX
JKG,YAM
GTE,HMB
ADK,GAF
LHW,TET
BES,BGR
CLM,DOH
ASO,YRL
TAS,WBM
ROS,SJC
BRE,CMI
HEL,HUX
BSO,GAO
BVI,SLY
CBR,GRX
LKE,PIH
FMN,MZT
NSK,SHP
MKE,TUO
GDT,WWK
HRK,SZA
MVY,TGJ
CTG,ZHA
CIY,KYA
ROS,VCP
PBM,WIL
BBI,PQS
HUS,KKB
KHV,KIF
LWN,TBG
ELG,TAI
BWT,MDZ
JTC,RTB
CTU,DSM
LGQ,NAJ
LEB,PZI
ELU,VQS
MHH,POS
MPM,WVB
SPC,WJU
GRQ,WNZ
CYB,KGF
FUK,PVA
RAR,SBZ
MRU,YVR
LAE,MCY
KIN,TRV
ALG,MPL
CYF,TIV
AUK,IBE
BFV,FSC
IRG,MDT
HUN,YBL
PRH,TAL
OLH,QJH
PAZ,UDR
DBA,OUL
ELV,PWE
PUQ,RMI
THL,YBX
FVM,GRW
CUE,PZI
BGY,MYJ
PIB,SCC
RSA,TGC
CRA,SPB
GCC,KWT
KOI,OSS
ANU,LSP
GDE,LBB
MMK,ROT
JGA,YXU
BRQ,JUZ
MSU,PGF
FAO,GRO
JDH,MHK
EDI,STW
AYQ,BKW
AWZ,RJH
DUJ,OMO
FLG,KBP
MTY,SRX
GCW,SMS
SDQ,YAC
SOC,YXC
STX,TUO
LIT,PWQ
DHN,SYB
CND,KWI
PRA,USU
HUH,LIL
IMP,KUK
LOH,VRA
CFB,EQS
ASE,BON
ONQ,RLK
VRA,YYT
MBL,WLS
MSZ,ZAT
KUL,VLL
OLH,OLP
ETR,THD
CYP,KDV
CTA,USN
LAW,TRN
BHS,LXA
HER,LKN
KNQ,SVB
SZI,YYD
KYZ,MCT
IPN,YCB
KNQ,KPR
AUY,LLW
FTE,PEZ
GAE,TSH
LPA,MIG
LRD,RUR
PBU,RTA
MRU,SMF
PTP,SKD
BTJ,CMX
YBL,YYQ
MLI,TKX
EXT,SCL
AOR,MQT
NVA,SJI
MKL,RGS
GOM,NUX
AIU,LEJ
AMH,ELF
ABI,POG
MBE,YQQ
NPE,SIC
SSA,SVC
TJQ,XMN
EDI,KAN
KBV,MLX
TGJ,YYF
ANG,ROT
EGC,OOL
DKR,JSI
FKQ,HSG
JIB,MYJ
ADU,IAS
BKM,NNY
BTJ,PUU
MAM,YRL
BHQ,NAO
JUV,TPE
BDO,YDF
HMI,HYD
MQL,TYF
IRP,PPB
ASB,PUE
MAJ,YAY
JNU,MOD
HKB,UTH
SHX,YAM
MNT,NCL
BLQ,LMA
SVL,TOH
LMN,YQG
DAL,NSI
ANF,SPR
PBJ,SHG
ACC,KOE
RVN,TSH
IQN,JHW
BAL,PHE
NAT,TRF
THX,WGP
PUJ,TVU
EMK,RCY
HNH,UKS
LIR,NLG
BOG,GCC
ACI,OLB
MUA,YSO
HKK,OMD
CMX,MTM
LSI,MVP
AMH,DRS
FRW,YVR
RCY,TMC
AXR,BTU
SJW,UKX
CNP,WBB
CZM,LSY
HET,LEI
CSK,HNS
AUC,LSA
BHE,MIG
HSV,SFB
LBA,OVD
DLE,ELG
MCO,WNA
EYW,UAP
EOI,NNM
CUN,KSH
DAD,STN
LAP,TOF
GEV,LXA
GOA,SQS
AVA,SJK
KDI,MDK
BSG,TAE
MNS,SNW
ABL,NBC
KUL,RIX
ATM,JOS
PMW,THS
NBS,PUS
MIA,NDR
MSO,VIS
NRA,TUC
APW,KCC
AZD,VER
BLJ,HTS
ADZ,FLA
TXN,VIJ
SCK,SMR
RLG,YBK
CZU,PVU
PAH,YFB
GPS,IGD
ACV,PAC
BMV,BWT
BBI,LCK
FKI,IXG
PBO,YXS
GEL,TIR
PPK,TNK
DME,KEW
TGO,ZLO
KDV,SJZ
MBI,MTS
INL,RMF
INZ,IRJ
BLI,MAB
HLD,KWJ
CPE,CUU
MZW,SYO
BUD,YXX
LBE,TKU
AOK,ASE
HME,YIF
VDH,ZDY
EDR,PKB
FTA,THX
FDE,ZTH
CAJ,LRE
KOP,TOF
DRW,LUN
CNP,LBC
DAD,IXR
GEG,PEG
ATK,KNU
BVS,KBR
MEA,REC
CYX,NME
GDZ,JKL
HSN,ZRJ
LKO,LPA
ALF,LAQ
ANS,PEU
GYD,YUX
JKR,YWL
MOC,YYF
BLA,EBL
POI,TKD
STW,TOL
HAD,KSU
BRS,HGH
HIJ,YPM
KRS,XCR
KLV,NYT
KBU,SIP
ISB,KAL
LSI,MRA
RVT,SPB
ACX,LZC
DEC,MTV
BTI,MZL
DCA,HAK
OMO,TZX
AAQ,EMA
JOS,YQL
BYN,URS
HJR,JCB
BLK,FRD
ABM,ENU
BRQ,NUP
LBP,UAS
MCT,UGC
INU,RJL
CUL,HYA
BDH,PQI
RCE,XAP
KOO,MSN
LHE,RJK
BRL,NGE
DQA,ELG
MPM,NER
KSM,YYE
OBU,ZQW
RZE,TMU
LUZ,MAU
AXP,MDQ
KRR,LJG
KMJ,TKS
PIX,YGX
IPN,NAQ
ALB,KIS
QRW,VIE
TOS,VTZ
NNB,RMQ
KGD,NOC
OUZ,SYD
BVB,GVR
MXX,TNA
HSN,OBO
IPI,SYM
PUJ,ROI
AZA,SGG
AOO,YGV
PNQ,UTT
KWK,LAU
BZV,VOZ
CRI,SSB
XEQ,YFB
DHM,GMA
ELV,SMS
KSY,NMA
CCV,HDM
BHX,JDH
POG,TZX
BSK,MJD
AKJ,KSF
LJG,ORY
SOJ,YYC
HOD,SHL
KHS,LNJ
LVI,SXM
PIZ,UYU
AXD,DMM
CID,LVI
RMF,UTS
KKB,KLR
LUM,ZSA
PUG,TRZ
DCN,LAP
BWA,HPH
JKH,JSR
LOH,NAG
NUL,QJH
TRU,YNZ
GHB,MSS
ADQ,GTE
SXM,TVY
IKS,NVI
DBQ,ILG
OUA,TNA
TGJ,TYF
TOB,UYN
MOQ,WSN
CJB,CME
CUR,LNS
KUH,RMT
SZG,YYY
ICI,MQT
DAC,IAR
MMY,YWP
CBS,YUB
MUK,PBM
NTQ,SSJ
KAW,SWJ
LZO,TIZ
ROO,URA
BON,FTE
AVV,RHO
CEB,MEA
LKE,RKV
KMI,WVB
OHE,PPQ
MAM,PBZ
ACI,KIN
DSN,EKO
BOC,GVA
BHR,YVB
BTS,PAT
KVA,LNE
HIB,KHV
JNZ,KGD
KXU,SKO
HJJ,KUT
SUB,XNA
KYK,VDS
PPB,RRS
LPD,PPS
CDG,STI
ADE,AUA
RUA,SKU
EAS,NDU
KPO,RVN
OVS,PBG
ASB,MSS
AUR,MOZ
MMK,MQM
CBO,PMV
ETR,LWO
LCA,LGG
PAG,PGX
MEI,OIT
JBQ,PYY
BKW,GOH
AVN,BDH
KUV,LHE
FCA,YUD
DCY,THL
KIH,TKS
DOY,MTR
IKS,MDE
HAK,LPL
OTD,TGJ
MQP,TXL
FMA,KYU
LMC,PAS
YGK,YXL
KHZ,NKC
ATZ,LBU
SGD,TUI
LNY,TGZ
BAV,NLG
TUG,VIJ
CYO,SXF
TWU,YRT
CTC,RAP
ABD,IFO
IAG,UIH
KVC,LRH
KLW,UST
ART,SWJ
EWR,TGU
PKY,SPS
KSY,MCE
RZR,TUS
GYS,LJG
JER,ORU
ERC,ZAD
JUB,YTL
GDL,LBV
GOU,NVT
DIL,TRV
HRL,JLN
NIQ,RBR
DME,TZL
JSI,SMI
BIM,PDT
CEM,GAU
COK,SXB
MCI,TAH
SPB,WIL
EEK,YUM
GEL,KOS
CKX,MBA
GOH,RBY
ARW,YSG
AMD,DRV
ACZ,CEE
PPT,YAG
MYR,YVO
ASR,HAV
IRG,VCS
GOI,VGZ
AOQ,LAM
RKS,VLC
NDG,TLA
TID,TLS
LEQ,PJG
BHY,SUG
FRD,MZV
DWC,YTQ
MLX,VUP
ATZ,SPB
BOJ,IXR
COK,LPD
ASR,SHC
DQA,MJT
ELP,JDO
MJN,YSJ
SZG,ZQW
KCL,VIN
NNT,ROP
UUA,VLL
LPM,POM
UME,ZHA
BKQ,IRG
RAJ,WTL
MLE,SNP
RAO,YBX
LGK,OGM
OND,VDS
CBB,MFR
MCP,TGU
KTM,YUL
BHR,TZL
HIJ,KDM
ABM,KGE
GIU,RLK
ATY,CIF
KIT,KMJ
IBZ,NAV
AUR,PUM
JIC,VKG
LAE,WWK
AIT,AOR
KNX,XFN
HDY,YFB
DJG,UTH
AVV,PAG
BKY,ILI
PZH,QBC
AFA,HGU
BME,PGF
CKY,PEU
DCN,ICN
RYG,SLZ
NPE,RCH
PPS,SFL
BDP,CAB
CBR,PDX
JHW,VUS
THD,YAT
CDB,YGH
JFK,TVC
REN,WXN
HUX,PHX
FLW,LYG
NBX,UDJ
DBO,TPP
LXR,PLJ
LBD,ZEL
IAN,VAN
IBR,OMR
PBJ,SKT
OER,SZX
JBQ,PLS
KCG,MOD
AAE,KVA
ERZ,OUA
BJL,PEE
COD,MWA
SCE,UUD
BQS,SLU
BGO,ZAM
DJJ,HER
CLY,LZH
ANI,SNA
ASJ,ORD
KAD,VQS
TLN,WIL
DYU,VCT
GDX,MRE
SLW,VHC
DLM,LUX
BJX,MLW
RDU,UEO
AXA,RIG
BVH,LFM
LUZ,TPQ
CRL,WJR
JKR,POM
DBQ,YVB
BLI,SFA
NPE,PLJ
AJI,BDQ
TPE,ZBL
COD,HLD
BTH,TKE
ABJ,SDP
KYU,LPQ
ORD,XQP
BKK,BWT
AEX,IXA
BIR,SKE
LCY,LDU
BQL,TEB
EXI,MLN
MBE,RDU
KYA,LRT
AOE,PMV
SSA,TEB
LKL,TJQ
AJR,GSO
GND,ROO
BON,PKB
OGL,UPN
OSR,SKU
BLI,RNN
UYN,ZAT
BRU,PTY
MYQ,PYC
BIA,IGD
GKK,SVU
MGQ,PLZ
MOQ,PQM
HTS,SYY
JFK,TAG
DOY,MOZ
KRY,TRC
BFS,HRI
GOH,SKK
KUN,LUQ
ROV,SUJ
MAB,WNZ
ASJ,GOU
IXA,TRU
AOE,CCM
IOQ,SFO
BYC,UNN
HBE,SZZ
KAD,YYD
IMF,KLV
LOD,UEO
KAT,SOW
BJB,RJA
CAP,JNN
GPB,YIO
AEX,ROK
OVS,YNZ
SYO,TRU
GMP,KLU
HGH,PUE
AOJ,TMS
KVD,YKU
KBV,KRF
ASF,DLZ
ELL,PSG
KNQ,ORI
HSG,SPB
RHO,TCZ
ASE,DMB
ADB,ATD
BUF,DYG
JLR,SFB
MVP,PLS
IRK,PVU
LPQ,TGO
BUF,RST
ANR,RDZ
DEA,POJ
FLN,TTN
BZN,TOF
AOO,OGD
GXH,QRW
GIU,SZG
BPN,EDO
PIA,UAS
ATQ,YKA
ONQ,RJH
TFI,YPY
LYH,PTP
BKM,LPQ
STS,YGK
MSU,SXR
BEW,VIE
BVH,SCT
BRR,IVC
DIW,WWK
CBB,PER
OKJ,QOQ
MJZ,YXJ
COQ,URG
BRN,GEL
CCU,YYR
ELH,JUB
NOU,YPO
GBE,LYB
AGX,SPU
KWT,SCW
AXD,UTS
FUJ,MZL
HFS,YIO
MWF,SYR
VEE,YVB
BSG,TAS
BNE,QFN
GCN,TGG
NCU,ORX
FUN,YNY
PDL,SJC
INN,OLH
FIH,SYD
BNY,JGN
GRV,SGC
IKI,YQB
ACK,HRO
CNM,PAV
VDC,YQU
FNJ,VIG
JJA,SVZ
BRE,YRB
CUF,MRU
GRX,RTW
BUR,POZ
HLD,SKO
CEI,DEN
DCN,SLQ
PCR,TAC
FKL,SRV
LUD,SCY
BLQ,QUW
VCT,YAM
PLJ,TTT
BQN,KBL
BOO,KTA
KTG,OBU
PNL,TIV
ADZ,PXM
HTY,OMA
ADE,SAT
SZZ,WVB
KPR,YQD
BKI,EBL
LAP,YDQ
CXI,GCW
BGY,MBI
ADF,TAS
AZD,HIN
GNV,KSO
ELI,YZP
KME,WLK
MKL,STR
QOQ,SMR
FOE,GFK
AVN,BBO
AMA,RES
EGE,KWL
THR,YAA
GSO,NTX
AUX,EBA
SLA,SMS
JIK,MII
CIK,PZO
PED,PUF
SNA,VBV
OTH,YVQ
SAF,SRK
COO,JPR
COS,NIQ
PIN,QOQ
GLV,MTM
AUH,YGP
VRA,YNA
LNS,MLL
RYK,UGC
ASM,BHD
XIL,YQG
CIH,RGK
TJA,YTS
KUS,NEV
ABE,ILG
JEG,TRK
CRA,NOZ
NAQ,SKO
GTF,SYZ
DIW,FUG
PHO,YQL
CND,WBQ
BDU,YQY
AKU,FBM
DLM,PUJ
JBR,NTE
EGO,LFT
FRA,SHV
MZL,PLJ
AOS,AZS
MQT,SXM
KDV,KNG
CPT,MUN
IGG,KLU
IOT,WIL
HRG,LOS
AUC,MSJ
DIW,KSF
MYT,NCL
HYA,JYV
BKO,PMI
DMB,FUE
FKI,MAM
TUN,UAS
NDJ,SHR
DLC,REG
BTM,SGN
FNJ,HKD
IFO,WTK
MAB,TKS
SHW,YCL
OSS,TOE
POL,SOF
PMF,VOG
GAN,SHE
GLV,IXM
NST,UKX
KUD,OMS
QUO,RAP
DSN,PBO
IWJ,PNL
FEZ,HOE
MOB,OTD
DLZ,MDK
JNX,KLO
SNO,YUM
BSO,TNG
SJU,YBK
HVB,TMS
LLW,MZL
KSO,LUH
VXO,YDP
STS,SWJ
XNN,YAG
DJB,LEN
MNG,RJH
MUE,PDL
KNX,SKE
KVL,YYH
MGQ,TSA
BNA,IVL
KUD,MGQ
BSG,GOM
DMD,PBG
ADD,FNI
SHA,TCQ
OKC,VLS
HBE,YQB
BYN,MSY
PWQ,RPR
TPQ,YFB
EKO,YXP
BQS,GWD
MDU,PTY
AQP,YYQ
ESL,TBI
CGQ,LBV
BEJ,EXT
AOQ,ARK
PMV,SGG
FOE,WTK
AGF,PNA
POM,YAY
DIR,EGS
LAN,LAQ
ART,SKZ
HOM,ONG
NIB,YAY
DEL,SZG
SCM,YVR
HUY,YOP
KAE,SLC
CME,TPS
BKW,CJU
GHE,VEE
HMO,YHP
TSE,YNB
RMF,TUK
FDH,MRD
NNY,VNO
HSG,IRZ
CEZ,GEL
CTS,ZKE
YBC,YPN
KAN,PGX
RDU,STW
GFF,YUY
ENH,YXS
DOU,EMD
CYB,TUL
NKG,NTN
AGF,YCY
MPM,SLX
BVG,YMM
FUT,NOC
FBM,ZAZ
FPO,LUH
HKD,LUM
STI,YVQ
GRR,LNE
GMA,HRO
KGX,WNH
LGI,POM
KTS,NKG
DCM,MGB
DAR,LWS
LEB,YIO
GIZ,LNK
SYX,XBE
HMA,SON
IAS,MVP
GCH,LAN
BLJ,EKS
BPL,CGI
ANS,YHU
ACK,YLE
GGT,SOQ
GAJ,SZX
HOB,TWU
EYK,FUE
IMF,PUY
VRN,VXC
SLA,YAB
AKP,PMW
BUD,SVP
STW,VDH
DIU,KKE
GNV,GTR
CUN,SAW
AUS,PPQ
DEC,NVA
KPV,QUV
AEB,BNC
DYR,EYP
CIT,RUR
DLA,SAH
AXT,PVA
DUD,TUF
RSW,UKA
BHJ,EGX
CLQ,YEK
BVV,LGI
OLL,WLH
GJT,PZB
KKE,YQY
DWD,FLR
ABB,PAG
HGH,RTM
NSK,TYS
HAJ,LAU
EYP,HNM
IRJ,KTL
HRI,SOY
BAL,NAQ
LPL,YYC
GRQ,MLB
CID,YZS
FRW,NRA
KER,RVT
CAL,SGF
DJE,ELU
AZO,LUQ
EGN,IPN
WNZ,YCG
BNB,GSE
BIM,ECP
CEM,TAK
MAM,TMJ
BDH,ETH
CDR,EQS
LBU,PSA
CRA,SIC
DIK,NWI
CXJ,MVD
HAU,LBS
LLB,TOS
JAU,PUU
SYR,YRL
TIM,UIH
SVR,YAY
MRV,REL
IDA,STI
HKB,PGK
DUR,LBC
IST,YAK
KAO,WIN
BDP,MCE
SJC,WMN
MQF,SHE
OGX,VAK
THX,YTH
BHM,CGP
YOP,YUT
ABL,GMB
CTA,DJB
BDJ,PFQ
TDX,XQP
DAY,WEF
AZA,NBO
GYN,TKD
IOA,QOQ
KCA,MVT
DAT,PED
JUZ,KLO
KZS,PJM
DNZ,MCE
ICT,PSR
PMZ,YOL
ESD,VST
DYR,SXI
BEB,XMH
BOH,MKY
ILD,OPO
GXH,PDS
BEY,MYG
LZO,SRX
BCI,ERL
MBT,TUU
GOV,MIR
NAS,SCO
CIF,MJT
GUM,RVT
HUU,ROW
BUQ,LXA
MEE,PBU
MIA,TUC
LDE,RMI
ITM,YXX
AGS,MDZ
DCN,MKM
KYZ,YXE
AQJ,CVU
IPL,TMP
SHJ,TBT
TOY,XCR
JUH,LJA
OAX,YDP
FNI,MCT
FKQ,KET
SDL,YCD
MYD,ORD
NJC,YQX
IRG,TBG
PAV,TBI
NSK,YGX
FAY,FLW
PEM,SLC
DAL,ILI
HAN,YXN
GKA,UDI
DSK,EZS
KNG,MIR
CEI,VRN
LOH,USM
CAL,VLN
NNM,YXC
BKY,KUL
LAP,VOL
ATM,JHS
JSU,PIE
NOV,PKZ
GAJ,ORZ
HHH,IXC
CCM,RIW
DLE,KSE
AVV,LTX
AVP,NTN
KIJ,YNA
TMW,ZGU
JTR,NOS
BSK,SCQ
GKK,HOI
ERI,PEZ
MDZ,VIX
SBN,TOG
GOP,PTH
CEB,TRG
KDI,MQX
FUO,YVZ
AGN,BJA
HOV,SVR
CEG,DJJ
BPX,OVS
KMS,UII
DHB,YCY
HLN,JLR
HIA,MUR
CCC,LCX
MRS,SLQ
COO,TGZ
LOD,YRG
JGN,KBP
PLM,RGL
RGI,WAE
BRD,FRD
DOH,HPN
ROI,YXY
AOE,NTX
DYU,SAW
AAR,TQL
VDB,WRO
REN,TPA
NLT,VKG
BUD,COU
BWT,MUB
AHN,OKC
EWN,GOJ
TIP,TWF
AZI,IAD
CRM,PUB
DPO,MYR
LGP,LJU
KIT,SOM
LXS,TUR
BDP,TOB
KSN,MXX
YDP,YTZ
ANU,VUP
AZN,BLK
AOQ,SPN
BSA,CGK
KLW,YOW
LAW,MLX
DHN,RPR
RAH,RCH
KCA,VRN
CDJ,ZUM
SLC,UPG
PSO,SDK
INN,VKT
HMI,ZTB
CIA,ISB
FAV,YUD
IFO,LAX
ARI,WMI
BLL,KUA
MSA,VTZ
ASM,FAY
HDM,PUQ
ABA,DIK
IRG,POI
MGZ,TIV
HLH,POL
MLB,ULG
EDO,KAA
ALW,BHI
MUC,NRL
CUN,XGR
FNA,VDS
SDU,SVO
YGP,YKG
GOH,MIG
BUL,XIY
PDA,SRZ
RUN,TMS
DJB,LBU
PAD,SSB
DND,MYT
GUW,SUR
BSK,ESL
FMM,MAR
NNT,YQC
KEW,TSF
ANR,XNN
EBU,SUK
HOE,TAL
KHS,SVP
CKG,PLX
KKH,RYG
CHX,PHS
CGR,DME
CUK,MMJ
GCI,IOS
OMD,OZZ
JGN,THS
CVM,WWK
PSR,YNP
CYZ,MSP
DIY,PBL
GFF,KCK
AXA,CNJ
RSW,SXI
BRC,LOE
CCP,HUS
ATA,MSW
CLE,UIO
HGA,JAI
BGO,KSY
CXF,IRJ
BBN,FWA
EBB,LEC
BHI,CNS
BKI,GKK
HTI,SYB
BVA,SVL
MCY,YZT
LAO,MAQ
BHR,DMB
BEU,CMU
CXR,YXC
MAQ,SMI
COK,OAG
IDR,MQJ
ASB,SMK
KTS,SVZ
BHO,TRD
MHK,TAI
KDU,MAJ
FOR,TSF
HRE,JNU
DME,HOR
DOU,PPQ
HAH,PMY
CTL,LGA
ERZ,YRL
BSG,FEN
ORZ,YDP
PNS,SHB
HBA,PKE
PLS,QUV
KWE,MII
CAH,KGA
CNM,ONJ
DRK,UST
ADA,DLI
CFN,THS
CEZ,LGW
MBL,MJT
IST,NNB
CUQ,TUB
YNS,ZAG
PIH,RGI
LLI,YUX
MFU,TRI
IBR,UVE
BMW,HOV
ANR,NOU
ANU,SLH
SWJ,YSM
PPB,TRD
AGR,KHZ
IGR,KSE
YPW,YYJ
KIS,XNN
DPS,ZTH
JSH,KCK
MQM,XIC
BRN,CTA
BXR,JQE
MSZ,SJZ
SHR,YBG
CTC,JHM
JIQ,MEC
BFS,DMU
MQT,SFJ
PKB,YAT
HPH,QBC
LUO,LYR
IGA,IXR
DAB,SHW
RES,TAB
KMI,MME
AHB,TUB
EWB,MRA
DCM,GUM
QFN,YAC
OSR,YAX
BZN,YZZ
NNY,SNV
BRO,VAI
FRD,KZS
AGT,YIE
KWT,REG
JTC,POP
OOK,YGV
IOQ,XNN
GYA,XMN
MDL,MKL
MOQ,VDC
BDL,MLY
NYI,PEZ
LAU,SKB
PAP,YAM
ISU,VNO
DSN,SLX
AGB,IPA
BVA,SGU
ABD,ABQ
SMA,TIF
CLQ,XMN
ORF,ZHY
GAJ,KTL
EBA,SPP
SHA,TVU
BNY,MRV
DRO,LMA
XFN,YUX
JIK,LDE
ROT,SXI
GST,SDU
HRO,TTE
BFQ,ZKG
ASM,VAN
AES,KUT
BND,YXT
CWL,ZUH
PEC,SYZ
BIL,CHX
RCM,TIP
ELG,GPI
BHR,PUB
ORY,RAO
JIQ,NAV
FOC,YQX
FTE,XFN
BHY,OMD
ODS,OWB
AVV,CMB
GMO,JHW
MBE,MXZ
GUA,WVB
NGS,RGK
BOI,ODN
MHT,PPB
ABE,IPL
SRY,TLN
AHO,IBR
CLY,YCU
CME,MXL
ITO,ORI
GOV,VTZ
BDB,ONQ
CMW,YZT
CHA,PLW
BOB,MNG
MKP,YQB
GMZ,RSA
MDE,ROS
AMH,VCP
BRE,MXX
IEV,PEZ
HIR,TLV
NAY,PIT
BGO,CYB
ESM,KID
HTI,YPX
TFI,URS
BLD,KDV
BDO,HHN
HOT,OMO
PDP,REL
ANF,SWJ
SGY,ZTH
AOO,TPE
ASM,DAD
JHG,LGK
PIA,YRG
ICI,MUR
SNN,YCB
KHD,RXS
HMO,QUB
KYZ,MAS
KLW,LIM
GPS,YIF
BRN,KCH
CJS,IZA
CIK,PUU
OIA,SHA
EFL,MTM
ABA,MDG
CXF,VGZ
EPR,RBY
JQA,MFR
BBO,SDK
CMX,YPC
IQQ,YUY
KAN,YTH
LET,PUG
KSF,SXM
EMD,KMJ
CGD,HYN
KBC,PNQ
AGA,ISC
ADZ,WTL
IVC,ODY
ETH,PRG
CTS,VOZ
EBU,WBQ
GEA,URT
MNS,UEL
IRP,PZI
BBN,OSI
GDV,RNL
CKX,UST
LPA,UEL
PZI,TRF
NOZ,YRG
MNG,TIP
PNA,SCW
MJF,PED
SDQ,SFA
CAI,YQB
POJ,YYH
BDQ,UAP
SCQ,YIK
TTJ,YJT
ALW,QJH
EBB,YAC
GEV,LPQ
KRR,ONQ
CPR,ROC
LZH,TUN
CRM,YPH
AJL,IXA
SXP,VCS
BOG,REP
KMQ,KSQ
LNY,MME
CKB,KDU
CAI,WLK
ASW,OSR
CBQ,DMM
BUC,RGK
CPO,NKG
AZO,BHR
FMA,FOC
MXV,TZL
AES,HAA
AUC,TRI
GRJ,YHP
EGS,KIR
MSR,MWX
DZN,NTX
GCC,LPD
BHQ,LLB
DUD,HGA
GBE,YSJ
MEC,ROA
CIC,KLL
DJG,FNJ
CHA,SKN
BHV,ROC
GVA,ICN
DLM,ORY
WTL,YER
BFL,POP
CMU,ULV
BGF,IRJ
GRW,MCK
LYG,UAQ
BGA,WAA
MYT,SDG
AYT,BRM
PBD,REP
TUS,YZP
ACI,BHE
GEL,WVB
CVG,SXK
MGS,SAX
MGW,PKU
HOR,YDF
KGX,PUY
IPT,PNP
KGL,KSN
AXT,YTQ
KYK,WUS
BTS,FAT
TUI,YUX
GFN,KFS
CJL,PXU
KAD,KDM
EDA,GMP
FBS,SJL
ADK,YWP
BLI,OTD
JED,TAY
SPU,UAK
DBA,EMD
RAR,YRA
OAX,VSA
PYY,YHR
PDA,PDX
TUO,WAE
HMI,MQM
POZ,SBP
SFN,UET
PLZ,VIX
EDA,YYQ
AOQ,TJA
KET,LEQ
SOY,THU
KMJ,LGG
IWJ,WLH
BHK,KAD
PHO,ZHA
BMV,UUS
GUA,TTT
CGK,KHZ
NBX,PIH
CIH,OUA
IXU,YGR
OSL,PFO
CZE,MJT
IFJ,WEI
BOG,SEA
MMO,SRX
KTM,PJA
HPN,YRG
IAR,LGG
BKO,TTN
CJJ,OCC
AUH,UVF
WRY,YKM
KRN,SUF
LNY,YNO
ATD,YYR
RCY,RHD
ALF,EEK
GVA,KSO
SOC,YIK
CIA,EBA
BFD,ROR
ANU,CRD
EAM,RBV
ACH,IDA
AFL,YPH
ATZ,ITB
CZX,OBU
BAL,ZEL
TUK,YWB
EMK,QUV
GUR,MHT
BZV,CHU
KSU,LUQ
TEN,TIR
MIS,PBL
GXF,SZG
CDC,YUX
UAH,ZRH
HRO,WUX
AFL,EWR
CTC,LOS
ATK,BQL
KWI,YIK
RTB,SUG
DED,MLU
PBM,TCO
JPA,TVS
CFN,IKS
HAU,VQS
VUP,YFA
EVN,THE
PQM,SOQ
HVD,XTG
KGD,LVI
AES,RAB
ROV,RVK
EWR,KRF
AAQ,OVS
AXK,RLG
AAT,HYN
LDH,TTU
CRD,VOG
AMA,DYU
HAC,TNN
OLC,UPK
DOL,NAW
OLC,PMW
MFU,RMT
ORD,YTQ
TBI,TLV
GNU,LYB
CGM,CWL
CNP,TRO
MEH,SSJ
NTG,YEV
PFQ,VCE
CGP,KOZ
LCK,OGG
IRA,NSH
AAX,PZU
DGO,PMO
AGB,AZA
MTT,SVI
GZO,SZA
TLJ,VXE
HIJ,SAL
LBU,RGL
GNV,JIM
PPQ,THR
IMT,LBA
GGG,RPR
BGG,SAV
LPT,ZEM
CCJ,HEH
OTP,VDZ
LRT,PEG
CZJ,QBC
ELL,YUB
ACY,SLP
FEN,GUM
CEN,KYK
BKM,CZE
BZL,MEI
AAX,OBO
CFC,MEG
SVZ,YBX
KSN,PKB
JGN,LYH
NSI,OLA
FYU,NDG
BHI,YXS
KUL,NSN
LUX,TIJ
DUT,JQE
BSB,LIR
NDU,PER
MEC,PUY
RKV,RUA
QRW,UNG
GSM,LGW
MUW,MWZ
TUG,ZEL
CTM,LEI
LPQ,QOW
GMO,OIT
GDQ,PGU
XRY,ZVK
COK,PSS
QJH,TBN
MWZ,ZEM
BTT,CBB
GZO,KTA
CAL,HRK
KIN,YAY
PEK,ROO
DHN,PKY
SFA,TMJ
HOE,RMT
BMI,FSD
AEB,WXN
ABY,YXJ
GLO,OTZ
GOQ,MQN
BMV,CEI
PBD,PMY
LBB,MKM
TGR,ZVK
HFE,WLH
ANU,TVY
ABS,PTY
CMB,GYA
IRK,TUS
LXG,MIG
RET,ZHA
BOI,CLM
IQQ,TBZ
CSK,TAC
JAU,ZNZ
JKR,MGF
CAK,YFO
BLA,JLN
BON,DLH
MOL,YZG
CPD,TKX
DHB,HME
ABZ,MTJ
DIW,GXH
IGU,VIS
ICN,REL
HAC,LKB
KKN,OUL
PPN,TIH
NOZ,YPM
FLO,TRK
AUX,BVS
NKI,OUD
LKB,VDS
KOS,SQS
ENU,FEN
CSG,GAE
REL,ULG
TKG,YWB
DOH,PAF
ERS,MCE
CBQ,DBA
LGL,MFE
KOA,RIA
PNI,SRZ
ITO,PFB
FRW,YWH
LWS,VLI
EGS,PKA
ETZ,WNZ
AVP,KPN
SFL,YUY
ALA,KWN
HBA,MRX
ULG,YOL
SFO,STX
MVT,SCW
SNN,VCS
BZL,DGA
DAY,KIV
OMR,THL
DGO,KUZ
EAE,EIN
AJL,BFL
KSQ,YEG
IGU,RUS
CCC,JHW
MOD,NAP
DEF,VCS
REL,YXX
ACZ,TCT
HYA,PER
IWJ,LOE
CXJ,PKR
CHA,WJR
LPA,MYY
ERN,UFA
MRS,SNW
IRP,LUD
KME,SUV
HEL,PBL
JAI,NSN
QJH,SOF
CCM,ELG
ASU,UAS
KTL,QFN
NTG,YBX
AAE,REP
JOL,TUO
POG,PVE
ATA,YAM
JGS,YXP
CGQ,VCP
DHM,HOD
GYS,SXK
CMI,EIN
CGN,YSY
ABZ,AZD
ABM,TKG
CCK,TRD
KNU,YTQ
ABM,FUJ
KSM,ZFM
AZO,INU
GRP,TOF
PBD,YHZ
JNB,NNM
HNS,THN
HAV,VIJ
YBR,YOL
BJR,KGI
GIS,JDO
TNW,YKS
AAQ,MLL
BFN,GMA
NQU,SDP
HIN,ISC
KAO,LZY
JNU,PMW
IOT,KIN
MGB,YHY
PMZ,RGL
GHT,WLK
VVI,ZKE
FRO,VDM
EGM,SHA
LAO,ROR
KTA,OTH
AZI,BDQ
MYQ,YDF
OLF,PAG
DOU,YCB
MAQ,MHG
BLL,BTS
VDA,YWG
KEP,YXJ
FLA,LYA
IGD,OIA
KSN,URE
JDH,KSF
PLU,POG
HKN,YKF
KQA,WIL
CID,OSR
GND,SYM
RST,TRU
MCG,PLS
IRZ,IUE
ASW,YGH
DJB,WBM
LVI,NYT
BDP,BJM
EBL,ZDY
ARC,TQL
HYL,TIH
EIN,GAU
KAE,LNJ
KYA,YIN
HVG,URT
AJF,TTN
PFQ,YFC
AGR,BMA
SON,YNY
CHC,TKJ
CIZ,KHQ
GWT,ISC
DSM,JUL
NIQ,YZR
ABS,CBQ
BFL,TAM
MCP,TYN
KOE,PSO
CEI,KUF
ACA,GNV
MBS,PHC
AKP,BRR
LNS,MIA
NAY,SOQ
FLA,MZT
HAN,RIC
HFT,NCE
RJL,YZT
GYE,LIF
QRW,YGX
HFT,KNS
CCF,MGF
SHD,TNN
KWE,MOT
BDO,PHS
PHW,VPE
GUC,IJK
IFO,RJA
HBE,TNA
GLV,YAM
JDO,SAW
GRO,PPW
GJA,WNR
BNA,UYL
LPY,SNO
SLM,ZAZ
FLA,SPS
SMA,TVF
QFG,SBN
BDL,LAU
JTY,WRE
EGC,TBW
KKA,YNZ
COQ,NGB
DDC,PSA
KGE,TEB
EYP,GRJ
MOV,SBY
DNR,MCO
GDX,TZX
LMP,NPE
IXS,PTH
SGY,TPA
RGK,UTH
FNT,PZI
BDO,TBN
GRB,YQF
SPI,YUM
PMC,SSJ
BSL,PIN
TTJ,YFB
LBL,SGO
MOU,OAJ
MWX,PRI
MXV,NKI
ELI,IIL
PTP,YRG
MHD,TBI
LDS,YIN
CCU,SNU
NAH,QUO
CXF,QOW
BTV,QOQ
AOO,UUS
BUZ,GCW
AQJ,REU
ANM,BIR
EAM,ITO
CHU,HET
BGA,TEQ
KAJ,MOF
DOB,UVE
KUN,VLC
BOM,PMF
QUO,WIL
ABM,KKA
OMR,VKG
PHS,TCD
BNE,JDZ
HSG,PNQ
CEZ,ULV
BGI,ISP
AAY,VOG
BNS,SJI
KUT,PSR
INC,KUS
PQQ,TOB
BKK,CEN
XUZ,YGP
AHE,ZUH
EEK,LAM
PKE,SAF
CEC,LWS
GLA,OGL
GAN,MCN
ART,PNA
LBB,MMK
SLH,ZCO
AOQ,YKQ
HFS,SZG
BLL,TMC
ELQ,PVH
ISC,OMH
AMM,BZN
SMK,WHK
GDV,OLC
SPP,YNG
LHW,WBB
GOA,RVT
MEL,RUN
PNA,TDX
MEC,PDL
AAX,PJA
KPV,MPH
GEO,MIR
ABM,CSY
DRG,WXN
NLG,SKO
OMS,YXU
FUT,ISE
KGT,WLK
KDM,KMJ
BGO,LYR
TIH,ZVK
DME,MJF
ELS,NMA
BUR,PVD
BEJ,CNX
ANG,KVG
CIT,LAQ
PAZ,UKK
CLQ,ZLO
FMN,URG
EUX,ZAH
HPH,UII
THL,YNS
GIB,KCG
SBP,SJT
UNG,YYH
MMX,NDG
RIA,VEL
BJI,GEV
GLH,TXL
BTR,CUQ
PXO,WUA
IRZ,UVF
ATH,KCA
MGZ,SBZ
LAQ,PET
MAR,TRU
NKG,YVM
AHO,MAZ
AZA,GAE
PEZ,ZNE
FMM,MQN
NKC,SHC
IXB,LNJ
DNK,MID
KGS,MGZ
ARU,OUL
ERS,SYX
BRU,ZIH
SFO,WGP
CXR,RST
CLY,OSL
BPT,CMI
BIM,PIZ
KTT,VDH
BOJ,UPK
ABJ,NDU
AQI,AYP
LKO,UNK
MXV,MYG
GWT,VFA
AZS,FLL
ERM,XQP
BSG,VUP
DTM,GSE
LIG,SRK
MST,PJG
JSR,OGL
LKE,TLT
GBE,SBY
KHI,WUZ
THU,YQL
BUF,PMO
COU,SVO
KME,TAC
NBX,YCB
GTR,SRY
ABV,HOD
VLN,YZG
AJI,RES
BKK,TGU
DBQ,REN
DDG,YSB
GAL,MKE
AGX,DUB
HTI,LBD
MOF,VRA
FMN,JHM
CFK,MEB
CIX,KRN
CSK,TTT
BNI,WLH
LGL,YMN
AIA,HHN
ARK,KBP
BEJ,OKC
ENE,XMN
AAN,BHY
NAO,VDE
AMS,CSK
ROB,ZSA
AEP,KUZ
EYW,TOG
PRN,WRL
PBZ,RKV
KIX,OMH
BRM,WLK
FSM,SEZ
AGT,APL
OLH,RSA
IOA,KWL
AHB,PAD
EDI,MLL
LEQ,RJK
BPS,KZO
GLO,VNS
GHE,ORU
SBW,YOW
FBM,QOW
CSG,RFD
FMN,WJU
OPS,YQX
ROB,XAP
GPT,PAH
CWA,RTB
GCW,IRZ
REL,XEQ
AAQ,DIR
KAE,YHR
ELQ,PSG
HFE,PNR
FPO,PGA
ESC,LTO
IRP,YPN
HRG,TUU
BJB,ULH
HMO,MXV
USM,YYH
PHL,RXS
CTA,HMB
NSQ,YGH
JNZ,KUL
GDZ,HAV
IRG,SGO
KGA,TQI
DLM,FEG
TYN,YKU
HVD,TTJ
CDC,SDY
FMI,GMZ
JIU,MGA
HHN,KET
LMM,TOL
SOQ,TLH
ILY,VAR
ACR,KIN
BYO,CKD
AKL,MWF
VGA,WNR
ABI,SON
FUE,XFW
IMP,PDL
ACU,NVT
IUE,KYU
PVC,SPN
HOU,LFR
GCN,TCG
BKY,LDH
IQT,SJE
DLH,PUM
PNI,WVB
IXM,SVQ
AVP,DAB
INC,YAA
PVD,YOW
DRV,KJA
KVC,SDJ
CWL,XEQ
AGA,FMA
CWL,IVL
IQT,RIC
JMU,SFB
DWD,SCW
DLZ,LNE
FUT,MFU
TNC,YTE
ALW,ROA
CGR,UIO
CHA,ZBF
GZT,WAW
OOK,PSM
CCU,UGC
CCM,LTI
AVN,MGS
BEY,STZ
LIS,SGO
GUR,IKE
HHH,JFK
DYU,PBZ
CAW,WGA
ANS,CIF
BRO,MJT
FOC,GOV
GWD,LNY
ASF,SLI
KER,TVF
DUJ,UBJ
LSP,OTZ
TQL,YFJ
MRX,RDU
JBQ,YMN
OSI,RVT
BJF,OUD
IEV,JED
QUB,YXN
KEF,YXY
HAC,KTS
ALB,SHR
CZJ,VLY
GSP,ZQZ
IJK,IPA
IZA,SVP
ARC,SCE
JIK,PPG
KHS,SUB
YWH,YWK
IRZ,YXP
LGB,VLD
AMQ,WVB
BXB,UKX
FIH,PET
MGM,MKW
LFT,OUA
OGL,YSM
SYX,YKM
BHK,RNO
CGK,RUS
MAD,TTQ
BGO,MGS
JQE,PPW
PGK,TYN
BZV,KCC
KGX,LFW
SUJ,TLJ
DEE,TWF
GCC,TJQ
GAF,VCP
AXT,GSO
AEX,WWT
ACE,LPY
FMM,SUJ
GAU,ZMT
MST,SIT
CEK,THX
MAM,TQI
AOK,GBB
MRZ,QUV
OLB,ZFN
MCO,YIF
AET,AQP
MCK,ZLO
DLG,JHM
DPS,GDE
MHK,NDJ
HOT,PIB
JJU,LIM
CUN,SDN
HVN,PBH
AUK,ROI
MOZ,VLD
KKH,MAB
AJU,KCO
EWB,SPD
TUR,YZV
LEH,SZG
ETZ,MJF
KHZ,VNO
FKL,SAW
ABM,MOV
PKA,SYB
BRS,UUD
CCC,YKS
AKP,BGF
POS,SDD
ACZ,RIX
AQP,KHY
KHG,UTP
LSC,YXP
EPR,LBB
BGO,TRW
YHY,YIO
KVC,MXV
ROW,WMX
CLO,LGW
JHW,YZF
BLK,FOR
DIU,YTZ
EPR,LKE
CAK,CLO
BFF,LKH
ERL,PMO
NGK,NRN
MCE,MDE
SFA,SPI
JAI,TGK
DSA,GBB
KOI,MHK
JIU,PIE
AAX,ABT
IRC,MAA
LNE,PRN
GDT,RHD
GEA,PNR
HRG,RCM
HAU,HEL
AAY,RUS
LWB,WNR
ACC,DIN
NYA,VDS
BUR,HON
KDV,ROK
LLF,NGQ
EPR,JDZ
BIO,EVV
GAN,SVO
KLX,PLM
PWQ,SAF
AAE,TLJ
CEI,IND
LUZ,WUZ
KAZ,SHM
HRG,URS
GAF,LUG
MYT,UBA
LGG,SJJ
LFM,OSL
BPT,CLL
ISA,SMX
KXU,OXB
ALH,GRK
DCN,PBL
MSW,NAT
MCK,STW
COS,PWQ
NYT,RCY
BKG,PBH
ASF,MGM
BGG,OTD
CME,EXI
CXH,PMR
MKE,XGR
EEK,FEZ
ABQ,KHZ
GMA,JUH
OGX,SAN
DRO,EBU
BFD,RSU
AKY,IFN
HAS,VNX
LRM,MOD
DWD,UCT
IJK,ROT
CIP,NGQ
DEA,PNA
BYC,YIW
LIR,YXL
CIX,HYN
LNB,MQJ
MUE,TUA
MSP,STI
CKZ,RGL
LBC,PKB
JGS,KUH
ETZ,MSR
LWN,SWF
ASV,MOZ
AEX,YFB
ACK,EOH
HLH,TGI
RUT,WUX
HID,KRS
JSU,UNK
FBM,TAL
BRU,MIS
HKN,NRN
ILR,RCE
DIU,VPY
CAL,GET
HOV,THE
AGR,DBA
AYP,DAL
FKQ,GCC
LGW,MOQ
LRT,MPH
LDS,PKR
RAI,UVE
AUA,VAN
DPO,LIH
BKW,MFE
PSA,UAQ
ASP,KDM
NYT,SVX
CTC,RUS
CRL,KRL
PPV,VDB
BOB,SOQ
ANG,HOB
IPA,PKB
BNS,GAM
GDN,VLY
PHC,VDS
CLM,MKW
SLK,YOW
JOE,XEQ
VCT,YNB
KMQ,YIF
BTH,ZQZ
MDG,OKJ
HGR,TUB
ART,IIL
BUZ,OSL
DAC,MZL
BHO,TEB
OSD,YRB
COD,ZGU
DGA,DOK
MAG,ZIH
BRA,IAG
MDC,MYW
BNC,YUS
OST,ZLO
SVQ,UTP
BZL,YFH
AQP,DYG
ODS,SLH
DPO,TLE
BET,BJI
NUE,YCG
CAC,YPN
BSO,STS
GSP,MCM
PTY,WWP
HOB,TKE
KPN,LOP
DIJ,MLI
APL,NTL
TMM,XNA
AUQ,FTE
RKD,RMP
HSN,IXM
MRZ,TGM
AKN,LCR
FUN,RTA
BHV,PIK
RDC,UII
ABT,DCA
BHH,LFT
ISN,JQE
PZI,YQM
LXA,OZH
ELD,LOD
NLA,TMT
HUN,STR
MYQ,TUU
PBG,RAK
DRG,LGB
ABZ,ZYL
GNM,SIP
SOQ,TVC
TPS,YUD
MKG,ZAT
CKB,TWU
KOS,QUO
RUH,TUF
MHG,NAG
AAE,YWB
GCM,KUT
PPQ,WAT
KOJ,OME
OMO,SCW
EKO,RNS
CYX,YVQ
CJC,YAK
IUE,ZIG
GBB,SSH
AXM,NAS
KRR,VCP
ADZ,UGC
RNA,TSV
DPL,GOT
AGN,BHY
DOM,FEG
CRM,MDW
MLL,YNJ
REP,TXN
GLV,LJA
MAH,OME
HND,SDD
KCQ,PVE
BRL,DQA
AOR,MKE
CTM,VST
NGE,PAH
ITH,JGA
MTE,PPG
HON,ROT
BHK,CAL
CYZ,JSI
NIB,PLS
BLR,DYR
LDB,YNP
SKZ,TGZ
LYA,MOU
TBG,WGA
BGG,EEK
LBL,TUN
SOG,WBB
NUI,SKB
CIJ,TPQ
KCC,RNA
ATZ,DIR
HAA,RHO
SFA,VST
EAU,HZH
TRU,ULV
BIK,PBG
HDM,SRK
RIW,YKM
MQN,YBP
LYS,TKE
MTY,PLU
BTH,PDS
BXB,SDL
XSB,YBR
CMB,CPH
AUK,REN
BFI,BHV
AEY,KGD
KKA,SBA
BJF,PIA
CNM,YKT
REL,VAK
ANU,YOP
BUQ,SPI
MCP,TJM
DNH,WVB
HAN,XIL
AXD,LCR
DIL,ESB
KLL,SAB
AKY,RDM
AGH,UGB
CXH,MZH
BRN,HTA
MQF,OAL
KOJ,PKA
IMP,MGH
BIO,ODS
SJL,YRL
PCL,TAS
BPX,CJB
MRD,TLL
DUJ,KUH
AOS,VUS
AGA,JNS
AUK,EPR
FAI,SYM
GGT,JSY
CZX,KCG
MKW,TMC
IXE,ZAH
GTE,TUU
ATH,CLV
LFW,ZTB
KSU,NBE
GUA,MTT
GFK,OAL
AHN,TER
AXT,KLO
CCM,NLK
KAW,USU
LUZ,MPM
PEU,YAT
NUL,PNR
PUG,WSZ
BSC,PUG
DLY,VAO
LIR,OIA
CAP,CYS
IXZ,VVO
KUZ,PKZ
NDU,WEF
KCC,VIS
HNL,ULB
MKM,SHP
JSR,NRL
NLG,TRK
LGP,LWO
KWE,NVT
CBH,VAK
BUS,PJG
MQF,WRL
SLC,WKJ
PEK,TTN
PGX,STS
KWI,ORZ
BZG,GEL
KEP,NOZ
CRP,XCR
MEE,RKA
CFU,KGD
HVG,SKB
ACE,BOS
KEW,NRA
GOT,NUS
OBU,ORZ
RNN,USU
JPR,MCN
GMP,PEE
MGS,XBE
AJF,TOU
PXM,TRU
HTS,MGH
ARU,PMC
RFD,SLZ
BTI,DOK
DRK,KRR
LGL,SYO
BTU,EGM
FJR,TOB
EUN,YMM
HRI,IND
AXP,OST
QBC,RSU
ATA,PNH
LIL,LZC
OOL,PBZ
JHB,KOC
HGH,KLL
BXR,YBC
MSU,WSZ
CLM,IFJ
TEE,YHI
PQC,YQU
BGI,LLF
FKS,PDL
BIO,LGK
GOU,IPA
LRR,TGG
GOA,TJU
SKK,TAI
ACI,PUU
PAC,UVE
DYG,YYF
PUQ,SAL
KYP,ZFM
EBA,VPY
CJL,OND
BKQ,SKN
BNI,IGA
DLI,DYG
JLR,TVU
AET,HKB
MFR,MUX
CJC,IXA
CIZ,HGN
CAC,YTL
BEJ,ODO
PIB,RMP
EYK,KGL
CHS,KHN
MLU,MPH
EWB,HDN
ASR,PUW
TZA,VCA
CAY,ROO
MJV,RMF
JSI,PAG
EWN,HKD
ANV,KWJ
TLH,YXJ
MGZ,YBX
LGL,NDU
OST,UNN
KKA,MOZ
BTU,SUF
NJF,ROV
CMB,KEF
SBN,YFA
NAS,VPS
FSZ,RNS
DPO,GRK
AJR,WSX
HLH,MHG
PIA,ZMT
CTU,TSJ
LGQ,TOY
TBU,WRG
RIA,TET
ANR,YNZ
LOK,YAK
EBL,TSF
JIQ,OGM
RES,TAS
NRA,PZU
KHN,SHM
LEA,PBI
LUN,VGA
BHK,LYH
SBA,VPY
ISB,SXP
OCC,TUG
PKY,TEQ
BOC,VPS
ECN,MGF
TCZ,TOG
OGD,STZ
KTG,PWM
BVA,YUT
HYA,ZQN
PBL,VLI
TGH,ZOS
AOE,TPS
PKB,ZEL
PMZ,TUB
CUC,MOZ
BHE,USU
CDG,KME
GCM,PMY
PIU,YAA
TUF,YTQ
TUK,ZCL
CIC,KOC
HLN,KVK
ONG,SHE
ONG,YZP
ARH,LNV
COD,YGT
CNJ,EDR
EXI,TOG
KGF,KTL
PEM,PNK
BOB,KLR
IQN,XFW
MYR,NMA
MKG,PGA
FOE,SHB
BFL,DAV
BNK,GLO
JHW,KRK
DJJ,PPG
KIX,ROA
LUW,PEI
CGA,CNF
BXU,DWD
OUA,TRO
DQA,PKY
LYG,VLN
HRK,PKU
KCQ,SXF
HIN,HUY
ESC,TMT
XRY,ZBL
DAL,KRN
LGQ,SGO
KAJ,OLC
GAN,YQM
BVV,SLY
CVG,YKQ
HBX,TIZ
WUH,YES
CSG,GEL
GMA,KSD
SAW,ZDY
BEG,HNS
NSQ,SNV
HGN,NOB
LGQ,YCB
ALA,MUX
GRJ,IKI
IOM,LRD
MEL,PAG
JHS,TUB
AMQ,SLH
RKD,ROB
JIB,NGB
BPX,DIG
HOR,JBR
CIU,MRE
CIK,TKG
TRF,UDR
LTI,SLW
BOO,RBR
MEG,PNA
MEC,PUQ
MMJ,YYY
BKG,VOG
HAS,VIJ
CWL,KSO
MRD,YCD
KHH,ZUM
AVL,CRA
ASV,CPV
CIZ,VAA
OSL,RUT
GRZ,KNX
YCL,YXE
BOC,TUP
CUK,SDN
ALH,MAB
PER,TBS
EGM,POA
LXS,ZAD
FEZ,VAR
BAL,EPR
ABX,DEN
JAX,LKO
MSN,TAC
YIK,ZNZ
CGK,MXZ
ATT,OSD
KOS,LUH
ANF,KIX
PRH,SKB
DIW,PAP
KVA,SDG
BHY,GEG
PSE,RUN
BRR,CPR
OMS,YPW
BRS,BVA
BKG,GTE
SJE,SLQ
DOL,GBE
BJZ,KIX
KQA,NSQ
FLR,OSM
MKL,NBC
GUR,GZT
AXD,MGM
NSQ,SXI
COO,SIC
AJU,EGM
PWQ,YFB
MFM,SLI
MSZ,TUG
SAH,TIP
BMA,KKA
BDQ,SSA
BVE,NAO
MIM,WGP
LLI,LYI
DRS,MUE
KTW,PQQ
SLI,TPP
LPS,QUV
HJJ,MMJ
CJS,OVS
GOP,PZO
CAY,PPK
NVK,YAT
EVV,ZYL
GBE,MII
DTM,HHN
TUL,WBB
CXI,KGP
KOP,TGH
FAV,ZAL
KYU,PPG
MYJ,TVF
IPH,ULK
NYK,RAB
EAE,JGS
HYA,KSD
IAN,RIY
PCL,PRA
GNY,SKE
MYU,SML
GIG,YGR
ABV,AYP
EDA,MUR
MGS,MQM
TTU,UTN
FNI,SDP
CWA,YXS
KTN,MAM
HJJ,MCK
BAL,VGO
CND,SLN
JTC,MBJ
BOH,IPI
ADQ,GKK
BLD,OKA
LKO,MRZ
PKU,SSY
PEW,SXR
BSG,RMQ
CME,KSE
MRX,VNO
BKQ,EDI
KHZ,TOH
KTS,LWN
NGK,YGP
KID,SSR
LUV,PUS
BFS,HTN
EKO,SGU
IGM,PEC
CND,PBM
HID,MCK
AGP,BIL
CGR,MOI
TAC,USU
CAB,PZU
ALW,FUK
KEW,KUV
BOB,UAH
EWN,FAR
KAA,WJR
PSE,SLI
GEA,WMO
GUA,KIR
CKY,ZBL
EZS,KSD
TEB,TZL
DLH,HUX
PMO,UIP
KIT,VGZ
RUR,TSE
TGM,YYT
MEL,SHG
DRG,PKE
HNL,LNS
BSS,NGQ
NAP,NNM
SDE,YUT
FLS,HGH
DBA,FMN
BUN,YAT
ALB,PLZ
DRK,JHG
AYP,JTR
TMJ,YGJ
URS,ZGS
KGT,VLL
REP,TRD
ALF,EWB
BNE,BYO
KGA,VLD
IQN,YQY
CMU,UDJ
MKL,YQC
CUF,XEQ
MVP,SYM
GGT,KIV
ABZ,DDG
LCE,SMK
BLJ,UKA
BTU,DTM
SBW,VUP
CZJ,MLU
AHU,CEM
TRV,ZFN
LKN,MCI
FRE,STV
RGK,YCG
EDR,TKG
POG,TRV
ADU,RIY
MAJ,YNY
CMI,UAP
RKA,STD
LMN,RAJ
FLR,NNG
BEY,GYS
RKA,TKD
SJK,YNP
KOZ,NDB
CXJ,SGO
KPO,RFD
CUL,FNT
LHR,NSQ
BDU,YFO
KMI,TUP
LBU,YYE
DOU,OIA
BMI,LRR
JGN,LFT
UKS,ZHY
GAE,YKQ
LPA,TNR
NLA,RUS
HNH,KKE
RYK,UUA
ACA,AUC
PKY,YGZ
CTA,HET
LBF,VVI
ASV,PHL
AKU,KEM
GRX,QUO
DIK,ODN
KCK,PNK
AEX,ROO
LKO,UCT
DYG,UFA
PSR,PTJ
GFN,HAQ
LYA,SMF
NOJ,RSW
FUG,MYA
LBP,YEG
BHU,PIR
BSB,DHB
AKF,JEG
AOE,SGD
ULZ,WMR
KMS,YHI
HPB,RDD
HDS,IRK
CAN,SNW
GRP,HFT
SUJ,UTP
BJM,TKD
MJD,PSG
ABB,AYP
ADA,RVE
RTW,SHC
ADU,LBA
FRE,VDS
HMA,PNK
FLR,HIA
JUB,NNM
KUZ,RKS
GDQ,RBY
LMC,SSB
AXU,COU
AIT,KOZ
IXL,SVS
AHN,BFL
KZN,LPD
IPH,SKG
JTR,PEW
PSJ,RJK
MQX,YYQ
ADD,QFN
LTI,PQM
IFN,SZA
FNA,YKF
BCD,PIT
LRT,WNA
BUA,PRC
AKL,MXP
ABT,CKB
ADD,HEK
ABJ,JDO
BJM,TKS
BEN,TLM
HOF,VGZ
LIR,YNJ
ALS,BLR
HAM,HOI
NRA,PZO
LBB,VLN
BJA,KUS
CUU,NLG
JDO,LLU
NYA,QUO
CAL,LPA
OZZ,TNJ
IDA,OTH
ICN,ZOS
BHM,KSH
MXP,ODO
PKU,RGL
BKK,TCB
AWD,YHZ
ILI,TJA
ADD,CPE
BFJ,PNA
LIL,TMW
KCZ,NTX
BNS,RST
AXT,PQC
CZM,XMH
ATZ,FLO
MOL,MYR
BJF,CEN
AOG,KMS
BRC,ELP
SHL,WSZ
KNX,MGZ
AXU,BFL
HUI,KSC
LIF,SOF
CLD,SLU
SGO,UFA
KUD,PDG
BHK,YZR
MCM,YFS
KCA,RVT
BOJ,YYD
PVG,TYS
AAN,BZE
BTS,SGD
EOH,SFG
GAJ,UAQ
EUN,ZSE
KCM,LKH
CZU,UYL
RAJ,STZ
CCJ,LCE
TLV,YWL
DAL,KIS
MHQ,VAW
AUY,AZI
ALB,YKM
CWL,LJA
DYU,IOA
APL,IQN
BKK,MKE
MOQ,RUH
NLD,YWL
MWX,YYZ
KWI,ZTB
BXU,LBJ
IPN,ZAD
GUC,URS
JJA,STX
NER,OUL
AAY,GRB
BUS,KGD
BTI,EDA
PJG,TIZ
CLD,CTG
BND,OPS
NER,PZO
GYE,SDE
CCV,KUV
BXR,MSL
DZN,GLK
BNY,LNZ
BLV,CBS
LPP,YNT
AUK,PSA
CFK,LOS
JOL,VUP
DEN,MZL
FMA,KHY
CAN,RHD
DDC,OLA
BND,YKT
CMN,XCR
KRR,ZBL
EUN,OBY
ROI,VCA
CYS,GPS
ATD,BCN
MLY,TNR
PUY,TMW
ARN,MQN
TKP,UKS
KUN,LCR
ATQ,SPS
SHV,VVC
AQI,TAY
CFC,IUI
DCN,DIN
NNT,TAO
AXM,NOJ
ABL,ARI
ESM,TNN
EZS,MPM
JSY,SVB
MHK,SWJ
RVK,YCL
DFW,TOG
ASR,LMA
JJA,SFG
CNF,NST
KIJ,YDQ
FNC,WVB
FRO,UEO
LAM,MEA
ARN,XKH
ANG,HOI
BTV,HID
LGL,YYE
BNS,DIN
CLL,OGG
LDU,PLQ
GMZ,LBP
DQA,MBE
TEB,VAS
AMM,MJD
CDR,XFW
CTS,PDP
FSP,LLW
IXL,KER
BHX,TNK
URY,XKS
RFD,TMI
OMS,YZF
ASB,NOC
UDI,XTG
LPM,TNC
MCN,OWB
FKQ,OMH
HAV,MZT
HPN,MAD
VRC,YOG
MEX,TGG
JAN,LUW
MPL,RAO
JGN,ROK
IIL,YCD
BVC,PBD
KIS,VCA
CZH,PAT
YUM,YUS
BRA,KZN
KCQ,YVR
DCY,IBZ
BDJ,DHB
AAE,EMK
BUW,JAC
BOD,HRB
PBI,ROT
IBA,PUY
DZN,XCH
PEG,YKT
OST,VCL
BUR,SZG
KYA,SNV
EJA,YZS
IGU,OTZ
BUL,RCE
MII,TNJ
EDI,ZUH
DPS,KYU
BKI,ROW
AUU,CXR
MEH,VGZ
BKG,BZV
ISA,YXT
KUT,PGK
ELH,YNS
CSK,VXO
BUF,GJT
LYH,YUD
GAL,PBI
CAW,KOS
PZI,SRA
KUO,LJA
PEW,UGB
OVS,TAK
IGG,LUH
BEJ,TWU
HRG,PTU
GCC,HFE
INH,YPH
BLZ,MCT
KBV,PEU
IST,MVR
MUB,RTW
AWD,SVZ
DTM,GTE
JUZ,KDU
SWA,ZEL
SAL,TTE
LTO,SGG
FDF,SVJ
ETH,TUK
KNH,VIJ
SUX,XIY
EDR,MGW
JOG,MTT
FCO,MZH
BDS,PXU
ITO,KIH
JBR,TTN
LDS,WRE
HYG,TDX
ANS,SYQ
KPR,RZR
SPP,WRY
MDU,XNA
ELS,YRT
AMD,LLU
ALB,BHB
LUN,YOG
GCK,MMU
ASB,CGQ
DIR,PBG
GEA,JMK
ATQ,AVA
SRZ,TLT
YOJ,YWK
AZO,DIN
MJU,NAJ
AOI,IFN
BJM,ZLO
GLT,ULH
SHL,TSV
BOH,SSG
EBA,RJH
BRR,CNY
DWC,YMN
HOF,NJC
AKY,IXD
RRG,SEN
MQM,SDK
IWK,MYD
NAJ,YQX
TLS,YEK
MRX,MTJ
ABL,SJZ
LNE,VDZ
BCI,BKO
KMS,MLX
TRD,TWU
JUH,SKU
JJU,MOL
YGX,YOW
LXA,YTE
YCY,YHO
WGA,YZT
HSN,SPB
CCU,CNM
ELD,KTN
FBM,OTP
CME,ILD
PIU,SGG
BSK,SVS
AXA,LBD
CZE,MMB
FBS,KBU
PLU,RVV
AGU,ZBF
CAN,OSD
MFU,MYW
ADU,GRV
DAC,HRL
GJT,OMS
CZM,EWN
BHK,SJJ
HUX,SHL
VIL,YYY
NIM,YBP
PQM,SQS
VDC,XQP
KYZ,SKB
BCV,SFJ
JPR,TID
BGR,MRU
FPO,NAH
BPL,ZEM
LYG,TKU
CXR,YNJ
KMS,LLA
EAM,GAM
JGN,RUR
DIG,NQN
YRT,ZQW
NME,PTH
ATM,VGO
GOM,HIJ
LUD,RGI
MSY,ROK
TTE,VOL
RFP,SHH
NAO,TBU
STC,TGK
GKK,YUS
HAC,HYG
CEZ,DIN
CCS,NDR
IAR,PNP
KHI,LIL
AGU,ATM
LWS,YIE
BDL,PEZ
ERS,KRT
ABE,BDS
CRM,JQA
CHX,HIJ
DAU,WMN
ALH,SXF
AUX,EIS
LYG,UIO
SOY,YVB
LXG,NOU
CBT,YQU
GIZ,RJL
CSH,ISU
RAS,YVB
PSP,TCT
VIL,ZAH
CDV,KIX
BPT,ITH
INC,RCM
ASB,SVC
BFL,MUC
RLK,TAK
LEB,MGA
TIU,WRO
HPN,TGM
ADE,UDJ
REX,VLS
KSO,MLU
JIU,VQS
IRC,KAT
PMC,TUS
WNH,YER
CUN,OVS
KET,RBA
AUY,LNV
MDQ,YYF
GEL,RNA
BNE,ILP
UFA,WAW
CFS,GRP
BEU,SAL
CNF,SGD
FUT,PRC
BIO,SHP
BTM,RHO
IXM,KKI
PVU,VVO
DBV,MCI
DBV,SJO
BHJ,SSG
LXA,ULB
OBY,PDV
RAB,TIF
DIL,TKJ
BSD,TPS
BGI,EMA
KUV,SSJ
PBM,SXR
DAR,JUH
AUK,ORY
CPC,MLW
GFK,MHK
CNY,YEK
KUA,SJP
FUT,WLH
IOS,YPJ
CUC,TGC
BLI,MCT
ATM,YQT
FSM,YNS
CNM,PHF
CJC,GAU
JDZ,JGS
BZR,KMJ
USN,WAG
HPB,JKG
PVE,XKH
BLR,LXA
CED,TIR
LLB,TBN
DOM,NBS
LNJ,LOD
AXP,SDR
OVS,PLN
IST,TNJ
NTQ,TRE
BSA,OOK
KWT,YVQ
ORI,YIN
BQL,SZA
EGS,LUO
BVB,HYD
AUK,NLG
SIN,YVM
JST,USU
MWF,OSS
BYO,MRA
KAA,YIN
GPI,ROC
GOP,KRN
MLY,PNL
CRM,TRO
CXR,SOY
GOT,UGC
KXU,YYB
EVE,GRU
RKA,YBC
HBE,UDJ
QUB,RDD
PEI,RCH
YFB,YZF
BDQ,LZH
FLW,NQY
SGN,TSJ
BLL,KKJ
ABZ,BAQ
BCI,NVK
JGD,LBE
ABY,MSZ
IGG,SWF
KKR,RSW
WSN,XFW
BTM,WWK
HOD,OSY
LCR,VCA
GVA,MHQ
BIQ,LWY
RAS,YGW
KHY,RNO
TLE,TRK
IUI,ULV
ADQ,SDF
CMA,JIU
AXD,OAK
CMH,TLT
FAV,SMR
AAE,WRL
DIG,XSC
BJA,ZHA
KAZ,TUA
BQK,TZA
VXC,YER
DLG,TEQ
OVD,PSM
DNK,HRK
HTA,TVY
FUN,IPC
LKB,YYZ
PEK,PFQ
AYT,CDJ
CMG,JTC
SDF,ULZ
LNV,ZOS
MGT,VCA
WYA,YXJ
NGS,UIP
KHQ,SAV
DMD,TMU
CTG,HUI
YAG,YQC
BFJ,BWK
KTL,VNO
BWT,CUK
LDH,LRT
DSN,HRE
LSI,RKD
LCR,TUA
EFL,SIC
MUB,YPO
IGA,LPS
ISC,SBN
GYN,NBS
EGC,TAI
TIU,YES
DUS,ZNZ
MKG,YQC
PLX,YPW
EDA,EDI
ABR,BPL
CEM,VAI
BKC,TMR
DPS,LSC
SSY,TWU
HAU,URA
IBA,IRA
CNY,MLM
DIN,OLA
KWT,VIL
JMU,NBE
ACT,KCZ
ENA,TMI
ATQ,GRB
SJJ,SML
IXC,SAF
JAN,LYH
NVT,TJU
GWT,MKK
GUW,SUX
RRS,SXX
ABQ,PES
PRC,SRK
LBS,LXR
ACY,CHG
PKB,YER
ADZ,HSV
HVG,ZLT
MOQ,SDK
FOR,YYC
PNA,UNN
PRA,UUA
BME,WBB
MHC,PDA
LBA,SDR
CGD,USM
VTZ,YYR
PIR,WMO
MDC,TGR
GFF,NBC
DND,ZMT
CCV,ISP
KWN,LIF
CTS,TWB
GAE,MUC
DLC,PVK
ALS,BVH
KOT,PBJ
BJX,KIS
IOS,XIL
BSS,KWI
ASW,KHD
EAS,XFW
VRN,WWP
MSR,ZSE
DCM,YGV
ACK,ULN
ATH,PZH
MLY,TMS
IKA,JST
AYT,OKC
PIZ,UIO
ARI,LXS
OGZ,UUS
ELV,KME
TRG,XRY
KPO,TGK
CGI,ERN
ERL,OME
GET,GIG
BTM,XTG
ULB,YQR
DRO,YQL
FNT,SDQ
KBV,TLH
BRQ,BVV
RUS,TJQ
BSS,TCZ
BRU,SNV
IUE,YGP
AOK,SMA
AXK,STW
PBM,SRK
SRV,UME
AMA,JGS
TBP,TTJ
BGR,SVB
AKY,HRG
KUA,SLH
HMA,SDU
JTR,REG
SAH,TLJ
HLZ,RIG
BVC,JTY
JCB,SLC
VOZ,WMR
IGR,MEM
SAX,WJR
CZE,OAL
PKY,VVC
PPK,RYG
BRR,NLK
BNE,KAD
BWI,SDV
CNX,YVR
PZB,UVE
KRF,ZSA
ITB,ZGU
UIB,YIH
LIS,MUW
LET,SLM
KAA,ORH
DAB,YIK
IXG,KAE
AOS,GNU
DIE,ROB
JGD,PGD
MUX,NNB
UAS,YXN
IXA,YRL
ADF,YXS
DLG,THL
BGY,SLA
DEB,TTQ
LNZ,NPE
ALH,PBC
BDU,IRZ
HIN,MIM
DRK,HLZ
DIE,DOB
CDJ,LUM
GEV,MED
ROP,SFB
BKO,NDG
NNM,STM
SNO,YSM
KME,YVQ
COU,PSA
RST,SPD
AUS,YHZ
KGQ,STM
OMO,RNN
KSM,PIK
ASW,TUG
CJU,CPH
PVA,RFD
HYN,KLU
FSM,TIU
BRE,MXL
CLE,MRY
TSV,WWP
OIM,YYC
AGS,KUK
LAM,RPR
RVN,SXK
IAH,LSI
LMN,YNG
QSF,VEL
IMT,SFN
LIG,YIH
BUA,DNR
DNZ,KVC
EYP,NOC
AJF,VKO
KLG,SFA
AUQ,BVV
EUG,HEH
KLO,YCG
ANC,HUH
SYR,YKQ
MFM,OGL
BIR,DND
IAO,KUS
IND,SFT
DSA,XIL
BZE,TEE
LLU,SHR
AER,LHR
BKI,KUK
OZZ,UYN
HDG,PJG
DEL,IJK
FPO,KCQ
PLO,TSH
PVC,TCR
CPX,GET
EQS,NAG
NER,TKD
IPL,LYG
CCF,OOL
EBJ,TAG
IQN,YYG
GAM,KSY
AAT,ROT
ERF,FEZ
UDJ,YRA
DAY,MZG
BTV,UST
MLG,TGP
OKA,YES
YNB,YTL
HOT,MIG
SJJ,TBN
BZR,MEH
BAY,HAQ
JHB,KOA
CGB,YGK
AXD,YLC
FEZ,KYU
HSV,UEO
FUN,KCZ
HAM,MYD
BLD,SOQ
BDP,PLX
ABI,FYU
EXT,TGZ
ALW,TAK
MQX,NTE
NAT,SKK
IXU,PDV
APN,CMG
NOP,TSJ
ACR,LGB
GZT,TUK
JKR,MEX
CMB,MOZ
ARM,ZLO
HVN,LBJ
HAQ,HPN
MTR,QFN
ELG,GYS
FUK,SLP
LGP,LMA
MYA,USN
LMN,MRX
HPH,PHC
MOT,PVA
CBB,YVP
KLW,UUS
KYK,YWJ
NTX,RIC
CIC,DUT
OMA,UDR
OLP,TGI
HRK,JNG
DED,VHC
GRB,SOJ
CPO,SJD
POI,YQG
GLO,PHB
BHM,EGM
AYP,IKS
BAV,KRO
BGR,LRH
AVA,NRT
KRF,YGT
HUI,NIQ
LTO,MMK
MBE,YXH
CKB,LRT
LRT,TJA
BHM,OSS
DPO,HGA
BGY,BSR
POR,YSB
LJG,MEH
CGA,TCR
LKN,ZBR
GRI,ULO
ART,GRK
ANC,ZNE
MOL,PHW
ORX,RRS
BSK,VAO
AKN,BVI
COR,WTL
LNY,XSB
MCY,RYK
BSO,NDU
MOV,TRC
CCK,YXU
GRK,VQS
HFT,ROB
JOG,KWK
ROO,RUA
FUN,LIM
EGN,YNT
BZR,KEM
LBU,PVD
SID,TGO
BVV,YAC
XSC,ZDY
BXU,TNN
FKQ,JCK
FUK,JPA
LIG,PEM
HNL,IDA
MYA,RET
HIB,YWL
IGU,YQF
LCG,LMT
MKQ,TZX
KIN,PNK
AMD,FUN
EBH,KCM
ANC,KSU
AYP,LNY
COR,PIH
GOV,KZN
GDE,MSJ
KRN,NOZ
SJK,VCT
BLL,OPO
CGK,GDV
DUT,NAW
ILM,PFO
MQT,QFX
FCA,YAT
LEJ,WJU
GNU,TNK
MEU,OHH
PND,TKJ
GNV,NCL
MSU,YRL
AOO,GZP
CEG,PLZ
MBT,SYQ
BOC,LRH
CPE,YLW
SDK,WUZ
COS,POG
MIS,VPY
KME,OMO
DND,UBJ
BHD,HLA
ORN,TAB
AEB,BUN
BYC,SKZ
PEM,SFB
REN,SHC
HHH,TBN
CIZ,SXI
GRB,PNK
KTN,LDH
ELL,LGW
RKS,YES
QFG,VPS
BKS,KCO
HAD,KSQ
DIG,SGO
CUL,PES
AUU,BKM
IVC,KIN
TKU,VLI
RJA,SAP
AUU,BTC
KHQ,YNZ
DIU,HRB
SGF,SLZ
MEX,TUL
NRT,PUM
BDJ,BMV
CHC,INV
DEF,IPH
BLE,USM
AJR,SKZ
AGB,BGA
COQ,LGG
LRM,SCK
IMP,IRA
GCK,LZO
CKG,JIM
CPX,HLA
BZR,LAO
FOC,KFP
MJM,SYD
NLA,YRL
CSX,YXL
EBJ,GDQ
LBU,RKV
MGS,OAX
GMO,ZNZ
MHH,YYF
DOB,YMN
CDG,SNP
CDB,USK
CVU,EUX
ACH,JTC
IOM,NNM
BON,YFJ
MAN,RVK
AXK,SJW
RVV,TUU
GAJ,MVT
HUU,PMC
EYW,SUB
AKX,HAD
GPA,LAS
DUT,VLC
CBQ,NIQ
BSB,MOQ
CUL,HIR
BYO,RVT
SJE,TRR
CDC,TBB
PSR,TGK
FRU,TFN
PKZ,TKS
KSC,SID
PUM,TAC
DJG,MDL
IKT,YCB
LRM,SOG
VCS,YYU
URT,YXX
IXZ,LSI
JSY,NOB
GIB,YKT
IJK,RTM
DHB,LPP
ILM,PIZ
USN,WLS
DGO,KKB
PNR,UTS
AXA,THE
CNM,LCK
BHK,VHC
BKC,MGF
HEK,OAJ
AOJ,DEC
ADB,KGS
AJU,DMK
CGY,USN
PWM,THE
ONJ,YHO
FEG,VDH
BAL,GCN
YCB,ZKE
QOQ,SLP
JXA,VLI
JUU,STC
EZE,RAO
SHB,SRK
CPV,LFM
BTR,HTA
ITM,PDP
DGO,MRX
GJT,MXH
IXL,LED
BZO,KIJ
BGM,KKJ
LXR,TMP
IOA,PHE
OAL,VAR
OSS,SMF
BBO,LED
MMJ,NLD
KSC,PWQ
PHS,WMX
SDN,SXI
BEJ,HUN
BVB,YBL
MGM,PNH
AUH,SNN
AQI,EBL
LJU,LMM
KZI,WWT
DYR,YIO
BHB,VLC
LEX,PKZ
JST,VKO
KSQ,UAS
NOJ,VDS
NTL,YGL
PAT,RSW
MAZ,OSM
BNS,TAK
BFI,DWC
LEA,RNN
BPT,TBT
MIG,TIF
KHH,RNB
KKE,MSR
PMF,SVA
MBT,RUS
AEY,ELC
LAU,SHV
SKD,SNW
MAN,MVD
ETZ,MOZ
ISN,MHD
KLU,MTE
BUL,RBA
CGH,IXS
GOA,LCX
REG,VDS
LNS,TAK
AUX,PUW
CRP,TUU
BTS,TKJ
FTA,YPM
GIZ,TSJ
MZT,ZCL
KBV,PYJ
CBB,OMH
EGO,TRV
DMM,XFN
MGF,YUY
IAM,RAS
ASJ,IAA
BTV,RBA
TCZ,VLS
HVR,KJA
APL,HYN
TLS,UNG
HOU,WNN
TAE,TWB
KGX,PBM
BUA,URJ
HOR,WAG
MMU,YWK
MUE,PLU
HMI,RMQ
OZC,YFC
KOC,ZRJ
MAJ,YBL
SFG,TSR
GXH,TDD
KDV,SJW
HOI,ICT
KIJ,TUN
AZA,GYS
VVI,YRL
KWN,MNT
AUU,POL
NAN,ZAZ
KOP,LYH
WLG,YAM
BSR,TMP
CMU,TNK
PBZ,YTE
BPL,TKG
BHO,RGL
AZO,BSG
AYQ,NBE
GOU,VAR
KGL,RMQ
BPL,KDU
INH,PDA
HYG,LBV
CJB,TBP
CWA,NAS
ERS,TAP
CBB,LEN
CIT,KPV
KID,LGL
DMD,SBW
ADZ,STD
BFD,SZA
BME,TKG
DKR,TIR
PBZ,PSA
FYU,UTT
PHF,YUT
CIZ,XIC
GOP,TTE
RIB,TMS
CEN,RUA
IAN,KUO
BNB,YTE
BDH,SRX
ATA,LMA
BRQ,VAI
IRJ,KUO
CIY,EXT
AAX,ROV
KDV,PUJ
XFN,YOW
HGR,OAL
LIS,SLU
ASJ,MDE
DBO,GDQ
AGP,SBY
KUD,THS
CYX,PDX
AMA,YMN
ANI,FEN
ELH,PUW
AXR,KWI
ATA,IEV
NYT,TDX
ACY,TQI
JOI,YVP
EAM,VIN
DAC,PND
PHX,VCS
ATC,NRL
EVE,LKE
NPL,SRG
BOD,DIU
PLX,REG
EAU,TMR
CAH,DHM
HDN,TSR
JSU,LEN
LWB,YXS
FRE,GMZ
AVN,BAL
DZA,PLN
KSQ,SRA
ENA,PBH
LUM,VDB
MFR,UEO
BVC,MSP
BDL,DRW
IRZ,PGX
CCF,GUR
CMB,WEI
AAX,MOT
BLR,NVT
CAW,MRY
KCG,RUT
CUF,SPD
LEH,YLE
OMR,TBG
NUX,NVA
AXU,PYJ
EVN,UYL
GFN,SPR
BJX,SZI
SXM,YVQ
KHI,TBW
KOW,YSO
CJJ,OVB
UST,VCT
BET,BHJ
CIC,KVA
KAZ,RUR
PGA,PLU
OIT,TNG
HAV,SLC
CLT,DLI
DAX,HDF
GVA,LPY
AZR,MCI
MBA,WRY
TXL,UDI
KLO,WMX
FRD,LNS
KTN,THL
ADL,SQS
WTL,YVR
DLY,JNX
BRN,TTQ
ENU,NNY
AGN,BWK
KVD,PHS
GHT,SPP
MDU,PXU
BGG,FTU
HAV,RYG
APN,ESM
CYX,PIT
IKI,MOL
KDI,KUK
GTO,OGX
KKC,MIM
AUQ,PHE
BHE,MLG
GFF,NTN
HAS,PJG
DUD,OBO
FNC,ICT
FSM,RAJ
MJF,RVE
AIA,AKY
AQJ,OZZ
ADD,IVL
GPS,TLT
AUH,PLZ
JER,LNS
DUT,SMF
CKS,STR
AYT,YPX
CFE,TRV
UDI,VVI
CMW,DND
AQI,TTA
DBO,GYS
MCO,TME
KUS,UTS
PSC,YHR
GDL,MQF
IUE,KGA
KUU,PHS
ELQ,GYA
CPC,EBB
BTT,MWX
KWA,NOV
RVV,WLS
CDG,CRA
BUA,KMJ
PZB,RGK
XBJ,YXT
CBH,MSZ
PUF,UME
BKS,JNB
BFJ,MAZ
BCD,BDB
KWM,LRS
GMP,LAQ
AZA,EOI
USH,YYT
CJC,PZI
EPR,MKK
BFD,EUX
ABZ,SPU
JSR,MPN
GRR,LAP
BQB,CGB
HRO,JUU
VCS,YQD
LUH,RUN
GIZ,YTE
ASP,SCC
FVM,LTI
CIZ,RBY
ERF,PEW
ALC,BQN
KGF,MTT
APL,YOP
BSD,MEH
DAB,KYA
RBV,SOF
LBE,VVI
CSK,ODY
DAY,TUL
PNP,YNO
ANM,CLE
CGY,NDG
JOL,THR
ESD,WJU
RUS,SCL
BJI,UII
CBH,XFW
HAV,YTZ
PTU,TGK
MRA,MRS
HKB,IBZ
DNR,NNM
ELF,WMI
MAQ,TAK
CIY,YSJ
AFA,LHR
LZC,MPP
PMZ,RHO
ACA,HAK
HOR,MQL
CCP,TAB
VAI,YPW
FRS,TQA
TBG,YXS
LIT,WBM
GWT,WNA
HOE,KLW
AGP,ZBL
AAY,ETZ
CEG,MRX
GUC,SKG
FKB,MCY
SLH,SXF
SLZ,URC
COQ,MEI
BOH,LDH
BME,TTU
NKC,YQF
JUH,RFD
CID,ZRH
PLW,SNE
AKF,HAS
ELL,YIW
AVP,PGA
EBL,UNG
ABD,KGD
PQI,VBV
AYT,IRK
AUG,CIT
EGN,MQH
CGP,ESD
PLQ,TBI
BNI,SDJ
KPV,LWY
MKY,ZPB
ANS,BJX
PDV,YAP
INV,STL
ESU,WAW
KDO,RSD
DIW,GOI
LYG,PAT
DCY,HME
FRS,NWI
LEQ,UNG
ABQ,IXA
AHU,SYD
BCD,BRI
BHR,RMT
ATZ,SYR
EYK,STN
JTR,TKG
NSQ,SDR
AGF,YZT
AGT,BBN
GJT,YXL
ANC,IQT
HKK,IKE
BRC,PSA
DFW,TET
MCK,MEL
SKO,SQS
OAK,RUH
RMP,SLX
EKO,RYG
AMM,PGA
KWT,YKQ
MKP,NNY
ATQ,WLS
GLK,YNS
GLN,PLX
ABR,ATZ
KWA,LCK
KOP,LTN
DNR,MMB
CCK,PMV
EGS,YWB
GLF,OUZ
GTF,OMO
MVR,YXX
FAY,SHV
IOA,RBY
ISB,NRL
HRO,TNJ
GDE,RIC
GDZ,SZB
TBZ,VNX
KSE,KSH
HMO,LAZ
MGQ,PRI
NME,RMP
ABL,JAC
HRG,HVG
TIU,YTE
NSH,VDB
GYS,NUP
BIA,KOK
BHS,YNS
BNS,LDS
AIA,ENE
AOS,KGC
BPX,SPR
BPN,SVP
HJJ,SKN
NNB,OUD
AUY,TCQ
LXR,ZTH
SSR,YAT
LRS,NUX
ARI,MTE
FLR,LEB
BNB,NLT
TET,THS
LUX,MQL
INH,LUH
GRI,HEL
LRE,NPL
VLI,ZAL
CCS,KSY
GAN,PNL
EYW,MAO
CCS,LOP
BRE,TCZ
HYG,TEN
TKK,YBP
KSC,VCE
HAC,ILD
GJA,NMA
DIE,NUP
JGS,VAW
ACC,SVO
BFS,HAA
LBA,WTK
IND,MDE
RCY,SMR
IAH,MSL
JGA,OIA
NAP,TTA
HJR,LRR
DYG,LUR
PIA,UTN
MFE,TAM
CIZ,SXX
KDV,PES
ATH,CLO
BVG,KRF
BDB,WIN
KHN,LLI
LBJ,MYW
ATD,FCA
KSD,PBZ
MLX,QFX
ATA,CEI
FKB,SHV
PTU,RVK
EUN,KEJ
MUC,NDJ
KNX,SRV
HET,HUX
BFS,BOS
GFK,PPG
DIN,PEE
GOH,WWT
WNZ,YYG
BTR,XCH
LAM,NJC
ANV,YAT
SCW,SFB
AZO,BLR
GJA,TGC
ARW,MOB
NGE,YPO
OSW,STM
LAX,YDP
KVC,MEI
OLP,TER
BRR,TIP
MAG,SYY
KVC,SAB
RGS,VRN
BRI,IKO
IKE,KQA
BLI,PFO
HUU,NIM
LRS,WMI
EAS,PDA
JNZ,KAN
KVG,PFO
AYT,MDK
CCJ,INV
BHB,CKX
HAK,LUG
BJR,GRB
BTI,LAZ
CMW,KKI
AKN,BNB
KIH,PUG
BKK,BLI
PEK,VCA
MUB,RCH
CID,IKO
MII,RNS
GRO,LYH
PMI,USK
DIY,YIK
BTM,ROW
GYS,KOO
LJG,ZUM
GPA,GVR
IAD,KXU
TQL,VAO
PXM,SUV
DCN,MMX
ELF,GCH
CPT,MEB
HKB,OUL
EWN,RIA
BLK,BWT
AYT,UKK
IMF,MKW
FUO,INB
JAC,ROR
GMR,MOV
HIA,HNM
BOY,WNZ
WIC,WXN
ESC,WMN
BFN,TUA
SAT,WWP
BRM,FUN
IGR,KZS
JST,PSE
LIN,LPL
HHN,TLA
PBH,PNH
BTR,YBP
CFR,HET
HIA,HPN
LCX,VIG
HDN,VAS
IEV,KHN
BNN,HMB
MPA,OND
KIN,YFJ
CEM,TRO
ANX,HOR
BUR,GOI
MOD,RAO
ACX,OIT
MUA,QJH
MUE,PPP
ANG,SJT
MTY,VLI
AQA,YBR
MCK,PWQ
CSH,TGP
DRW,STW
AZN,BKK
MDU,TUC
MCP,YNO
ARM,CGP
GDX,IGG
PJM,TMT
BNY,SDV
BXB,MLO
FLL,PQQ
KHZ,UNN
KTA,RMT
APL,MWX
IAS,JNX
POA,VLN
LBP,MYU
PVC,TMU
MKE,TXL
CHG,HOE
ELL,SFG
CTU,PER
EKO,PEM
HME,MWZ
LWO,YNT
MJV,ZOS
BUZ,PYJ
BSG,VDS
JOS,NGS
AJL,LCA
ITM,PIT
IAS,TBW
DBA,PIZ
ABJ,LUD
LYA,WDH
BUQ,MQM
KAJ,LGI
MCX,RYK
NBS,TBT
CHC,VNS
LLF,OVS
BUA,THL
IXC,REX
ROV,STV
GRQ,TMI
AZI,UGB
JFK,LOK
IJK,VCA
CLL,ULB
SMS,TMU
GSE,POR
LJG,PNI
AGF,BHJ
KSU,SFN
PFB,SSH
GLK,PBD
HDM,HUY
FAT,POS
ARH,ELI
SVK,XIL
GWT,NNY
DIL,PAF
ADD,MKK
CZU,NTG
GUC,PHL
ASO,NCU
TML,TNJ
JIM,PVA
DPS,PTY
AEB,PVK
ERF,UDI
CNM,YBG
GFN,KLX
KCQ,KPB
YWK,ZBR
OBY,VXO
SKG,UPN
CZJ,UTP
DCN,MPA
ANF,CJB
KNX,VSA
AZN,BFV
LBJ,YQT
DAX,MMO
NUE,YXS
CPV,TID
IPA,YMT
EVE,GPI
BHD,VBY
PSE,TSR
FUK,FWA
ABR,GRZ
BFQ,HOT
FKS,MKE
DEL,PHW
JSH,OBY
ANF,KVX
GCK,PIP
BUS,NUI
BVS,CKB
MRE,TFI
HGU,QOW
BKI,CEZ
PHS,ZNE
GIU,TXL
CLE,YRG
OGD,URS
BEN,XEQ
LAX,MBA
RPR,SOC
BLV,HAV
RAB,YDP
CUQ,GIG
CHO,SOF
NGK,RIA
ANF,IRZ
AWD,ENY
LPA,UNG
INC,PVE
LWY,NAW
CUZ,WUX
KFS,RUH
DUS,NAO
REP,YYD
RSH,UPN
TUI,YIO
TAC,VRN
FKS,OTP
BNX,PAH
KYK,KZO
BMY,HOB
PSG,YPL
ESM,RVD
SFL,TQL
ABX,SUX
ACC,OLP
HOE,LTN
KIT,RKD
PLW,TBT
NTG,RMI
JOG,TRD
MAM,TCQ
KNH,UME
KCQ,PVA
KSU,THD
BEG,BHR
GRX,VUP
POL,YTE
KKI,YBK
NDR,XIY
LRR,TAP
MOF,PLJ
GPA,TOF
CDV,YXH
DAX,NST
DBA,JUV
GYS,JSH
JKH,KRK
FLA,KDM
KIJ,YQQ
REN,TRK
DLG,VCA
LGQ,TRF
HFE,MUC
BWT,KTS
KKN,YYR
PNK,TCR
ILM,SYD
BMI,PEC
MJT,TAL
MZV,ZAL
FAO,KLO
HLD,TEQ
ILY,REU
CLQ,TBN
MLH,OGZ
NRN,SZI
JNB,TKE
MNL,SJO
GBE,HOE
HLD,ROO
ANU,MKW
GAF,KCL
DNZ,YXX
MLM,PUF
PMO,RJL
QOQ,WMO
CNX,WSN
RSW,TGI
CZE,ELQ
LMP,SVS
PVG,TCQ
ACH,GPI
GFF,YUS
KLN,KSH
CXJ,PBC
OLB,SGO
GWD,NZH
CFR,UNK
BDP,LMT
MAU,XTG
CIX,SVR
AGN,CVG
BTM,LIF
CJC,VDE
HOV,KOI
AAQ,BNN
CAH,JKL
FDH,MHG
AAE,BLA
LKE,TOF
GXH,PLU
ROS,YQQ
POJ,PSE
BZL,CIP
CGN,YEG
PNH,YDF
LRE,TRF
HDY,PDS
AMH,RBR
KRF,LYI
IOT,PIB
WIL,YGX
IJK,VHM
GAJ,SLI
NUI,VAA
KOC,VNX
CEG,RSA
BZG,IOA
LLK,VRN
ARC,SRQ
AOO,TCZ
KQA,SDP
BGY,KIM
DHM,OSS
BAV,CZU
AOK,LUV
GTR,KND
LHW,MHC
CYP,OAK
BPN,PPS
IXU,REP
CJU,PVE
GWT,KTN
AJA,BGR
HOI,YAY
DIL,KSJ
JAI,MEM
CRA,KUA
ELS,USK
GCK,YGJ
BND,CRM
LKO,OSY
CEM,CHQ
CNP,DPL
BLE,EUN
ABT,BDA
LAI,TMC
BCN,SMF
IVC,PSC
CUK,VDC
KYU,ZEL
HVN,OUL
BDL,KOO
CGN,LBS
BRM,ULG
ARI,GOA
LEI,MVR
LBL,MZW
JPA,RIW
BKW,CUN
GLF,ZFM
EDL,LAX
BNE,DWC
LBF,YSB
HLD,STD
HAN,TGI
VVC,YBR
TNW,ULH
RCY,YWL
AMM,KKE
FUN,TAG
CIC,YUM
DAC,LUD
LLA,SHM
LDH,WAA
BKK,CHO
LRH,MOD
BJR,HGH
HDF,YWB
BPL,IXC
SPS,TGR
HON,SYR
CND,MBE
CAI,YMO
BLQ,YQR
FDH,PLJ
CUC,YPX
BDQ,VLY
MTS,PAS
FMM,MXL
NER,ZNE
DBQ,IAG
LGA,SIN
MUW,WSN
BNC,YOJ
DAX,SCQ
OZH,PIH
BGI,TLM
POP,TSH
KKC,THN
BSK,DDC
BJF,MTJ
AGA,GEL
JZH,KSD
BSL,KBU
KBU,MTY
PKB,PVR
ROC,WMR
DEA,KTN
INU,YNP
BNE,SFL
BWT,RDM
VVI,WRE
LSE,UGC
IXZ,OSR
CAP,STW
BKO,PQM
BNK,RMP
JUZ,SKZ
ETZ,SBA
JIC,YPO
KHS,ODO
KOJ,OTZ
FCA,MHQ
CCM,CPT
CPE,SIT
IUI,TYS
GWD,XEQ
TOY,ZQW
REP,UBA
REN,RVK
HRI,TRO
ATQ,CAY
BAZ,BCV
SPI,VOL
BFJ,VKG
FPO,TRW
KHY,LFT
JHW,MGB
ELG,GOA
UPK,VEE
HUX,MJZ
BUC,STV
CCK,RIW
ATD,AXR
ADB,YES
DOH,RFP
AJU,NYA
NUL,SCL
ALC,ZFM
TMR,YUT
AQI,SYB
KPR,STV
ELQ,TSA
BDS,DOB
ACR,LPY
BZO,HOM
CEM,MHT
JGS,POJ
AUX,CYZ
MLO,ODN
GFN,LUD
AOG,DRS
ASR,NCE
CIF,TOF
TJM,WNH
NYM,ONT
MEG,TUU
EQS,LFT
TIA,UDJ
EUG,LPL
PSS,YNJ
SUG,YXT
LBB,WDH
HPH,SGO
GFN,LCY
OSW,VLL
DHM,RRG
IXS,QBC
HLD,JCK
CHA,HMB
BJA,MHT
AKV,EBA
BUW,TML
MPM,MRY
LCY,SUB
JJA,YFC
BVI,HOU
CGB,RDU
CUZ,KZS
BOH,RAB
MQH,SDQ
LSI,UDR
BME,IRJ
PBO,RAB
HGR,YNA
FNI,IND
KTN,PZH
NGQ,RDC
FDH,SDN
LGW,YPO
BIL,JED
BZR,LRH
MUC,RGA
HID,MCE
ALO,WAT
EQS,SKP
AUX,HOM
KAZ,TGU
RUA,YUD
DUR,KLN
UPG,YPJ
RAR,TRW
ATQ,MAO
MPM,PLQ
FRE,RJH
TKD,WMR
CMI,KTN
CKG,LTI
JAU,YGP
BZO,GWD
DOY,ORI
ATC,USK
MXP,YCG
DYG,LJA
FSC,GZP
GNY,PFB
IAG,TNO
KID,LWS
AET,HRM
KTT,PNQ
AZS,YHZ
EBU,YVM
WGP,WWP
CMN,SYX
ERI,VLS
EBJ,TIM
AOK,TAK
EEK,KUL
CCJ,RFP
AGB,RUA
EVN,YHK
AMH,BPX
BZL,VVC
HVB,MAD
SCL,YGT
FRO,MOV
HLD,LYI
ADZ,HRI
AHO,MBE
MHQ,YCL
ASB,ZVK
PMY,YQL
DOK,SCN
DAC,TIU
LYS,ZQN
LFR,PXM
BSB,NGS
BHJ,SNE
AKI,MUR
DIB,PRI
PPG,TBI
ABI,LAO
ADL,GPS
CYS,OLP
OUD,TOG
CGY,GLK
BKZ,SVD
ESU,KGQ
SVX,VAS
IAO,MHD
MKM,MQX
CLJ,YCY
KVC,LAM
BDO,LMP
INC,JJU
EZE,HDY
LUX,YZP
ORN,YTY
EBB,YSO
BWA,VCL
KOO,MRX
KZS,VGZ
ANX,CAK
EVN,GCW
LBP,PDS
CJC,PMR
AFA,TIH
KVC,SMR
BDL,JOG
YGJ,YGK
KGE,MKL
LCY,YRL
CGA,PEC
GEO,LBP
PNK,YGZ
BDP,GHB
LUQ,ZEL
RIG,SGY
DSN,KUT
ELQ,ZHY
TOH,XIY
DQA,IOM
GFF,VDB
REG,SCM
AEB,FOR
DJG,SOM
CGR,UVF
STT,TGI
BWN,LBA
NYO,XUZ
CIF,SJJ
CJM,KDO
JUZ,YQG
MOF,NNY
AGB,RNS
BON,RCM
GOJ,UBJ
MJV,YUB
KUV,LGL
CKY,WMI
BXB,TTE
BDS,DYU
JOL,PFO
NTG,ZNE
GLT,KWJ
MLH,MTE
PUB,SMA
BDB,DSK
GLK,MTS
MSY,PAG
ROC,YSK
PNK,PNL
SPP,YTL
ABR,LKG
BMV,ESD
NAS,TOL
CUZ,SRE
BEY,BUF
JSI,POG
DUB,VPS
MUR,OAL
NRN,ZLO
AIA,MSQ
OLA,SPP
CSY,PAP
MPL,PDG
FUO,TMU
OPO,RDD
MLB,YZS
LRH,VDA
CGD,GEA
CZE,MBI
PBG,SBA
KOP,LTI
BMW,KCA
GGG,KCZ
MEA,PLM
CME,ISA
LLI,WUS
KGS,UUD
MTV,PGD
JJA,UUD
ARI,CRM
BTS,SLA
LJA,YNB
CXH,OIA
AET,MSQ
EDO,PEE
MPH,YVM
CJU,DRV
CRD,NAG
BXU,CSY
KUV,SGC
LSI,XNA
HEK,PGD
DLM,KSQ
NOU,ZAL
DTM,FPO
ATZ,KOV
LYI,TOY
BCN,MTJ
BDO,LOS
NAQ,YHO
EMA,HSN
CEC,KME
CZM,MXZ
CNJ,UDI
CXI,KSA
CHU,MYJ
FTA,XMN
MTT,TBW
APO,EXT
GPS,MEL
GMR,ULB
KRY,RKA
MXL,RHD
STV,YQY
TMM,UKB
AXM,ZLO
BIO,SDQ
PKY,RUN
AES,MSJ
KCO,VNO
PIT,SBW
PNR,TME
CFK,UIN
ESU,TBZ
BFN,BKM
MAJ,ORB
ALG,ZNZ
LBU,OUZ
BOG,TRZ
ATC,SSH
MYG,TAO
PPS,TUS
CHY,SOY
SOU,YPR
OME,PCR
HOG,YYR
CEM,IAD
EMA,LKO
IAD,OCC
BTM,TQA
BTH,IXL
CKG,GYN
AUS,ROT
GVA,RTB
IAD,JNZ
HNS,ZQN
BOJ,YDF
NLD,SMA
DIR,RFP
DLG,LMM
ABR,NZH
AUR,JAN
CTU,PUU
LBU,PZU
WJR,YPW
AHN,SFB
ISC,PEC
LBE,LOP
MSR,OLA
BVV,KME
JAV,YXN
EYW,GEA
CFK,KYP
FBM,RDC
HET,TRF
TCG,ZAD
ACX,MYW
ONT,ORZ
GHB,ORU
BUA,RCB
FNT,LIS
MUK,NSH
AAT,TLN
AOE,PAG
MAF,UCT
ACC,BRM
BEL,MOD
ONT,YQZ
HLD,UYL
LGG,LYI
KZB,RIC
HDF,MSQ
HTS,OST
CFB,MCX
BTV,RJH
FAO,LCX
HNL,SDL
MJD,TDD
ABB,KBR
GRK,VII
DRK,ROC
JKR,TNW
PDA,UKX
HBA,LEH
MLL,SHV
GGG,YKF
JCB,PRG
NPL,TFN
TNW,YQB
LEX,TGI
ASU,DPL
JZH,KSN
HNH,PDT
LYG,TGM
NAP,ORD
BVG,CHX
DLI,MDU
GRR,KHH
FTE,QUW
NSQ,YQB
LXR,SJD
ILG,KOT
AKK,LET
HDG,PEU
CHC,PLW
HLN,YYG
ALW,ERF
BQK,TBB
ATC,KSC
RMT,YSG
CIF,IZA
NAO,SRP
CBB,ELD
LSY,MYJ
ERZ,UGB
ABQ,DBQ
MSN,NOC
MEX,TCO
AWD,REP
KRR,ZKG
SHV,YQK
THE,TYS
LDU,MLI
ALG,YGV
AWD,MPM
ASP,STX
ELM,RGS
HIR,YTE
RYG,TPQ
DIJ,KRS
GOA,NME
BEB,CTM
OSL,PPK
DME,LPQ
BJV,PGV
BAQ,PLS
AVL,MCK
EAS,WUS
FPO,HBA
KLR,LAZ
BHS,MOT
JDO,PBL
SAE,VOZ
IFJ,LST
CTA,FAR
LOS,YIF
GLF,YGV
KAW,VLI
BXB,FUE
LNB,RUN
RXS,TIF
BRQ,JOE
GMA,YPY
GMA,ZMT
KDI,LLI
NGE,RIX
IRK,REC
TOL,YNY
MCN,VAW
KDH,OIA
EZE,JSI
BDA,KNU
HBA,SOU
ERN,FKL
YUX,ZKG
HRK,HUH
KAW,YER
ABM,RUT
BNX,OSM
FDE,TGH
AGT,MYQ
BDB,LDS
ERZ,IXS
HHN,IFJ
BLV,DIN
LWB,URJ
NGB,NYK
UEO,VGZ
ILO,KAZ
SYB,TAS
GYA,KIJ
IPT,SKB
WMN,XMH
JDH,KGA
BSK,WBB
MTS,ORB
GCK,KUU
UAH,UNK
ORV,RMA
MRZ,TNW
OPO,UKB
CCC,PIH
PDX,YQB
ABZ,NIQ
SFJ,TBN
AGX,LNZ
BOH,HYN
CKB,ILG
KWT,PTY
BBK,ZVK
HOV,LPT
ANR,PSC
FMM,GOI
SDN,URE
ITO,VIS
DIY,PER
HVG,PDA
GFK,RAI
KLU,WRG
GLK,LSA
BDP,TXN
IKE,LXS
IKA,STW
NAQ,TUS
KUF,NJF
DME,PZU
GWL,KOV
FSD,SUG
GLH,UTN
DAC,LOS
LLB,SYR
OWB,VOG
MXH,UKS
LXS,VAK
GEL,YUY
NBE,TSR
LNZ,SYZ
EKO,HRM
LDY,LMA
MKM,ROC
AVV,QOW
SUF,ZYI
LUV,ODO
BRO,DCY
EGO,KQA
DRG,ZAH
IXB,NBS
BVH,EBJ
ATC,CTC
KDM,PHX
BKM,TKD
GAM,NAP
CNM,TBN
ENY,MSR
BOC,SJJ
NAN,WGP
BLQ,SSJ
QUW,YFC
CFU,CXI
INC,SBW
JAX,MAS
BUR,DMU
CGI,SKD
LTD,WMR
LOE,ORU
KMJ,USK
FMM,MCV
VKG,YYH
INN,TOU
AJU,IAS
BUF,PMV
IKE,KBL
APW,RNB
MKQ,TIV
ALA,BFQ
EBU,MBL
KRS,YTS
GEA,ISB
MOT,RKA
KER,SXR
HNH,UEO
BIK,YYQ
BLR,PUQ
BEU,HRG
OER,YBC
CAW,TTT
ACA,CAJ
INN,MKL
IXR,LGW
COR,MZT
YHP,YYR
AKP,LDY
ITM,YNZ
PHB,YHP
LPP,NAH
EZE,HLD
MCO,SOF
AQA,SOU
DDG,HEL
FON,UBP
AYQ,TBI
LAR,MUK
UNG,YWL
BEY,JUV
HRO,PNS
BSB,CDB
ENY,YXJ
CUF,EVV
BUX,OMS
YUX,ZTB
BRL,KUZ
MFM,ZPB
HOF,KTT
ANI,VTZ
FUG,LUK
EVG,PVA
MCX,YFC
DRO,RSH
DRS,UET
HDM,NNM
KUK,VBV
IAO,SHE
KSE,YIH
CLJ,LBB
BKC,SKN
AMQ,ERN
MSQ,SFN
IXL,REN
PEE,RVE
KMQ,VIS
KPB,RDC
FUE,KUD
BOS,TLM
CRP,FTU
CNJ,TOU
ACU,YYC
AKV,SYB
HDN,MLX
EFL,SUB
DAC,PKN
NYO,PXU
KIX,LGW
DEB,YPY
CLD,PYJ
MTE,NGS
CUL,PBL
QUO,VDE
HDF,LEH
JOE,TEN
ABR,TSJ
RDM,TAC
CED,SPU
BGG,YOW
BHO,RGI
AJR,SEN
MJT,SJZ
AAY,WHK
JUK,LRD
IAR,RAS
ADB,DDC
MOF,WRE
LBU,MUR
ABB,HVR
BIO,TPQ
BZE,DBQ
BAV,KPR
CGO,PZI
BTS,TLS
ENU,TAH
AIU,PTP
EWN,IOM
FLS,SNA
LAP,TMC
MYA,SKT
HNL,LWS
BTC,ITH
MCV,YQR
DAL,SXP
BEU,PGV
PSE,RVT
LST,YPY
LZH,TAP
DOK,RNS
ELC,UBP
AAT,PBC
DMM,NBX
KEF,NOV
GET,NLA
BKQ,LKL
TGP,YXS
HYA,VVO
IRC,LSE
ANG,YPJ
IRC,VLS
PGK,ZYI
LET,PIR
ALC,CYO
ANC,SSG
EGE,HOG
BHE,KYP
CAB,CPC
TOF,WNA
GIG,PUW
BHH,PDX
AUG,SVQ
SXI,UAK
CYZ,RSA
YKT,ZAD
CAB,PET
PEC,TOH
HBA,SDJ
KDO,RKD
KTE,YXP
BHV,EMA
LPD,TTN
CMI,SXM
CSH,OKL
IVL,YWL
OGL,YTY
LGG,LPM
BJX,VAW
KDU,LHR
RGI,YQG
ONG,RCB
IXB,RUN
DRS,SVX
HOV,JTC
BUW,COQ
PQS,SMS
HRL,YAP
KCL,RMP
BDP,SEZ
RTW,XIC
RAH,VIS
LJU,SRZ
GWL,TPQ
GTE,YKQ
ACZ,YTS
ARU,PMZ
ESB,SYY
CRI,UIP
TLV,YVB
DND,ELV
AHB,YEV
LFW,ZFM
DRW,PJM
JNZ,RNB
RGA,SCW
HBA,YYY
MQN,SPP
PNI,VRC
JGA,KWL
MJM,RCE
HHH,MUE
JPA,VOG
OTD,VAA
DRK,SAX
LEC,MZL
DSK,IXC
MKY,PMY
BIM,BJI
ETH,GOP
RDN,YCO
ABZ,SYX
TEN,WIN
PGX,SGG
SLM,URA
IST,LKB
JEG,KSD
ACZ,KNG
ACZ,YGK
FRU,HKG
BHX,YUB
BXB,SOW
BCV,JKH
ATM,CHY
FAV,MMX
HET,OGD
QJH,TVS
CBB,HYA
DMK,GDV
KDO,MJM
CRM,NKC
KZS,ZAG
HBA,KRP
LAS,VRN
NNT,PVG
MST,VDB
SOC,YTZ
YIE,ZQW
MQT,MYW
FON,NDJ
BFD,YMT
DJE,TTE
IQT,MLB
LEC,YLH
BEJ,NAH
KTG,LEQ
HOT,TBB
HRB,TJQ
OBU,TZL
BNK,HMI
MGF,SOQ
CMG,IXJ
SLZ,SVJ
DLY,FUE
HZH,MEU
BIO,YHD
SRQ,YGX
BCI,MGQ
BRA,PBI
MCE,OAG
AZR,KFP
BEG,VIG
FBS,KGA
TJM,VBV
LBC,RTB
BHV,DEB
GMP,SJW
CGN,MCI
KFS,TSF
OHH,UKA
MOF,QUW
BRA,HPN
DAR,INL
LYG,TMR
GIG,GNM
RNA,ROA
HND,MHT
MLN,VRN
FAV,PIS
DAB,HTY
LFT,YIF
BES,RUA
ADL,SOU
EIS,YGZ
CSY,DAR
CNM,MRA
UDJ,UYL
ABV,BLA
MCV,TBZ
ABL,HOR
LLI,SRV
HAC,ZAZ
GYA,NDY
BSG,MSL
AAR,PAH
LYR,YYC
AKN,KNQ
DBQ,TVU
PNK,YUT
HAH,NOU
IXS,MOV
OCC,VCS
ASP,SDU
CID,GMB
NYA,ZEL
LUR,TSA
AHE,PLO
AFZ,PTG
APF,PAS
EMD,SFA
PAG,YYY
DIY,PRA
EBJ,SYM
MAQ,YXU
BOI,HSL
LTO,YQM
FNI,MSA
BLV,YBK
SDJ,SXP
JOL,LIT
BGM,KLR
GMO,WWT
MAF,ULK
MQF,TLS
LCR,MNS
KLO,MYU
OKA,ROK
SKE,SQS
BPS,LWN
BUA,PDV
KTM,TOG
CRK,LUX
CYZ,JGA
BAZ,MGH
FNC,LWY
DHI,YGH
CHU,MLY
ANC,IOT
CAY,WNZ
ARW,BLR
FPO,LBJ
FAI,VIS
ABI,CEK
SLU,USN
GUM,STX
ABL,ZVK
BHY,KHY
BOI,CXH
JIU,PIH
GOV,YGT
TOG,TSE
ABD,UEL
IOA,TIZ
PIK,YOW
KUS,PEI
HEA,MYY
AXU,PMZ
MRD,RBY
ESL,HAS
ANX,CVU
ATM,BYC
ISA,RJK
JHS,SDG
BSD,TOH
ECP,MTV
HMV,MYY
ADA,TLA
LPA,WEI
CME,DGA
KSA,MCE
AZI,RVT
MOB,TPE
GEG,VAN
STR,ZBF
CVM,ULH
LCA,MJU
TBI,YMT
CJJ,TNR
CKG,SHM
DCM,UET
LLW,TIA
ETR,YQL
KLG,MLY
BGR,SAP
AJU,LPB
CZH,TCR
EAT,TMR
DNK,PNS
SVA,ULZ
RCY,YXP
KIR,NBE
SJW,YAC
EGC,GCC
APO,JHS
CNY,YFH
NGQ,SJK
GOH,SRA
JCB,LDH
MBL,PQQ
NYA,OME
KUN,PGA
EPR,YNP
JNN,VHM
GOV,SUG
ANM,KUV
MEG,OMA
FKB,YZS
CHO,IXB
ISA,MSR
BBA,GTE
RMT,TET
AOG,LOD
EWN,NPL
BDH,CJJ
BTK,LPL
ODO,YYC
LEN,TUP
KDU,LYC
NTE,YHU
ALG,CMU
BEJ,WJR
ENA,ILD
ASM,KTE
EIN,ITB
INH,YPO
ELF,MBA
ERC,OHE
COS,KSU
ICT,ZBR
ACU,OTH
BOM,ELM
KCA,OUZ
GEL,VVI
PRI,SNA
LWN,ORU
ELU,JDO
FUE,WRY
HAN,HNS
DCM,MLN
AQJ,VTE
EWN,SHX
SXX,YSJ
AQG,PIT
LWN,MVT
EWB,HHH
DIJ,KAW
SLP,VRA
LAR,ZAD
LWO,PQC
AYQ,HPN
MWF,PTU
DUR,GRW
KOA,SNU
MFM,PNK
CFK,DAY
FAI,LCH
MFR,WNR
KOT,XMN
FOC,JGS
LEC,MFU
FKI,HVR
PIN,VIG
GRV,TUB
HRI,SZA
FCO,HAA
COK,LBS
LWN,SOJ
MME,WUH
CJM,MGS
LJG,PFO
IXA,MFM
CTS,SXB
ATH,PAT
HGU,SOM
LOP,NYO
ANG,BSC
ILP,PTG
ERL,PAP
IFN,OKL
FSZ,YZS
HNS,RSW
ORZ,WUX
DSK,TVC
GRO,KLL
DVO,KFS
GMR,SCO
XBJ,YYT
JQA,SJD
MBT,TDX
IRG,JER
BVA,DPS
CGI,SHM
AIT,YCD
ESD,LEA
BRE,RIG
LFR,PMZ
BQB,HMB
BSS,BYN
HZH,IQN
RAO,TKS
GHE,HVG
IFO,YKM
KSN,VHM
CEB,MUR
VOL,XAP
GGT,KGD
INZ,MEC
IAG,ODN
LNZ,SYO
MGF,NKG
KEM,MUR
PGX,YPR
GDT,HGN
YPM,YRA
LEC,RAH
CRK,YYZ
BEU,PRI
HKT,VLD
CCJ,TKP
DNH,KSH
PDS,VDH
FDE,LEC
MLG,TIV
OGL,SDE
BDP,LSI
GAM,LYR
AOG,XMN
ROV,TGP
LBA,MGB
KKA,LBU
KGF,SLZ
ADA,RTW
STN,TCD
LPS,SUV
SFL,TOY
BTH,KLO
LBF,TBT
NTG,ZIH
DEA,RCE
PRI,SLL
LBA,RAR
FAR,MSW
JCB,YSM
BWK,PNS
CIX,TBT
MDZ,ZOS
MFM,TCR
LMA,OKC
PUM,VLD
HEL,TWB
DJG,SCZ
CRD,TER
RDU,RIW
DIB,YFB
BYO,ECP
EGS,RIW
BVE,OME
IRC,LKG
ASE,KOW
AKJ,KGQ
JHM,KSM
CAB,TRR
GXH,VDH
BSK,YPN
CFN,LDH
AKX,TAM
FMM,MAF
BHB,JCB
MYR,QRW
EIN,VCT
BHO,YWJ
LXS,SNU
GOV,JSH
MDG,PAV
CUF,YPX
BZG,DZN
PYJ,SLM
OSD,WWT
HUH,KTW
ISC,YAT
MEL,TRK
KSD,MDC
TOF,YOJ
CUM,DYG
MGS,YGT
HAJ,PIR
GTO,KWL
DIL,GTF
NSI,WLS
GNU,JYV
RES,YWH
DOH,MGH
BHJ,MXP
KKN,SLW
AOK,IDA
CWL,MYQ
KAW,SOC
GRW,KSD
ONQ,PEZ
BAL,TNK
VLN,YSO
ATD,OSS
AOR,CLL
SDG,TRC
GBT,ZAT
FAE,YLC
RBV,SGY
BVC,NYK
ISC,OKJ
CXR,HGU
NWI,SKZ
ATW,UCT
CIX,KAN
KOS,RAE
DNR,FMM
BKW,MHT
AZS,BVC
HAK,TFI
LRD,MKQ
GOJ,RNO
CZM,MBA
FUO,KKH
BEL,VXO
SRQ,YNS
HDF,KTN
XMS,ZYI
ROS,XUZ
AER,ITH
KCQ,MSY
BGW,SWF
ESM,SYY
NYI,YXX
BUQ,ONJ
CIT,SUF
BQL,SOG
CGB,CMA
HMB,TUC
BVI,SKB
ZEM,ZPB
KKR,OTZ
MJN,OMH
MLB,YLL
KPO,PIH
LUN,PYC
BOB,PTJ
EBU,MZL
BSK,JPA
TCR,YYH
SCW,YBX
IMP,MYJ
GHA,MXZ
FLN,SZA
AXR,PNS
CGM,KOZ
LDB,TUC
HLZ,YJT
BRM,FKS
BGI,ESB
OND,SNW
EGE,KMJ
CIZ,UTT
LGA,NRN
MYG,URA
EVN,LBC
TPE,YVQ
IXC,SNU
FOE,TQI
MJZ,NLG
EVN,TTE
MYD,TCO
OGD,WGP
AVL,DFW
SKO,ZKE
ANC,KHN
BUA,SRE
FUN,SLX
PGF,RDN
BAV,JOI
BES,IUI
BOO,QJH
INV,JNZ
AVL,CKB
AZS,HAN
CZJ,THN
DOK,GIU
KSF,SBY
LBA,TWB
HRO,PVG
AZI,FRE
TIR,TKU
HAM,MFU
ELQ,PRG
LKO,ZAG
AVN,ZSA
ACH,CHA
TOB,XMH
CBR,SLK
FJR,YHM
NKG,ZMT
BEU,DYU
VIE,YXX
DIW,SCK
NAN,TWF
JSI,OZC
YBL,ZRJ
IPI,YYJ
GCW,ZHA
MDT,ZAZ
PVE,YQF
RBR,SRE
MLO,NME
RMI,YMO
BRM,NBX
RUN,YJT
DKR,UIP
KOK,KRS
CBQ,COR
ABJ,BOI
CUM,GTO
NGO,YFB
AAN,HRI
TIJ,ZUM
GGG,JFR
LPS,PUU
DDG,KIJ
LLB,QJH
FON,SJC
UII,VCT
JAI,TIJ
NCU,SKK
NDR,VAO
KUZ,SKZ
GRQ,KAJ
PRC,YCL
KSN,MDL
PVE,SCU
KMS,YHK
BGW,MJU
CXB,NAJ
DEN,YJT
DZN,ELQ
LOP,PUE
JDO,YYY
PTJ,TLV
EUX,NUP
CKD,ZSJ
AOK,RAB
HDS,VDA
IFN,VRC
TFI,TSN
AUU,UBA
TIZ,YXH
ISU,IVC
CCU,SEA
BNB,TNJ
GPI,NRL
EGX,IGU
CZM,PBU
BRU,TOG
CXJ,MAQ
BSR,YMN
NOU,ORD
DLG,PEC
DOH,PWQ
ANI,KTT
KLO,NQU
GDL,TKD
SDE,YAB
NGE,YNZ
BQL,NLT
EXT,YUL
MQP,TIR
MKE,OIM
PSA,TNG
DLU,YZG
UYN,YHK
YBR,YHK
KFS,SHP
HAS,ITO
GND,VTZ
LMP,PYY
EVG,GCM
MAM,SCY
AFL,QUW
GMZ,SDV
BRS,PLN
CGI,LAX
MQH,RBV
CAG,MLB
EUX,SVD
AJR,YVO
LUQ,SMS
LSI,PDA
FSP,OER
GCH,RGI
LEH,MGA
DRV,NIM
KGS,TQI
ONJ,SJP
EZS,MDK
ABQ,CUR
CIA,XIC
ITO,KTW
SSR,TTU
GCM,KVK
HAU,IUI
OKC,PPQ
SAF,SVZ
BIA,CGM
SXK,YGX
BOM,MYD
RTB,TGG
AUR,NJC
GVA,MOL
JIC,PDP
DHB,LYI
BOS,DKR
HYN,ISC
SNV,YXX
FKS,LPT
KRT,TKS
EAM,TCZ
EXT,LAU
KUZ,SSG
OLC,ROK
BPS,GEV
LPD,XNN
GSP,PBC
DJB,PVD
BFS,SNV
PBI,POA
LLI,URS
RAB,SCU
BDQ,ZBR
PTH,TOU
TOH,YOW
GXF,MLM
HRL,YWG
CKB,MCG
CKH,MHH
LIL,YCG
KOS,RVV
SLL,YBX
DLI,JST
GMP,LDY
NAG,PEM
AXK,CEE
ERS,OSY
LOS,RIB
CCF,SGF
ISU,PBL
CUE,MSJ
MUR,SKK
HYN,MEB
BFF,OMO
NNY,OTZ
JIK,LAW
JUH,OKJ
CTM,HSL
JHM,THE
PEM,RRG
ANU,MDC
AOR,RIG
GPA,KYZ
FLR,YKT
KWL,VNS
IGU,YCO
BEB,BXB
CAP,IXA
NJF,SDL
HTS,YQG
JXA,RYK
BZL,MYA
TTJ,YNY
FEN,YCY
ESM,PYC
HYN,TML
MCP,YEG
GHT,LPQ
FLO,KSH
BKS,FCA
CIJ,OBO
GUA,YBL
PKY,ROB
MSZ,RCB
CDV,HNA
ATW,SBZ
CSH,HAQ
FJR,YCB
MIG,PUY
PDX,TCZ
GYN,UTH
BOM,BPX
EIS,REC
DSM,EOH
IBE,NWI
BXB,DDG
HET,YXY
DLI,PZU
KER,MEA
COK,NUS
NBC,RMP
ROT,SMI
AGP,KAZ
LZH,WTL
CAK,JUB
GXH,YSJ
NTE,PGD
EVG,JSH
AKY,FLS
PND,UAP
BCD,YHU
BLL,JAU
FUG,SJL
KBR,MXV
GRI,HUU
DPO,NZH
LPP,NLK
KGE,SUR
BLA,RZR
AIU,ODS
OVS,STX
EBB,HRG
EAS,PVH
ABR,KIM
AGU,ALA
RFP,TCQ
ROI,TQL
QFN,ZUM
BHV,URY
DOB,KWI
CTU,DNH
PJG,SON
ORH,VIS
ASB,UUS
BJR,GOA
DLG,ESU
NGB,PHC
SCK,YAM
ATT,FCO
TMI,TOH
BDH,SZE
ACR,DGA
NAT,TLH
NIM,YLW
AUS,GOU
AUG,NKG
HRK,UEO
BOO,MJM
STM,YPN
BOI,OPO
CUN,PMZ
LZO,POM
CIK,JMU
ALS,FVM
DIY,FRU
KWJ,UGC
GRU,LCX
IBE,MXZ
BWT,HJJ
RDU,YAK
PDX,ZSJ
ECN,YXN
LCK,PSJ
RVK,SGD
AIN,MOZ
GXF,PUB
SHE,YZS
OSM,UVE
IMP,IXR
FUJ,MSW
PND,UNG
RST,SBZ
TQL,VIN
IAS,SFJ
BSA,BWA
SSY,YQF
NRL,ZFM
AJL,COQ
SHG,YCL
SVB,YZR
CDB,ICT
ULB,WWT
KCL,OAK
CUR,KMS
BEW,DVO
DHI,JBR
KNQ,STW
MOL,TAP
HAA,SAN
KSO,RVN
IAR,TRG
JNB,YSM
MCO,XSC
BLQ,EPR
LYH,TAS
CUE,RSA
DND,ULP
GTO,MSQ
ADD,BLI
AAY,TKD
RDD,RMF
FPO,RTA
KSD,RAP
IFJ,NOC
BJZ,ROP
ISG,JAU
HUX,JNZ
HOD,KOK
IMP,IZA
JNG,PUF
PGU,WHK
EFL,JUJ
GAN,MMJ
ASF,ENY
JJA,YFJ
SXI,YQZ
CGH,INB
ABS,TUG
DFW,NOU
DUJ,TBP
CCF,DLE
QRO,TKP
UAK,YIW
IMF,KWI
BND,JIJ
YQB,YXJ
GHT,RJH
TBN,TIP
BTS,GLN
CGO,LMN
BVB,CLM
VPE,ZSE
DOK,SBH
RDD,TOB
JKL,OVB
CME,ILY
ANS,INB
BNI,CCU
EYK,LYI
CZU,PGK
CZJ,KIT
MMO,YNC
MPM,URE
BDH,BZV
CEB,RUT
MEX,YWH
FNA,VPY
DHN,EAE
GNV,SVU
LDE,OMH
LCY,ZMT
PGA,PPW
IIL,POI
CKB,TCQ
LGI,UNK
BTK,SEZ
KTB,ODY
AAL,XQP
ATQ,IPH
DPO,KNU
FNT,KUS
JSI,KIF
PEM,UBJ
BEJ,TIZ
EOH,SVG
AET,NOV
KVX,YOW
AZA,YXX
JUV,SGY
ROO,TQI
CMN,SGN
CIU,SNV
DKR,THL
IGG,MED
AIN,IFJ
CNY,IXB
BUC,MVR
FRD,THN
BTV,QSF
IXG,TIH
BLA,IPH
TBN,TUS
DHI,HYL
NRN,SLL
BEW,EPR
LFT,MCX
YBG,YGZ
BKO,FJR
QRW,SNV
INN,MSR
HLN,PFO
YVZ,YYT
CPR,STM
BZO,TMU
TUG,XCR
LZY,TXL
FRO,SNV
CSY,NAT
FTA,JQA
JSI,KVA
CUQ,VIG
GRP,IOA
OSL,SVD
NJF,XIC
AWZ,POL
KAW,PSE
GNU,YVO
AWZ,KUL
BHI,KAW
BKG,OVD
FAI,GDV
LPA,PHF
FUT,HGH
BAH,VAN
DIN,ISN
AVV,PXM
CGH,TOH
DJE,EOH
GNY,OKC
CKG,MJZ
BUN,YQR
CEM,DED
BUC,SPS
MJV,SKZ
RJK,YQU
AIN,KEJ
CXB,SML
KOO,NIB
HSL,PEN
CPE,LGK
CNS,CSK
AYP,MAA
SUX,VER
CCF,HVB
AJL,PMZ
CLT,KKC
DHN,DYG
AKV,DNR
PJM,YKL
GZT,POP
NOP,PRC
CIT,VAW
LAP,NOC
RCE,SDE
EYP,JYV
NAW,PIK
DMD,ORH
ISP,KTA
NGK,ZGU
BKO,YCB
KKH,PDP
DBV,JIU
CNM,CUU
BLL,PFB
AGT,WUS
CNF,IRK
RMI,VCT
MZV,ROV
NTQ,YCG
CGR,MAR
BON,CUM
KSY,LSC
GRK,GSO
OMS,PBG
LIS,RUT
PAP,YIN
NRL,PGD
NUI,YQM
ILO,KAJ
DHB,IZA
HMO,PHB
CNY,ZAM
FLN,NVK
BSO,TIJ
BKM,BTV
CRM,TIV
RPR,TRC
JLN,YOP
GUM,TUS
ADL,RUH
GIL,TAY
SOC,SZB
JGS,PHS
HOU,YWK
DBQ,GHT
HEA,TMI
PAV,YTZ
ORH,TGJ
PKU,PMY
SFO,TNN
GAM,ILO
GHT,NIM
PKC,PUE
GGT,JKR
SLY,SVO
MST,UAK
GBE,MCM
NNM,RES
AVN,BMA
KUZ,SVG
DEN,ZOS
KWJ,OZC
BHH,SHW
JIK,SXK
IOM,REC
PEK,VVC
BJM,SAT
GPI,TRU
EXT,FDF
CMG,TAI
MAB,RDV
CXB,KGT
HVR,PIP
SNP,XNN
GXH,POG
HAU,NYT
AIA,ELD
PMZ,YXL
CAL,CBB
AQJ,EIS
MAG,RUH
ATT,SPD
BRM,TGZ
BUD,TIJ
BVG,CDJ
DEN,KCT
FIH,YDQ
ILD,REP
BYC,MDK
NOU,SLC
BIM,MLX
KHZ,PXM
ANX,VER
MFM,OMS
WAE,YLE
REL,WWK
AWD,BEB
MXZ,RKS
KBP,SXO
KCL,TMS
ATH,RCE
CCM,RBQ
IZO,KDO
BAH,BWK
BNC,ICN
EUX,GAJ
SHA,TZL
DAL,VPE
GOQ,TZX
SAF,TQL
AIU,MBT
JIB,ORI
SAP,WNR
AAT,WMR
JMK,LIF
PKA,TKS
AUC,YHU
GEL,SZZ
EWR,LSI
ADA,BKO
CDR,MKG
BHV,TMS
IEV,ORZ
LPI,MRA
GCI,HKB
BJL,CYB
ANC,UME
APO,OUL
IBZ,SVX
MVT,TWU
ACH,ULK
KFS,NKG
RDM,SAT
CXH,UNN
KTM,SLN
DSN,HAN
SSY,XEQ
JUJ,PEC
CFN,SVQ
ACZ,VKO
SXP,WAT
MPH,YUL
INU,PUU
SSJ,TME
NGQ,ROB
FEG,NYU
AYT,CGP
CME,TRZ
AAE,HOR
OER,XBE
AJL,PZO
CVG,DMB
HOF,VAO
SUB,SVL
BHQ,BNY
ERS,JCK
KLW,LPB
GTO,SLZ
NDY,SJE
IAN,LNS
PRI,VPS
PNP,VDM
GNM,RDU
OGX,SFG
AWD,NYA
PDG,YAA
HMI,TRK
DAL,TGD
POM,UIP
MYG,ORZ
ABE,JBQ
KAO,SPN
BMY,KUU
FLR,HRG
BNY,DAX
BOY,PKA
ADL,NUI
BJX,KQA
HOR,VLL
KDH,LUV
BDJ,BTR
STS,VER
LYA,WTK
HND,XIL
HAH,KCC
GSP,MVR
BGF,OVS
ANX,ZEL
ELC,JFR
FLL,LYR
CJA,RYG
JSR,ZBL
CDB,IAS
LFT,RST
XBE,YNS
BCD,LRM
CUL,DSN
BFS,EBB
GRX,VRC
NAH,SNP
AER,STX
DWC,KLV
SCO,SKT
GUR,TLH
JUL,LNV
HVB,UTH
SNA,TET
ERZ,PQI
PKU,SGY
FAI,PKN
DGO,GLT
DHN,THS
ATW,OPO
PHB,PXO
FRS,KCT
AKV,PDV
MDZ,NBS
ABY,CCF
KTW,TUB
FBM,FKS
ERC,LIM
BYC,PSO
GWD,YNT
BGW,IUI
IAA,SWF
ERC,LYI
OND,RUA
CAC,SSA
AUK,BZR
LEI,YAT
CAI,MEA
NCU,YMO
NNM,PDS
EAU,TLT
MEA,WXN
MBT,TAM
ATM,MMX
ALA,BNX
KRF,ZDY
BSL,YKG
LFM,YZZ
CTA,SMS
JIC,KWJ
TGP,YPC
PUQ,TOL
PEG,SIT
MRD,ZCO
CAJ,UTN
DLU,OGX
BPX,SXB
TFS,YQT
GAF,MPM
BYO,YYJ
GRK,IZO
CFU,TEE
ESB,MGB
NDG,REN
LPB,WWT
CYB,LOE
PSG,VCE
ATH,MOD
LZC,SFL
VRA,YXH
LAE,PHF
SMF,ZLO
VKO,YOG
PZU,ZCO
AGP,KHY
BTR,KDO
BUX,VXE
KAA,SJT
BGF,COD
FBS,ZAL
OWB,UET
HOF,WSX
OBU,TCT
UEO,YSO
ATD,PVG
MBS,MRA
INV,VVO
DUJ,TNJ
IXA,SJI
ACT,CCP
KRR,MBE
BFD,MEC
BLK,IGG
IAM,YOW
SWJ,YRG
AQI,IAO
ABM,TOU
LRS,PSA
PLZ,YLE
GUM,TKS
PUW,SHE
RJL,SYQ
AHO,RNB
ACR,BJL
MVT,PHX
DIY,MYD
CRL,TME
BTC,YTL
KKH,WBQ
KYK,ZSA
ACT,PLZ
LXS,YUY
ABI,PVE
KER,XMN
BRU,CBR
AUC,CGY
ARW,AVN
MSO,SVL
KOW,TAO
DRV,FEN
OGL,TAI
FNC,KTB
HBX,UKS
BLI,LPQ
BWK,MYU
CNF,TAO
CPX,LHE
KTT,OLH
NDU,OLP
EGC,ZLO
BHY,KYZ
WMI,YYG
PEE,SAF
BUA,GMP
MXV,XBJ
NCE,SPB
BPN,YWJ
SLZ,WAW
AGB,RGN
BLI,KAT
AAT,KIV
KUN,TBB
LBB,OGX
CBT,CGD
BNS,NVK
RTM,YZY
RNS,URS
PEN,SEA
MLI,OGS
GWL,OMO
GEL,MUX
NDG,PUJ
SHA,TOU
KID,WAA
DEL,NPL
HBE,MTE
DUT,UVE
DSN,PVK
ELV,RES
MJN,TPS
KTN,POJ
LRM,YZR
OMH,POR
RDV,YYU
KUL,WXN
BLL,GFN
FVM,JJA
ATK,LDU
PDT,PPG
BKK,TCQ
PQM,WSN
LLU,PEN
BOS,ERM
IZA,OSL
FOR,SHP
RCE,XFW
AOR,TAH
AMH,FSD
MWF,OIM
KGF,ZNE
CEG,LPL
DPS,LKG
MBE,ORN
NTG,PLO
HON,NCL
BHD,YXC
SJL,VUP
RSW,UST
LLU,MME
TCZ,TSJ
FTA,PAD
HER,NSH
ABR,CPV
DBQ,QSF
PBM,SGU
OXB,YKF
MAQ,VLC
DMU,ZGU
KHH,SMR
CCS,YXU
MDC,RAP
LZY,ROO
AAY,XFN
CBR,UYU
MAR,SNU
MCZ,NMA
EBH,VDZ
BPN,RVV
BTM,EMK
PLZ,SSY
INH,PED
SYX,YZV
TGJ,ULO
RJH,TKK
BAX,RBV
BGW,WLH
BXU,EIN
CDG,SVL
LBL,TBS
BQN,LTI
BCD,IOS
DMM,PHO
HYG,XEQ
BGM,GNY
BQB,KAN
CJU,KIN
WNN,YSO
LAP,YYD
AYP,IPA
CGR,LNE
IVC,NGS
GWT,LUG
IRK,REX
KUL,NAS
TNJ,YXX
ATC,LTX
GNV,RMA
FLR,HOU
LXR,YIC
PEK,PTP
FRW,KCM
ANU,NIB
DJE,LAI
TRK,UDR
PSJ,PUE
KCH,YAB
KBC,LKL
GKA,SPD
DWC,RSU
ODS,YWB
SSR,TQA
JNN,NAY
FEG,GKA
OME,RDV
AKB,TYN
AOI,NRK
LUO,YTH
FSM,WNH
HNH,MJM
ESD,RMF
BQB,CTL
BUR,OWB
CMX,KOT
BRC,HKG
JPR,TUN
DIB,YXX
EGC,GLK
SAV,WJU
HOU,LRT
GWL,PIX
ASR,STW
BDJ,LBF
AXA,YQT
KDH,LCY
KQA,ROC
AMQ,YHD
CYO,PPP
MLM,OMR
MUX,MZW
JIM,SCW
KEF,PKZ
ELP,KRR
IMF,MHK
RVK,TTQ
BHR,NYU
MMJ,VIS
NZH,ULV
CGQ,YVM
AYP,VIJ
KOT,MCP
AKX,MDZ
DAT,MNA
CCS,MCE
GTE,XRY
AQG,LAP
OOK,SLZ
ARH,LOD
DCY,NKG
HAH,WIL
BNC,NTQ
LOP,ZGU
NDY,YPW
CNM,RIX
KVA,TXK
GDL,YSK
KDV,YIE
AEB,BDB
IAH,NNG
CDJ,GKK
PPS,PYH
OAJ,RJK
IAH,MUB
GMZ,YBL
ANC,JPR
ASR,SFA
ABZ,YCL
AIT,YYH
KWF,YQQ
DSK,MSQ
DVO,OWB
KTA,ZKE
DLZ,LUO
BQN,MAM
CCF,KIR
DIB,TUS
BXB,KTN
BFI,BYO
FEG,PJG
RAH,SFN
ISP,KHS
PPS,TLH
AHN,IXG
AIT,SML
SPU,TIV
DWC,SFN
BLA,PDP
PUY,SHA
DNR,ODS
MMH,OUA
DEF,SDG
BHQ,KAD
ASR,ZOS
CSX,WJU
HAS,NMA
PNK,WLG
JKR,MKL
IAN,WMN
LEC,URJ
HUX,TAG
KGS,KOE
MOF,YZT
DUD,VAN
CIX,USN
UIP,YGX
PHB,YCL
SPS,ULH
FCO,INZ
BJX,NGB
ICN,MRZ
DLU,TAY
HUN,ISP
KRY,MIM
DYR,PMR
ECN,MEL
ABB,STX
AEP,CGQ
GRK,MQL
REG,TYF
HOT,RCE
LBS,PVU
ILY,PJA
GTF,PBL
LUM,PET
KGC,UMD
CMI,YXT
AGN,SOJ
AUX,PMZ
TLH,YIK
CJL,KZN
ACT,YXN
NME,YXC
DMU,MUW
COK,XKS
NRT,SAE
CJU,VPE
KCL,OSY
ISP,YAG
EMK,LHR
CUZ,SHJ
ABX,LBF
LIR,YFC
MOZ,SBY
AZS,WIN
BFF,BRI
KUS,OAX
ALW,CMN
IZA,LAZ
FSD,FSM
HUI,TRO
MDL,UYU
BZR,NAW
TAG,UPK
UAH,ZTB
FNC,YIK
AXM,TAO
KSO,PIR
HET,WXN
FJR,SJW
MQP,SPP
AWD,MAF
EAM,LPL
DLA,EIS
DEE,YTL
MJU,WUZ
QUO,VAN
KRS,LUR
DLY,OBO
NJF,PKN
CEB,LEC
DLH,FAV
PLN,SVS
IAH,WVB
TTQ,YUM
FEG,TEB
TAI,TRU
PSJ,XMS
ISP,MVD
CKG,SCM
BWN,PVD
BOO,RVE
LPI,MIR
IBE,ILD
AOQ,URE
ISN,JAV
GOJ,UNN
PFB,SOM
ENA,MLA
SFA,STT
CLM,HFE
KHI,ZGS
SFA,WTL
HVD,MBE
OAX,SHA
ABJ,ZAM
MPM,SDK
AUA,LPB
FLN,GOQ
NVA,TAS
PSE,TKD
MJD,YMM
CRL,MJT
FKL,SJL
KKA,MNT
PIX,ZLO
DBO,TRF
OGD,ZNE
KSN,MAQ
OBY,SFB
IOQ,VST
LAO,LIH
GRK,THE
SHD,YPY
LGL,MGM
WMI,YVO
IAD,TRD
LYS,YOW
HIA,SGY
EZS,SHM
GEO,LSY
MDG,VAW
PPS,ROK
CEE,SOY
MOQ,ZBR
HKN,MUX
NTX,SGF
LKB,PTY
GJA,ULB
BJI,YHZ
BSK,DYR
SDD,SPI
MYG,YPX
SRQ,VIN
VPS,YKT
DLY,LGK
GUC,TUF
CKG,TRI
HGU,KCO
MXX,YVB
DGO,YBP
AOI,GNU
ADQ,PKA
NTN,TJU
CAC,SIT
ERM,SMA
MEE,YQZ
AZI,MMK
BGF,YPH
QOW,SUB
ARI,HUS
ISE,LRH
IXD,YCD
RCB,YKS
MSO,YKA
MQH,SRK
MQP,YMM
BAL,ISC
CMP,SVZ
KGS,XNA
BDU,DLY
TTA,TUK
BPX,PLS
DEC,OVB
GGW,HRG
KAW,TIZ
MYT,QOW
CWA,LYI
ITO,YBK
BDB,MOC
FCO,SSR
AAX,MBJ
BKQ,KGC
IAD,LLI
JAC,MQL
BTH,STS
AVL,UNG
SNE,TUA
MCV,ROK
LNZ,YGJ
FSP,LAM
LBS,OSI
CFU,GMO
ACZ,TCD
PZI,TMJ
NBE,SLY
CJA,VXC
IRZ,TLJ
CAC,JNZ
AXT,MZL
SID,YMO
CRI,VCL
LEJ,PRI
MVP,MYY
BVG,CCM
DSK,DXB
IPA,IXD
EMK,MTT
JUJ,MOZ
JNN,SCZ
ENA,FSM
EPR,KOA
DIY,STC
EKO,PFB
BUW,MAD
DJJ,SJW
HUI,VCT
FLN,PMI
KIR,OAX
BSD,ROR
PEC,YXJ
RSA,YHR
KVC,YOG
BJZ,KHG
AFZ,NNM
BNN,LAI
JQA,TIR
KOT,NKC
JUH,WMX
BYN,YMO
IPH,KMQ
KGS,MCY
CTL,SIN
GRW,IKO
GHT,NIB
PKB,SAW
PVE,WEF
AMD,PGF
HMA,OSL
CBH,MHK
CBQ,NGS
SXK,YZF
CFB,GCN
TIP,TTE
HTS,PMI
KIH,OMS
CGQ,RDM
STD,TJM
ASJ,WWP
MQM,YKG
ABY,AUQ
ALG,WRL
DOY,ELU
DIY,NDR
NGO,YAY
PGD,TLN
PBH,TBZ
EQS,TRU
INZ,XRY
PBH,WBQ
EXT,UTS
ACY,SDE
CNY,KKE
NCU,THD
BME,GWL
EDI,OLC
KYU,TMS
BSR,YNB
JAU,NTX
CLQ,SFN
BUC,UNK
TKJ,WNH
PAZ,SPC
AKI,MNT
IOT,YCY
DYG,IFN
LUH,MSQ
KOV,PKE
HPH,UPN
ESU,PEZ
AZN,MVY
BDJ,PBM
CYB,TOH
DRG,PUS
ESL,MRV
GYN,TDX
GRX,LJG
TME,WUZ
HNA,OTP
BBI,YYJ
BPN,LIR
IKI,VLL
MLM,XIY
BOY,VRA
DUT,MPP
BHR,KRN
DBV,GCW
AXT,USU
CEM,YUY
SNP,TOH
IKT,STZ
CCC,URC
MRD,YCO
LPD,MSS
BQS,CCP
BVC,CZS
DEC,TLA
LAX,YAG
BAQ,MAA
CBQ,YZZ
ANI,NUL
BLE,IGG
HBA,REC
BXB,YQF
KNX,TQL
BOY,GDX
CXR,XMH
NVT,VKT
MII,SHH
AMA,EUG
DEC,YYF
AHO,GKK
GAN,YNO
DMK,ILD
ACR,IGD
KTB,KUL
BKS,KFP
DED,FLS
TYS,YYY
FDH,MCO
AKF,CMH
VKO,YBR
BIK,LIF
PMF,TGI
BAL,BRD
GRZ,KHD
PTP,RBY
HLN,KKC
AGP,OOK
IXD,ULG
IBR,OGL
JXA,MYG
ATY,CXR
DAR,KIT
NUE,UNK
GEV,IKS
CPH,YTQ
URT,YGK
IRG,SDD
LOK,ROT
AER,SZE
APL,HOE
DME,YBG
TDX,VSA
XCR,ZLO
MJU,SHG
RUH,VDB
BHX,KUF
GUW,JTR
BNN,ZKE
SQS,YXL
NSK,YCO
PND,UPN
BJV,NWI
PBI,PPW
JCK,PUS
VAR,YWK
UPG,WXN
KSO,TKU
MLW,OUD
LRD,LWB
CTS,HAQ
NRT,PMO
JAN,OND
JGN,STC
UVE,YPR
PLW,RDU
CUC,GFK
FWA,WWK
CGO,HSG
LET,MYW
KNH,PAF
MXH,TGJ
BMY,SOC
KHZ,LYB
BOC,PLS
PUS,SVK
MDE,MVD
GNV,ROK
TUU,ZGU
TID,YNZ
DGA,MEL
LGG,YTH
LAU,PYC
KAA,MSU
CGI,LDH
ALS,APL
KWI,LMT
BOH,NJF
LOS,TRC
BZE,PHE
BBI,GMA
BDP,LNK
KBV,RMA
BHE,CXF
HJR,NCU
OOL,ULB
ADQ,NSN
CKZ,KPB
AMS,PBI
ORK,XMN
IBA,YQY
HMI,MBA
DLC,SFL
GLO,YYE
BHU,EAM
LCH,PRA
BBO,ULN
LBD,SHE
HOU,MCT
CCC,NTQ
HYG,XSB
LBV,MMO
PEN,SKD
PED,RVN
CMU,VCL
DIY,QUO
GHB,ROR
LOE,VKT
KTW,TMI
RSW,YLL
CKG,CMP
MJM,VLS
MLY,YYF
GUA,YCB
LST,VPY
LDS,TAE
ELC,MEE
STZ,YWK
DOL,GOH
XUZ,YIH
NBE,TEQ
SCW,SLY
ATK,WTK
ANG,BLI
HSN,HVB
BCI,NAN
AFA,HVN
APL,YWJ
PMC,SVP
CUQ,TEE
LTI,NQY
LOK,PSS
KAA,SRY
KBP,XIY
AIN,KHN
AER,CYO
ASV,ATM
MDE,SJT
BIM,MDL
LAN,PIA
AEP,DAD
CAL,TJQ
TGR,YMT
LGL,PAP
GFN,YVM
INZ,NKM
AXR,PVU
KND,VFA
TAK,YYE
IIL,RJL
EUX,SXB
LWS,WAE
CUC,PHE
IOS,PQC
BNB,NKG
CMX,JGN
AGS,KUF
LOK,TML
HVG,MJD
KLW,NRN
ASJ,YJT
ABD,MZG
SSJ,VDM
DSN,RSD
MCT,VLV
CZE,ORH
ITB,SAF
TAM,URJ
BXU,RES
CUF,VST
AGM,FCA
BKK,CWA
GND,GSO
HVG,RBQ
CAB,NJC
KIJ,MGF
MTJ,YEV
MOQ,SJL
SXI,UIN
KGF,SVR
UKA,YBG
LED,MWZ
LLW,TSE
PZO,SPB
KDH,NSK
GOP,MYY
LYA,TTQ
AHO,EWN
BFF,HVG
LWO,SHA
ITO,REG
BNY,NSH
COR,NPL
MWF,YPJ
KQA,LPA
IAR,TCZ
FDF,RDD
AHN,APL
PSJ,VRN
ELS,LKN
IOT,SKO
HLZ,PVU
DMD,INB
DZN,PWE
AKN,GOQ
DEA,RGA
ACY,RAS
RBR,YMN
HFT,SVD
JST,YCG
JCB,YYF
LEI,TZA
BWN,LDS
ATD,BPX
ARI,ENE
LET,SUF
ALG,YNC
STV,YKL
GRW,KLG
IPL,KIV
ESU,MFE
SJW,YYR
NSI,TSE
BKW,RJL
CGB,MSS
KGA,KZO
BKQ,XMH
ATQ,PUS
FMA,LUK
VAS,YKA
CEN,LGL
IKI,TTU
PPP,TKG
CPX,DGA
CSY,MCY
CGY,TGR
REX,TNN
BRQ,EIN
PGK,PZU
BOJ,BSA
CFE,REG
KCM,LGP
BAQ,FUO
CSH,NOP
CYP,PSM
HEL,SLM
NCU,NOC
MAF,TSV
CFE,LUR
HOE,UPN
JFR,KOV
BVS,TKJ
BTM,DIL
LUH,SCY
JOI,YNY
CRM,PAS
DLG,UNG
GES,LBF
CSH,OIM
VLV,WVB
IKI,LPD
BAQ,SLW
JGD,XBE
MMX,NRN
EDI,YVM
MOQ,TRI
OVD,VLY
IEV,TEN
CEB,UKS
PIE,TSR
CMH,OGX
ARK,VUP
TKS,TQL
BHX,PVA
AFA,XRY
LLI,ZVK
HKB,IXL
STN,YIH
LEQ,PVR
BHK,TJQ
CHO,CJA
LXA,TUR
MZW,SYM
LEQ,TGC
GCK,YHM
ITO,YNP
LKN,NUL
CIY,LPB
MAO,UTT
BRA,NST
BVS,MVP
JHB,MLU
TJU,XSB
DLI,MCZ
CEK,CJL
KSO,TZA
MCY,TSA
LTN,XEQ
IQQ,OAG
HKT,MLO
CAB,YPN
AXA,TKD
BON,ORH
SAE,TOU
IXS,SHL
KGX,YTL
MSY,MZV
DAU,LAP
AQI,KOC
ULB,VAR
SKT,USM
DLZ,UTP
INC,NGK
AUX,YQG
BAV,BSB
OHH,SFN
MJN,WMX
LNZ,UBP
AER,LEN
TLE,TRW
IPL,OWB
BHX,BKO
GDL,PND
ABY,URA
HAJ,YKS
DVO,VEE
HOT,KRN
FNJ,LEN
ATD,YIW
DUS,PWE
MXP,SSY
AKY,TSH
CRM,TZA
GRB,JQE
BMU,FRE
GRI,LRE
AHN,PIK
BDU,XSC
CXF,SIN
CPO,QUB
LVI,TRE
CMA,KRP
ETR,VDS
LWN,SHV
DGT,LUQ
HPB,KCZ
BJR,LAS
ASV,TYN
IOM,MOQ
ECN,MQT
KWJ,SOY
RTB,TIA
GUM,MII
EDA,ZSJ
DRV,VCT
KSE,LFT
PIE,ZAL
AHU,PLJ
PYJ,UTT
VIE,YQG
KLU,RET
AZR,ETZ
KBP,WIN
EBJ,FMN
EWB,PND
EBL,HVN
ABL,TUB
VCL,YTL
DLC,JFR
MPP,PFB
KWN,LOP
SDG,SHP
AVA,UKS
CEC,LAW
KIS,WLS
JDO,LGI
HLD,LSI
EUX,YVZ
CAG,RLG
AGN,CNY
JSU,SLW
KAD,PKC
LOP,OSY
ACZ,ZAH
CNP,NGO
FRE,ULV
FUE,WUS
BSR,PKZ
AGN,AZS
GRZ,MIM
MSW,RDN
KUS,TOE
RBY,SXF
KRY,ZPB
FBM,PGD
HFE,ORU
RMT,SPB
PPN,ZCO
GOI,SKZ
CUR,OBU
TGG,YXL
HGA,OUL
BTK,STV
NOS,YMN
CGB,TRI
CBS,JIJ
HKB,REG
OLL,RUH
EPR,YPL
KUU,MKL
BIK,MEC
BTC,SJT
PWQ,TRF
TML,WLH
GMZ,GYS
EDO,SYO
MBI,PSA
BSG,CUM
FWA,SRE
KQT,XNN
PJA,YLW
SDP,TUP
MJZ,MMU
IRZ,SCL
EBA,RGI
MKM,PKB
WBB,YTZ
TGU,TJA
ARC,IXR
CND,HIN
AYT,ZCO
AAR,TST
BGR,CYP
MOB,WIL
FAI,TPA
AYQ,BME
EZE,HMA
WRY,YQQ
BEB,IQT
DLM,YRG
ANR,TVS
JNG,SCO
HPN,JKG
RJK,VIE
AGB,NGS
AVP,COR
BUA,OLH
AKJ,RBY
ADA,EAR
ELH,LEC
HSV,UAP
LNZ,MLO
RMI,SKE
CAB,WRY
VST,YBK
ORX,YGV
JPA,NSH
STN,VLY
KHD,LYP
CXF,EDR
DLI,UTN
BTM,RNN
JNU,MJZ
BDQ,ENU
HAC,LAP
CMN,TIF
SFB,VSA
ULO,VAW
TGU,YQK
MFU,NOB
JAV,YSG
CGI,MUN
MWZ,PHL
KLN,MLX
GTO,KVX
PGX,SZA
JOG,WYA
URS,VPS
SDE,WUZ
DBV,HFT
ANV,TJU
DAD,VUS
GCI,LAR
EUN,ROW
EDI,PLJ
EAT,KCC
KNQ,YWK
LIT,PKZ
DIR,MDT
CUL,TLL
AUS,PBZ
AFL,SZA
BPN,DLG
KLV,YIK
GNY,KJA
IKI,LRH
CUU,WHK
PBI,RPR
ECP,ZQZ
AAR,QUV
DZN,ROB
JST,VKT
KSJ,RDN
MYJ,RAI
ASE,PBM
GRP,MSL
AIA,HGA
ALF,NAY
KKJ,TAH
ISU,UIB
URS,YKS
AUX,IPC
MCN,VAN
CFE,YBR
BEU,NYU
OWB,PRG
CUN,RUN
JNN,TZL
ACZ,PAH
GTO,KVD
QFX,YQM
CGB,NYO
KHV,TTT
RSW,UET
UYL,YYC
KGX,ZFM
CIX,IRG
MOC,VDB
KYZ,QRW
AEX,JXA
SDV,YPM
BGW,CIZ
BVC,CIU
EAT,MNG
GJA,RAE
LBV,YNS
OHE,OIT
NRN,URE
MYT,TAY
MAH,TGJ
MRX,NUE
APO,MGZ
LYR,SWF
UTN,YKU
IKE,NWI
IPT,YZG
SCE,SVG
BBN,PIN
BVH,CGD
RAJ,SCO
ALW,RYG
MAA,YPY
HLH,JAV
DUR,YBL
ORZ,PNI
CKG,PIX
IPT,PGD
CMP,MME
AXM,CAB
BEJ,JNZ
LUV,ORX
MMJ,PPQ
SKX,XKS
HDG,UNG
IOQ,LBV
CJA,UBJ
CXJ,PEN
CJL,NRN
KGQ,SDV
KZB,TFI
THD,TXL
HLN,YTY
BRR,NCL
BIS,BTR
MII,VPS
CJB,MPH
KHY,MED
JGA,KAZ
LEB,PIH
YFO,YQT
LGP,OLL
BKY,SEA
CJL,TWU
AOS,CDG
FAY,HUU
MRY,XNN
ATM,SHH
KOK,URT
RAJ,RUN
NAH,YGP
SCZ,ZLO
ILR,YCD
OMA,WWK
PAG,THE
BHJ,YNY
GFK,MID
MLH,MSN
AGM,PAD
GLN,IVC
CUR,RIX
RLK,YYC
AVN,TNK
EIN,NBX
BRE,VDM
DJJ,YQM
CMN,MIA
KTB,YKF
HMV,WLG
SHH,WLS
DOL,MGA
AFA,PBD
XIY,ZEM
JIJ,RGL
MGA,WAE
CMN,NYA
CFR,KMQ
RTA,SAB
BGG,KRN
ADL,WVB
SLA,YRA
IWK,SCU
SHB,YVR
ESM,FRO
HMB,KLO
LNV,OKA
GCI,SYR
DOK,PPP
GDL,VDE
PEE,RXS
ISE,STL
YCL,YRA
DOL,GTE
AMH,GUR
DPL,PSR
EGM,SJP
SZX,WVB
FSZ,PGU
THX,UKX
YTE,ZCO
MFU,NOZ
FEG,ISG
CJM,MJU
ONG,PNL
EYP,TUF
LKE,OME
PIP,YGH
HBX,YZT
CSK,SSB
MYG,ROW
ANF,PKE
MDZ,PKU
GUR,SYQ
BOB,GCW
LOD,PEN
AOK,YJT
KME,LPM
CAE,RIX
YPC,YQX
SHR,YRA
CCV,MQJ
ATT,YKS
NAH,YAP
TGZ,TZX
BUS,LGI
KBP,KTG
MCE,YHU
LCH,MID
CWB,JGN
ALO,EWR
FRE,GHE
NUS,TBT
IRJ,YRG
BHS,GXH
BZG,YBC
CMH,YXC
DCY,YXN
CAE,FLW
IKS,KGE
DED,PFB
MSR,PHW
BWA,CJS
HAU,MZL
LHE,MSN
ABZ,KUH
CPT,KAE
FVM,SZZ
EKO,FOR
GYA,NGQ
CRL,CUK
GOH,SCT
BFD,JZH
GCI,GRJ
GOI,LDE
GLO,KKN
GCM,MAO
AJA,NRL
BGG,IQQ
AGA,VRA
NBE,SRG
BVB,EBL
BNS,YHP
OXB,YTL
PRN,VLY
BDU,LAW
BDO,FUN
JIK,TLA
PWM,XRY
ASE,TIF
EJA,YNZ
ABV,ZSJ
GOU,WUA
LBL,ULP
CRL,HJR
ORI,TUO
JQA,ZGS
DMU,SXK
IEV,PKY
MXL,YSG
CDJ,FNT
CGD,ULH
SJJ,TRI
JGN,REP
BRU,WDH
ANV,KSU
BTJ,YUM
JUH,KKH
MZR,TBB
AAQ,VKG
IRA,TPA
BSR,ZEL
ICT,KCH
BKK,OMR
EUG,IRC
NTE,OUZ
EKO,QUW
EGS,YFB
AZO,HNA
ENH,JOI
BNY,NKC
KAW,RES
SGU,YNO
LBA,RCM
BTH,PDP
ALA,LOK
NTG,YAX
PLQ,STX
BKG,YYU
GAO,LPP
PTJ,YPN
MBA,YFC
KAO,UDI
LOK,RGN
JST,KWI
MCN,PED
BSG,SSJ
JSR,PSG
FMO,LBJ
BGW,GUA
LFW,TUP
MRA,TUR
AXA,PUM
OLH,PKN
ASM,ILO
AUC,LBB
KYP,YNB
GSE,LVI
CEK,EEK
EYP,TME
ALS,KYA
LSI,SVG
OUD,VNX
GGT,NVK
GEV,YCY
IUI,NBS
OSY,SXB
AXR,YDP
ADE,YSY
MQH,MSZ
BLI,PEZ
APF,FLR
BDS,RES
RIX,YTH
ESU,IGA
JUZ,MUN
GLT,WDH
CYB,MAB
IOM,TEE
LTN,MTR
BSS,KDI
IXC,RSU
KNG,KOJ
KKB,TFI
DUD,SNW
BOO,LMN
OGX,RIB
BME,TLJ
MMH,YAT
CMH,ETR
CTA,OVS
PLJ,PLZ
PSR,YOJ
FEZ,ROR
BRQ,ERF
SPD,YYD
KLR,SCC
HFT,JKH
HTN,KBV
DJB,KKC
KUZ,OIA
MSR,YEK
KGQ,MLB
OMA,YMN
MMH,SBA
AGN,SRY
BAX,RKS
JNU,KHQ
BEN,LPI
TGZ,YUX
IOA,TAP
NGE,OGL
TUO,URC
DZA,GEA
BOO,CKD
TKU,YBG
PPQ,SVP
LLF,YTQ
HIN,MDZ
AXU,LCR
CGD,PKZ
IGM,SRX
OLF,RIC
AUC,TJQ
GJT,TWU
LPI,MQN
CMX,RXS
BET,YPH
HUX,PWE
IOT,LPY
PAT,SVX
CMI,SLH
CLV,MZL
CUE,VDE
FNA,YGX
JNX,MOL
CAY,DGO
HDS,MMB
YEK,ZGU
ISP,KGI
HDG,RDV
GRO,SAX
AOO,PPV
GFN,PEK
ABA,DWD
LSC,OAK
SLW,XKS
EYW,MWA
AXM,KSN
KTB,PQC
KDO,LEN
ESD,KMI
KSD,PVU
MAG,VLV
EGX,YPY
ATA,SIN
CYX,TQL
EYK,IAM
GYS,TOU
BZG,PEZ
KGP,VPE
LJA,NVA
HET,YIF
LFM,RSA
MBL,TLH
CHC,XSC
GXF,LRM
MRD,TOH
KCG,TMJ
RYG,SMI
APW,GOT
CPE,YHR
LPM,YZT
CAB,MCE
BDJ,FLR
MOU,VAO
AAQ,VLS
LGW,SRX
TAI,TSE
NER,URJ
CKB,RSU
BKW,NGK
POG,YGT
KGC,ZQZ
AOQ,LEC
CAC,GDL
AVV,LTI
AJL,XNA
MTE,MWF
GIB,GJT
NKC,VAW
DAC,FOR
DMM,HDM
CAG,PEC
BEB,UPG
OKL,PKA
NYU,PNH
HNH,MGB
MAF,PER
SRE,TXN
NOS,OBU
SZZ,TTT
KCT,VEL
GJT,SRK
BEJ,WHK
MXL,SUG
JGD,MUK
GEV,TLJ
PYJ,TKP
NVK,RKD
LQM,WGP
AUH,RGI
CDV,MRX
SOG,YYH
SBP,TGC
BGG,TUL
DPL,GHT
POS,RRG
BLL,DNR
PEU,UTP
BCN,PUQ
BBN,SUF
HAC,YVM
BVG,OAX
GST,SHB
BWA,QRW
BZN,HYG
AQA,CPE
TWF,YMT
BMA,NZH
CGR,TNN
MGS,MUE
ODN,PNP
ATW,MMJ
EUG,XIY
ALG,KRY
MBL,WSN
FLN,YUS
CZH,OBU
DHB,ZCO
EWR,LYG
DBA,RNA
AZS,OSL
CRM,MOD
AQJ,HMV
ATD,GIU
BWI,KUA
LAI,LXS
NRK,TWB
BHQ,NAP
LDH,SAE
RDV,SLN
PMY,VST
KIT,SFT
HER,STL
ANU,ZLO
PKA,ZTB
BET,UNN
FKB,JMU
KTW,ROV
HJJ,QRW
STM,YUM
BAV,COD
IGM,KOP
MNL,TID
IGM,QUV
GNY,YAP
CDV,OIA
HUX,KGE
HYA,NZH
ORV,TLN
CPH,HFA
RZR,TLS
MYT,NEV
SOC,XGR
KLR,TCB
IDA,NAG
KEF,PUJ
BAZ,ULH
CPT,MEI
LRR,ULO
LPA,YZS
RGN,SLK
NCU,TLE
CAJ,NTG
PNK,SHD
CDJ,MBE
LSI,MHK
KND,YYR
FON,RBQ
DEB,LIM
AOI,JMU
CPD,UNG
MCZ,XMS
ITO,SAN
FVM,YZS
ANM,ZQW
SDN,SLA
DBV,MCX
XGR,YHK
IAR,PDA
KOV,YFS
DYG,ITH
IKA,SZA
KIT,KOV
IAM,RNB
HET,LGW
ARH,PPQ
GMO,SJP
AMS,DUT
BZG,GNU
CKB,RUR
GOT,VVI
CPE,SRV
AMM,JEG
BGI,CLQ
BGF,KRY
HVD,WKJ
SAW,YZZ
LBS,PHO
PIN,PIX
SON,UGC
BHO,KGI
CXR,RBQ
THD,URJ
PHO,SZI
MSJ,YNZ
AIT,MCI
KLO,RIC
PER,PGU
DED,LIG
ABZ,HIR
ILO,LCY
JCK,TRK
CGB,GYE
CDJ,JSH
HRB,JIJ
MYQ,STW
AGX,CUC
IAO,RSH
AKU,YPX
EWN,YQQ
BUD,WTK
CKY,PQM
EVE,SXO
YAT,YMO
BEY,LCR
EVE,KHQ
MRU,URE
GSM,HOU
NLG,SJC
KYU,VAO
LAM,NCL
CGN,KIX
HAU,NOP
EBH,HRL
JNX,NAS
BEL,JFR
CHA,KOI
HYL,SVD
KTA,YVP
ARM,SCN
NSQ,TVC
DTW,GDE
GZT,JFK
ODY,OME
AXM,RAB
AXU,VPE
MUW,ROK
DIR,ELU
KZI,VPS
DRO,TEQ
CKY,SMX
SFT,YKL
IAD,MQP
PCL,SOM
CYB,LRS
RPR,VDM
APO,TQL
CHA,POI
STG,YCG
BFS,VXO
MCZ,WUS
GGW,MRU
FDF,OGD
GEO,PRA
GOU,LOE
KKJ,SLP
BSD,SAH
RJL,YQR
NAJ,TRF
BPX,HPN
BIO,ELG
NCE,ORB
ABJ,ELV
TCD,TUC
RIW,WNZ
LSI,YIN
MEM,SVP
KGX,SNW
UUA,WYA
BBN,BLD
KFS,YZR
MOF,TIV
BWK,YPN
RIA,SRQ
RLK,SAB
INC,YIW
KPV,PNP
CWL,SID
JUK,SCN
LWN,ZKG
AXK,PNQ
DNZ,JUZ
KOP,LPL
ORF,QSF
HOG,NMA
CMH,HUU
CCV,RVE
PLM,SSJ
HHN,MSR
AEB,YAK
JKG,RST
KAE,PGD
OOK,PDA
MTR,TFS
GTE,PMY
MHQ,ZFN
KGX,NQN
TIJ,YQZ
ADZ,MIA
HAJ,NJC
HEL,WNZ
AWD,HFA
AGX,YQM
MCG,ZTB
GEA,LYA
AJR,EGX
ACU,UCT
CTA,MTR
RHD,WNZ
ABT,ZHA
DTM,EAU
ONG,RCE
HIB,LMT
LEC,MZV
BHU,BTJ
KTS,PHC
KUD,MSS
MSO,YTH
BUC,HAM
KRS,TJQ
CNF,KSM
HRB,YGJ
MRX,PNR
NWI,ORB
CAL,YUB
OIM,SDE
IMP,MAZ
EVV,HOU
EIS,UFA
ETZ,SSB
PTP,PVR
ENU,KKI
HAM,TBS
KIF,QUW
EMK,GGT
LKB,TAH
MTS,PAZ
ASV,ORD
AYT,GRI
MPH,PTG
JOI,KYA
DNZ,ESD
IVL,ODS
BYN,HAN
CJJ,JHW
TLE,YRB
MHC,OAK
MOU,ZCO
NLD,SOW
AKK,CDC
CAL,HAQ
KOA,TGR
AIA,JAN
GRX,KZN
BKZ,JHB
GDQ,OVS
NER,VBY
AMM,BHV
SMR,YZY
BNA,LLF
CGQ,CHG
HGH,RJH
AEX,IMF
IKS,IPC
HSV,SEA
HAN,YQK
IBR,NQN
CUL,YNY
HAU,MEI
IJK,JQA
PMZ,YOP
MMU,UNN
CYO,ZIH
FRA,REP
LKO,SLY
EBH,LET
EAU,HOF
IXM,PKA
CZE,KBV
ADZ,STI
DJE,MLA
AAX,RIG
BKO,LUQ
CUU,VGZ
BYN,VVO
HYG,KAN
LAQ,NER
WUH,YPW
PPS,YQZ
OLA,YMM
KCT,MLM
ANF,COR
CLL,ZFM
JIM,YFJ
DIB,YTZ
AKF,OGG
HYL,MZR
BZE,CKD
BOG,SDL
EIS,JAC
SFB,WAG
PGV,QJH
GPT,MSY
TPE,YGP
KGE,YPO
BVE,PAZ
AKI,FMN
YSJ,ZAZ
ATZ,MUN
ESM,TAI
BFL,REP
TVF,YLC
KOT,PPN
FOC,LBJ
XCR,YRT
PKN,SAL
GUM,SKE
KVD,MHQ
AJI,HAU
YBL,ZSA
BTS,PVE
ENA,LUX
DLH,MBT
SLM,ZQW
ODN,TYS
CXH,TRI
FDH,MQM
AOR,MKQ
MMJ,ROV
RFP,YRG
LGL,ZNE
HIR,STV
BDU,ZUM
BJX,VIJ
AXU,DUR
MCN,SBY
ALS,YPO
EWR,FLN
HBE,YRA
DDG,VBV
TMW,YOW
SVD,TGJ
EPR,JOG
FOR,RZR
APO,PPT
ORH,RVK
AUX,TAP
BCN,TGI
LAD,RGN
BJL,JHM
LAE,YZZ
PKB,UIB
INB,LUH
INZ,RVV
BOY,IUE
TVC,YYG
JRO,MVR
SZE,ZYI
CYF,SXX
HRO,PHO
ABY,AHN
AZS,KSF
KHG,PAV
BQN,EVN
EFL,NTQ
CZL,EDR
SLC,YOJ
BKO,HAS
GAM,HOE
ACK,KYP
CZU,DRS
ETR,GYS
DMB,YIF
PGK,YNC
CHY,OLB
KNU,XBE
CJL,UGC
BUN,FBM
ASP,NNB
KVK,LPS
CUK,IRG
OBU,TJQ
CLE,YVZ
CZX,TOG
DND,VBV
NDJ,OTZ
CUK,ELI
KKI,MQJ
DAR,FRS
AMD,ITH
CUK,KAO
FMO,LPA
TGK,TGR
CYP,SOQ
NDR,PSP
KPO,TJQ
ANV,YSO
LTX,TRE
AOQ,DHM
CWB,OKJ
CHC,MOU
KEM,MXP
CNJ,YXS
KRT,XKH
KCO,KRR
KNU,VEL
GFN,KTG
DJJ,KAO
JGD,YFA
PDL,SDR
SOY,UBA
TIJ,YBC
AXD,UTH
LNE,NLK
EYK,GNY
CID,YFJ
FNT,TMJ
BHS,FRW
ISB,TSJ
HFT,YGJ
CGH,NPE
PUJ,VCA
IMF,NSK
CLO,ORX
KER,WKJ
BVI,YAB
DBA,HBE
HMA,SAN
SQS,YAC
FDE,URE
NDU,YQX
ANR,SVX
LXR,OLF
DKR,YKT
UYL,YQD
BRC,EUX
IGA,NBC
CRI,YKG
BRE,GNU
MHC,PLS
GFK,ZOS
MIS,SCC
GRK,PIP
CZS,KVG
DRS,DTM
DUS,SGN
BHH,WEI
AFA,ZMT
KKH,TNN
STW,VGZ
SOW,YHI
VGZ,ZDY
BGI,RIA
FSD,YIF
BHK,ENE
FUJ,LSE
DIB,LEQ
MHD,UUS
KRT,SAW
FVM,SDU
DZN,MWX
CGP,LMN
BTI,MPH
CZS,ZBL
BME,WUA
EGX,HKB
SWJ,TVU
KLL,NGS
HIB,TTA
AGR,DSM
CIH,ECN
FMA,LIR
MLE,TAI
MGZ,TMR
PSG,PYC
LHW,PBI
GOH,SRP
NOS,RMF
WHK,YKA
BKZ,IOS
MRY,QUO
VAO,XMH
BDJ,CIH
ENA,KZS
ESC,RJK
HOR,KSD
BJX,MCG
CZU,TXN
JKG,VCE
FUE,RNL
TPQ,UME
RST,SVI
OSL,WWT
HTA,TAB
IZA,KIR
HLZ,YSM
JGD,YIN
ARC,JNU
JUB,YRA
HOM,ZSE
JST,TTJ
MED,YER
MGM,TMS
CGA,YXP
AMA,CPH
GRR,YKQ
AOJ,TSV
PLQ,YDP
TAI,UEL
NWI,VAI
BNI,KNG
MMB,YZS
MHG,TLT
ITH,MBA
GMO,VUP
BVG,DIN
BEY,PXM
RTW,WEI
OAL,VCA
LUN,THX
CXF,TTE
BQS,JOL
OTZ,TAO
ETH,WNR
MTE,YLH
ERM,IXG
FEG,NDU
KPN,MIR
SKE,YLH
TNK,TNO
BZG,NRN
JOS,PRH
PAS,TGR
ENU,LLA
ICT,IGU
CYZ,ZYI
IXZ,LAD
BMA,SAX
MZL,YWB
OSY,TBP
AZN,SJK
CHX,LCG
SJK,TML
BFJ,GLA
GDX,KSY
EVN,HDS
CAI,SRY
BIS,OLB
AVN,MTE
AHO,DNH
PUE,RUN
NGE,VDA
IAO,MAG
FMO,GPT
DJJ,SGC
OGS,WLK
RGK,UPK
DIU,TJA
EYK,MSU
GIG,SVA
GST,IMF
PAD,UUS
FTE,YKM
FWA,PPV
AZA,DRK
IRJ,RZR
JIK,PKU
BSL,JOE
CIA,IZO
IUE,TZL
CGH,OUA
NRL,TME
MRE,UDJ
KJA,TIA
BHH,JAI
PIP,SYM
URE,VLS
BGO,OGM
KCQ,XTG
ADE,TOE
ALB,MYA
ACT,KAA
BJA,GRK
REG,TAI
AAE,MIG
BMI,EAS
NOJ,VDB
IAM,NIM
GBE,PRH
CFC,TRR
BKG,LED
NTL,OMD
BCD,SAB
QBC,YKT
CKD,KKB
LWO,MVD
DHN,MVR
PNQ,TUG
CPE,TPA
PRA,YAY
DMU,FLN
YQT,YVP
MGS,RUR
GAO,YKG
MVR,PXU
PLZ,SJO
TAE,TKK
GGG,TUK
KSA,KUO
LYC,PEC
SRV,YAY
QOQ,SSB
BHR,BWA
AUS,WLS
MKL,MLY
CUK,TAE
KOK,RGL
GCC,YUD
UII,XQP
CMG,FOE
PHF,ROW
CGK,CNP
PMI,QFX
LAW,LIG
WDH,YQQ
AJA,MYW
FAV,KGP
LYR,SSB
MJF,SKD
KFS,LNJ
PRA,UKB
GRK,TTN
GAM,ZIH
INB,MEU
JNU,KOI
FDF,IFN
PNR,PYC
ILI,MLU
DAU,JUJ
CXJ,WYA
MSS,WLH
CFB,KOC
KUN,MXL
HCR,YFS
CEI,QUW
BFF,YYB
CMU,WWP
LPI,SHE
VXE,YUL
BEB,RES
YPR,ZMT
BPS,VUS
CWB,PPG
MCG,TEQ
AGR,DOY
AEB,TNR
MME,SEZ
LIM,PAH
BOD,GCH
BCI,LAI
AXA,OUD
IAG,TIH
GYD,MJM
LTD,OTZ
ECP,NAY
CFR,KUN
LST,YPN
GWD,YSY
ACY,SHA
MYU,PZO
GAE,RMF
PIH,RUR
SLH,XIY
ADK,JGS
IPT,KLO
GNU,MXP
HID,ZLO
QFX,YWP
AJL,NDB
MVR,YUB
DOM,IXS
BLL,SRA
EBU,PQS
CNS,FRS
MDU,MQM
ODY,QOW
CUE,YKG
BAQ,FWA
KGE,RSW
NHV,RKD
BKS,EQS
AIU,BGF
KGD,KHY
PVA,TGO
BAQ,ISN
CKD,NYT
NLT,SLI
IIL,PMY
NOU,VIG
BXR,NAP
MGW,SDP
MRD,ZAL
GDT,KAJ
BIQ,SVX
ESL,UTS
LEA,MSZ
KWK,YYG
PPS,WAG
BRU,NDJ
AMQ,NVI
IPL,PEC
IOS,RSH
HCR,ZBR
JHG,YYC
LDU,NQU
FRA,MMX
KKJ,SYX
AUK,LBU
LTX,MYR
CKS,LDH
DEF,SDN
BES,KWA
DJB,LUN
BFN,STG
CGA,KWN
CKX,SVA
GSP,YRA
AOI,LJU
PFB,PVK
AAX,OGZ
MBT,PUS
GYN,YTQ
GNM,MDK
ACI,KTG
BDU,YQB
EMD,JMK
IPH,PAS
HKN,VCL
ATY,GBB
MAS,PDS
ASU,SDN
GYN,PNR
EOH,SYQ
CAP,PVG
AMM,LOK
DHM,VEE
DMU,LUK
LRE,ORY
HMV,VVC
RES,SNW
BRL,ZAZ
GUW,KUD
IOT,YEV
GMP,YLW
BVC,MAG
LHW,LMT
LUH,TOY
CYB,GUR
GIL,MIR
ELU,LNS
JST,SGD
SVI,WYA
TOS,VNS
ALW,ANM
KGD,TNC
AGT,GCK
BSC,PAG
AKF,SIT
SYQ,TLM
FMI,MGW
ACA,DSA
LGG,VAO
JMK,RTB
GIU,SHW
CGB,PEW
DYU,KEJ
BRQ,EAM
BOH,DAC
PAP,TEQ
SPN,TLE
LSP,MGH
DZN,OGL
ASP,KTT
MEM,ZAZ
KTA,YBP
HYG,MEE
LVI,VLL
BNS,RVT
AIT,KRP
MVR,UGC
MEH,SMK
DJE,ZTH
ANI,RDU
ESL,PAV
DEA,KKI
GRO,JSI
THR,ZDY
ELG,VBY
LAW,UTP
DCN,KUV
DIB,PKA
OUL,SBA
CDJ,TRR
ELI,VOZ
NAG,YKS
BLZ,ZGU
MIS,PIT
LNE,SZZ
AMA,TRE
BES,MOQ
ACE,FAO
MWX,PKR
JGD,KTM
KWK,PXM
DWD,OBO
HAH,JNU
EDL,IAO
CJC,PSM
HOV,YQQ
GUW,WMR
FAI,TKX
EYK,ROP
CCF,LRR
FCA,NOZ
SKK,YNZ
WNP,YGH
CYS,GSM
LUO,SRX
MYU,POM
SMF,UET
KCK,LYR
ELV,VCP
MOL,OGS
GSP,JQA
LPM,NHV
BIS,CRD
KHY,MDQ
BHO,OLL
AUQ,HRB
ILP,RHD
IAG,ORF
LFT,ZFN
CRI,YXJ
VLN,XMS
IND,KHH
PIB,YXH
IRK,OSD
HOM,LTN
RTM,ZIG
BTH,DEA
BME,NYI
MQF,WVB
NAV,VUP
BSA,UYL
YCL,ZCO
JJU,NKG
UNN,YAM
BMY,MJZ
KKI,QUB
LAP,MHC
CFE,KAA
RFD,TUK
KBP,RVT
BEN,GYD
MEG,YFC
HKK,LTD
ARN,MMB
CUR,SPU
IBR,TPE
RLG,UDR
ADU,VDE
AYQ,JSR
LYI,PAD
DHM,WSX
BMA,NCL
VCL,YQY
HKB,JNU
FRS,LWS
ORK,YXP
KQA,PBH
GGG,KRS
DUJ,YRL
DMU,EDL
EJH,KVG
NLK,YQG
LAS,RDV
BFQ,TOB
ERL,FSP
HOM,YAT
KYU,TGR
MSQ,YYY
NLA,QRO
NIB,ZBR
DOH,PWE
ABY,UTS
MRU,TJA
AAY,MOI
CAG,CEG
BQB,KIV
ATW,IKT
NOJ,WVB
CMW,JCK
ULV,YVM
HET,OMD
AGH,AUS
BFF,PGU
CNX,HET
BIO,GYN
AUA,MBL
FSP,GHE
AHE,BTV
AAT,RAJ
ORU,RVE
BIA,RIY
BMI,QOW
PSR,TNJ
BKY,TRZ
MLN,NNY
KMS,YPC
INB,TAI
ERC,YHI
EYK,LWY
DIN,KMQ
DKR,LHE
PDX,ZEL
KUN,PCR
OCC,RVE
CSK,GZT
HAN,YKF
CCK,MNS
RHD,TMM
MCM,WVB
BUF,FRS
NOP,PUF
LNV,TPP
DXB,IIL
MTY,NYI
LNY,POR
KRN,LEN
PMC,VTZ
EDI,FMA
HER,JAC
RCM,YNP
BFI,BPL
LPQ,TAL
CPV,SHC
BPX,DSA
CNY,FMA
LIM,TIR
DUJ,MAD
JGA,PVH
DAB,TSV
SNW,ZRH
INC,PBZ
EJH,RSD
AYT,PLM
HLZ,PHF
GGG,SNA
LNS,YER
CMH,DBQ
ELS,XKS
VAW,YCB
FRU,VLL
ITM,KVL
BDB,CHA
AET,HAS
KKI,LBJ
LHW,LTI
CPT,JHB
OMS,YOW
SYO,WNN
GOU,ITH
SLL,YZV
KMQ,YBL
HTY,KUA
GES,YCS
YBG,ZCL
HLA,KTL
GYE,XKH
NPE,YZG
DAR,THR
LAW,PEK
BGM,ODY
GMP,TBW
IPC,RIG
CAL,ZIG
EBJ,THE
NSH,SVO
BIL,BMV
LYP,RMT
MSU,YOJ
IUE,QBC
DDC,PSJ
MSY,OZZ
ILG,NPE
MCG,RTW
TDX,UIB
OOK,PEN
SLK,SVJ
IGU,PPP
ELG,LAP
PNZ,VIJ
KPB,MMH
BRU,NOS
CEM,PED
MZT,YXS
ABT,IXU
PVU,UBJ
GSE,HSV
MTR,ZQZ
KWE,MTE
MNT,SHP
SKO,ZUH
KUV,OGG
RCH,YLH
IXC,RRG
CCM,KLR
IOA,YPC
ABE,BZL
ELD,PDT
CEB,PHW
PXU,RSD
DNH,VAR
AKY,LAU
CGY,NAN
DHI,LGW
KWK,KWN
CAJ,TBB
GGT,PER
FUK,SNN
GTR,TEN
BNE,GRQ
HMI,IAS
KKA,PSO
CTM,ELP
GDV,RXS
BQK,RGA
DRW,MQM
BHU,JUK
AYQ,BWA
CIZ,ROK
HVB,NHV
NDY,PVH
HJR,MGH
BEL,EGX
NLT,ZNE
HLN,PHL
KMI,UAH
UAH,XNA
FLN,ISE
KLG,MCY
BGM,HTA
BTM,YHD
KLV,YZS
LCK,PEN
HON,RDU
IAS,LET
DLI,PQI
CLT,LCY
NEV,VTZ
DND,PAT
DMM,LAU
ADL,SKZ
MXV,YGX
DJJ,NGS
CRK,FRE
KRK,OKA
CSK,PWM
KDM,KHZ
PEM,YQX
XMH,YYQ
CID,WBQ
BGG,FRS
HIN,NIM
JST,NJF
ERS,NTL
KHG,TLH
IPN,YXL
KZO,LEA
LPB,NRN
GYA,SIP
KZN,YBG
GLF,MSU
BMU,ELL
ILI,ILY
GEG,KZB
CMN,WIL
BTU,RAP
CBB,JED
CRL,PDT
LAU,VKO
BUX,GYE
LYC,PGX
AMQ,YBL
NPE,STG
URS,USU
IBA,MAZ
SWA,YZR
PZO,YBG
JTC,ORH
QUO,TFI
BEN,YXP
MHD,YQL
GHE,HOF
LYG,SOF
ETZ,LJU
CNY,RNO
SUX,YNP
NOU,RJH
AGB,IRC
SYD,ZFN
HIB,YHK
GOV,HGN
DLH,YXL
BDU,DIY
JUJ,NUE
IPN,YGR
MPH,PAS
KGL,SPC
TIZ,TLA
BRL,QOQ
CIF,VDS
LFR,VIX
ISG,OZH
MKM,MTY
AEY,NLK
HTN,SZI
IQT,ZCL
MAB,SOG
QJH,SDP
LXR,TRG
HOV,MSR
LLI,ZNZ
ETR,TUR
MTE,TCQ
NUS,TSA
UTS,YFO
ILI,STL
THS,TJQ
BMI,HIR
AZO,KWF
GUC,TUC
INC,IPN
JKG,ZRH
CJU,MUW
KSM,SKP
DMD,WNP
EGE,PHE
FAE,KTB
OIT,YLL
CCF,SML
AXR,FUG
GUR,OLB
PAP,YLH
REU,SMS
KLR,NBX
BGI,POZ
IQN,NYM
GNU,XFN
KIF,SHX
ATW,LUG
MQF,UAK
CSH,FLG
SVZ,THX
ELP,YPN
FLN,HVN
BZE,UNN
FUG,ONJ
BNK,USU
JIJ,URS
GMO,URA
EYP,KBL
CBS,TSV
HSN,KYP
ETZ,LLA
BHH,YWJ
FSZ,ULV
EMD,TZA
BZO,LNB
HTS,OUZ
CHO,RBA
VCP,ZYL
EFL,PNZ
AKJ,SFO
HSL,NMA
HRM,OOL
IAD,ULV
CYZ,VLD
AVL,SDK
CLL,LWY
DUB,OAX
SRP,YZR
NLA,SGY
FRD,YVM
MQM,ROA
FMO,YVR
HOD,NRK
BNX,HAM
KMS,RJH
KKI,OKC
HYG,SVI
GMR,PZI
JKL,JQA
IPT,LST
PDT,PUU
EMD,PLZ
ASM,FNT
GES,VNO
SOG,ULH
NVI,TCB
SLL,ZLT
GLA,IWJ
KND,YUX
KKN,SIC
CWB,ZFM
GJT,PKA
CBT,LLK
MTJ,SID
AGU,XIL
ILO,SKO
HTI,VXO
GDV,VAS
HUY,OAL
JLR,KCG
AZS,YNT
LUQ,LVI
CZE,PSA
NCE,RDN
FUJ,RUA
KOK,RTB
BZO,EMD
KTB,SJU
IBR,SBP
HKT,TWF
POA,TMS
JGS,MKP
WMO,YLH
PUE,URA
BBN,WGP
GLV,OOL
CXB,KQA
AVL,SPN
MSQ,TAS
HFT,SON
URT,VCE
IQQ,KNQ
EVV,TXN
CYO,POS
SRQ,ZVK
MSA,OKA
CZH,SCQ
LOP,YNO
ILG,YDF
DAD,ZKE
HDS,NLD
PNQ,PSJ
CCV,DLG
LCK,WRE
JSR,YLE
GIL,LIL
DRG,GJA
DLZ,MXL
GSE,WBM
CTC,PBI
CRD,SXK
EGE,YRB
IPH,PVH
ENU,KZO
ABS,OUD
KVK,PXO
WNP,YER
CFR,EJH
LBF,MFR
HNA,LWS
NTN,PJG
GHE,KRO
HOF,OOK
CIY,POL
BFD,DGA
DBA,KTA
SDP,VGO
IDR,LEH
PVC,SCE
KWT,YAA
FNC,UIB
CJB,TTN
BJV,CIU
RDN,VAS
AYT,ZKE
LNV,WUS
OSL,YFA
CGQ,LXA
LPA,RSW
EVN,YPW
MJU,OSM
CBT,MEC
ESB,NOP
FNI,IWJ
LRE,TKU
GRX,TVF
KUK,UCT
MRS,SOC
PSM,SDN
RIC,YWG
BEL,DFW
BDJ,IZA
ATW,HON
CJB,MMB
IPA,RUN
BRE,PUF
KMS,YZY
OLA,YQL
KOK,SKG
PXU,TQA
ESD,LSY
DAV,YZV
LDY,SNP
LYH,RUH
RKV,YGR
GMR,RKD
HND,LUK
HSG,YKA
NQY,WKJ
MSU,OME
YAG,YXY
ASM,MCV
SFJ,YVZ
ARH,SEZ
KGF,MVY
KPO,VDM
BLA,YIE
BAZ,OSL
GRQ,SXB
AGT,SGG
CZU,NOU
BFL,NKC
BMU,TUG
AKL,TMS
LUQ,TGJ
HPN,LYB
SJP,SVA
BKO,ZBF
NNT,PNR
DXB,WGP
JDH,LZO
HDS,RGS
RDM,SHH
JIM,KIT
CHS,HOR
AGU,SUX
PPW,PTY
DVO,IUE
KWE,YTE
DEE,DOB
LPD,LUG
MMJ,TCB
AIA,PHF
MIS,ULK
HAH,HBX
FMN,ZHY
EGC,OSY
CLM,MPM
TDX,VGA
SVU,YBG
CHY,SLY
DLU,UPN
ICI,PFB
DHM,LPS
KDO,TKJ
AKU,DBO
TNA,YRT
JCK,UAQ
ESB,VBV
BJB,MZL
NZH,SGD
ACX,SRK
HSN,LAS
NAP,PFB
MYY,SJI
EGX,MXV
IOM,SPN
DBA,KWN
EXI,IPH
DIB,ILM
AQG,SYD
RAB,SPC
YNA,YZY
AXK,KUU
HYA,KUH
KUV,NYK
AAY,MPN
EXT,GIB
KYZ,ODN
NJC,RGS
BCV,GSO
KIV,LCK
EQS,VAK
GDX,RDC
HUH,KYU
MQX,SXI
TSH,WRE
BEL,SNN
DHN,ZSE
CAC,XMS
CRD,CXB
BOC,KTW
DME,YKQ
BIQ,HAU
OHH,RIA
EMA,TBZ
DBQ,NTX
DHM,KZI
FSM,RGI
CCU,LUN
RSU,TIZ
BDL,VOG
NKC,SXM
TGZ,ZAT
KLX,YHI
HYD,UBA
PEM,SAP
VVI,YLL
BWA,MBE
FLR,VDZ
ASR,ZBR
CYZ,URT
ISN,PSR
QFX,YWH
PBC,ZVK
JGD,KAL
GUA,IMT
PLM,SZB
LMC,TGP
ARK,WGP
HAS,MSW
MYD,UKB
EAT,VLV
CGY,UPK
QUO,YAA
HHH,PUM
GNV,STV
BDB,HOF
SJI,SLZ
MOQ,NLA
CRK,HSG
SXB,YRB
DLY,YTL
MAB,OND
BRE,BTV
RYG,YLW
AIU,CJS
HCR,WNH
GMZ,LCX
MSZ,SRX
CTM,FDH
NVK,TZA
BSD,HOE
MQF,TFN
AGU,CKS
HTS,MJT
ELS,YOW
JNG,NDY
JXA,LWN
SRV,VDC
CBH,TKJ
IPN,KKB
IGG,SKT
FAY,TJM
PQS,VNO
CAL,SAH
BMA,CAP
HRL,KNS
JUB,SHE
GMP,PHC
KSU,YOP
KTB,ZCO
GAL,YTE
IKT,OGS
CUQ,RYK
RAR,ZIG
TUO,UPK
CKS,RAH
TMC,VLL
PLN,TTE
LBV,SVD
BTH,CJU
DND,HTY
LPA,QFX
IRP,VCT
BVA,SKU
HTA,ZFN
CHO,PNI
DHI,LGP
BHE,JHS
PHB,TMC
KWF,ORX
LBV,URY
EYW,PIA
BJM,PIA
GOT,KHQ
AHB,IBE
VNO,WBQ
LAZ,ROC
TRO,XMN
ASU,TJA
BNX,TBI
JCK,KSM
CYO,OSS
AMD,SMS
AOO,NSQ
KHS,PRN
JTR,KIF
CLM,WLG
LAI,TLS
JUL,KAL
CFS,NBC
GKK,NJF
EPR,YOL
SSA,YUD
JUB,NMA
HVN,TOL
BMI,JHM
FBS,LAD
DKR,JKH
JNG,SDR
JAX,KEJ
KWA,TGI
CPE,GAF
ATY,RAS
DPO,SYZ
BGF,SAT
DUS,RST
HGH,MYA
CGN,SGG
NUE,SML
CEE,PVE
HOU,KCZ
VLN,YXU
CSG,LIR
CYB,PIS
OSL,YYG
MEX,PEC
AEX,KUN
JTY,OMD
BLI,JAL
CPD,YYJ
BPT,KIT
IRZ,LOH
JKH,KPO
GEV,JBR
KPO,YUB
AZD,EVN
TLC,YOL
SKT,YUD
BSD,SHP
ENA,FLG
LCY,YNG
BSR,ROS
AAL,GRO
CAB,VOZ
NGK,PES
LUH,YCD
FLG,MOV
MLU,PSR
MJN,ZAZ
GCK,PYC
CJB,SJK
LRT,YYB
HIA,LEA
BSR,KYA
YMM,YQX
CCM,JFK
BZE,PIN
LKG,SFL
BOG,MSS
BCD,TRV
ENE,SFT
CGP,LPY
PTJ,WBB
PET,UNN
CIZ,RAE
FUJ,HSV
MRU,TPS
AXD,LWN
BMI,YXS
CMW,FKI
CKH,LFT
BEJ,YIF
BGW,BIL
DAR,TTT
MHH,TKD
HAC,SMK
CKH,MLB
CHS,CTA
IGR,TIA
KCQ,LXA
MWZ,PPG
ABD,DSN
HTN,TMW
ALF,WWP
IGM,UME
SMA,YBK
LAU,YXX
SAH,SRK
BHH,BKS
JJU,PLM
AAN,RDC
EWN,YYU
AET,YSB
BFQ,GDN
SHB,SVD
SGY,TPE
BDQ,JHG
ERZ,KTT
NME,ZQZ
GAE,IAR
KRL,MSU
FMO,GOA
KGF,MKM
ELG,IIL
HNL,PMW
GPS,RFD
ALH,FMM
BRM,GFK
CAK,WBQ
BYO,KZB
FLO,SRE
ADQ,HND
LLA,YHU
HAA,ZQW
CIY,JRO
KJA,SGO
NAO,YKT
HRG,UEL
CPO,KSO
BHJ,LGP
ISU,KVK
BBA,PBJ
PMO,SJL
HVN,LAQ
GKK,SJD
RGN,ROS
BAZ,MMY
HIN,NJF
AKU,VIX
ALA,RUN
ADZ,VXE
LGQ,OZC
KSH,TPE
ASJ,KHI
BMU,BZE
PNZ,ZAG
PNS,SAB
MLA,POM
BAL,KIH
BAL,EUN
CFE,XKH
SLL,TTN
BVH,HVR
MSQ,PZU
FPO,IPL
KUT,PAZ
PIX,TYS
PAH,RUR
DNH,POZ
KBC,PHE
MOZ,YAP
BCN,VAI
POG,SSB
ADU,LUM
AIT,LHR
AKF,SUF
BXB,PKC
CLY,KVK
PIS,PKR
COS,DND
LBP,NLK
BUC,VPY
KLN,TPA
AAX,RMI
BGA,KCO
BHK,YVM
NLT,SLA
BHJ,GBB
HFT,KGP
BWK,GST
AMM,PUW
AOI,AYP
AJI,KRS
BOS,TBG
EYK,YYB
LBV,QUO
MRA,NJF
PVR,VBV
CFR,OLP
LPM,PIK
BTT,YTH
KYA,LHR
GOQ,YZV
GHB,TUO
BPX,ZIH
CIP,DND
HAD,TOG
MST,STG
IBR,TUS
ROP,STW
ABX,DLY
OOL,ZLT
VER,VRN
GAO,PXM
BIM,RIX
BOC,SHM
GJA,MKY
CWA,WAG
DAB,ROB
ADA,LOP
KBP,VIG
BNB,INL
ACU,ASR
MUA,SLX
ESC,OZZ
CLO,SUX
ENY,SCW
CUE,HON
BDL,PIH
AIN,JNX
DJE,GWL
FEN,XEQ
AOQ,TTQ
BIA,ECN
FRE,PEZ
FRW,KEP
GDT,UBJ
DOM,KRP
NSI,YPC
KUO,YIC
JMK,TNN
MEC,NGK
MTT,SCN
ASB,DPS
BHB,RBA
EAT,JOE
GLA,MFM
KVK,YCL
GMB,TBW
KOP,VDH
DNR,KID
BLJ,PXO
ANX,NSN
SOY,STD
LUV,MGT
MPN,MYD
BHQ,STN
ANI,IOA
AOO,BHY
DAL,SVG
KGP,TGP
AOQ,CKH
GMZ,SBA
AZR,EWN
KSE,MAZ
BGO,KGF
GHT,SEA
AAR,SMI
AKI,CDC
HYD,RGI
AOQ,AYP
ACE,TOE
NDU,UMD
LYR,UCT
BEY,TEQ
DRG,KOV
PRA,VAN
MPP,PNA
GRB,MLY
ACC,VKG
MST,NYO
SRV,VHM
LAQ,YSY
TJM,TLS
ISN,JIM
AZD,PAP
ASO,ENA
EBL,WMN
BQN,RCY
KGQ,KMG
BHQ,CZE
ERC,KGA
DMK,LBJ
APO,NNG
BPL,FTA
JOI,YYF
WAA,WNR
BMA,PNI
GLH,XNA
ARW,OMA
DRO,YQC
CHQ,KEJ
EUN,QUB
TAM,UNK
SMX,TIV
NME,RFD
HAH,INV
AOR,ULG
OSR,YER
GPB,SEZ
CEZ,PKE
BTS,KZB
KMG,TPQ
PCR,USH
CLJ,TKG
PLX,SML
BUA,ORH
HEH,ZOS
YGT,ZMT
AUR,JSY
GMO,KWE
HAV,JHW
ADB,SUG
PMV,VDA
DLM,DZA
IZO,LPP
ITO,YHO
DYU,TJU
ADU,SAL
KOI,THN
GCK,OTP
DYG,UGB
MEB,NKI
CIP,TGZ
AIN,IAH
GOP,YWH
MGB,VGA
BUW,POS
EVV,SLC
MBL,PWQ
HSG,SRV
BQL,SDJ
AUR,KLO
SAH,SVZ
MLL,THX
DLY,WLG
VXO,YQD
PMZ,PNS
BHX,DOH
ALO,ELQ
HNA,MLM
LPY,OUL
EFL,GOV
BHR,SPN
JOS,YHD
VDM,YBX
AQA,LIN
BVG,GES
GCN,LLB
DEE,GMO
AMQ,VDH
LYH,ZUM
LPA,RUT
ELD,RCB
CKG,MUW
LQM,PKN
KER,TML
CIT,FAO
VCL,YFB
BIO,MEE
KSF,UAP
BIQ,FAI
KSY,OER
KLR,SLW
GST,LBS
MEH,YHM
ARI,UIO
ATQ,TSR
RMF,ZEL
MSA,YFJ
IAD,ULZ
BIR,KWA
MFU,VGZ
INV,MRY
BFN,OZC
ERM,RCE
AXK,EUG
BNX,RJA
BDL,SZX
ERC,RAJ
LRD,MLE
BGO,PED
ESB,GYE
LMC,WBQ
LCX,LDB
TEE,WLK
SFB,YPJ
CCJ,UVF
RKS,SBZ
CRP,PUW
OGZ,YIW
NKC,NLA
KRY,ZQZ
SDP,YCS
MVD,PVK
LEC,YCU
RNB,YHK
ANX,IXU
HSN,YIN
JST,TUR
GUW,PIX
DRK,LBS
CAI,WRO
BIM,HBA
AGN,OGD
EDR,YVQ
RET,TRV
HBE,PAT
LPM,TXK
GOA,XKS
ACY,SLA
CHU,VTZ
MSN,UTN
JOG,SFG
LJA,VEL
GMP,ISE
CHG,YYC
BUC,SZA
BRA,JUK
AGX,KAW
IOS,UBP
NDG,SYD
IPI,OUA
GCH,GEA
HNL,ILY
FRA,MRD
NKM,TMS
HRB,YAP
KCQ,NUX
PGF,ROW
COD,HYG
GLH,PBG
BRN,CJC
AMM,ROR
KTB,YEG
RIG,ZFN
MZL,SNU
SHA,YWP
GRB,MYW
POS,YZF
BQK,NUP
BZN,KTT
AJF,NGK
RTM,SJP
FJR,HJR
EBH,KYK
GES,TAB
ATA,YQM
CRA,PDV
CBS,TUG
NYK,RAR
ARI,BNK
PUJ,RIY
BUA,TAC
MMU,XQP
MRE,NGO
HOV,SPP
KCA,SCN
KSY,RSW
BSO,YXS
FAY,TAG
ORX,YZP
KWI,ZBF
MEG,TFN
ABA,MLB
ATQ,TOB
KWK,YHP
JZH,KXU
JUJ,PPB
ATT,MDU
CIK,WYA
KOV,PBM
AUG,SZG
BHR,CKZ
MVR,TFS
LBL,PKU
CRM,LPY
FKS,YPL
BYC,KEF
AFZ,PIN
BDP,MNS
SAP,SCK
JIQ,TKE
GOA,KLU
ISU,JQA
CUR,ZGU
FRU,KMS
ELH,PUM
NAS,YWG
BNS,IXC
GEG,WSX
NGO,ZGU
MUX,POS
KGL,MCV
IEV,RTA
KHH,TMJ
AZA,DMD
MCM,YQT
PUW,TRZ
FLW,GMA
ARI,SVA
MEM,YUD
KMQ,YYJ
SPP,UGB
BRQ,NAS
ERI,MOC
BET,TGI
BWA,IXS
AKJ,GZT
BEB,URG
ACR,BHO
UDJ,YHP
BOC,TAK
PBO,TUF
AUK,YPW
GDV,MFE
CZJ,EOI
PIU,SYD
CJS,GAM
FNA,VER
GJA,NJC
GTF,OPS
LTO,MXX
BWI,MCZ
KIS,WKJ
KKB,THR
FKS,MDU
VCT,WIN
FAT,IPN
AGX,RJK
BQK,TMM
CJS,NLA
FAI,ULO
JOL,PDL
GRO,UTH
EWN,SXP
CKG,YXP
KSA,PET
SUG,TOG
RMI,SLL
FYU,HID
LLW,YVQ
JMU,YGT
RAI,YIW
NOB,YUM
CLJ,KTS
AUU,RDV
MCX,OVS
KTL,NTG
HAK,PQM
ILY,MCP
BNC,YHP
LTN,SLX
CGY,FSD
LUZ,TST
EXT,KSD
CCS,RHD
GLH,LMN
LCX,VEL
ASJ,REL
DRO,HIJ
HFT,JFR
ACC,SCK
MAB,TUP
SPN,YTE
BIA,CAI
IXR,SGG
VXE,YBR
PZU,SCK
CLY,DHM
GEO,KCL
FLA,LAU
ACT,DSM
KLX,VIN
MLX,SDU
BHE,CEM
EGE,VIL
NHV,YOJ
BHR,RRG
PJM,SHX
RRG,YGZ
NAO,PLX
DAU,RXS
ARC,DJG
BDP,BHY
IAD,MNS
PAS,SPR
CHX,DEB
JXA,PLQ
BHQ,KDH
BKY,IAA
EDO,KOJ
GAJ,HAC
LAU,SJT
ELF,PUY
PRI,TCB
BNY,VKG
DND,KTN
IXM,OSL
PED,ZBR
MRY,RSU
LOD,TCB
SLP,YCO
BUN,PDS
FVM,WVB
DYR,OLA
CAG,TAC
CAB,TFI
AXP,PYJ
CJL,YSK
GAE,TSA
CGK,WRE
DYR,KAD
AKU,OOL
LTX,TOB
BUQ,YXP
MJM,OBY
JOL,KIJ
PSE,YPX
HAK,PQS
KNQ,NSQ
UTP,YLH
LGP,YQQ
AJU,INH
JOI,TLL
BJV,CRW
SID,YKA
ADA,SWJ
KIX,SUR
MYQ,PUM
ACE,HLZ
CIX,KUV
BLL,HGR
YPX,ZIH
BHK,YFH
PLS,WIC
AJL,HSG
ALF,MDL
CYS,MXL
BPL,RCE
GFN,KZN
DIL,VDA
GAO,PBI
AHB,YPO
GEA,TOH
AKN,EYW
LLB,OMH
EDR,MVY
GUM,VLY
ASB,CRA
NNT,PHO
BUD,RMT
LGW,PZU
EVE,RDV
OLA,SCO
WMO,YQQ
FRE,GFF
CDC,SOQ
JHW,LSY
BHB,MUC
LMT,TJA
IFN,YXY
PVE,ZLT
BSB,YPM
KRY,ZSE
CRL,DAB
CGR,KUT
DIW,MGH
MCX,MVP
GCK,OWB
LEX,PQM
KIF,ZAG
EYK,THE
BIR,KIM
OIA,RBV
MZW,ZDY
AUC,TML
AGT,JSY
CMP,MTE
PDG,TEQ
EJH,URE
INV,PVD
MAR,WBQ
MSJ,ZQW
DTM,VAA
TWU,WWT
JIB,NDY
AGH,HMO
DIW,PUB
SCL,TPS
IPL,RCE
DJJ,MMK
DBQ,RBA
AAE,SMR
DRG,KTW
ASO,UIN
DSN,MOZ
JSH,UAP
IPN,NOS
ACZ,ILP
LGI,MJF
HRB,SVB
SFJ,YFJ
CCM,TAP
MEG,RIW
GIU,ZIH
AUS,BQS
NAG,VRN
AOK,NAT
DAR,YQT
FLN,LYB
BKQ,TWF
CMB,PHW
GKK,KEW
WXN,YUL
EWR,HRB
ANI,GKA
OMR,RTA
ASP,LUH
BUF,YTQ
JHS,NAP
PLW,YSJ
AFL,TNK
AKV,PNI
ARN,TTA
PZB,SPS
NNM,RSH
KAD,URJ
BWI,JNU
KTB,SLU
GRB,RMA
AUK,MQN
NOS,SAV
USM,WMI
AAL,POG
IGR,JST
EBB,GND
JCB,JOL
HVN,MJM
CRW,TNG
GPI,YLC
CAN,URG
GLK,YPY
AVP,SKZ
ABL,NHV
BRR,LEA
LNS,SHL
KGT,MRD
LXG,VNO
BUZ,RZE
BRA,WSZ
BPN,HMB
DXB,PRN
CAN,ELU
BOJ,VPS
BLI,CZU
AVA,FRO
LPB,SHM
DLE,PUJ
EBH,PLW
OER,YNO
BEB,CHG
BKO,YTY
CNF,KKI
CME,PUQ
IPN,NOP
CUM,PGX
CUR,KSM
KAW,KCM
SRQ,TUC
ADU,ICI
APO,NRN
CCM,LJG
EDL,SKU
PIP,YXL
HPN,VDE
BJX,CZM
IXJ,JTC
BSO,TZL
EDI,YYE
MLE,WSZ
NEV,NYT
ASP,PKZ
CIZ,YQG
DIW,RET
RMP,YDQ
KUA,LTI
MFR,SFG
ACI,JXA
BQL,YRG
IWJ,SNE
CHQ,MOF
BHD,THD
HFS,NME
ENH,PIS
HAC,UCT
CXR,DYR
MSA,SZG
AMA,PHF
APO,YXE
KSY,LIG
LYI,TKD
DEB,SMK
NCE,RAB
GRR,SDN
HIA,PUU
ABT,ESD
MAQ,PUE
TGK,TGU
DXB,RTM
NGB,SCU
AQG,ASF
EGO,PFB
MGQ,VEE
UET,YNJ
MLM,OIT
ANC,ZRH
HET,TUU
FUN,ULP
HMI,PSS
ACI,SRG
HOV,ZGS
AQP,MOU
GTO,MCY
KCL,MVD
MIG,MSS
VDE,VXO
IPT,RCY
EDR,TLT
MRA,SIT
GNY,TOH
KLV,OME
BDH,FLW
LOK,TVU
HAM,LNK
BHR,HKG
MHG,YZZ
BBK,TIF
DAU,MHG
ANX,TUU
PHE,TYR
TOB,TUA
FMM,YXJ
HCR,YXT
PPV,TDD
OKC,QUW
LAP,PKE
GXF,RJL
GUR,TUB
JDH,UST
LKO,MWF
ELD,YKL
TCD,YHU
GRI,SJC
MCO,RSU
HAQ,KIH
LXG,UCT
HMV,LYH
EPR,TRU
KPR,PEZ
DIL,NIQ
NGO,QFN
PIZ,PSA
ABR,WAG
CXH,MXV
LWB,WTK
AKK,BUN
BQB,TJU
MXZ,OSL
KCM,RNS
KIF,LPP
CAK,ILI
PMR,ULB
HOE,OOL
AVA,LCG
DDC,KAE
EDI,TLL
WLK,XSC
CPC,TSA
EMK,ISB
SSA,TTU
NUX,RAB
AJR,DPO
PAT,PSG
SOC,SVP
IRA,RLG
SVZ,YOG
RBR,TPS
LXS,RIW
MEE,MGH
OGL,OWB
HND,WAG
CUL,KBV
LAE,OGX
AEX,IND
DLM,YQU
KID,VLC
ANM,BLK
CLT,TUP
IST,TRS
JHW,OHH
OTH,WUZ
COK,SYO
JHM,VER
FUN,SMA
ILG,VDE
JSY,VCL
BIA,PIS
KTA,UKS
LFR,MBI
KCG,OBO
GRQ,SKZ
BDQ,TFN
KIN,PLN
MFM,YIK
RBY,VLC
GWL,SXX
HDF,KOK
AHB,EDA
CEK,NDU
MRX,PMY
ARC,TUC
LAS,TTA
GVR,MSL
GMR,HAA
KNS,ROA
JFR,OUA
LDY,LEN
AEY,GDL
SOW,ZAG
PPG,YTY
EJH,YGT
BAY,PKY
DLU,WNP
ACV,NTE
FDF,TKD
BTJ,EVV
DEB,SPU
KDU,MVP
DAU,RAJ
ESC,NBE
AHE,BAX
BGM,PRI
SOC,SYX
TKE,YSG
DOB,HYN
ABQ,HNL
GUW,KMG
TOL,VER
EAU,UIP
KMS,MCZ
KOK,WUA
GIU,WJR
DTW,MNG
DAY,USH
BNS,TUU
BFF,QJH
LAE,PTU
CNJ,MYT
PEU,WRL
BBN,LPT
SDP,VXC
AQJ,NBS
HID,HNS
BIK,RDC
MQN,YUS
COR,SZE
HNH,PER
RIA,WRG
MUB,TGI
AJF,AUK
NBE,YFB
ASF,CDR
BAQ,CBB
CWA,KVX
GPS,KZS
BIR,JJU
MTJ,NBC
EMA,KKB
BRW,IXC
MKQ,PFQ
CYB,YXX
COR,RCE
KCL,MXL
MYY,QUV
CTL,TPA
ASW,LPS
DIG,MAS
ERC,ZQN
EBA,YYY
RGA,YQC
CUM,SAH
WLS,YVO
AEB,SWJ
BCI,MFM
CSH,TEE
KAJ,YNO
BPS,HRE
BVS,MYU
HMV,NOC
HOG,MDQ
KHG,TNJ
GSO,MOD
DIN,SUF
JSU,UPG
MPH,NAY
SXK,YVZ
OME,YUY
DAL,PTH
SLI,YHU
WNA,YGR
GHE,KXU
JIB,SUX
ILM,SHM
BUX,MPP
BNN,DEF
HOV,SRA
BJI,RCH
GRO,SUF
CRW,HYA
TXL,YYU
USN,YPM
AIA,ANC
RSH,SKP
TGI,ZSE
IPN,WNN
IAA,JKR
LMM,TRU
CCM,CPD
SLZ,UIP
AZO,LET
LWO,YFH
KSE,YCU
HVN,SNP
PCL,YUY
HOG,LHW
ARK,LLW
PMY,TTA
KER,YAG
IKS,WLG
GES,OIM
LTD,REG
AXT,WIC
CGN,PKA
CSK,JUZ
BAV,DWD
BOG,OKL
PBZ,YYG
PTU,YYH
LCK,SUF
NRL,YOL
ACE,BGM
QOQ,ZBF
KNQ,TCR
BEW,UYL
KOO,XGR
LAD,MOF
OGD,YWL
AZR,KRN
GWT,SHR
GHT,KSE
NJC,NSH
CCF,MLB
JKR,KIT
EYW,VGO
MAH,TRD
ESM,SXF
HUS,KME
SLQ,YOG
CXI,SFA
KIF,SHC
AVL,HND
SIN,SMF
LET,OVD
MAO,NAW
CBH,GDN
BRI,KMI
ITH,YPL
CKG,JJA
BEB,TFN
CEC,TLC
HLA,OZH
UTP,YVP
CTU,IOM
PES,PRN
BRN,HIN
FAV,LZH
HOI,SPC
OVD,WBM
ARM,SID
USN,ZSA
BMW,ENY
FEG,RHD
OOK,REU
SLP,UVE
EVV,JJN
BOM,BSB
BLJ,HUH
ABT,SJP
BHV,BNE
USU,WNR
AVA,ZSA
BKC,PTG
SSG,ZYI
PWE,YCU
MOT,ROP
BLI,LJU
CAW,FLW
CLL,KGL
JPA,YWJ
ZBR,ZDY
HTN,PIR
HMO,UVF
BOC,ILD
BME,FON
FKQ,TRD
EXI,YBK
RGL,YTH
AUK,YQY
MAJ,OMS
KYK,YEV
MYY,TSH
DED,GPS
MED,ZYL
MNT,XNN
GRX,UKS
NNY,ZQZ
PUQ,VII
BSO,YXY
CED,YCS
ORU,VCA
ORU,TUA
BDB,TUA
HEK,NTE
CGR,YGK
AGM,KDI
LRR,XFW
CGR,GEG
SLU,SZZ
DPL,KDO
AKP,ARK
HON,JMU
GAJ,KPB
MHH,MLI
MJZ,YIH
LYG,YQL
KVD,SSR
AXP,SEZ
CEZ,KTB
EPR,TMW
LPB,PZO
HDN,WWT
DLI,YZS
BVS,PAF
KAZ,MZT
CIH,HBE
BYN,NBE
CXB,FUG
OZC,SFL
NOB,ZBF
KSU,ORU
LYA,PZO
BHB,REX
CJU,ELI
AMD,TMI
HDM,LDY
LTI,WWT
BLD,SLK
BEW,KLL
NAW,TRG
NBE,UIO
HDS,PDL
MTR,SJZ
MDU,MOQ
HME,PUS
GXF,TSR
HBX,KKJ
KBU,LQM
KEM,SVB
RNB,SPB
BLE,VAA
FMM,SFO
ACC,EUN
INN,LAX
ANC,RDN
SJJ,TBZ
ADA,BQS
ERC,SRY
PJA,SFL
HUN,TMM
EGM,TUA
MPM,PLU
ABZ,XMH
BVC,ISG
BMU,DGT
LBF,MRE
ADE,HAS
NSK,POJ
CFU,IXB
BHM,IAN
DSA,FLO
UKK,ZBR
KGQ,YWP
BEB,UFA
AJR,COQ
BRD,CMI
MUR,SOG
SNE,YAP
PJM,STV
FAT,ILR
JUK,YYH
ACR,GBB
IPH,REG
THU,VLY
GZT,ICN
PQQ,SEN
KLV,MYG
EMA,TNN
KWT,OTP
DIG,YBG
HSG,KSU
HID,IXD
AYQ,HRB
MMX,RDZ
HGU,WNP
CMI,MVP
KGL,LDH
FDE,KOS
CZU,GYA
PUF,TMC
YUX,ZQW
CRP,ZEM
CZX,MVR
ABR,WWK
JNS,TUG
RGA,SZE
HLH,PVH
UTN,YFC
ELP,GBB
NTQ,RNN
DBO,LYH
LXR,MYG
ROS,SJK
ROS,SMS
YQG,YSK
EBH,SJK
MLW,YHI
KFS,VCE
RGS,SAE
INL,SIC
RTA,TCO
ARC,PVU
FUJ,IIL
KOT,LFR
JCB,LAR
GLT,LTN
BDH,UKA
HUI,WLH
MTY,PDG
KSQ,NDG
AGH,YPR
GLK,SKX
PNI,VPY
KGA,MDW
KCT,KPB
KIT,KUF
HAH,ROK
NOP,YGR
IAS,LRS
LIG,MSQ
IFJ,MGF
BZN,JNU
LNS,XRY
DLC,SVK
BDU,RIW
PLN,WXN
FRE,JUB
CCU,TBB
FBM,KRR
CMB,PBU
ADL,NTG
ABJ,DZN
AIA,YPX
AGX,EDR
KUN,SSG
DMK,LYG
KRY,WRE
BNE,PPB
ADE,LRE
GRP,OSD
AUC,IUI
BYC,MDE
EYK,GCM
FLO,KHD
GHT,LLA
CGQ,CJJ
HVB,IPN
CMW,CXJ
LBB,NSQ
KDU,NNB
RUH,UPK
DLY,SQS
ADQ,JSR
NVK,VGO
DRK,YYJ
KUZ,MCE
NDU,YTH
JUB,KUT
NYK,QSF
BSG,VPS
IWJ,KXU
CIZ,LRT
DLA,YGT
ACZ,TQA
KOI,MLE
MYJ,TGI
SFO,TCT
BCD,DOL
MDU,YYE
LAD,LKL
FTA,ULB
CAW,RTA
SLY,TBS
BHM,UNG
APN,TKP
OSD,PSP
BBI,SHV
PER,YVP
MYW,TRN
CCP,LUO
HAC,MEE
TNC,YXN
JPA,RGI
FRA,FWA
GGG,YQR
LCX,ROK
PNH,THN
LTI,STN
GOM,NOU
KSD,LGQ
BIQ,MWF
NDB,RCM
DXB,LTN
BBO,PNQ
GCN,MAH
ASV,UIB
COO,YDP
GIU,RIY
BLV,VLD
LIT,NAP
NLT,VAK
JOL,VAK
DGT,DLG
BPX,HRL
CZJ,UGB
TMW,WGP
BSB,YFJ
CZJ,PBZ
KID,LBL
BJV,IKS
DBA,GKK
FKQ,THE
KUK,SZI
ASF,NTE
IKI,YXT
MCY,SRK
AMM,CHQ
MYA,ZNE
HVN,SVJ
EBU,NWI
SNV,YLW
KFP,YSG
ABS,KDV
IXZ,YUX
HFS,JGN
HIN,TUK
ATT,BXU
IPI,RBQ
AGM,TGK
TLH,VSA
FOC,PAV
AYT,MJD
MLI,ONG
CZL,ELF
MZV,STZ
DHM,INZ
MMY,YAY
POG,SDF
BHJ,DED
AUC,GCC
LKO,UET
ASE,BUN
VEL,VLV
EXT,WTL
MHC,SSY
HNA,ONG
YMT,YQF
CAL,KLU
ETZ,UST
LNY,NYK
LED,LKH
DAL,TUG
TAO,TRG
AOO,LUM
KUV,SAT
FLA,UUA
FEG,LRH
OGZ,WEF
BSK,KGI
IOS,VIS
RAP,TTE
SXI,USU
BEY,CGB
CGA,MAN
CCS,PSM
BLV,YJT
JNN,KKC
SPD,WSN
JIM,YBC
ATT,TOB
LET,NAY
CGI,DHI
ISC,YEK
SCN,VLC
WWT,YXS
IFN,KSC
GLA,YWP
MLW,SOW
AKJ,PGA
JAL,PIN
IPH,TCQ
VUS,YXS
COS,OVS
GRK,STV
MGZ,VLC
JED,SEZ
HEA,ORU
DPO,MVD
CRP,NGS
DAB,ELC
REP,RRG
GOI,GRZ
ACT,DOL
DCA,WRG
UIP,VFA
ATA,JZH
NME,ZHY
GXH,IAS
HLA,MHT
LLU,UPK
CCF,PDV
CKY,LKL
BNI,SVP
DIW,FKL
OZC,TAC
GLT,LAO
BVE,STI
BOC,DTM
LUW,RFP
EKS,PYC
SVJ,TJM
GOA,TOY
CHO,UET
AKP,MCZ
ANS,KCG
CHC,ROO
OZC,ZGU
DRS,OUA
PGX,SLY
GKK,KWN
CNF,MNA
CZS,LRT
HSN,KAW
ROW,THE
AGB,ZAZ
GDE,PIB
BMA,SYD
PDP,REG
SNE,TGD
ISB,TUC
CDJ,MJD
DRS,EUN
MST,YXP
APN,CAI
BSK,LDB
HAH,NUE
BRR,PDA
ATW,BNK
CUZ,DJE
GSM,SDG
IKA,IRJ
HGR,ZSE
ASJ,HNS
ABT,SKE
CEK,ENY
BEY,TIM
ISU,LNY
ALF,RIW
MYJ,NQY
AKL,DMB
LNV,RNB
GMP,LUK
HMO,YXE
BHR,UTN
PHL,SZI
MYA,YHM
AUU,OCC
CNY,NRL
AKV,REN
DGA,STX
WIC,YOW
TOF,YTQ
MGQ,VVC
NUI,ZAG
TOU,YZZ
IUI,JUZ
APL,RJH
KJA,MXP
GIZ,XAP
ACR,MGW
CHQ,PPB
MYW,YVR
LJA,RAE
IXR,UPN
GAM,NLT
CIP,MGM
MAJ,MWA
RMQ,WVB
RBR,RHD
GTF,NUI
EDO,OUD
KHZ,OTP
ELI,TMC
IKE,LUH
TUK,WRL
MSQ,MUW
PDS,VAK
MOV,RCB
BZV,MBS
ICI,MPH
NRL,WEI
LAN,PLO
IRC,WMI
GZT,JBQ
ORB,POJ
ACI,TOY
KUO,MEH
AQJ,ZNE
HFA,WRG
