u,v
AAE,ALG
AAE,CDG
AAE,IST
AAE,LYS
AAE,ORN
AAE,ORY
AAL,AAR
AAL,AGP
AAL,ALC
AAL,AMS
AAL,ARN
AAL,BCN
AAL,BLL
AAL,CPH
AAL,IST
AAL,OSL
AAL,PMI
AAL,SVG
AAN,CCJ
AAN,PEW
AAQ,DME
AAQ,LED
AAQ,SVO
AAR,AGP
AAR,BMA
AAR,CPH
AAR,GOT
AAR,OSL
AAR,PMI
AAR,STN
AAT,URC
AAX,PLU
AAX,POJ
AAY,SAH
ABA,DME
ABA,IKT
ABA,NSK
ABA,SVO
ABB,ABV
ABB,LOS
ABD,MHD
ABD,SYZ
ABD,THR
ABE,CLT
ABE,MYR
ABE,ORD
ABE,PGD
ABE,PIE
ABE,SFB
ABI,DFW
ABJ,ACC
ABJ,BKO
ABJ,BOY
ABJ,CDG
ABJ,CKY
ABJ,CMN
ABJ,DKR
ABJ,DLA
ABJ,FNA
ABJ,IST
ABJ,LBV
ABJ,LOS
ABJ,NBO
ABJ,OUA
ABJ,ROB
ABJ,TUN
ABL,OBU
ABL,OTZ
ABL,SHG
ABM,CNS
ABQ,ATL
ABQ,BWI
ABQ,CNM
ABQ,DAL
ABQ,DEN
ABQ,DFW
ABQ,HOU
ABQ,IAH
ABQ,JFK
ABQ,LAM
ABQ,LAS
ABQ,LAX
ABQ,MCI
ABQ,MDW
ABQ,MSP
ABQ,OAK
ABQ,ORD
ABQ,PDX
ABQ,PHX
ABQ,SAN
ABQ,SEA
ABQ,SFO
ABQ,SLC
ABR,MSP
ABS,ASW
ABT,DMM
ABT,JED
ABT,RUH
ABV,ACC
ABV,ADD
ABV,BNI
ABV,CAI
ABV,CBQ
ABV,CDG
ABV,COO
ABV,ENU
ABV,GMO
ABV,IBA
ABV,ILR
ABV,KAN
ABV,LFW
ABV,LOS
ABV,NDJ
ABV,NIM
ABV,PHC
ABV,QOW
ABV,QRW
ABV,SKO
ABV,SSG
ABV,YOL
ABX,MEL
ABX,SYD
ABY,ATL
ABZ,BGO
ABZ,BHD
ABZ,BHX
ABZ,CDG
ABZ,CPH
ABZ,DUB
ABZ,EMA
ABZ,HUY
ABZ,KOI
ABZ,KSU
ABZ,LBA
ABZ,LGW
ABZ,LHR
ABZ,LSI
ABZ,LTN
ABZ,MAN
ABZ,MME
ABZ,NCL
ABZ,OSL
ABZ,RIX
ABZ,SYY
ABZ,WIC
ACA,IAH
ACA,MEX
ACA,MTY
ACA,TIJ
ACA,TLC
ACC,AMS
ACC,BEY
ACC,CAI
ACC,CMN
ACC,COO
ACC,DKR
ACC,DXB
ACC,FCO
ACC,FNA
ACC,FRA
ACC,IST
ACC,JFK
ACC,KMS
ACC,LFW
ACC,LHR
ACC,LIS
ACC,LOS
ACC,MAD
ACC,MLW
ACC,NBO
ACC,NYI
ACC,OUA
ACC,ROB
ACC,TKD
ACC,TML
ACC,WDH
ACE,AMS
ACE,BCN
ACE,BFS
ACE,BGY
ACE,BHX
ACE,BIO
ACE,BLK
ACE,BLQ
ACE,BOH
ACE,BRE
ACE,BRS
ACE,BRU
ACE,BVA
ACE,CRL
ACE,DUS
ACE,EMA
ACE,FRA
ACE,FUE
ACE,GLA
ACE,HAJ
ACE,HAM
ACE,LEJ
ACE,LGW
ACE,LPA
ACE,LPL
ACE,LTN
ACE,LUX
ACE,MAD
ACE,MAN
ACE,MUC
ACE,NCL
ACE,NOC
ACE,NRN
ACE,ORK
ACE,OVD
ACE,PAD
ACE,PIK
ACE,SCQ
ACE,SDR
ACE,STN
ACE,STR
ACE,SXF
ACE,SZG
ACE,TFN
ACE,TXL
ACE,VIE
ACE,ZAZ
ACE,ZRH
ACH,EBA
ACH,VIE
ACI,GCI
ACI,SOU
ACK,BOS
ACK,EWB
ACK,HPN
ACK,HYA
ACK,MVY
ACK,TEB
ACR,LCR
ACR,SVI
ACT,DFW
ACU,PAC
ACU,PYC
ACV,CEC
ACV,SFO
ACV,SMF
ACX,CAN
ACX,CKG
ACX,KWE
ACX,NAY
ACX,PVG
ACY,BOS
ACY,DTW
ACY,FLL
ACY,IAH
ACY,MYR
ACY,ORD
ACY,RSW
ACZ,MHD
ADA,AYT
ADA,EBL
ADA,ECN
ADA,ESB
ADA,IST
ADA,JED
ADA,SAW
ADA,TZX
ADA,VAN
ADB,AMS
ADB,ATH
ADB,AYT
ADB,BRE
ADB,BRU
ADB,CDG
ADB,CGN
ADB,DIY
ADB,DTM
ADB,DUB
ADB,DUS
ADB,ECN
ADB,ESB
ADB,GNY
ADB,GZT
ADB,HAJ
ADB,HAM
ADB,HEL
ADB,HTY
ADB,IST
ADB,LGW
ADB,LUX
ADB,LYS
ADB,MQM
ADB,MUC
ADB,NTE
ADB,STN
ADB,STR
ADB,SXB
ADB,TXL
ADB,TZX
ADB,VAS
ADB,ZRH
ADD,AMH
ADD,ASO
ADD,AXU
ADD,BAH
ADD,BEY
ADD,BJR
ADD,BKK
ADD,BKO
ADD,BOM
ADD,BZV
ADD,CAI
ADD,CAN
ADD,COO
ADD,DAR
ADD,DEL
ADD,DIR
ADD,DLA
ADD,DMM
ADD,DOH
ADD,EBB
ADD,ENU
ADD,FBM
ADD,FIH
ADD,FRA
ADD,GDQ
ADD,GMB
ADD,HRE
ADD,IAD
ADD,JED
ADD,JIB
ADD,JIJ
ADD,JIM
ADD,JNB
ADD,JRO
ADD,JUB
ADD,KRT
ADD,KWI
ADD,LAD
ADD,LBV
ADD,LFW
ADD,LHR
ADD,LLI
ADD,LLW
ADD,LOS
ADD,LUN
ADD,MBA
ADD,MCT
ADD,MPM
ADD,MQX
ADD,NBO
ADD,NDJ
ADD,NIM
ADD,NLA
ADD,OUA
ADD,PEK
ADD,PNR
ADD,PVG
ADD,SAH
ADD,SSG
ADD,SZE
ADD,YYZ
ADD,ZNZ
ADE,AHB
ADE,AMM
ADE,ASM
ADE,AUH
ADE,BBO
ADE,BOM
ADE,CAI
ADE,DOH
ADE,GXF
ADE,IST
ADE,JED
ADE,RIY
ADE,SAH
ADE,SHJ
ADF,ESB
ADF,IST
ADK,ANC
ADL,BHQ
ADL,BNE
ADL,CBR
ADL,CED
ADL,CNS
ADL,CPD
ADL,DPS
ADL,DRW
ADL,HKG
ADL,KGC
ADL,KGI
ADL,KUL
ADL,MEL
ADL,MGB
ADL,MQL
ADL,OLP
ADL,OOL
ADL,PER
ADL,PLO
ADL,PUG
ADL,SIN
ADL,SYD
ADL,WYA
ADQ,AKK
ADQ,ANC
ADQ,AOS
ADQ,KKB
ADQ,KLN
ADQ,KOZ
ADQ,OLH
ADQ,ORI
ADU,MHD
ADU,THR
ADZ,BAQ
ADZ,BOG
ADZ,CLO
ADZ,CTG
ADZ,PEI
ADZ,PTY
ADZ,PVA
AEB,CAN
AEB,CKG
AEB,KWL
AEP,AFA
AEP,ASU
AEP,BHI
AEP,BRC
AEP,CNF
AEP,COR
AEP,CPC
AEP,CRD
AEP,CTC
AEP,CWB
AEP,EQS
AEP,FLN
AEP,FMA
AEP,FTE
AEP,GIG
AEP,GRU
AEP,IGR
AEP,IRJ
AEP,LUQ
AEP,MDQ
AEP,NQN
AEP,PDP
AEP,PMY
AEP,POA
AEP,PRA
AEP,PSS
AEP,REL
AEP,RES
AEP,RGA
AEP,RGL
AEP,RHD
AEP,ROS
AEP,RSA
AEP,SDE
AEP,SFN
AEP,SLA
AEP,TUC
AEP,UAQ
AEP,USH
AEP,VDM
AER,DME
AER,DYU
AER,EVN
AER,KIV
AER,KJA
AER,KRR
AER,KZN
AER,LBD
AER,LED
AER,MSQ
AER,NSK
AER,OMS
AER,SVO
AER,TZX
AER,VKO
AES,ALC
AES,AMS
AES,BGO
AES,CPH
AES,GDN
AES,LGW
AES,TRD
AES,VNO
AET,BTT
AET,FAI
AET,HUS
AEX,DFW
AEX,IAH
AEY,RKV
AFA,LUQ
AFA,RSA
AFL,CGB
AFZ,THR
AGA,AMS
AGA,BRU
AGA,CDG
AGA,CMN
AGA,CRL
AGA,EUN
AGA,FRA
AGA,LEJ
AGA,LGG
AGA,LGW
AGA,LIL
AGA,LPA
AGA,LUX
AGA,LYS
AGA,MAN
AGA,MRS
AGA,RAK
AGA,SXF
AGA,VIL
AGB,MRS
AGF,DCM
AGF,ORY
AGH,ARN
AGH,BMA
AGM,IOQ
AGM,KUS
AGM,KUZ
AGM,SGG
AGM,TQI
AGN,JNU
AGN,TKE
AGP,AMS
AGP,BCN
AGP,BFS
AGP,BGO
AGP,BGY
AGP,BHD
AGP,BIO
AGP,BLK
AGP,BLQ
AGP,BOD
AGP,BOH
AGP,BRE
AGP,BRS
AGP,BRU
AGP,BSL
AGP,BTS
AGP,BUD
AGP,BVE
AGP,CDG
AGP,CIA
AGP,CPH
AGP,CRL
AGP,CWL
AGP,DTM
AGP,DUB
AGP,DUS
AGP,EDI
AGP,EIN
AGP,FAO
AGP,FCO
AGP,FKB
AGP,FMO
AGP,FRA
AGP,GOT
AGP,GSE
AGP,GVA
AGP,HAJ
AGP,HAM
AGP,HHN
AGP,IBZ
AGP,LBA
AGP,LCY
AGP,LGW
AGP,LHR
AGP,LIL
AGP,LPA
AGP,LPL
AGP,LUX
AGP,LYS
AGP,MAN
AGP,MLN
AGP,MMX
AGP,MRS
AGP,MUC
AGP,MXP
AGP,NCL
AGP,NOC
AGP,NRN
AGP,NTE
AGP,NYO
AGP,ORK
AGP,OSL
AGP,OVD
AGP,PIK
AGP,PMI
AGP,PRG
AGP,RTM
AGP,RYG
AGP,SDR
AGP,SEN
AGP,SNN
AGP,SOF
AGP,SOU
AGP,STR
AGP,SVG
AGP,SVO
AGP,SXF
AGP,TFN
AGP,TLS
AGP,TMP
AGP,TRF
AGP,TSF
AGP,TXL
AGP,VLC
AGP,VST
AGP,WAW
AGP,WRO
AGP,ZRH
AGR,BOM
AGR,HJR
AGR,VNS
AGS,ATL
AGS,CLT
AGS,DCA
AGT,ASU
AGT,GRU
AGU,DFW
AGU,LAX
AGU,MEX
AGU,MTY
AGU,TIJ
AGX,COK
AHB,CAI
AHB,DMM
AHB,DXB
AHB,JED
AHB,MED
AHB,RUH
AHB,SAH
AHB,SHJ
AHB,TIF
AHB,TUU
AHE,PPT
AHE,TKX
AHE,XMH
AHN,BNA
AHO,AOI
AHO,BGY
AHO,BLL
AHO,BLQ
AHO,BVA
AHO,CIA
AHO,CRL
AHO,CUF
AHO,DTM
AHO,DUB
AHO,EIN
AHO,FCO
AHO,FMM
AHO,GRO
AHO,GSE
AHO,HHN
AHO,LIN
AHO,LTN
AHO,MAD
AHO,MXP
AHO,NRN
AHO,NYO
AHO,OTP
AHO,PMF
AHO,PSA
AHO,STN
AHO,TRF
AHO,TRN
AHO,TRS
AHO,TSF
AHU,CMN
AHU,TTU
AIA,CDR
AIA,DEN
AIN,ATK
AIN,BRW
AIT,AIU
AIT,RAR
AIU,RAR
AJA,ARN
AJA,AVN
AJA,BES
AJA,BOD
AJA,BVE
AJA,CDG
AJA,CFR
AJA,DCM
AJA,LGG
AJA,LGW
AJA,LIL
AJA,LYS
AJA,MPL
AJA,MRS
AJA,OLB
AJA,ORY
AJA,OSL
AJA,PIS
AJA,SXB
AJA,TLS
AJF,RUH
AJI,ESB
AJI,IST
AJL,CCU
AJL,GAU
AJL,IMF
AJR,LYC
AJU,BSB
AJU,GRU
AJU,MCZ
AJU,REC
AJU,SDU
AJU,SSA
AJU,VCP
AKB,DUT
AKF,BEN
AKF,TIP
AKI,KKI
AKI,TLT
AKJ,HND
AKJ,NGO
AKL,APW
AKL,BHE
AKL,BKK
AKL,BNE
AKL,CAN
AKL,CHC
AKL,CNS
AKL,DUD
AKL,GIS
AKL,HKG
AKL,HLZ
AKL,HNL
AKL,ICN
AKL,IUE
AKL,KAT
AKL,KKE
AKL,KUL
AKL,NAN
AKL,NLK
AKL,NOU
AKL,NPE
AKL,NPL
AKL,NRT
AKL,NSN
AKL,OOL
AKL,PER
AKL,PPT
AKL,PVG
AKL,RAR
AKL,SCL
AKL,SFO
AKL,SIN
AKL,SUV
AKL,SYD
AKL,TBU
AKL,TRG
AKL,TUO
AKL,VLI
AKL,WAG
AKL,WHK
AKL,WLG
AKL,WRE
AKL,YVR
AKL,ZQN
AKN,ANC
AKN,DLG
AKN,EGX
AKN,IGG
AKN,KCG
AKN,KLL
AKN,KPV
AKN,PIP
AKN,PTH
AKN,WSN
AKP,BTT
AKP,CXF
AKP,FAI
AKU,CTU
AKU,URC
AKV,YIK
AKV,YPX
AKX,DME
AKX,SCO
AKX,TSE
AKY,RGN
AKY,SNW
ALA,AMS
ALA,AUH
ALA,BKK
ALA,DEL
ALA,DMB
ALA,DME
ALA,DYU
ALA,DZN
ALA,FRA
ALA,FRU
ALA,GUW
ALA,GYD
ALA,HKG
ALA,ICN
ALA,IKA
ALA,IST
ALA,KBP
ALA,KGF
ALA,KOV
ALA,KSN
ALA,KUL
ALA,KZN
ALA,KZO
ALA,LED
ALA,LHR
ALA,PEK
ALA,PLX
ALA,PPK
ALA,PRG
ALA,PWQ
ALA,SCO
ALA,SGN
ALA,SHJ
ALA,TAS
ALA,TSE
ALA,UKK
ALA,URC
ALA,VKO
ALB,ATL
ALB,BOS
ALB,BWI
ALB,CLE
ALB,CLT
ALB,DCA
ALB,EWR
ALB,FLL
ALB,IAD
ALB,LAS
ALB,MCO
ALB,MSP
ALB,MSS
ALB,OGS
ALB,ORD
ALB,PHL
ALC,AMS
ALC,ARN
ALC,BCN
ALC,BFS
ALC,BGO
ALC,BGY
ALC,BIO
ALC,BLL
ALC,BLQ
ALC,BOH
ALC,BRE
ALC,BRS
ALC,BRU
ALC,BSL
ALC,CGN
ALC,CPH
ALC,CRL
ALC,DME
ALC,DUB
ALC,DUS
ALC,EDI
ALC,EXT
ALC,FCO
ALC,FKB
ALC,FMM
ALC,FRA
ALC,GLA
ALC,GOT
ALC,GVA
ALC,HAM
ALC,HAU
ALC,IBZ
ALC,KEF
ALC,KIR
ALC,KRK
ALC,KRS
ALC,KSD
ALC,KUN
ALC,LBA
ALC,LGW
ALC,LPA
ALC,LPL
ALC,MAD
ALC,MAN
ALC,MOL
ALC,MST
ALC,NCL
ALC,NRN
ALC,NYO
ALC,ORK
ALC,ORY
ALC,OSL
ALC,OUL
ALC,PIK
ALC,PMI
ALC,RTM
ALC,RYG
ALC,SCQ
ALC,SEN
ALC,SNN
ALC,SOU
ALC,STN
ALC,STR
ALC,SVG
ALC,TFS
ALC,TKU
ALC,TMP
ALC,TOS
ALC,TRF
ALC,TXL
ALC,UME
ALC,VST
ALC,VXO
ALC,WMI
ALC,WRO
ALF,HFT
ALF,KKN
ALF,MEH
ALF,OSL
ALF,SOJ
ALF,TOS
ALF,VDS
ALG,AZR
ALG,BCN
ALG,BEY
ALG,BJA
ALG,BKO
ALG,BLJ
ALG,BOD
ALG,BRU
ALG,BSK
ALG,CAI
ALG,CDG
ALG,CZL
ALG,DJG
ALG,DOH
ALG,EBH
ALG,ELU
ALG,ETZ
ALG,FCO
ALG,GHA
ALG,HME
ALG,HRM
ALG,INZ
ALG,JED
ALG,LGW
ALG,LHR
ALG,LIS
ALG,LYS
ALG,MAD
ALG,MED
ALG,MLA
ALG,MLH
ALG,MRS
ALG,MUW
ALG,MXP
ALG,MZW
ALG,NCE
ALG,NIM
ALG,OGX
ALG,ORY
ALG,OUA
ALG,PEK
ALG,PMI
ALG,QSF
ALG,TEE
ALG,TGR
ALG,TID
ALG,TIP
ALG,TLM
ALG,TLS
ALG,TMR
ALG,TUN
ALH,BQB
ALH,PER
ALO,ORD
ALS,DEN
ALS,FMN
ALW,SEA
AMA,DAL
AMA,DEN
AMA,DFW
AMA,IAH
AMA,LAS
AMD,AUH
AMD,BLR
AMD,BOM
AMD,CCU
AMD,DEL
AMD,DOH
AMD,DWC
AMD,DXB
AMD,GOI
AMD,HYD
AMD,JAI
AMD,KUL
AMD,KWI
AMD,MAA
AMD,MCT
AMD,SHJ
AMH,JIM
AMM,AQJ
AMM,ATH
AMM,AUH
AMM,BAH
AMM,BCN
AMM,BEN
AMM,BEY
AMM,BKK
AMM,BOM
AMM,BSR
AMM,CAI
AMM,CDG
AMM,DMM
AMM,DWC
AMM,DXB
AMM,EBL
AMM,FRA
AMM,GVA
AMM,HBE
AMM,HOD
AMM,ISU
AMM,KRT
AMM,KWI
AMM,LCA
AMM,LOS
AMM,MAD
AMM,MCT
AMM,MED
AMM,MRA
AMM,ORD
AMM,OSM
AMM,OTP
AMM,RUH
AMM,SAH
AMM,SHJ
AMM,SSH
AMM,TIP
AMM,TLV
AMM,TUN
AMM,VIE
AMM,YUL
AMM,ZRH
AMQ,CGK
AMQ,FKQ
AMQ,KNG
AMQ,LUV
AMQ,MKW
AMQ,NBX
AMQ,SOQ
AMQ,SUB
AMQ,SXK
AMQ,UPG
AMS,ARN
AMS,ASR
AMS,ATH
AMS,ATL
AMS,AUH
AMS,AYT
AMS,BEG
AMS,BFS
AMS,BHX
AMS,BIO
AMS,BJV
AMS,BKK
AMS,BLL
AMS,BOM
AMS,BON
AMS,BOS
AMS,BRI
AMS,BRN
AMS,BRS
AMS,BRU
AMS,BUD
AMS,CAN
AMS,CFE
AMS,CGN
AMS,CHQ
AMS,CPH
AMS,CTA
AMS,CTU
AMS,CUN
AMS,CUR
AMS,CWL
AMS,DAR
AMS,DBV
AMS,DEL
AMS,DFW
AMS,DLM
AMS,DOH
AMS,DTW
AMS,DUB
AMS,DUS
AMS,DXB
AMS,EBB
AMS,EDI
AMS,EMA
AMS,EWR
AMS,EXT
AMS,EZE
AMS,FAO
AMS,FCO
AMS,FLR
AMS,FNC
AMS,FRA
AMS,FUE
AMS,FUK
AMS,GCI
AMS,GDN
AMS,GLA
AMS,GOT
AMS,GRO
AMS,GRU
AMS,GUW
AMS,GYE
AMS,HAJ
AMS,HAM
AMS,HAV
AMS,HEL
AMS,HER
AMS,HGH
AMS,HOG
AMS,HRE
AMS,HUY
AMS,IAD
AMS,IAH
AMS,IBZ
AMS,ICN
AMS,IKA
AMS,INN
AMS,IST
AMS,JFK
AMS,JKH
AMS,JMK
AMS,JNB
AMS,JRO
AMS,JTR
AMS,KBP
AMS,KEF
AMS,KGL
AMS,KIT
AMS,KIX
AMS,KLX
AMS,KRK
AMS,KRS
AMS,KUL
AMS,KWI
AMS,KYA
AMS,LAX
AMS,LBA
AMS,LCY
AMS,LEJ
AMS,LHR
AMS,LIM
AMS,LIN
AMS,LIS
AMS,LJU
AMS,LOS
AMS,LPA
AMS,LPI
AMS,LPL
AMS,LTN
AMS,LUN
AMS,LUX
AMS,MAN
AMS,MBJ
AMS,MEX
AMS,MIA
AMS,MJT
AMS,MLA
AMS,MME
AMS,MRS
AMS,MSP
AMS,MSQ
AMS,MUC
AMS,MXP
AMS,NAP
AMS,NBO
AMS,NCL
AMS,NDR
AMS,NRT
AMS,NTE
AMS,NUE
AMS,NWI
AMS,OLB
AMS,OPO
AMS,OSL
AMS,OTP
AMS,PBM
AMS,PDL
AMS,PDX
AMS,PFO
AMS,PHL
AMS,PMI
AMS,POP
AMS,PSA
AMS,PTY
AMS,PUJ
AMS,PVK
AMS,RHO
AMS,RIX
AMS,SAW
AMS,SEA
AMS,SEN
AMS,SFB
AMS,SID
AMS,SIN
AMS,SKG
AMS,SOF
AMS,SOU
AMS,SPC
AMS,STN
AMS,STR
AMS,SVO
AMS,SVQ
AMS,SXF
AMS,TBS
AMS,TFS
AMS,TLV
AMS,TNG
AMS,TPE
AMS,TRD
AMS,TRF
AMS,TUN
AMS,TXL
AMS,UIO
AMS,VCE
AMS,VIE
AMS,VLC
AMS,VOL
AMS,VRA
AMS,VXE
AMS,XMN
AMS,YYC
AMS,ZAG
AMS,ZRH
AMS,ZTH
ANC,ANI
ANC,BET
ANC,BRW
ANC,CDB
ANC,CDV
ANC,DEN
ANC,DLG
ANC,ENA
ANC,FAI
ANC,HNL
ANC,HOM
ANC,ILI
ANC,JNU
ANC,KSM
ANC,LAS
ANC,LAX
ANC,MCG
ANC,MSP
ANC,OME
ANC,ORD
ANC,OTZ
ANC,PDX
ANC,PHX
ANC,SCC
ANC,SDP
ANC,SEA
ANC,SLC
ANC,SNP
ANC,STG
ANC,UNK
ANC,VDZ
ANF,ARI
ANF,CJC
ANF,IQQ
ANF,LIM
ANF,LSC
ANF,SCL
ANG,FSC
ANI,CHU
ANI,HCR
ANI,KLG
ANI,MCG
ANI,RSH
ANI,SHX
ANI,SLQ
ANI,SRV
ANM,TMM
ANM,TNR
ANM,WMN
ANR,LCY
ANS,LIM
ANU,AXA
ANU,BGI
ANU,CLT
ANU,DOM
ANU,EWR
ANU,JFK
ANU,MIA
ANU,NEV
ANU,POP
ANU,PTP
ANU,PUJ
ANU,SBH
ANU,SJU
ANU,SKB
ANU,SLU
ANU,SXM
ANU,TAB
ANU,YYZ
ANV,HCR
ANV,KGX
ANX,BOO
ANX,EVE
ANX,SKN
ANX,TOS
AOE,BRU
AOG,PEK
AOG,PVG
AOI,CRL
AOI,DUS
AOI,FCO
AOI,MUC
AOI,STN
AOI,TPS
AOI,TXL
AOJ,CTS
AOJ,HND
AOJ,ICN
AOJ,ITM
AOJ,NKM
AOK,ATH
AOK,KSJ
AOK,RHO
AOO,IAD
AOO,JST
AOQ,JUV
AOR,KUL
AOR,SZB
AOS,KZB
APF,MIA
APL,BEW
APL,JNB
APL,MPM
APL,NBO
APL,POL
APL,TET
APL,VXC
APN,DTW
APN,MSP
APO,BOG
APO,EOH
APW,BNE
APW,HNL
APW,NAN
APW,SYD
AQA,VCP
AQG,CAN
AQG,PEK
AQG,SHA
AQG,WUH
AQG,XMN
AQI,JED
AQI,RUH
AQJ,IST
AQP,CUZ
AQP,JUL
AQP,LIM
AQP,LPB
AQP,TCQ
ARC,VEE
ARH,CSH
ARH,MMK
ARH,NNM
ARH,SVO
ARH,USK
ARI,IQQ
ARI,LPB
ARI,SCL
ARK,DAR
ARK,ZNZ
ARM,SYD
ARN,BCN
ARN,BEG
ARN,BGO
ARN,BGW
ARN,BHX
ARN,BKK
ARN,BLL
ARN,BLQ
ARN,BUD
ARN,CDG
ARN,CGN
ARN,CHQ
ARN,CMN
ARN,CPH
ARN,CTA
ARN,DBV
ARN,DOH
ARN,DUB
ARN,DUS
ARN,DXB
ARN,EBL
ARN,EVG
ARN,FAO
ARN,FCO
ARN,FLL
ARN,FRA
ARN,GEV
ARN,GVA
ARN,HAD
ARN,HAM
ARN,HEL
ARN,HFS
ARN,IKA
ARN,IST
ARN,ISU
ARN,JFK
ARN,JKG
ARN,KEF
ARN,KID
ARN,KLR
ARN,KRF
ARN,KRN
ARN,KSD
ARN,LCA
ARN,LED
ARN,LHR
ARN,LIN
ARN,LPA
ARN,LUX
ARN,LYC
ARN,MAN
ARN,MHQ
ARN,MLA
ARN,MSQ
ARN,MUC
ARN,MXX
ARN,NCE
ARN,OAK
ARN,OER
ARN,OLB
ARN,ORD
ARN,ORY
ARN,OSL
ARN,OUL
ARN,PEK
ARN,PMI
ARN,PMO
ARN,POR
ARN,PSA
ARN,PUY
ARN,RIX
ARN,RNB
ARN,SAW
ARN,SDL
ARN,SFT
ARN,SJJ
ARN,SXF
ARN,TKU
ARN,TLL
ARN,TLV
ARN,TMP
ARN,TOS
ARN,TRD
ARN,TRF
ARN,TXL
ARN,UME
ARN,VAA
ARN,VBY
ARN,VCE
ARN,VHM
ARN,VIE
ARN,VNO
ARN,VXO
ARN,WAW
ARN,ZRH
ART,ORD
ART,PHL
ARU,GRU
ARU,VCP
ARW,BGY
ASB,BHX
ASB,DEL
ASB,DME
ASB,DXB
ASB,GYD
ASB,IST
ASB,LHR
ASB,MSQ
ASB,URC
ASE,DEN
ASE,LAX
ASF,DME
ASF,KZN
ASF,LED
ASF,SAW
ASF,SCO
ASF,SVO
ASJ,HND
ASJ,ITM
ASM,CAI
ASM,EBB
ASM,JED
ASM,JUB
ASM,KRT
ASM,MSW
ASM,NBO
ASM,SAH
ASO,GMB
ASP,AYQ
ASP,BNE
ASP,CNS
ASP,DRW
ASP,MEL
ASP,PER
ASP,SYD
ASR,DUS
ASR,IST
ASR,SAW
ASU,EZE
ASU,GRU
ASU,LIM
ASU,MIA
ASU,MVD
ASU,PTY
ASU,SCL
ASU,VVI
ASV,WIL
ASW,CAI
ASW,JED
ATA,LIM
ATC,NAS
ATC,TBI
ATD,HIR
ATH,AXD
ATH,BCN
ATH,BEG
ATH,BEY
ATH,BRU
ATH,BUD
ATH,CAI
ATH,CDG
ATH,CHQ
ATH,CPH
ATH,DBV
ATH,DME
ATH,DOH
ATH,DUB
ATH,DUS
ATH,EDI
ATH,EFL
ATH,EIN
ATH,EVN
ATH,FCO
ATH,FRA
ATH,GVA
ATH,HAM
ATH,HBE
ATH,HEL
ATH,HER
ATH,IEV
ATH,IOA
ATH,IST
ATH,JIK
ATH,JKH
ATH,JKL
ATH,JMK
ATH,JNX
ATH,JSH
ATH,JSI
ATH,JSY
ATH,JTR
ATH,JTY
ATH,KGS
ATH,KIT
ATH,KRR
ATH,KSO
ATH,KVA
ATH,KZI
ATH,LCA
ATH,LED
ATH,LGW
ATH,LHR
ATH,LRS
ATH,LXS
ATH,MAN
ATH,MJT
ATH,MLO
ATH,MRS
ATH,MUC
ATH,NTE
ATH,ORY
ATH,OSL
ATH,OTP
ATH,PAS
ATH,PHL
ATH,PRG
ATH,RHO
ATH,SAW
ATH,SKG
ATH,SKU
ATH,SMI
ATH,SOF
ATH,SPU
ATH,STN
ATH,SVO
ATH,SXF
ATH,TBS
ATH,TIA
ATH,TLS
ATH,TLV
ATH,VCE
ATH,VIE
ATH,WAW
ATH,YUL
ATH,YYZ
ATH,ZRH
ATH,ZTH
ATK,BRW
ATL,ATW
ATL,AUA
ATL,AVL
ATL,AVP
ATL,AZO
ATL,BDA
ATL,BDL
ATL,BJX
ATL,BMI
ATL,BNA
ATL,BON
ATL,BOS
ATL,BQK
ATL,BRU
ATL,BSB
ATL,BTR
ATL,BWI
ATL,CAE
ATL,CAK
ATL,CCS
ATL,CDG
ATL,CHA
ATL,CHO
ATL,CHS
ATL,CLE
ATL,CMH
ATL,COS
ATL,CRW
ATL,CSG
ATL,CUN
ATL,CVG
ATL,CZM
ATL,DAB
ATL,DAL
ATL,DEN
ATL,DFW
ATL,DHN
ATL,DSM
ATL,DTW
ATL,DUB
ATL,ECP
ATL,ELP
ATL,EVV
ATL,EWN
ATL,EYW
ATL,EZE
ATL,FAR
ATL,FAY
ATL,FCO
ATL,FLL
ATL,FNT
ATL,FSD
ATL,FSM
ATL,GCM
ATL,GDL
ATL,GGT
ATL,GIG
ATL,GNV
ATL,GPT
ATL,GRB
ATL,GRK
ATL,GRR
ATL,GRU
ATL,GSO
ATL,GSP
ATL,GTR
ATL,GUA
ATL,HNL
ATL,HPN
ATL,HSV
ATL,IAH
ATL,ICT
ATL,IND
ATL,JAN
ATL,JAX
ATL,JNB
ATL,KIN
ATL,LAN
ATL,LAS
ATL,LEX
ATL,LFT
ATL,LGA
ATL,LIM
ATL,LIR
ATL,LOS
ATL,LWB
ATL,MAD
ATL,MAN
ATL,MBJ
ATL,MBS
ATL,MCI
ATL,MCN
ATL,MCO
ATL,MEI
ATL,MEM
ATL,MEX
ATL,MGA
ATL,MGM
ATL,MHT
ATL,MIA
ATL,MKE
ATL,MLB
ATL,MLI
ATL,MLU
ATL,MOB
ATL,MSL
ATL,MSN
ATL,MSP
ATL,MSY
ATL,MYR
ATL,OAJ
ATL,OKC
ATL,OMA
ATL,ORD
ATL,PAP
ATL,PBI
ATL,PDX
ATL,PHF
ATL,PHX
ATL,PIB
ATL,PIT
ATL,PNS
ATL,PTY
ATL,PVR
ATL,PWM
ATL,RDU
ATL,ROA
ATL,ROC
ATL,RSW
ATL,RTB
ATL,SAL
ATL,SAN
ATL,SAP
ATL,SAT
ATL,SCL
ATL,SDQ
ATL,SEA
ATL,SFO
ATL,SGF
ATL,SHV
ATL,SJO
ATL,SLC
ATL,SMF
ATL,SRQ
ATL,STL
ATL,STR
ATL,STT
ATL,SXM
ATL,SYR
ATL,TGU
ATL,TLH
ATL,TPA
ATL,TRI
ATL,TTN
ATL,TUL
ATL,TUP
ATL,TUS
ATL,TYS
ATL,UIO
ATL,UVF
ATL,VLD
ATL,VPS
ATL,XNA
ATL,YUL
ATL,YYZ
ATL,ZRH
ATM,BEL
ATM,ORX
ATM,STM
ATQ,BOM
ATQ,DEL
ATQ,DOH
ATQ,SXR
ATQ,TAS
ATT,BET
ATT,KUK
ATT,NUP
ATW,AZA
ATW,DTW
ATW,LAS
ATW,MSP
ATW,ORD
ATW,SFB
ATY,MSP
ATY,PIR
ATZ,CAI
ATZ,KWI
ATZ,SHJ
AUA,BOG
AUA,BON
AUA,BWI
AUA,CCS
AUA,CLT
AUA,CUR
AUA,EWR
AUA,FLL
AUA,IAD
AUA,JBQ
AUA,JFK
AUA,LGA
AUA,LSP
AUA,MAR
AUA,MCO
AUA,MIA
AUA,PBM
AUA,PHL
AUA,PTY
AUA,VLN
AUA,YYZ
AUC,BOG
AUG,BOS
AUH,BEG
AUH,BGW
AUH,BKK
AUH,BLR
AUH,BOM
AUH,BRU
AUH,CAI
AUH,CDG
AUH,CGK
AUH,CGP
AUH,CMN
AUH,COK
AUH,CTU
AUH,DAC
AUH,DEL
AUH,DME
AUH,DOH
AUH,DUB
AUH,DUS
AUH,EBL
AUH,GRU
AUH,GVA
AUH,GXF
AUH,HKG
AUH,HKT
AUH,HYD
AUH,IAD
AUH,IKA
AUH,ISB
AUH,IXE
AUH,JED
AUH,JNB
AUH,KHI
AUH,KIH
AUH,KRT
AUH,KUL
AUH,KWI
AUH,LCA
AUH,LHE
AUH,LHR
AUH,LOS
AUH,MAA
AUH,MED
AUH,MEL
AUH,MLE
AUH,MNL
AUH,MSQ
AUH,MUC
AUH,MXP
AUH,NBO
AUH,NRT
AUH,ORD
AUH,PEK
AUH,PEW
AUH,PVG
AUH,RIY
AUH,RUH
AUH,RYK
AUH,SEZ
AUH,SGN
AUH,SHJ
AUH,SIN
AUH,SYD
AUH,TRV
AUH,TXL
AUH,YYZ
AUH,ZYL
AUK,EMK
AUK,SXP
AUQ,NHV
AUQ,PPT
AUQ,UAH
AUQ,UAP
AUR,ORY
AUS,BNA
AUS,BOS
AUS,BWI
AUS,CLE
AUS,CLT
AUS,CUN
AUS,DAL
AUS,DCA
AUS,DEN
AUS,DTW
AUS,ELP
AUS,EWR
AUS,HRL
AUS,IAD
AUS,JFK
AUS,LAS
AUS,LAX
AUS,LBB
AUS,LGB
AUS,LHR
AUS,MDW
AUS,MEX
AUS,MSP
AUS,MSY
AUS,OAK
AUS,ORD
AUS,PHL
AUS,PHX
AUS,SAN
AUS,SEA
AUS,SFO
AUS,SJC
AUS,SLC
AUS,SMF
AUU,CNS
AUU,CUQ
AUU,IRG
AUX,BSB
AUX,MAB
AUX,PMW
AUY,TAH
AVA,CAN
AVA,CKG
AVA,NAY
AVL,CLT
AVL,DTW
AVL,FLL
AVL,ORD
AVL,PGD
AVN,LIG
AVP,CLT
AVP,DTW
AVP,ORD
AVP,PHL
AVP,SFB
AVV,SYD
AWD,FTA
AWD,TAH
AWZ,BND
AWZ,DXB
AWZ,IFN
AWZ,JED
AWZ,KIH
AWZ,KWI
AWZ,MHD
AWZ,PGU
AWZ,RAS
AWZ,SRY
AWZ,SYZ
AWZ,TBZ
AWZ,THR
AXA,SJU
AXA,STT
AXA,SXM
AXD,JSH
AXK,SAH
AXM,BOG
AXM,FLL
AXP,CRI
AXP,NAS
AXR,KKR
AXR,PPT
AXT,CTS
AXT,HND
AXT,ICN
AXT,ITM
AXT,NGO
AXU,LLI
AYP,LIM
AYQ,CNS
AYQ,SYD
AYT,BGO
AYT,BGW
AYT,BRE
AYT,BRS
AYT,BSL
AYT,CGN
AYT,CPH
AYT,DRS
AYT,DUS
AYT,EBL
AYT,ECN
AYT,EIN
AYT,ERF
AYT,ESB
AYT,FDH
AYT,FMO
AYT,FRA
AYT,GRQ
AYT,GRZ
AYT,GVA
AYT,HAJ
AYT,HEL
AYT,IST
AYT,KSF
AYT,KZN
AYT,LBA
AYT,LED
AYT,LEJ
AYT,LNZ
AYT,LTN
AYT,LUX
AYT,MAN
AYT,MST
AYT,NUE
AYT,ORY
AYT,OSL
AYT,PAD
AYT,PRG
AYT,RLG
AYT,ROV
AYT,RTM
AYT,SAW
AYT,STR
AYT,SVO
AYT,SXF
AYT,SZG
AYT,TRF
AYT,TXL
AYT,TZX
AYT,VIE
AYT,VKO
AYT,ZQW
AYT,ZRH
AZA,BIL
AZA,BIS
AZA,BLI
AZA,BZN
AZA,DLH
AZA,FAR
AZA,FSD
AZA,GFK
AZA,GRI
AZA,GRR
AZA,GTF
AZA,IDA
AZA,LAS
AZA,MLI
AZA,MOT
AZA,MSO
AZA,OAK
AZA,OGD
AZA,PIA
AZA,PVU
AZA,RAP
AZA,RFD
AZA,RST
AZA,SBN
AZA,STC
AZD,BND
AZD,MHD
AZD,THR
AZI,DXB
AZI,FJR
AZI,XSB
AZI,ZDY
AZN,DME
AZO,DTW
AZO,MSP
AZO,ORD
AZR,BMW
AZR,CZL
AZR,INZ
AZR,OGX
AZR,ORN
AZS,POP
AZS,SJU
AZS,YUL
AZS,YYZ
BAH,BGW
BAH,BOM
BAH,CCJ
BAH,CDG
BAH,CMB
BAH,COK
BAH,DEL
BAH,DMM
BAH,DOH
BAH,DWC
BAH,DXB
BAH,IKA
BAH,ISB
BAH,IST
BAH,IXE
BAH,JED
BAH,KHI
BAH,KRT
BAH,KWI
BAH,LCA
BAH,LHE
BAH,LHR
BAH,MAA
BAH,MCT
BAH,MED
BAH,MNL
BAH,NJF
BAH,PEW
BAH,RUH
BAH,SAH
BAH,SHJ
BAH,SKT
BAL,ESB
BAL,IST
BAL,SAW
BAQ,BOG
BAQ,CLO
BAQ,MDE
BAQ,MIA
BAQ,PTY
BAV,CAN
BAV,CIF
BAV,CSX
BAV,NAY
BAV,NKG
BAV,PEK
BAV,PVG
BAV,SHA
BAV,SHE
BAV,SJW
BAV,TSN
BAV,TYN
BAV,URC
BAV,XIY
BAX,DME
BAX,SVO
BAY,OTP
BAZ,MAO
BBA,PMC
BBA,PUQ
BBA,SCL
BBI,BLR
BBI,CCU
BBI,DEL
BBI,HYD
BBI,IXZ
BBI,VTZ
BBK,GBE
BBK,JNB
BBK,MUB
BBN,MUR
BBN,MYY
BBO,BSA
BBO,DXB
BBO,HGA
BBO,JIB
BBO,MGQ
BBO,SHJ
BCD,CEB
BCD,CGY
BCD,DVO
BCD,MNL
BCI,BNE
BCI,LRE
BCN,BES
BCN,BGO
BCN,BGY
BCN,BHX
BCN,BIO
BCN,BJL
BCN,BJZ
BCN,BLQ
BCN,BOG
BCN,BRI
BCN,BRN
BCN,BRS
BCN,BSL
BCN,BVA
BCN,CAI
BCN,CDG
BCN,CIA
BCN,CLJ
BCN,CMN
BCN,CPH
BCN,CRL
BCN,CTA
BCN,DBV
BCN,DKR
BCN,DME
BCN,DOH
BCN,DRS
BCN,DTM
BCN,DUB
BCN,DUS
BCN,DXB
BCN,EAS
BCN,EIN
BCN,EWR
BCN,FCO
BCN,FLR
BCN,FUE
BCN,GDN
BCN,GOA
BCN,GOT
BCN,GRU
BCN,GRX
BCN,GVA
BCN,HAJ
BCN,HAM
BCN,HEL
BCN,IBZ
BCN,ISB
BCN,IST
BCN,JFK
BCN,KBP
BCN,KTW
BCN,LBA
BCN,LCG
BCN,LED
BCN,LEI
BCN,LEJ
BCN,LEN
BCN,LGW
BCN,LHE
BCN,LHR
BCN,LIL
BCN,LIN
BCN,LPA
BCN,LPL
BCN,LYS
BCN,MAD
BCN,MAH
BCN,MAN
BCN,MIA
BCN,MLA
BCN,MRS
BCN,MSQ
BCN,MUC
BCN,MXP
BCN,NAP
BCN,NCE
BCN,NCL
BCN,NTE
BCN,NUE
BCN,NYO
BCN,OPO
BCN,ORK
BCN,ORY
BCN,OSL
BCN,OTP
BCN,PHL
BCN,PIK
BCN,PMI
BCN,POZ
BCN,PRG
BCN,RAK
BCN,RGS
BCN,RIX
BCN,RNS
BCN,RTM
BCN,RYG
BCN,SAW
BCN,SCQ
BCN,SEN
BCN,SIN
BCN,SLM
BCN,STN
BCN,STR
BCN,SVO
BCN,SVQ
BCN,TFN
BCN,TFS
BCN,TLS
BCN,TLV
BCN,TRF
BCN,TRN
BCN,TSF
BCN,TSR
BCN,TUN
BCN,TXL
BCN,VGO
BCN,VIE
BCN,VLL
BCN,VNO
BCN,WAW
BCN,WMI
BCN,XRY
BCN,YUL
BCN,ZRH
BCV,CUK
BCV,SQS
BCV,TZA
BDA,BOS
BDA,EWR
BDA,JFK
BDA,LGW
BDA,PHL
BDB,BNE
BDH,DXB
BDH,SYZ
BDJ,BDO
BDJ,BPN
BDJ,CGK
BDJ,JOG
BDJ,KBU
BDJ,PKN
BDJ,SRG
BDJ,SUB
BDL,BWI
BDL,CVG
BDL,DCA
BDL,DEN
BDL,DTW
BDL,FLL
BDL,IAD
BDL,LAS
BDL,LAX
BDL,MCO
BDL,MDW
BDL,MSP
BDL,ORD
BDL,PBI
BDL,PHL
BDL,PIT
BDL,RDU
BDL,RSW
BDL,SJU
BDL,TPA
BDL,YUL
BDO,BTH
BDO,DPS
BDO,JHB
BDO,JOG
BDO,KUL
BDO,PKU
BDO,SIN
BDO,SUB
BDP,KTM
BDQ,BOM
BDQ,DEL
BDS,BGY
BDS,BSL
BDS,BVA
BDS,CIA
BDS,CRL
BDS,EIN
BDS,FCO
BDS,GRO
BDS,GVA
BDS,LIN
BDS,MUC
BDS,MXP
BDS,PSA
BDS,STN
BDS,TRN
BDS,TSF
BDU,OSL
BEB,GLA
BEB,SYY
BEG,BNX
BEG,BUD
BEG,BVA
BEG,CDG
BEG,CPH
BEG,CRL
BEG,DUS
BEG,DXB
BEG,EIN
BEG,ESB
BEG,FCO
BEG,FMM
BEG,FRA
BEG,GSE
BEG,GVA
BEG,IST
BEG,LCA
BEG,LHR
BEG,MLH
BEG,MMX
BEG,MUC
BEG,OSL
BEG,PRG
BEG,SKG
BEG,SOF
BEG,SPU
BEG,TGD
BEG,TIV
BEG,TLV
BEG,TRF
BEG,TXL
BEG,WAW
BEG,ZRH
BEJ,BPN
BEL,BVS
BEL,CAY
BEL,CKS
BEL,CNF
BEL,FOR
BEL,IMP
BEL,MAB
BEL,MAO
BEL,MCP
BEL,MEU
BEL,MIA
BEL,SLZ
BEL,STM
BEL,TUR
BEN,CAI
BEN,CMN
BEN,HBE
BEN,IST
BEN,JED
BEN,MLA
BEN,MRA
BEN,SFA
BEN,TUN
BES,BOD
BES,CDG
BES,LCY
BES,LYS
BES,ORY
BES,SOU
BET,CYF
BET,EEK
BET,EMK
BET,GNU
BET,HPB
BET,KKH
BET,KLG
BET,KPN
BET,KUK
BET,KWK
BET,KWN
BET,KWT
BET,MLL
BET,MYU
BET,NME
BET,NUP
BET,OOK
BET,PKA
BET,PQS
BET,PTU
BET,RSH
BET,SCM
BET,TLT
BET,VAK
BET,WNA
BET,WTL
BET,WWT
BEU,BQL
BEU,BVI
BEW,JNB
BEW,MPM
BEW,POL
BEW,TET
BEW,UEL
BEY,BGW
BEY,BRU
BEY,BSR
BEY,CAI
BEY,CDG
BEY,DMM
BEY,DOH
BEY,DWC
BEY,DXB
BEY,EBL
BEY,FCO
BEY,FRA
BEY,GVA
BEY,HBE
BEY,IKA
BEY,IST
BEY,JED
BEY,KAN
BEY,KWI
BEY,LHR
BEY,LOS
BEY,MCT
BEY,MHD
BEY,MSQ
BEY,MXP
BEY,NJF
BEY,OTP
BEY,RUH
BEY,SAH
BEY,SAW
BEY,SHJ
BEY,SVO
BEY,SXF
BEY,TUN
BFD,CLE
BFD,JHW
BFF,DEN
BFI,CLM
BFI,ESD
BFI,FRD
BFJ,CAN
BFJ,CKG
BFJ,KMG
BFJ,KWE
BFJ,NAY
BFJ,SHA
BFJ,SZX
BFL,DEN
BFL,IAH
BFL,LAX
BFL,PHX
BFL,SFO
BFN,CPT
BFN,DUR
BFN,JNB
BFQ,JQE
BFQ,PAC
BFS,BHX
BFS,BRS
BFS,DBV
BFS,DLM
BFS,EDI
BFS,EWR
BFS,FAO
BFS,GLA
BFS,KRK
BFS,LCA
BFS,LGW
BFS,LTN
BFS,MAN
BFS,MJV
BFS,MLA
BFS,NBE
BFS,NCL
BFS,REU
BFS,STN
BFS,TFS
BFV,DMK
BGA,BOG
BGA,MDE
BGA,PTY
BGF,CDG
BGF,CMN
BGF,DLA
BGF,NSI
BGG,ESB
BGG,IST
BGI,DOM
BGI,FDF
BGI,FRA
BGI,GND
BGI,KIN
BGI,LGW
BGI,MAN
BGI,OGL
BGI,POS
BGI,SLU
BGI,SVD
BGI,SXM
BGI,TAB
BGI,UVF
BGI,YYZ
BGM,DTW
BGM,IAD
BGM,PHL
BGO,BLL
BGO,BNN
BGO,BOO
BGO,CHQ
BGO,CPH
BGO,DBV
BGO,EDI
BGO,FAE
BGO,FCO
BGO,FDE
BGO,FRA
BGO,FRO
BGO,GDN
BGO,HAM
BGO,HAU
BGO,HOV
BGO,JFK
BGO,KRK
BGO,KRS
BGO,KSU
BGO,KTW
BGO,LGW
BGO,LHR
BGO,LPA
BGO,MAN
BGO,NCE
BGO,PMI
BGO,RIX
BGO,SKE
BGO,SOG
BGO,SVG
BGO,TOS
BGO,TRD
BGO,TRF
BGO,VNO
BGR,DCA
BGR,DTW
BGR,LGA
BGR,PHL
BGR,PIE
BGR,SFB
BGW,CAI
BGW,DOH
BGW,DXB
BGW,ESB
BGW,TBS
BGY,BLL
BGY,BRE
BGY,BRI
BGY,BRS
BGY,BUD
BGY,BVA
BGY,CAG
BGY,CHQ
BGY,CLJ
BGY,CMN
BGY,CRA
BGY,CTA
BGY,DUB
BGY,EMA
BGY,FEZ
BGY,FUE
BGY,GRO
BGY,GSE
BGY,HHN
BGY,IEV
BGY,KGS
BGY,KTW
BGY,LBC
BGY,LDE
BGY,LPP
BGY,LWO
BGY,NRN
BGY,NYO
BGY,OMO
BGY,OPO
BGY,OTP
BGY,PMI
BGY,PMO
BGY,PRG
BGY,PSR
BGY,RAK
BGY,RHO
BGY,RIX
BGY,RYG
BGY,SAW
BGY,SKG
BGY,SOF
BGY,STN
BGY,SUF
BGY,SVQ
BGY,SXF
BGY,TIA
BGY,TMP
BGY,VLC
BGY,VNO
BGY,WAW
BGY,WMI
BGY,WRO
BGY,ZAZ
BHB,BOS
BHD,BHX
BHD,CWL
BHD,EDI
BHD,EMA
BHD,EXT
BHD,GLA
BHD,INV
BHD,IOM
BHD,LBA
BHD,LGW
BHD,MAN
BHD,NCL
BHD,PMI
BHE,CHC
BHH,DMM
BHH,JED
BHH,RUH
BHI,MDQ
BHI,REL
BHJ,BOM
BHK,DME
BHK,LED
BHK,TAS
BHK,UGC
BHM,CLT
BHM,DAL
BHM,DCA
BHM,DFW
BHM,DTW
BHM,HOU
BHM,IAH
BHM,LGA
BHM,MCO
BHM,MDW
BHM,MIA
BHM,MSP
BHM,ORD
BHM,PHL
BHM,TPA
BHO,BOM
BHO,DEL
BHO,RPR
BHQ,DBO
BHQ,MQL
BHQ,SYD
BHR,KTM
BHS,PKE
BHS,SYD
BHU,BOM
BHV,ISB
BHV,LHE
BHV,SKZ
BHX,BJV
BHX,BRU
BHX,BTS
BHX,BVC
BHX,BZG
BHX,CDG
BHX,CGN
BHX,CPH
BHX,DBV
BHX,DEL
BHX,DLM
BHX,DUB
BHX,DUS
BHX,EWR
BHX,FAO
BHX,FCO
BHX,FLR
BHX,FNC
BHX,FUE
BHX,GCI
BHX,GDN
BHX,GIB
BHX,GLA
BHX,GOT
BHX,HAJ
BHX,HAM
BHX,HER
BHX,IBZ
BHX,ISB
BHX,IST
BHX,JER
BHX,KRK
BHX,KTW
BHX,KUN
BHX,LCA
BHX,LDY
BHX,LEI
BHX,LPA
BHX,LYS
BHX,MAH
BHX,MJV
BHX,MLA
BHX,MUC
BHX,NBE
BHX,NCL
BHX,NOC
BHX,OPO
BHX,PFO
BHX,PMI
BHX,SNN
BHX,SSH
BHX,STR
BHX,TFS
BHX,VCE
BHX,WAT
BHX,ZRH
BHY,CAN
BHY,CGO
BHY,CKG
BHY,CSX
BHY,CTU
BHY,HAK
BHY,HGH
BHY,KMG
BHY,KWL
BHY,LYA
BHY,PEK
BHY,PVG
BHY,SJW
BHY,XIY
BIA,BRU
BIA,CDG
BIA,CGN
BIA,DUS
BIA,EBU
BIA,FRA
BIA,HAM
BIA,LGG
BIA,LGW
BIA,LIL
BIA,LUX
BIA,LYS
BIA,MRS
BIA,NCE
BIA,NTE
BIA,STR
BIA,SXB
BIA,TLS
BIA,TXL
BIK,DJJ
BIK,UPG
BIL,DEN
BIL,GDV
BIL,GGW
BIL,HVR
BIL,LAS
BIL,MSP
BIL,OLF
BIL,PDX
BIL,SDY
BIL,SEA
BIL,SLC
BIM,FLL
BIO,BRU
BIO,CDG
BIO,DUS
BIO,FCO
BIO,FUE
BIO,GVA
BIO,IBZ
BIO,IST
BIO,LHR
BIO,LIS
BIO,MAD
BIO,MAN
BIO,MUC
BIO,MXP
BIO,ORY
BIO,OSL
BIO,PMI
BIO,SCQ
BIO,STN
BIO,SVQ
BIO,TXL
BIO,VGO
BIO,VLC
BIQ,CDG
BIQ,CPH
BIQ,CRL
BIQ,DUB
BIQ,GVA
BIQ,LIL
BIQ,LYS
BIQ,MRS
BIQ,NCE
BIQ,NYO
BIQ,ORY
BIQ,STN
BIQ,SXB
BIR,KTM
BIS,DEN
BIS,LAS
BIS,MSP
BIS,SFB
BJA,LYS
BJA,MRS
BJB,THR
BJF,HFT
BJF,MEH
BJF,VAW
BJF,VDS
BJI,MSP
BJL,CMN
BJL,DKR
BJL,FNA
BJL,LPA
BJL,OXB
BJL,RAI
BJM,BRU
BJM,EBB
BJM,NBO
BJR,LLI
BJV,BRU
BJV,EIN
BJV,EMA
BJV,ESB
BJV,GLA
BJV,IST
BJV,LBA
BJV,LGW
BJV,LPL
BJV,LTN
BJV,MAN
BJV,NCL
BJV,ORY
BJV,RTM
BJV,SAW
BJV,STN
BJX,IAH
BJX,MDW
BJX,MTY
BJX,SFO
BJX,TIJ
BJZ,MAD
BKC,DRG
BKG,DAL
BKG,DEN
BKG,HOU
BKG,MDW
BKI,BTU
BKI,BWN
BKI,CAN
BKI,CGK
BKI,DPS
BKI,HGH
BKI,HKG
BKI,JHB
BKI,KBR
BKI,KCH
BKI,KUD
BKI,LBU
BKI,LDU
BKI,LWY
BKI,MYY
BKI,NRT
BKI,PER
BKI,PPS
BKI,SBW
BKI,SDK
BKI,SIN
BKI,SZX
BKI,TPE
BKK,BNE
BKK,BOM
BKK,BRU
BKK,BWN
BKK,CAI
BKK,CAN
BKK,CCU
BKK,CDG
BKK,CEI
BKK,CGK
BKK,CKG
BKK,CMB
BKK,CNX
BKK,CPH
BKK,CRK
BKK,CTS
BKK,CTU
BKK,DEL
BKK,DME
BKK,DOH
BKK,DPS
BKK,FOC
BKK,FRA
BKK,FUK
BKK,GAU
BKK,HDY
BKK,HEL
BKK,HKG
BKK,HKT
BKK,HND
BKK,HYD
BKK,ICN
BKK,IKA
BKK,IKT
BKK,ISB
BKK,IXB
BKK,JNB
BKK,KBP
BKK,KBV
BKK,KHH
BKK,KHI
BKK,KIX
BKK,KJA
BKK,KKC
BKK,KMG
BKK,KTM
BKK,KUL
BKK,KWI
BKK,KWL
BKK,LHE
BKK,LHR
BKK,LPQ
BKK,LPT
BKK,MAA
BKK,MAD
BKK,MCT
BKK,MDL
BKK,MEL
BKK,MFM
BKK,MLE
BKK,MNL
BKK,MUC
BKK,MXP
BKK,NBO
BKK,NNG
BKK,NRT
BKK,NYT
BKK,OSL
BKK,OVB
BKK,PEK
BKK,PEN
BKK,PER
BKK,PNH
BKK,PUS
BKK,PVG
BKK,REP
BKK,RGN
BKK,SGN
BKK,SIN
BKK,SVO
BKK,SVX
BKK,SWA
BKK,SZX
BKK,TAO
BKK,TAS
BKK,TDX
BKK,THS
BKK,TLV
BKK,TNR
BKK,TPE
BKK,UBP
BKK,ULN
BKK,URT
BKK,UTH
BKK,VIE
BKK,VTE
BKK,WUH
BKK,XMN
BKK,ZRH
BKM,LWY
BKO,CDG
BKO,CKY
BKO,CMN
BKO,COO
BKO,DKR
BKO,LFW
BKO,LIS
BKO,NBO
BKO,NKC
BKO,ORY
BKO,OUA
BKO,TUN
BKQ,BNE
BKQ,LRE
BKS,BTH
BKS,CGK
BKW,IAD
BKW,SHD
BKY,GOM
BKY,KND
BKY,KOO
BKZ,MWZ
BLA,CCS
BLA,MIA
BLA,PMV
BLA,PTY
BLA,PZO
BLA,VLN
BLD,GCW
BLE,GOT
BLE,ORB
BLI,HNL
BLI,LAX
BLI,OAK
BLI,PSP
BLI,SAN
BLI,SEA
BLJ,LYS
BLJ,MRS
BLJ,ORY
BLK,DLM
BLK,FAO
BLK,PMI
BLK,TFS
BLL,BRU
BLL,CDG
BLL,CIA
BLL,CPH
BLL,DUS
BLL,EBJ
BLL,FAE
BLL,FAO
BLL,FRA
BLL,GRO
BLL,IST
BLL,KEF
BLL,MAN
BLL,MUC
BLL,PMI
BLL,PSA
BLL,RIX
BLL,STN
BLL,SVG
BLL,TFS
BLL,ZAD
BLL,ZRH
BLQ,BOD
BLQ,BRS
BLQ,BRU
BLQ,BVA
BLQ,CAG
BLQ,CDG
BLQ,CGN
BLQ,CMN
BLQ,CPH
BLQ,CRL
BLQ,CTA
BLQ,DUB
BLQ,EDI
BLQ,EIN
BLQ,FCO
BLQ,FRA
BLQ,IAS
BLQ,IBZ
BLQ,IST
BLQ,KIV
BLQ,KRK
BLQ,LGW
BLQ,LHR
BLQ,MAD
BLQ,MAN
BLQ,MLA
BLQ,NRN
BLQ,OLB
BLQ,OPO
BLQ,ORY
BLQ,OTP
BLQ,PMI
BLQ,PMO
BLQ,RYG
BLQ,SAW
BLQ,SVQ
BLQ,TIA
BLQ,TPS
BLQ,TUN
BLQ,TXL
BLQ,VIE
BLQ,WMI
BLR,BOM
BLR,CCJ
BLR,CDG
BLR,COK
BLR,DEL
BLR,DMM
BLR,DOH
BLR,DXB
BLR,FRA
BLR,GAU
BLR,GOI
BLR,HBX
BLR,HKG
BLR,IDR
BLR,IXG
BLR,JAI
BLR,JED
BLR,KUL
BLR,LHR
BLR,LKO
BLR,MAA
BLR,MCT
BLR,MYQ
BLR,NAG
BLR,RUH
BLR,SHJ
BLR,SIN
BLR,VGA
BLR,VTZ
BLV,SFB
BLZ,JNB
BLZ,LLW
BLZ,LUN
BLZ,NBO
BMA,BRU
BMA,GOT
BMA,HAD
BMA,HEL
BMA,KLR
BMA,MMX
BMA,OSD
BMA,RNB
BMA,SDL
BMA,THN
BMA,VBY
BMA,VXO
BME,BNE
BME,DRW
BME,KNX
BME,KTA
BME,MEL
BME,PER
BME,PHE
BMI,DEN
BMI,DFW
BMI,DTW
BMI,MCO
BMI,MSP
BMI,SFB
BMU,DPS
BMU,LOP
BMV,DAD
BMV,HAN
BMV,SGN
BMV,VII
BMY,GEA
BMY,KOC
BNA,BOS
BNA,BWI
BNA,CHS
BNA,CLT
BNA,CVG
BNA,DCA
BNA,DEN
BNA,DFW
BNA,DTW
BNA,ECP
BNA,GSP
BNA,HOU
BNA,IAD
BNA,JAX
BNA,JFK
BNA,LAS
BNA,LAX
BNA,MCI
BNA,MCO
BNA,MIA
BNA,MKL
BNA,MSP
BNA,MSY
BNA,PHL
BNA,PIT
BNA,PNS
BNA,PVD
BNA,SAN
BNA,SAT
BNA,SLC
BNA,STL
BNA,TTN
BNA,YYZ
BNB,FIH
BNB,MDK
BNC,BUX
BNC,GOM
BND,DXB
BND,IFN
BND,KIH
BND,MHD
BND,RAS
BND,SRY
BND,SYZ
BND,TBZ
BND,THR
BND,ZBR
BNE,CBR
BNE,CHC
BNE,CNJ
BNE,CTL
BNE,DFW
BNE,DPS
BNE,DRW
BNE,DUD
BNE,DXB
BNE,EMD
BNE,GLT
BNE,HBA
BNE,HIR
BNE,HNL
BNE,HTI
BNE,HVB
BNE,ICN
BNE,INU
BNE,ISA
BNE,KTA
BNE,KUL
BNE,LDH
BNE,LRE
BNE,LST
BNE,MEL
BNE,MKY
BNE,MOV
BNE,NAN
BNE,NLK
BNE,NOU
BNE,NTL
BNE,PER
BNE,PHE
BNE,POM
BNE,PPP
BNE,PQQ
BNE,RMA
BNE,ROK
BNE,SON
BNE,SYD
BNE,TPE
BNE,TSV
BNE,TWB
BNE,VLI
BNE,ZBL
BNE,ZQN
BNI,LOS
BNK,MEL
BNK,NTL
BNN,BOO
BNN,MQN
BNN,OSL
BNN,SSJ
BNN,TRD
BNS,CCS
BNX,SJJ
BNX,ZRH
BNY,HIR
BNY,RNL
BOB,HUH
BOB,MAU
BOB,MOZ
BOB,PPT
BOB,RFP
BOB,RGI
BOB,TIH
BOC,CHX
BOC,PAC
BOC,SJO
BOD,BRS
BOD,BRU
BOD,BSL
BOD,CDG
BOD,CIA
BOD,CLY
BOD,FCO
BOD,FLR
BOD,FSC
BOD,GVA
BOD,HER
BOD,LGW
BOD,LIL
BOD,LIS
BOD,LTN
BOD,LYS
BOD,MAD
BOD,MRS
BOD,MUC
BOD,MXP
BOD,NCE
BOD,NTE
BOD,OLB
BOD,OPO
BOD,PMI
BOD,PMO
BOD,RAK
BOD,RNS
BOD,STN
BOD,SXB
BOD,TFS
BOD,TUN
BOD,YUL
BOD,ZRH
BOG,BUN
BOG,CDG
BOG,CLO
BOG,CTG
BOG,CUC
BOG,CUN
BOG,CUR
BOG,CZU
BOG,EJA
BOG,EOH
BOG,EWR
BOG,EYP
BOG,EZE
BOG,FLA
BOG,FRA
BOG,GIG
BOG,GUA
BOG,GYE
BOG,HAV
BOG,IAD
BOG,IAH
BOG,IBE
BOG,IPI
BOG,JFK
BOG,LET
BOG,MAD
BOG,MCO
BOG,MDE
BOG,MEX
BOG,MIA
BOG,MTR
BOG,MVP
BOG,MZL
BOG,NVA
BOG,PCR
BOG,PDA
BOG,PPN
BOG,PSO
BOG,PTY
BOG,PUJ
BOG,PUU
BOG,RCH
BOG,RVE
BOG,SAL
BOG,SDQ
BOG,SJE
BOG,SJO
BOG,SJU
BOG,SMR
BOG,SVI
BOG,TME
BOG,UIB
BOG,UIO
BOG,VGZ
BOG,VUP
BOG,VVC
BOH,CHQ
BOH,DUB
BOH,FAO
BOH,FUE
BOH,GRO
BOH,IBZ
BOH,LPA
BOH,MLA
BOH,PMI
BOH,PSA
BOH,RHO
BOH,TFS
BOI,GEG
BOI,LAS
BOI,LWS
BOI,MSP
BOI,OAK
BOI,ORD
BOI,PHX
BOI,SAN
BOI,SEA
BOI,SFO
BOI,SJC
BOI,SLC
BOI,SMF
BOJ,BRU
BOJ,CPH
BOJ,DME
BOJ,DUB
BOJ,LED
BOJ,LTN
BOJ,SOF
BOJ,SVO
BOJ,VAR
BOM,BRU
BOM,CAI
BOM,CCJ
BOM,CCU
BOM,CJB
BOM,CMB
BOM,COK
BOM,CTU
BOM,DAC
BOM,DIU
BOM,DMM
BOM,DOH
BOM,EWR
BOM,FRA
BOM,GAU
BOM,GOI
BOM,GWL
BOM,HBX
BOM,HKG
BOM,HYD
BOM,IDR
BOM,IKA
BOM,IST
BOM,IXC
BOM,IXD
BOM,IXE
BOM,IXJ
BOM,IXR
BOM,IXU
BOM,JAI
BOM,JDH
BOM,JED
BOM,JGA
BOM,JNB
BOM,KTM
BOM,KUL
BOM,LHR
BOM,LKO
BOM,MAA
BOM,MRU
BOM,MUC
BOM,NAG
BOM,NRT
BOM,PAT
BOM,PBD
BOM,PNQ
BOM,RAJ
BOM,RPR
BOM,RUH
BOM,SAH
BOM,SHJ
BOM,SIN
BOM,STV
BOM,SXR
BOM,TRV
BOM,UDR
BOM,VNS
BOM,VTZ
BOM,ZRH
BON,CUR
BON,EWR
BON,IAH
BOO,EVE
BOO,LKN
BOO,MJF
BOO,MQN
BOO,NVK
BOO,OSL
BOO,RET
BOO,SKN
BOO,SSJ
BOO,SVJ
BOO,TOS
BOO,TRD
BOS,BUF
BOS,BWI
BOS,CDG
BOS,CHS
BOS,CLT
BOS,CUN
BOS,CVG
BOS,DCA
BOS,DEN
BOS,DFW
BOS,DTW
BOS,DUB
BOS,EWR
BOS,FCO
BOS,FLL
BOS,FRA
BOS,HOU
BOS,HYA
BOS,IAD
BOS,IAH
BOS,IND
BOS,ISP
BOS,JAX
BOS,JFK
BOS,LAS
BOS,LAX
BOS,LEB
BOS,LGB
BOS,LHR
BOS,LIS
BOS,MCI
BOS,MCO
BOS,MDT
BOS,MDW
BOS,MKE
BOS,MSY
BOS,MUC
BOS,MVY
BOS,MYR
BOS,PBG
BOS,PDX
BOS,PHL
BOS,PHX
BOS,PIT
BOS,PLS
BOS,PQI
BOS,PTY
BOS,PVC
BOS,RAI
BOS,RDU
BOS,RIC
BOS,RKD
BOS,RSW
BOS,RUT
BOS,SAN
BOS,SDQ
BOS,SEA
BOS,SJC
BOS,SJU
BOS,SLC
BOS,SLK
BOS,SNN
BOS,STI
BOS,STL
BOS,STT
BOS,SXM
BOS,SYR
BOS,TPA
BOS,YHZ
BOS,YOW
BOS,YTZ
BOS,YYZ
BOS,ZRH
BOY,OUA
BPL,URC
BPN,BTH
BPN,CGK
BPN,DPS
BPN,JOG
BPN,KUL
BPN,MDC
BPN,PLW
BPN,SIN
BPN,SRG
BPN,SUB
BPN,TRK
BPN,UPG
BPS,CGH
BPS,CNF
BPS,GRU
BPS,SDU
BPS,SSA
BPS,VCP
BPT,DFW
BPX,CTU
BPX,LXA
BQB,PER
BQL,ISA
BQN,EWR
BQN,FLL
BQN,JFK
BQN,MCO
BQS,DME
BQS,KHV
BQS,VVO
BQS,YKS
BRA,BSB
BRA,SSA
BRC,COR
BRC,CRD
BRC,EQS
BRC,MDZ
BRC,REL
BRD,INL
BRD,MSP
BRE,BZR
BRE,CDG
BRE,CFU
BRE,CHQ
BRE,EDI
BRE,FMO
BRE,FNC
BRE,FUE
BRE,IBZ
BRE,IST
BRE,LEJ
BRE,LPA
BRE,MAN
BRE,MUC
BRE,NBE
BRE,NYO
BRE,PMI
BRE,RIX
BRE,SKG
BRE,STN
BRE,STR
BRE,TFS
BRE,TLS
BRE,VIE
BRE,ZRH
BRI,BUD
BRI,CAG
BRI,CGN
BRI,CIA
BRI,CRL
BRI,DUB
BRI,DUS
BRI,FCO
BRI,FKB
BRI,GOA
BRI,LGW
BRI,MLA
BRI,MST
BRI,MUC
BRI,NRN
BRI,OTP
BRI,PMO
BRI,PRG
BRI,PSA
BRI,STN
BRI,SVQ
BRI,TRN
BRI,TXL
BRI,VCE
BRI,VLC
BRL,ORD
BRL,STL
BRM,CCS
BRM,CUR
BRM,PMV
BRN,CGN
BRN,EBA
BRN,HAM
BRN,IBZ
BRN,LCY
BRN,OLB
BRN,PMI
BRN,TXL
BRN,VIE
BRO,DFW
BRO,IAH
BRQ,STN
BRR,GLA
BRS,BRU
BRS,BUD
BRS,BZR
BRS,CDG
BRS,CEG
BRS,CFU
BRS,CHQ
BRS,CPH
BRS,DLM
BRS,EDI
BRS,EGC
BRS,FAO
BRS,FCO
BRS,FRA
BRS,FUE
BRS,GCI
BRS,GDN
BRS,GLA
BRS,GRO
BRS,GVA
BRS,HAM
BRS,INV
BRS,KEF
BRS,KRK
BRS,KUN
BRS,LIG
BRS,LIS
BRS,LPA
BRS,MAD
BRS,MAH
BRS,MJV
BRS,MLA
BRS,MUC
BRS,MXP
BRS,NBE
BRS,NCE
BRS,NOC
BRS,ORK
BRS,PFO
BRS,POZ
BRS,PRG
BRS,PSA
BRS,RAK
BRS,REU
BRS,SXF
BRS,TFS
BRS,TSF
BRS,VLC
BRS,WMI
BRS,WRO
BRS,ZRH
BRU,CDG
BRU,CFU
BRU,CHQ
BRU,CMN
BRU,COO
BRU,CPH
BRU,CTA
BRU,DBV
BRU,DEL
BRU,DKR
BRU,DLA
BRU,DME
BRU,DOH
BRU,DUB
BRU,EBB
BRU,EDI
BRU,EWR
BRU,FAO
BRU,FCO
BRU,FIH
BRU,FLR
BRU,FNA
BRU,FNC
BRU,FUE
BRU,GDN
BRU,GOT
BRU,GRO
BRU,GVA
BRU,HAJ
BRU,HAM
BRU,HEL
BRU,HER
BRU,IAD
BRU,IBZ
BRU,JFK
BRU,JMK
BRU,JTR
BRU,KBP
BRU,KEF
BRU,KGL
BRU,LAD
BRU,LDE
BRU,LEI
BRU,LFW
BRU,LGW
BRU,LHR
BRU,LIN
BRU,LIS
BRU,LJU
BRU,LPA
BRU,LYS
BRU,MAD
BRU,MAH
BRU,MAN
BRU,MIR
BRU,MLA
BRU,MXP
BRU,NAP
BRU,NBE
BRU,NBO
BRU,NCE
BRU,NSI
BRU,NTE
BRU,ORD
BRU,ORK
BRU,OSL
BRU,OUA
BRU,OUD
BRU,PEK
BRU,PFO
BRU,PHL
BRU,PMI
BRU,PMO
BRU,RAK
BRU,RHO
BRU,RIX
BRU,ROB
BRU,SAW
BRU,SCQ
BRU,SOF
BRU,SVO
BRU,SXB
BRU,SXF
BRU,TFS
BRU,TIV
BRU,TLL
BRU,TLS
BRU,TLV
BRU,TNG
BRU,TUN
BRU,TXL
BRU,VAR
BRU,VIE
BRU,VLC
BRU,VNO
BRU,WRO
BRU,YUL
BRU,ZAG
BRU,ZRH
BRU,ZTH
BRW,FAI
BRW,NUI
BRW,PIZ
BRW,SCC
BSA,GLK
BSB,CGB
BSB,CGH
BSB,CGR
BSB,CNF
BSB,EZE
BSB,FLN
BSB,FOR
BSB,GIG
BSB,GRU
BSB,GYN
BSB,IMP
BSB,IOS
BSB,JDO
BSB,JPA
BSB,MAB
BSB,MAO
BSB,MCZ
BSB,MQH
BSB,NAT
BSB,OPS
BSB,PMW
BSB,PNZ
BSB,POA
BSB,PTY
BSB,PVH
BSB,RAO
BSB,RBR
BSB,SDU
BSB,SLZ
BSB,THE
BSB,UDI
BSB,VCP
BSB,VIX
BSC,EOH
BSD,KMG
BSG,COO
BSG,SSG
BSK,LYS
BSL,BUD
BSL,CAG
BSL,CDG
BSL,CPH
BSL,DJE
BSL,DRS
BSL,DUB
BSL,DUS
BSL,EDI
BSL,FAO
BSL,FCO
BSL,FNC
BSL,FRA
BSL,FUE
BSL,HAM
BSL,HER
BSL,HRG
BSL,IBZ
BSL,IST
BSL,KGS
BSL,KRK
BSL,LCA
BSL,LCY
BSL,LGW
BSL,LIS
BSL,MUC
BSL,NAP
BSL,OLB
BSL,OPO
BSL,PRG
BSL,PRN
BSL,RAK
BSL,RHO
BSL,SAW
BSL,SCQ
BSL,SKG
BSL,SPU
BSL,STN
BSL,SVQ
BSL,TFS
BSL,TLS
BSL,TLV
BSL,VIE
BSL,ZQW
BSO,MNL
BSR,DOH
BSR,DXB
BSR,IST
BSR,SHJ
BSS,IMP
BTC,GIU
BTH,CGK
BTH,DJB
BTH,DPS
BTH,JOG
BTH,NTX
BTH,PDG
BTH,PGK
BTH,PKU
BTH,PLM
BTH,PNK
BTH,SZB
BTH,TKG
BTI,FYU
BTI,SCC
BTJ,CGK
BTJ,KUL
BTJ,PEN
BTK,DME
BTK,IKT
BTK,OVB
BTK,VKO
BTM,SLC
BTR,CLT
BTR,DFW
BTR,IAH
BTS,BVA
BTS,CIA
BTS,CRL
BTS,DUB
BTS,EDI
BTS,GRO
BTS,KSC
BTS,LPL
BTS,LTN
BTS,OSL
BTS,PMI
BTS,PRG
BTS,TPS
BTT,CXF
BTT,FAI
BTU,KCH
BTU,KUL
BTU,MYY
BTU,SBW
BTV,DTW
BTV,EWR
BTV,IAD
BTV,LGA
BTV,ORD
BTV,PHL
BUA,LNV
BUA,MIS
BUA,POM
BUA,RAB
BUC,DMD
BUC,ONG
BUD,CAI
BUD,CDG
BUD,CGN
BUD,CIA
BUD,CPH
BUD,CRL
BUD,CTA
BUD,DOH
BUD,DTM
BUD,DUB
BUD,DWC
BUD,EDI
BUD,EMA
BUD,FCO
BUD,FRA
BUD,GYD
BUD,HAM
BUD,HHN
BUD,IEV
BUD,IST
BUD,LBA
BUD,LCA
BUD,LGW
BUD,LHR
BUD,LIS
BUD,LTN
BUD,MAD
BUD,MLA
BUD,MMX
BUD,MSQ
BUD,MUC
BUD,MXP
BUD,NAP
BUD,NYO
BUD,ORY
BUD,OSL
BUD,OTP
BUD,PRG
BUD,PSA
BUD,RIX
BUD,ROV
BUD,RTM
BUD,SAW
BUD,SKG
BUD,STN
BUD,STR
BUD,SVO
BUD,SXF
BUD,TMP
BUD,TSF
BUD,WAW
BUD,ZRH
BUF,CLE
BUF,CLT
BUF,DCA
BUF,DTW
BUF,EWR
BUF,FLL
BUF,IAD
BUF,JFK
BUF,LAS
BUF,LGA
BUF,MCO
BUF,MDW
BUF,MSP
BUF,ORD
BUF,PHL
BUF,PHX
BUF,TPA
BUL,POM
BUQ,HRE
BUQ,JNB
BUQ,VFA
BUR,DEN
BUR,IPL
BUR,JFK
BUR,LAS
BUR,OAK
BUR,PHX
BUR,SEA
BUR,SFO
BUR,SJC
BUR,SMF
BUS,DME
BUS,DNK
BUS,IST
BUS,MSQ
BUS,TBS
BUW,UPG
BUX,GOM
BUX,IRP
BUZ,DXB
BUZ,MHD
BUZ,SYZ
BUZ,THR
BVA,CIA
BVA,CLJ
BVA,DUB
BVA,FAO
BVA,FEZ
BVA,GDN
BVA,GRO
BVA,KIV
BVA,KTW
BVA,LIS
BVA,MAD
BVA,MAN
BVA,NYO
BVA,OPO
BVA,OTP
BVA,PMI
BVA,POZ
BVA,PSA
BVA,PUY
BVA,RAK
BVA,RBA
BVA,RZE
BVA,SNN
BVA,SOF
BVA,SVQ
BVA,TGM
BVA,TPS
BVA,TRS
BVA,TSF
BVA,TSR
BVA,VNO
BVA,WAW
BVA,WMI
BVA,WRO
BVA,ZAD
BVA,ZAZ
BVB,MAO
BVC,CDG
BVC,CGN
BVC,HAJ
BVC,LGW
BVC,LIS
BVC,LUX
BVC,MAN
BVC,MUC
BVC,RAI
BVC,SID
BVC,STR
BVE,LCY
BVE,ORY
BVE,STN
BVG,HFT
BVG,HVG
BVG,MEH
BVG,VDS
BVH,CGB
BVI,WNR
BVV,UUS
BWA,KTM
BWI,CHS
BWI,CLT
BWI,CMH
BWI,DAY
BWI,DFW
BWI,DTW
BWI,ECP
BWI,EWR
BWI,FLL
BWI,FNT
BWI,FPO
BWI,GRR
BWI,GSP
BWI,HOU
BWI,IAH
BWI,IND
BWI,ISP
BWI,JAX
BWI,JFK
BWI,LAS
BWI,LAX
BWI,LHR
BWI,LIT
BWI,MBJ
BWI,MCI
BWI,MCO
BWI,MDW
BWI,MEM
BWI,MHT
BWI,MIA
BWI,MKE
BWI,MSP
BWI,MYR
BWI,NAS
BWI,OKC
BWI,ORD
BWI,PHL
BWI,PUJ
BWI,PVD
BWI,PWM
BWI,ROC
BWI,SAN
BWI,SAT
BWI,SDF
BWI,SEA
BWI,SJU
BWI,SLC
BWI,STL
BWI,YYZ
BWK,ZAG
BWN,CGK
BWN,DWC
BWN,DXB
BWN,HKG
BWN,JED
BWN,KUL
BWN,MEL
BWN,MNL
BWN,MZV
BWN,SIN
BWN,SUB
BWT,KNS
BWT,LST
BWT,MEL
BXB,SOQ
BXR,THR
BXU,CEB
BXU,MNL
BYC,SRZ
BYC,TJA
BYN,LTI
BYN,ULN
BYO,VCP
BZE,CLT
BZE,CUK
BZE,CUN
BZE,DFW
BZE,DGA
BZE,EWR
BZE,FRS
BZE,IAH
BZE,MIA
BZE,MID
BZE,PLJ
BZE,SAL
BZE,SAP
BZE,SPR
BZE,SQS
BZE,TZA
BZG,DUB
BZG,STN
BZL,DAC
BZN,DEN
BZN,LAS
BZN,MSP
BZN,SEA
BZN,SLC
BZO,FCO
BZR,EDI
BZR,LTN
BZR,MAN
BZR,NRN
BZR,NYO
BZR,RYG
BZV,CDG
BZV,CMN
BZV,COO
BZV,FIH
BZV,JNB
BZV,KGL
BZV,LAD
BZV,LBV
BZV,NBO
BZV,OLL
BZV,PNR
CAB,LAD
CAB,SZA
CAC,CWB
CAC,GRU
CAC,VCP
CAE,CLT
CAE,DCA
CAE,DFW
CAE,IAD
CAE,IAH
CAE,LGA
CAE,ORD
CAE,PHL
CAG,CGN
CAG,CIA
CAG,CUF
CAG,DUS
CAG,FCO
CAG,FKB
CAG,FLR
CAG,GOA
CAG,GRO
CAG,KRK
CAG,KUN
CAG,LIN
CAG,MAD
CAG,MRS
CAG,MUC
CAG,MXP
CAG,NAP
CAG,NRN
CAG,PEG
CAG,PMF
CAG,PSA
CAG,PSR
CAG,STN
CAG,STR
CAG,SXF
CAG,TPS
CAG,TRN
CAG,VRN
CAH,SGN
CAI,CAN
CAI,CGK
CAI,DAR
CAI,DMM
CAI,EBB
CAI,EBL
CAI,ELQ
CAI,FCO
CAI,FRA
CAI,GVA
CAI,HMB
CAI,HOD
CAI,HRG
CAI,IST
CAI,JED
CAI,JFK
CAI,JNB
CAI,JUB
CAI,KRT
CAI,KWI
CAI,LCA
CAI,LHR
CAI,LOS
CAI,LXR
CAI,MAD
CAI,MAN
CAI,MCT
CAI,MED
CAI,MRA
CAI,MUC
CAI,MXP
CAI,NBO
CAI,PEK
CAI,PZU
CAI,RIY
CAI,RMF
CAI,RUH
CAI,SHJ
CAI,SSH
CAI,SVO
CAI,SXF
CAI,TIF
CAI,TIP
CAI,TLV
CAI,TUN
CAI,YNB
CAI,YYZ
CAI,ZRH
CAJ,PZO
CAK,CLT
CAK,DEN
CAK,LGA
CAK,MCO
CAK,ORD
CAL,GLA
CAN,CDG
CAN,CGD
CAN,CGK
CAN,CGO
CAN,CGQ
CAN,CIH
CAN,CKG
CAN,CSX
CAN,CZX
CAN,DAC
CAN,DAD
CAN,DAX
CAN,DEL
CAN,DIG
CAN,DMK
CAN,DOH
CAN,DOY
CAN,DPS
CAN,FUK
CAN,GYS
CAN,HAK
CAN,HAN
CAN,HDG
CAN,HET
CAN,HFE
CAN,HGH
CAN,HIA
CAN,HJJ
CAN,HKT
CAN,HRB
CAN,HYN
CAN,HZH
CAN,IKA
CAN,JDZ
CAN,JED
CAN,JGS
CAN,JIQ
CAN,JIU
CAN,JJN
CAN,JNG
CAN,JUH
CAN,JZH
CAN,KHH
CAN,KIX
CAN,KMG
CAN,KOW
CAN,KTM
CAN,KWE
CAN,KWL
CAN,LAX
CAN,LHR
CAN,LJG
CAN,LLB
CAN,LUM
CAN,LYA
CAN,LYG
CAN,LYI
CAN,LZH
CAN,LZO
CAN,MEL
CAN,MIG
CAN,MLE
CAN,MNL
CAN,MXZ
CAN,NAO
CAN,NAY
CAN,NGB
CAN,NNY
CAN,NRT
CAN,NTG
CAN,PEN
CAN,PNH
CAN,PVG
CAN,REP
CAN,RGN
CAN,RMQ
CAN,RUH
CAN,SGN
CAN,SHA
CAN,SHE
CAN,SIN
CAN,SJW
CAN,SPN
CAN,SVO
CAN,SWA
CAN,SYD
CAN,TEN
CAN,TNA
CAN,TPE
CAN,TSN
CAN,TVS
CAN,TXN
CAN,TYN
CAN,URC
CAN,VTE
CAN,WEF
CAN,WNZ
CAN,WUH
CAN,WUS
CAN,WUX
CAN,WXN
CAN,XFN
CAN,XIY
CAN,XMN
CAN,XUZ
CAN,YBP
CAN,YIH
CAN,YIW
CAN,YTY
CAN,YVR
CAN,ZHA
CAN,ZYI
CAP,PAP
CAP,PLS
CAW,MEA
CAW,SDU
CAW,VIX
CAY,FDF
CAY,ORY
CAY,PBM
CBB,CIJ
CBB,GRU
CBB,LPB
CBB,ORU
CBB,SRE
CBB,TDD
CBB,TJA
CBB,VVI
CBH,ORN
CBO,MNL
CBQ,LOS
CBR,MEL
CBR,OOL
CBR,PER
CBR,SYD
CBS,CCS
CBT,LAD
CBT,VPE
CCC,EZE
CCC,HAV
CCC,MAN
CCC,SNU
CCC,VRA
CCC,YUL
CCF,CRL
CCF,DUB
CCF,EIN
CCF,EMA
CCF,LPL
CCF,OPO
CCF,PIK
CCF,STN
CCJ,CJB
CCJ,COK
CCJ,DMM
CCJ,DXB
CCJ,IXE
CCJ,JED
CCJ,KWI
CCJ,MAA
CCJ,MCT
CCJ,RUH
CCJ,SHJ
CCJ,SLL
CCK,XCH
CCM,FLN
CCM,VCP
CCP,PMC
CCP,SCL
CCP,ZAL
CCP,ZCO
CCS,CDG
CCS,CUM
CCS,CUR
CCS,CZE
CCS,DFW
CCS,FCO
CCS,FNC
CCS,GRU
CCS,GYE
CCS,LFR
CCS,LIS
CCS,LSP
CCS,MAD
CCS,MAR
CCS,MDE
CCS,MEX
CCS,MIA
CCS,MRD
CCS,MUN
CCS,PMV
CCS,POS
CCS,PTY
CCS,PUJ
CCS,PYH
CCS,PZO
CCS,SCL
CCS,SJU
CCS,SOM
CCS,STD
CCS,SVZ
CCS,TFN
CCS,VIG
CCS,VLV
CCU,CGP
CCU,DEL
CCU,DIB
CCU,DMU
CCU,DOH
CCU,GAU
CCU,HKG
CCU,HYD
CCU,IMF
CCU,IXA
CCU,IXB
CCU,IXR
CCU,IXS
CCU,IXZ
CCU,JAI
CCU,KMG
CCU,KTM
CCU,KUL
CCU,MAA
CCU,NAG
CCU,PAT
CCU,PBH
CCU,PNQ
CCU,RGN
CCU,RPR
CCU,SHL
CCU,SIN
CCU,VNS
CCV,LNB
CCV,NUS
CCV,ULB
CCV,VLI
CDB,KFP
CDB,KVC
CDB,NLG
CDC,SLC
CDG,CFE
CDG,CKY
CDG,CLY
CDG,CMB
CDG,CMN
CDG,COO
CDG,CPH
CDG,CTA
CDG,CVG
CDG,CZL
CDG,DBV
CDG,DJE
CDG,DKR
CDG,DOH
CDG,DTW
CDG,DUB
CDG,DUS
CDG,DXB
CDG,EDI
CDG,EVN
CDG,EWR
CDG,EXT
CDG,EZE
CDG,FAO
CDG,FCO
CDG,FDF
CDG,FIH
CDG,FNA
CDG,FRA
CDG,GIG
CDG,GOA
CDG,GOT
CDG,GRU
CDG,GVA
CDG,GYD
CDG,HAN
CDG,HAV
CDG,HER
CDG,HKG
CDG,IAD
CDG,IAH
CDG,ICN
CDG,ISB
CDG,IST
CDG,JED
CDG,JER
CDG,JFK
CDG,JIB
CDG,KBP
CDG,KEF
CDG,KIX
CDG,KRK
CDG,LAD
CDG,LAX
CDG,LEJ
CDG,LFW
CDG,LIM
CDG,LIN
CDG,LIS
CDG,LJU
CDG,LPA
CDG,LTN
CDG,LXR
CDG,MAN
CDG,MCT
CDG,MEX
CDG,MIR
CDG,MPL
CDG,MRS
CDG,MRU
CDG,MXP
CDG,NAP
CDG,NCE
CDG,NCL
CDG,NDJ
CDG,NIM
CDG,NKC
CDG,NRT
CDG,NSI
CDG,NTE
CDG,NUE
CDG,OLB
CDG,OPO
CDG,ORK
CDG,ORN
CDG,OSL
CDG,OSR
CDG,OTP
CDG,OUA
CDG,OVD
CDG,PEK
CDG,PHL
CDG,PIT
CDG,PMO
CDG,PNR
CDG,PRG
CDG,PTY
CDG,PUF
CDG,RAI
CDG,RBA
CDG,RHO
CDG,RIX
CDG,RNS
CDG,ROB
CDG,RUN
CDG,SAW
CDG,SCQ
CDG,SDQ
CDG,SEA
CDG,SFA
CDG,SFO
CDG,SGN
CDG,SID
CDG,SIN
CDG,SKG
CDG,SLC
CDG,SOF
CDG,STR
CDG,SVG
CDG,SVO
CDG,SVX
CDG,SXM
CDG,TAS
CDG,TFS
CDG,TGD
CDG,TIV
CDG,TLV
CDG,TNR
CDG,TPE
CDG,TRN
CDG,TXL
CDG,UGC
CDG,VCE
CDG,VDA
CDG,VGO
CDG,VIE
CDG,VLC
CDG,VNO
CDG,VRN
CDG,VXE
CDG,WRO
CDG,WUH
CDG,YQB
CDG,YUL
CDG,ZAG
CDJ,CMP
CDJ,RDC
CDR,DEN
CDV,YAK
CEB,CGM
CEB,CGY
CEB,CRK
CEB,DGT
CEB,DPL
CEB,DVO
CEB,GES
CEB,IAO
CEB,ICN
CEB,ILO
CEB,KLO
CEB,KUL
CEB,LGP
CEB,MNL
CEB,MPH
CEB,NRT
CEB,OZC
CEB,PAG
CEB,POM
CEB,PPS
CEB,PUS
CEB,SIN
CEB,SUG
CEB,TAC
CEB,USU
CEC,SFO
CEE,DME
CEE,KGD
CEE,LED
CEE,MMK
CEE,VKO
CEE,VUS
CEG,TLS
CEI,DMK
CEI,KMG
CEK,DME
CEK,DWC
CEK,DYU
CEK,FRU
CEK,KZN
CEK,LBD
CEK,LED
CEK,NMA
CEK,OSS
CEK,PRG
CEK,TAS
CEM,FAI
CEM,IRC
CEN,GDL
CEN,HMO
CEZ,DEN
CFB,PLU
CFB,SDU
CFB,VCP
CFC,CWB
CFC,JCB
CFE,LYS
CFE,NCE
CFE,OPO
CFE,ORY
CFK,MRS
CFN,DUB
CFR,LYS
CFR,NCE
CFR,ORY
CFS,MEL
CFS,SYD
CFU,CGN
CFU,CIA
CFU,DME
CFU,DRS
CFU,DUB
CFU,DUS
CFU,EDI
CFU,EFL
CFU,FMO
CFU,FRA
CFU,HAM
CFU,LBA
CFU,LEJ
CFU,LGW
CFU,LIL
CFU,LTN
CFU,LUX
CFU,MAN
CFU,MUC
CFU,NRN
CFU,PIK
CFU,SKG
CFU,STN
CFU,STR
CFU,SXF
CFU,TXL
CFU,VIE
CGA,HYL
CGA,KLW
CGA,KTB
CGA,KTN
CGB,CGH
CGB,CGR
CGB,GIG
CGB,GRU
CGB,GYN
CGB,JPR
CGB,LDB
CGB,OAL
CGB,OPS
CGB,PVH
CGB,ROO
CGB,SJP
CGB,VCP
CGD,HAK
CGD,KMG
CGD,PEK
CGD,SHA
CGD,SZX
CGD,XIY
CGD,XMN
CGH,CGR
CGH,CLV
CGH,CNF
CGH,CWB
CGH,CXJ
CGH,GIG
CGH,GYN
CGH,IGU
CGH,IOS
CGH,JOI
CGH,JTC
CGH,LDB
CGH,MGF
CGH,NVT
CGH,POA
CGH,PPB
CGH,RAO
CGH,SDU
CGH,SJP
CGH,SSA
CGH,UDI
CGH,VIX
CGI,STL
CGK,CMB
CGK,DJB
CGK,DJJ
CGK,DMK
CGK,DOH
CGK,DXB
CGK,HKG
CGK,HKT
CGK,ICN
CGK,JED
CGK,JOG
CGK,KDI
CGK,KIX
CGK,KUL
CGK,LOP
CGK,MDC
CGK,MED
CGK,MEL
CGK,MLG
CGK,MNL
CGK,NRT
CGK,PEN
CGK,PGK
CGK,PKN
CGK,PKU
CGK,PKY
CGK,PLM
CGK,PLW
CGK,PNK
CGK,PVG
CGK,RUH
CGK,SGN
CGK,SIN
CGK,SOC
CGK,SRG
CGK,SUB
CGK,SYD
CGK,TJQ
CGK,TKG
CGK,TNJ
CGK,TPE
CGK,TRK
CGK,TTE
CGK,UPG
CGK,XMN
CGN,CLY
CGN,DBV
CGN,DRS
CGN,DUB
CGN,FAO
CGN,FCO
CGN,FDH
CGN,FNC
CGN,FUE
CGN,GRO
CGN,HAM
CGN,HDF
CGN,HER
CGN,HRG
CGN,IBZ
CGN,IEV
CGN,IKA
CGN,IST
CGN,JMK
CGN,JTR
CGN,KGS
CGN,KLU
CGN,KTW
CGN,KVA
CGN,LEJ
CGN,LGW
CGN,LHR
CGN,LIS
CGN,LPA
CGN,MAH
CGN,MAN
CGN,MUC
CGN,MXP
CGN,NAP
CGN,NBE
CGN,NCE
CGN,NDR
CGN,OLB
CGN,OSL
CGN,PMI
CGN,PMO
CGN,PRG
CGN,PSA
CGN,PUY
CGN,RHO
CGN,RJK
CGN,SAW
CGN,SID
CGN,SPU
CGN,STN
CGN,SUF
CGN,SZG
CGN,TFS
CGN,TLV
CGN,TUN
CGN,VCE
CGN,VIE
CGN,VRN
CGN,WAW
CGN,ZAD
CGN,ZAG
CGN,ZRH
CGO,CGQ
CGO,CJU
CGO,CKG
CGO,CTU
CGO,DLC
CGO,DSN
CGO,HAK
CGO,HET
CGO,HFE
CGO,HGH
CGO,HKG
CGO,HMI
CGO,HRB
CGO,INC
CGO,JJN
CGO,KHH
CGO,KHN
CGO,KMG
CGO,KRL
CGO,KWL
CGO,LHW
CGO,LJG
CGO,MFM
CGO,MIG
CGO,NGB
CGO,NKG
CGO,NNG
CGO,PEK
CGO,PVG
CGO,RMQ
CGO,SHA
CGO,SHE
CGO,SWA
CGO,SYX
CGO,TAO
CGO,TNA
CGO,TSN
CGO,URC
CGO,UYN
CGO,WNZ
CGO,XMN
CGO,XNN
CGO,YIW
CGO,YTY
CGO,ZUH
CGP,DAC
CGP,DWC
CGP,DXB
CGP,JED
CGP,KUL
CGP,KWI
CGP,SHJ
CGQ,CKG
CGQ,CTU
CGQ,HET
CGQ,HFE
CGQ,HGH
CGQ,ICN
CGQ,INC
CGQ,KHN
CGQ,NBS
CGQ,NGB
CGQ,SJW
CGQ,SZX
CGQ,TNA
CGQ,TPE
CGQ,TYN
CGQ,WUH
CGQ,XIY
CGQ,YNJ
CGQ,YNT
CGR,CMG
CGR,CWB
CGR,DOU
CGR,GIG
CGR,MGF
CGR,VCP
CGY,DVO
CGY,ILO
CGY,MNL
CHA,CLT
CHA,DFW
CHA,DTW
CHA,ORD
CHA,PIE
CHA,SFB
CHC,DUD
CHC,HKK
CHC,HLZ
CHC,IVC
CHC,MEL
CHC,NAN
CHC,NPE
CHC,NPL
CHC,NSN
CHC,OOL
CHC,PMR
CHC,PPQ
CHC,ROT
CHC,SYD
CHC,TRG
CHC,ZQN
CHG,DLC
CHG,PEK
CHO,CLT
CHO,IAD
CHO,LGA
CHO,ORD
CHO,PHL
CHQ,CIA
CHQ,CRL
CHQ,DUS
CHQ,EIN
CHQ,EMA
CHQ,FMM
CHQ,HEL
CHQ,HHN
CHQ,KTW
CHQ,LGW
CHQ,MRS
CHQ,MUC
CHQ,NRN
CHQ,NYO
CHQ,OSL
CHQ,PFO
CHQ,RYG
CHQ,SKG
CHQ,STN
CHQ,TSF
CHQ,VIE
CHQ,VNO
CHQ,WMI
CHQ,WRO
CHQ,ZTH
CHS,CLE
CHS,CLT
CHS,DCA
CHS,DFW
CHS,DTW
CHS,EWR
CHS,HOU
CHS,IAD
CHS,JFK
CHS,LGA
CHS,MDW
CHS,MIA
CHS,PHL
CHS,TPA
CHU,CKD
CHX,PAC
CHY,GZO
CHY,HIR
CIA,CIY
CIA,CLJ
CIA,CRL
CIA,DUB
CIA,EDI
CIA,EIN
CIA,EMA
CIA,FKB
CIA,FMM
CIA,GSE
CIA,IBZ
CIA,KRK
CIA,KTW
CIA,MAN
CIA,MRS
CIA,NRN
CIA,NYO
CIA,OPO
CIA,OTP
CIA,PMI
CIA,POZ
CIA,RAK
CIA,RYG
CIA,SDR
CIA,SKG
CIA,STN
CIA,SVQ
CIA,TPS
CIA,TSR
CIA,VLC
CIA,VNO
CIA,WMI
CIA,WRO
CIC,SFO
CID,DEN
CID,DFW
CID,DTW
CID,LAS
CID,MSP
CID,ORD
CID,PGD
CID,SFB
CIF,DLC
CIF,HET
CIF,HLD
CIF,HRB
CIF,NAY
CIF,PEK
CIF,TSN
CIH,CTU
CIH,DAT
CIH,HAK
CIH,NAY
CIH,PEK
CIH,SHA
CIH,TSN
CIH,TYN
CIH,WUH
CIH,XMN
CIJ,LPB
CIJ,TDD
CIK,FAI
CIK,FYU
CIP,LUN
CIT,DME
CIT,KQT
CIT,LED
CIT,OVB
CIT,SCO
CIT,SHJ
CIT,TJU
CIT,VKO
CIU,DTW
CIX,LIM
CIY,CRL
CIY,DUB
CIY,HHN
CIY,KUN
CIY,LIN
CIY,PSA
CIY,STN
CIZ,MAO
CJA,LIM
CJB,DEL
CJB,HYD
CJB,MAA
CJB,SHJ
CJB,SIN
CJC,CPO
CJC,LSC
CJC,SCL
CJJ,HGH
CJJ,PEK
CJJ,SHE
CJL,ISB
CJL,PEW
CJM,DMK
CJS,CUU
CJS,GDL
CJS,HMO
CJS,MEX
CJS,MTY
CJS,TIJ
CJU,CSX
CJU,FOC
CJU,FUK
CJU,HIN
CJU,HKG
CJU,KIX
CJU,KPO
CJU,KUV
CJU,KWJ
CJU,MWX
CJU,NGB
CJU,NGO
CJU,NRT
CJU,PEK
CJU,PVG
CJU,RSU
CJU,SZX
CJU,TAE
CJU,TPE
CJU,TSN
CJU,USN
CJU,WJU
CJU,WNZ
CJU,XMN
CKB,IAD
CKB,MGW
CKB,SFB
CKD,RDV
CKD,SLQ
CKG,CNX
CKG,CSX
CKG,CTU
CKG,CZX
CKG,DLC
CKG,DMK
CKG,DOH
CKG,DOY
CKG,DSN
CKG,DYG
CKG,ENY
CKG,HDG
CKG,HEL
CKG,HET
CKG,HGH
CKG,HIA
CKG,HKG
CKG,HKT
CKG,HYN
CKG,ICN
CKG,INC
CKG,JHG
CKG,JIQ
CKG,JZH
CKG,KHN
CKG,KMG
CKG,KRL
CKG,KWE
CKG,KWL
CKG,LXA
CKG,LYA
CKG,LZH
CKG,MFM
CKG,NAY
CKG,NGB
CKG,NKG
CKG,NNG
CKG,NTG
CKG,PEK
CKG,PZI
CKG,SHA
CKG,SHE
CKG,SIN
CKG,SJW
CKG,SWA
CKG,SYD
CKG,SYX
CKG,SZX
CKG,TNA
CKG,TPE
CKG,TSA
CKG,TSN
CKG,TXN
CKG,TYN
CKG,WNZ
CKG,WUH
CKG,WUS
CKG,WUX
CKG,XFN
CKG,XIC
CKG,XIY
CKG,XMN
CKG,XUZ
CKG,YCU
CKG,YIH
CKG,YTY
CKG,ZAT
CKG,ZHA
CKG,ZUH
CKH,YKS
CKS,CNF
CKS,MAB
CKS,OIA
CKX,TKJ
CKY,CMN
CKY,DKR
CKY,LFW
CKY,NKC
CKY,OXB
CKZ,ESB
CLD,LAX
CLE,CLT
CLE,CMH
CLE,CUN
CLE,DAY
CLE,DEN
CLE,DFW
CLE,DTW
CLE,DUJ
CLE,ERI
CLE,EWR
CLE,FKL
CLE,FNT
CLE,GRR
CLE,GSP
CLE,IAD
CLE,IND
CLE,JFK
CLE,JHW
CLE,LAS
CLE,LAX
CLE,MCI
CLE,MCO
CLE,MDW
CLE,MIA
CLE,MKE
CLE,MSP
CLE,MSY
CLE,ORD
CLE,PBI
CLE,PHL
CLE,PHX
CLE,PKB
CLE,ROC
CLE,RSW
CLE,SDF
CLE,SFO
CLE,SYR
CLE,TPA
CLE,TTN
CLE,YYZ
CLJ,CRL
CLJ,EIN
CLJ,MUC
CLJ,OTP
CLJ,PRG
CLJ,TLV
CLJ,VLC
CLJ,ZAZ
CLL,DFW
CLL,IAH
CLO,CTG
CLO,ESM
CLO,GPI
CLO,LIM
CLO,MAD
CLO,MDE
CLO,PSO
CLO,PTY
CLO,PUU
CLO,SAL
CLO,TCO
CLO,UIB
CLO,UIO
CLQ,MEX
CLQ,TIJ
CLT,CMH
CLT,CRW
CLT,CUN
CLT,CUR
CLT,CVG
CLT,DAB
CLT,DAY
CLT,DFW
CLT,DTW
CLT,DUB
CLT,EWN
CLT,EWR
CLT,FAY
CLT,FLL
CLT,FLO
CLT,FPO
CLT,FRA
CLT,GCM
CLT,GIG
CLT,GNV
CLT,GPT
CLT,GRU
CLT,GSP
CLT,HHH
CLT,HOU
CLT,HPN
CLT,HSV
CLT,IAH
CLT,ILM
CLT,IND
CLT,JAN
CLT,JAX
CLT,JFK
CLT,LAX
CLT,LEX
CLT,LGA
CLT,LHR
CLT,LIR
CLT,LIT
CLT,LUK
CLT,LYH
CLT,MBJ
CLT,MCI
CLT,MCO
CLT,MDT
CLT,MDW
CLT,MEM
CLT,MEX
CLT,MGM
CLT,MHT
CLT,MKE
CLT,MLB
CLT,MOB
CLT,MSP
CLT,MSY
CLT,MYR
CLT,NAS
CLT,OMA
CLT,ORD
CLT,ORF
CLT,PBI
CLT,PDX
CLT,PGV
CLT,PHF
CLT,PHL
CLT,PHX
CLT,PLS
CLT,PUJ
CLT,PVD
CLT,PWM
CLT,RDU
CLT,RIC
CLT,ROA
CLT,ROC
CLT,RSW
CLT,SAN
CLT,SAT
CLT,SAV
CLT,SBY
CLT,SDF
CLT,SEA
CLT,SFO
CLT,SJD
CLT,SJO
CLT,SLC
CLT,SRQ
CLT,STL
CLT,SXM
CLT,SYR
CLT,TLH
CLT,TRI
CLT,TTN
CLT,TYS
CLT,UVF
CLT,VPS
CLT,XNA
CLT,YOW
CLT,YUL
CLT,YYZ
CLV,VCP
CLY,DUS
CLY,FMM
CLY,LUX
CLY,MRS
CLY,NCE
CLY,NTE
CLY,SZG
CMA,SGO
CMA,XTG
CMB,COK
CMB,DAC
CMB,DEL
CMB,DME
CMB,DMM
CMB,DOH
CMB,DWC
CMB,DXB
CMB,FCO
CMB,FRA
CMB,GAN
CMB,GIU
CMB,HRI
CMB,ICN
CMB,IXM
CMB,JED
CMB,KCT
CMB,KHI
CMB,KMG
CMB,KUL
CMB,KWI
CMB,LHR
CMB,MAA
CMB,MCT
CMB,MLE
CMB,NRT
CMB,PEK
CMB,PVG
CMB,RUH
CMB,SEZ
CMB,SHJ
CMB,SIN
CMB,TRV
CME,IAH
CME,MEX
CMH,DCA
CMH,DFW
CMH,EWR
CMH,FLL
CMH,FPO
CMH,IAD
CMH,IAH
CMH,JFK
CMH,LAS
CMH,LAX
CMH,LGA
CMH,MCO
CMH,MIA
CMH,MSP
CMH,OAK
CMH,PHX
CMH,RDU
CMH,RNO
CMH,RSW
CMH,STL
CMH,TPA
CMH,YYZ
CMI,DFW
CMI,ORD
CMN,COO
CMN,CUF
CMN,DKR
CMN,DLA
CMN,DOH
CMN,DXB
CMN,EUN
CMN,FCO
CMN,FIH
CMN,FNA
CMN,FRA
CMN,GLN
CMN,IST
CMN,JFK
CMN,LBV
CMN,LFW
CMN,LGW
CMN,LHR
CMN,LOS
CMN,LPA
CMN,LYS
CMN,MPL
CMN,MUC
CMN,MXP
CMN,NCE
CMN,NDR
CMN,NIM
CMN,NKC
CMN,NSI
CMN,ORN
CMN,ORY
CMN,OUA
CMN,OUD
CMN,OUZ
CMN,OXB
CMN,OZZ
CMN,PNR
CMN,RBA
CMN,ROB
CMN,RUH
CMN,SAW
CMN,SSG
CMN,SVO
CMN,SXB
CMN,TFN
CMN,TIP
CMN,TNG
CMN,TRN
CMN,TSF
CMN,TTA
CMN,TTU
CMN,TUN
CMN,TXL
CMN,VIL
CMN,YUL
CMU,POM
CMW,HAV
CMW,YUL
CMW,YYZ
CMX,ORD
CND,IST
CNF,CPV
CNF,GIG
CNF,GRU
CNF,GYN
CNF,IMP
CNF,IOS
CNF,IPN
CNF,IZA
CNF,LIS
CNF,MAO
CNF,MIA
CNF,MOC
CNF,NAT
CNF,PNZ
CNF,POA
CNF,PTY
CNF,RAO
CNF,REC
CNF,SDU
CNF,SLZ
CNF,UBA
CNF,UDI
CNF,VCP
CNF,VDC
CNF,VIX
CNJ,ISA
CNJ,TSV
CNP,KUS
CNP,OBY
CNS,CUQ
CNS,DRW
CNS,EDR
CNS,GOV
CNS,GTE
CNS,GUM
CNS,HID
CNS,HTI
CNS,IRG
CNS,ISA
CNS,KIX
CNS,KWM
CNS,NRT
CNS,NTN
CNS,OOL
CNS,PER
CNS,POM
CNS,RAB
CNS,SYD
CNS,TSV
CNS,WEI
CNX,DMK
CNX,HDY
CNX,HGH
CNX,HGN
CNX,HKT
CNX,ICN
CNX,KBV
CNX,KMG
CNX,KUL
CNX,LPQ
CNX,MFM
CNX,NNT
CNX,PEK
CNX,PHS
CNX,PVG
CNX,PYY
CNX,RGN
CNX,SIN
CNX,TPE
CNX,USM
CNX,UTH
CNX,WUH
CNY,SLC
COD,DEN
COD,SLC
COK,DEL
COK,DMM
COK,DOH
COK,DXB
COK,KUL
COK,KWI
COK,MAA
COK,MCT
COK,MLE
COK,PNQ
COK,RUH
COK,SHJ
COK,SIN
COK,TRV
COO,DKR
COO,DLA
COO,LBV
COO,LFW
COO,LOS
COO,NIM
COO,OUA
COO,PNR
COO,SSG
COQ,HLD
COQ,NZH
COQ,ULN
COR,EZE
COR,JUJ
COR,LIM
COR,MDZ
COR,PTY
COR,ROS
COR,SLA
COS,DEN
COS,DFW
COS,IAD
COS,IAH
COS,LAS
COS,LAX
COS,ORD
COS,SEA
COS,SFO
COS,SLC
COU,DFW
COU,ORD
CPE,MEX
CPH,DOH
CPH,DUB
CPH,DXB
CPH,EIN
CPH,FAE
CPH,FAO
CPH,FCO
CPH,FLL
CPH,FRA
CPH,GDN
CPH,GOT
CPH,GVA
CPH,GZP
CPH,HEL
CPH,IAD
CPH,ISB
CPH,IST
CPH,JFK
CPH,KRK
CPH,KRP
CPH,KRS
CPH,LAX
CPH,LBA
CPH,LHR
CPH,LIN
CPH,LIS
CPH,LJU
CPH,LPA
CPH,LPI
CPH,MAD
CPH,MLA
CPH,MOL
CPH,MXP
CPH,NCL
CPH,NRT
CPH,ORD
CPH,OSL
CPH,OTP
CPH,PEK
CPH,PLQ
CPH,POZ
CPH,PRG
CPH,PRN
CPH,PSA
CPH,PVG
CPH,RAK
CPH,RNN
CPH,SAW
CPH,SFJ
CPH,SFO
CPH,SGD
CPH,SIN
CPH,SJJ
CPH,SKG
CPH,SPU
CPH,STN
CPH,STR
CPH,SVG
CPH,SXF
CPH,TKU
CPH,TLL
CPH,TLV
CPH,TRD
CPH,TRF
CPH,TXL
CPH,VCE
CPH,WAW
CPH,WRO
CPO,LSC
CPO,SCL
CPR,DEN
CPR,LAS
CPR,SLC
CPT,DOH
CPT,DUR
CPT,DXB
CPT,ELS
CPT,GBE
CPT,HDS
CPT,HLA
CPT,JNB
CPT,KIM
CPT,LAD
CPT,LHR
CPT,MPM
CPT,MQP
CPT,MRU
CPT,MUB
CPT,PBZ
CPT,PLZ
CPT,UTN
CPT,WDH
CPT,WVB
CPV,PNZ
CPV,SSA
CPX,SJU
CRA,LTN
CRD,EQS
CRD,NQN
CRD,REL
CRD,RGL
CRI,NAS
CRK,DOH
CRK,HKG
CRK,ICN
CRK,KLO
CRK,MFM
CRL,DUB
CRL,EDI
CRL,EGC
CRL,FEZ
CRL,FNI
CRL,GOA
CRL,GRO
CRL,IBZ
CRL,KRK
CRL,LEI
CRL,LJU
CRL,LPA
CRL,LRH
CRL,MAD
CRL,MAN
CRL,MPL
CRL,MRS
CRL,OPO
CRL,OTP
CRL,OUD
CRL,PEG
CRL,PFO
CRL,PGF
CRL,PSA
CRL,PSR
CRL,PUY
CRL,RAK
CRL,RBA
CRL,RDZ
CRL,REU
CRL,RHO
CRL,RYG
CRL,SDR
CRL,SKP
CRL,SOF
CRL,SUF
CRL,SVQ
CRL,TNG
CRL,TRN
CRL,TRS
CRL,VLC
CRL,VNO
CRL,VOL
CRL,WAW
CRL,WMI
CRL,ZAZ
CRL,ZTH
CRM,MNL
CRP,DFW
CRP,HOU
CRP,IAH
CRP,LBB
CRW,DCA
CRW,DFW
CRW,DTW
CRW,IAD
CRW,IAH
CRW,MYR
CRW,ORD
CSK,DKR
CSK,ZIG
CSX,CZX
CSX,DLC
CSX,DMK
CSX,DSN
CSX,FOC
CSX,HAK
CSX,HET
CSX,HFE
CSX,HGH
CSX,HJJ
CSX,HKG
CSX,HRB
CSX,HYN
CSX,INC
CSX,JJN
CSX,KHH
CSX,KMG
CSX,LJG
CSX,LLF
CSX,LYI
CSX,LZH
CSX,LZO
CSX,NAY
CSX,NGB
CSX,NKG
CSX,NNG
CSX,PEK
CSX,PUS
CSX,RMQ
CSX,SHA
CSX,SHE
CSX,SJW
CSX,SWA
CSX,SYX
CSX,TAO
CSX,TEN
CSX,TNA
CSX,TPE
CSX,TSN
CSX,TYN
CSX,URC
CSX,WNZ
CSX,WUX
CSX,XIY
CSX,XMN
CSX,XNN
CSX,XUZ
CSX,YCU
CSX,YNT
CSX,YNZ
CSX,YTY
CSX,ZHA
CSX,ZYI
CSY,DME
CSY,LED
CTA,DUB
CTA,DUS
CTA,EIN
CTA,FCO
CTA,FRA
CTA,GOA
CTA,HAJ
CTA,HAM
CTA,LGW
CTA,LIN
CTA,LMP
CTA,LTN
CTA,LUX
CTA,LYS
CTA,MAD
CTA,MAN
CTA,MRS
CTA,MUC
CTA,MXP
CTA,ORY
CTA,PSA
CTA,SUF
CTA,SVO
CTA,TRN
CTA,TSF
CTA,TXL
CTA,VIE
CTA,VRN
CTA,ZRH
CTG,FLL
CTG,JFK
CTG,MDE
CTG,MIA
CTG,PTY
CTL,RMA
CTL,TWB
CTL,ULP
CTM,MEX
CTS,FSZ
CTS,FUK
CTS,GUM
CTS,HIJ
CTS,HKD
CTS,HKG
CTS,HNA
CTS,HND
CTS,HNL
CTS,IBR
CTS,ICN
CTS,ITM
CTS,KIJ
CTS,KUH
CTS,MMB
CTS,MMJ
CTS,NGO
CTS,NRT
CTS,OKA
CTS,OKJ
CTS,PEK
CTS,PUS
CTS,PVG
CTS,SDJ
CTS,SHB
CTS,TOY
CTS,TPE
CTS,UKB
CTS,UUS
CTS,WKJ
CTS,YGJ
CTU,DAD
CTU,DCY
CTU,DIG
CTU,DOH
CTU,DSN
CTU,FOC
CTU,FRA
CTU,HAK
CTU,HAN
CTU,HDG
CTU,HFE
CTU,HGH
CTU,HKG
CTU,HKT
CTU,HRB
CTU,ICN
CTU,INC
CTU,JDZ
CTU,JHG
CTU,JIQ
CTU,JNG
CTU,JZH
CTU,KGT
CTU,KHG
CTU,KHH
CTU,KHN
CTU,KMG
CTU,KOW
CTU,KRL
CTU,KTM
CTU,KUL
CTU,KWL
CTU,LHR
CTU,LHW
CTU,LUM
CTU,LXA
CTU,LYG
CTU,LZY
CTU,MEL
CTU,MFM
CTU,NAY
CTU,NGB
CTU,NKG
CTU,NNG
CTU,NNY
CTU,NRT
CTU,PEK
CTU,PVG
CTU,PZI
CTU,SHA
CTU,SHE
CTU,SIN
CTU,SWA
CTU,SYX
CTU,SZX
CTU,TAO
CTU,TCZ
CTU,TNA
CTU,TSA
CTU,TSN
CTU,TYN
CTU,URC
CTU,UYN
CTU,WNZ
CTU,WUH
CTU,WUX
CTU,WXN
CTU,XIC
CTU,XIY
CTU,XMN
CTU,XUZ
CTU,YCU
CTU,YIH
CTU,YIN
CTU,YIW
CTU,YNT
CTU,YTY
CTU,ZYI
CUC,MDE
CUC,PTY
CUE,GYE
CUE,UIO
CUF,OTP
CUF,TPS
CUK,SPR
CUK,TZA
CUL,GDL
CUL,HMO
CUL,LAP
CUL,MEX
CUL,MTY
CUL,SJD
CUL,TIJ
CUN,CUU
CUN,CVG
CUN,CZM
CUN,DEN
CUN,DFW
CUN,DTW
CUN,DUS
CUN,EWR
CUN,EZE
CUN,FCO
CUN,FLL
CUN,GLA
CUN,HOG
CUN,IAD
CUN,IAH
CUN,IND
CUN,JFK
CUN,LAX
CUN,LIM
CUN,MAD
CUN,MAN
CUN,MCI
CUN,MCO
CUN,MDW
CUN,MEX
CUN,MID
CUN,MKE
CUN,MSP
CUN,MTY
CUN,OAX
CUN,ORD
CUN,PBC
CUN,PHL
CUN,PHX
CUN,PIT
CUN,PTY
CUN,QRO
CUN,RDU
CUN,REX
CUN,SAT
CUN,SCL
CUN,SLC
CUN,STL
CUN,TAM
CUN,TGZ
CUN,TIJ
CUN,TLC
CUN,TRC
CUN,VER
CUN,VSA
CUN,YEG
CUN,YHZ
CUN,YQB
CUN,YUL
CUN,YVR
CUN,YYC
CUQ,IRG
CUR,DUS
CUR,KIN
CUR,LSP
CUR,MAR
CUR,MDE
CUR,MIA
CUR,PBM
CUR,POS
CUR,PTY
CUR,SXM
CUR,VLN
CUU,DFW
CUU,GDL
CUU,HMO
CUU,IAH
CUU,MTY
CUU,TIJ
CUU,TRC
CUZ,JUL
CUZ,LIM
CUZ,LPB
CUZ,PEM
CVG,DEN
CVG,EWR
CVG,FLL
CVG,GRR
CVG,IAD
CVG,LAS
CVG,LAX
CVG,LGA
CVG,MCI
CVG,MCO
CVG,MIA
CVG,MKE
CVG,MMU
CVG,MSN
CVG,MSP
CVG,ORD
CVG,PIT
CVG,PUJ
CVG,RDU
CVG,RIC
CVG,RSW
CVG,SFB
CVG,TPA
CVG,TTN
CVG,YYZ
CVM,MEX
CVU,FLW
CVU,HOR
CWA,DTW
CWA,MSP
CWA,ORD
CWB,CXJ
CWB,FLN
CWB,GPB
CWB,GRU
CWB,IGU
CWB,MGF
CWB,MIA
CWB,MVD
CWB,POA
CWB,RAO
CWB,SSA
CWB,VCP
CWB,XAP
CWL,DLM
CWL,DUB
CWL,EDI
CWL,GLA
CWL,HER
CWL,JER
CWL,NBE
CWL,ORY
CWL,RHO
CWL,TFS
CWL,VLY
CXB,DAC
CXH,YWH
CXI,HNL
CXI,NAN
CXJ,VCP
CXR,DAD
CXR,DME
CXR,HAN
CXR,SGN
CYB,GCM
CYB,LYB
CYB,MIA
CYF,KPN
CYO,HAV
CYO,MXP
CYO,SCU
CYO,YUL
CYP,MNL
CYS,DEN
CYS,WRL
CYX,YKS
CYZ,MNL
CZH,ORZ
CZH,SPR
CZJ,PVE
CZL,GHA
CZL,HME
CZL,IST
CZL,LYS
CZL,MLH
CZL,MRS
CZL,ORN
CZL,ORY
CZM,DEN
CZM,DFW
CZM,IAH
CZM,MEX
CZM,MIA
CZM,YUL
CZS,RBR
CZX,DLC
CZX,DYG
CZX,KMG
CZX,KWL
CZX,NAY
CZX,PEK
CZX,SHE
CZX,SZX
CZX,TYN
CZX,XIY
CZX,XMN
CZX,ZUH
DAC,DEL
DAC,DXB
DAC,FCO
DAC,JED
DAC,JSR
DAC,KHI
DAC,KMG
DAC,KTM
DAC,KUL
DAC,KWI
DAC,LHR
DAC,MAA
DAC,MCT
DAC,PBH
DAC,RGN
DAC,RJH
DAC,RUH
DAC,SIN
DAC,SPD
DAC,ZYL
DAD,DLI
DAD,HAN
DAD,HKG
DAD,HPH
DAD,ICN
DAD,KMG
DAD,MFM
DAD,PVG
DAD,PXU
DAD,REP
DAD,SGN
DAD,SIN
DAD,VII
DAD,WNZ
DAD,XMN
DAL,ELD
DAL,ELP
DAL,HOU
DAL,HRL
DAL,IAH
DAL,ICT
DAL,LBB
DAL,LIT
DAL,MAF
DAL,MCI
DAL,MSY
DAL,OKC
DAL,SAT
DAL,SFO
DAL,SLC
DAL,STL
DAR,DZA
DAR,EBB
DAR,HAH
DAR,HRE
DAR,IST
DAR,JNB
DAR,JRO
DAR,KGL
DAR,LLW
DAR,MBI
DAR,MCT
DAR,MWZ
DAR,MYW
DAR,NBO
DAR,POL
DAT,NAY
DAT,PEK
DAT,PVG
DAT,SHE
DAT,TYN
DAT,XIY
DAU,LAE
DAU,POM
DAU,UNG
DAV,PAC
DAV,SJO
DAX,KMG
DAX,PEK
DAX,PVG
DAX,SZX
DAY,DCA
DAY,DEN
DAY,DTW
DAY,EWR
DAY,IAD
DAY,LGA
DAY,MCO
DAY,MSP
DAY,ORD
DAY,PHL
DAY,TPA
DBA,KHI
DBA,TUK
DBO,SYD
DBQ,ORD
DBV,DUB
DBV,EDI
DBV,EMA
DBV,FCO
DBV,FRA
DBV,GVA
DBV,HAJ
DBV,HAM
DBV,HEL
DBV,LBA
DBV,LGW
DBV,LIL
DBV,LUX
DBV,MAN
DBV,MUC
DBV,NCL
DBV,ORY
DBV,OSI
DBV,RJK
DBV,SPU
DBV,STR
DBV,TRD
DBV,VIE
DBV,WAW
DBV,ZAG
DCA,DEN
DCA,DSM
DCA,DTW
DCA,FAY
DCA,GSO
DCA,GSP
DCA,HHH
DCA,HOU
DCA,HPN
DCA,HSV
DCA,ILM
DCA,IND
DCA,JAN
DCA,JAX
DCA,JFK
DCA,LAN
DCA,LAS
DCA,LAX
DCA,LEX
DCA,LGA
DCA,LIT
DCA,MCI
DCA,MCO
DCA,MEM
DCA,MHT
DCA,MIA
DCA,MKE
DCA,MSP
DCA,MSY
DCA,MYR
DCA,NAS
DCA,OAJ
DCA,OMA
DCA,ORF
DCA,PBI
DCA,PDX
DCA,PHL
DCA,PHX
DCA,PIT
DCA,PNS
DCA,PWM
DCA,RDU
DCA,ROC
DCA,SAN
DCA,SAV
DCA,SDF
DCA,SEA
DCA,SFO
DCA,SLC
DCA,SRQ
DCA,STL
DCA,SYR
DCA,TLH
DCA,TPA
DCA,TYS
DCA,VPS
DCA,YOW
DCA,YUL
DCA,YYZ
DCM,ORY
DCN,PER
DDC,DEN
DDC,LBL
DDG,PEK
DDG,PVG
DDG,TAO
DEA,KHI
DEA,LHE
DEA,SHJ
DEB,LTN
DEC,ORD
DEC,STL
DED,DEL
DED,LKO
DEE,UUS
DEF,THR
DEL,DHM
DEL,DIB
DEL,DMM
DEL,DOH
DEL,DXB
DEL,EWR
DEL,FCO
DEL,GAU
DEL,GOI
DEL,GOP
DEL,HEA
DEL,HEL
DEL,HKG
DEL,HYD
DEL,ICN
DEL,IDR
DEL,IKA
DEL,IXB
DEL,IXC
DEL,IXD
DEL,IXJ
DEL,IXL
DEL,IXR
DEL,IXU
DEL,JAI
DEL,JDH
DEL,JLR
DEL,KBL
DEL,KDH
DEL,KHI
DEL,KNU
DEL,KTM
DEL,KUL
DEL,KUU
DEL,KWI
DEL,LHE
DEL,LHR
DEL,LKO
DEL,LUH
DEL,MAA
DEL,MCT
DEL,MEL
DEL,MRU
DEL,MUC
DEL,NAG
DEL,NBO
DEL,NRT
DEL,ORD
DEL,PAT
DEL,PEK
DEL,PNQ
DEL,PVG
DEL,RUH
DEL,SHJ
DEL,SIN
DEL,STV
DEL,SVO
DEL,SXR
DEL,SYD
DEL,TAS
DEL,TPE
DEL,UDR
DEL,VIE
DEL,VNS
DEL,VTZ
DEL,ZRH
DEN,DFW
DEN,DIK
DEN,DRO
DEN,DSM
DEN,DTW
DEN,EAR
DEN,EGE
DEN,ELP
DEN,EUG
DEN,EWR
DEN,FAR
DEN,FAT
DEN,FCA
DEN,FLL
DEN,FMN
DEN,FRA
DEN,FSD
DEN,GCC
DEN,GEG
DEN,GJT
DEN,GRR
DEN,GSO
DEN,GTF
DEN,GUC
DEN,HDN
DEN,HLN
DEN,HOU
DEN,HSV
DEN,IAH
DEN,ICT
DEN,IDA
DEN,ILG
DEN,ISN
DEN,JAC
DEN,JAX
DEN,JFK
DEN,KEF
DEN,KOA
DEN,LAR
DEN,LAX
DEN,LBB
DEN,LBF
DEN,LBL
DEN,LGA
DEN,LHR
DEN,LIH
DEN,LNK
DEN,MAF
DEN,MCI
DEN,MCK
DEN,MCO
DEN,MDT
DEN,MDW
DEN,MEM
DEN,MFR
DEN,MIA
DEN,MKE
DEN,MLI
DEN,MOT
DEN,MSN
DEN,MSO
DEN,MSP
DEN,MSY
DEN,MTJ
DEN,NRT
DEN,OAK
DEN,OGG
DEN,OKC
DEN,OMA
DEN,ONT
DEN,ORD
DEN,ORF
DEN,PGA
DEN,PHF
DEN,PHL
DEN,PIA
DEN,PIR
DEN,PIT
DEN,PSC
DEN,PSP
DEN,PUB
DEN,PVR
DEN,RDM
DEN,RDU
DEN,RIW
DEN,RKS
DEN,RNO
DEN,RSW
DEN,SAF
DEN,SAN
DEN,SAT
DEN,SBA
DEN,SDF
DEN,SEA
DEN,SFO
DEN,SGF
DEN,SGU
DEN,SHR
DEN,SHV
DEN,SJC
DEN,SJD
DEN,SJO
DEN,SLC
DEN,SMF
DEN,SNA
DEN,STL
DEN,TPA
DEN,TUL
DEN,TUS
DEN,TYS
DEN,XNA
DEN,YEG
DEN,YMM
DEN,YQR
DEN,YUL
DEN,YXE
DEN,YYC
DEN,YYZ
DFW,DRO
DFW,DSM
DFW,DTW
DFW,DXB
DFW,ELP
DFW,EVV
DFW,EWR
DFW,EZE
DFW,FAR
DFW,FAT
DFW,FLL
DFW,FSD
DFW,FSM
DFW,FWA
DFW,GCK
DFW,GDL
DFW,GGG
DFW,GIG
DFW,GJT
DFW,GPT
DFW,GRI
DFW,GRK
DFW,GRR
DFW,GRU
DFW,GSO
DFW,GSP
DFW,GUA
DFW,HSV
DFW,IAH
DFW,ICN
DFW,ICT
DFW,IND
DFW,JAX
DFW,JFK
DFW,JLN
DFW,LAS
DFW,LAW
DFW,LAX
DFW,LBB
DFW,LCH
DFW,LEX
DFW,LFT
DFW,LGA
DFW,LHR
DFW,LIM
DFW,LIR
DFW,LRD
DFW,MAD
DFW,MAF
DFW,MBJ
DFW,MEM
DFW,MFE
DFW,MGM
DFW,MHK
DFW,MIA
DFW,MKE
DFW,MLI
DFW,MLM
DFW,MLU
DFW,MOB
DFW,MSN
DFW,MSY
DFW,MTY
DFW,MYR
DFW,MZT
DFW,NAS
DFW,NRT
DFW,OAK
DFW,OGG
DFW,OKC
DFW,OMA
DFW,ONT
DFW,ORD
DFW,ORF
DFW,PBC
DFW,PHL
DFW,PIA
DFW,PIT
DFW,PLS
DFW,PNS
DFW,PTY
DFW,PVR
DFW,QRO
DFW,RAP
DFW,RIC
DFW,RNO
DFW,ROW
DFW,RSW
DFW,SAF
DFW,SAL
DFW,SAN
DFW,SAT
DFW,SAV
DFW,SCL
DFW,SDF
DFW,SEA
DFW,SFO
DFW,SGF
DFW,SHV
DFW,SJC
DFW,SJD
DFW,SJO
DFW,SJT
DFW,SJU
DFW,SLP
DFW,SNA
DFW,SPI
DFW,SPS
DFW,STL
DFW,SYD
DFW,TLH
DFW,TPA
DFW,TRC
DFW,TUL
DFW,TUS
DFW,TXK
DFW,TYR
DFW,TYS
DFW,VPS
DFW,XNA
DFW,YEG
DFW,YYC
DFW,YYZ
DFW,ZCL
DGA,INB
DGA,PLJ
DGA,SVK
DGA,TZA
DGO,IAH
DGO,LAX
DGO,MEX
DGO,TIJ
DGT,MNL
DHB,RCE
DHB,WSX
DHI,KTM
DIB,DMU
DIB,GAU
DIE,DZA
DIE,NOS
DIE,RUN
DIE,SVB
DIE,TNR
DIG,JHG
DIG,KMG
DIG,LXA
DIJ,TLS
DIK,MSP
DIL,DPS
DIL,DRW
DIL,SIN
DIN,HAN
DIR,JIB
DIR,JIJ
DIU,PBD
DIW,KCT
DIY,ESB
DIY,IST
DIY,SAW
DJE,DUS
DJE,FRA
DJE,GVA
DJE,HAM
DJE,LEJ
DJE,LIL
DJE,LUX
DJE,LYS
DJE,MAD
DJE,MLH
DJE,MRS
DJE,MUC
DJE,NCE
DJE,NTE
DJE,NUE
DJE,ORY
DJE,SXB
DJE,SXF
DJE,TIP
DJE,TUN
DJE,ZRH
DJG,OGX
DJG,TMR
DJJ,MKQ
DJJ,MKW
DJJ,NBX
DJJ,OKL
DJJ,TIM
DJJ,UPG
DJJ,WMX
DKR,DLA
DKR,DXB
DKR,FNA
DKR,IAD
DKR,IST
DKR,JFK
DKR,JNB
DKR,LOS
DKR,LPA
DKR,MAD
DKR,MXP
DKR,NKC
DKR,ORY
DKR,OUA
DKR,OXB
DKR,RAI
DKR,TFN
DKR,TUN
DKR,ZIG
DLA,FIH
DLA,GOU
DLA,IST
DLA,LBV
DLA,LOS
DLA,MVR
DLA,NBO
DLA,NDJ
DLA,NSI
DLA,PNR
DLC,DOY
DLC,FOC
DLC,FUG
DLC,FUK
DLC,HDG
DLC,HET
DLC,HFE
DLC,HGH
DLC,HIA
DLC,HIJ
DLC,HKG
DLC,HRB
DLC,ICN
DLC,JMU
DLC,JNG
DLC,KIX
DLC,LDS
DLC,LYG
DLC,LYI
DLC,MDG
DLC,NGO
DLC,NKG
DLC,NRT
DLC,NTG
DLC,PEK
DLC,SHP
DLC,SJW
DLC,SZX
DLC,TAO
DLC,TNA
DLC,TOY
DLC,TPE
DLC,TSN
DLC,TVS
DLC,TXN
DLC,TYN
DLC,WUH
DLC,XIY
DLC,XMN
DLC,YNJ
DLC,YNT
DLC,YNZ
DLC,YTY
DLE,LIS
DLE,OPO
DLE,RAK
DLH,LAS
DLH,MSP
DLH,ORD
DLI,HAN
DLI,SGN
DLM,DME
DLM,DUS
DLM,EDI
DLM,EIN
DLM,EMA
DLM,FRA
DLM,HAJ
DLM,HAM
DLM,IST
DLM,LBA
DLM,LGW
DLM,LTN
DLM,MAN
DLM,MUC
DLM,NCL
DLM,RTM
DLM,SAW
DLM,STN
DLM,STR
DLM,SXF
DLM,VIE
DLM,VKO
DLU,JHG
DLU,KMG
DLU,KWE
DLY,IPA
DLY,VLI
DLZ,ULN
DMB,DME
DMB,KQT
DMB,SVX
DMB,TSE
DMD,ISA
DMD,ONG
DME,DNK
DME,DOH
DME,DWC
DME,DXB
DME,DYR
DME,DYU
DME,EGO
DME,ESL
DME,EVN
DME,FCO
DME,FEG
DME,FKB
DME,FRA
DME,FRU
DME,GBB
DME,GDX
DME,GOI
DME,GRV
DME,GVA
DME,GYD
DME,HAN
DME,HEL
DME,HER
DME,HKG
DME,HMA
DME,HRG
DME,HTA
DME,IAH
DME,IEV
DME,IJK
DME,IKT
DME,KBP
DME,KEJ
DME,KGF
DME,KGS
DME,KJA
DME,KOV
DME,KQT
DME,KRO
DME,KSQ
DME,KVD
DME,KVK
DME,KZN
DME,LED
DME,LEJ
DME,LGW
DME,LHR
DME,LIS
DME,LLK
DME,LWN
DME,MAD
DME,MAN
DME,MCX
DME,MJZ
DME,MLA
DME,MRV
DME,MSQ
DME,MUC
DME,MXP
DME,NBE
DME,NCE
DME,NCU
DME,NJC
DME,NOJ
DME,NOZ
DME,NRT
DME,NSK
DME,NVI
DME,NYM
DME,OGZ
DME,OMS
DME,OSS
DME,OSW
DME,OVB
DME,PED
DME,PEE
DME,PES
DME,PEZ
DME,PFO
DME,PKC
DME,PUY
DME,PWQ
DME,PYJ
DME,REN
DME,RGK
DME,RHO
DME,RIX
DME,RMI
DME,ROV
DME,SAW
DME,SCO
DME,SGC
DME,SGN
DME,SIN
DME,SIP
DME,SKD
DME,SKG
DME,SKX
DME,SLY
DME,SSH
DME,STW
DME,SVX
DME,TAS
DME,TBS
DME,TFS
DME,TGD
DME,TGK
DME,TIV
DME,TJM
DME,TJU
DME,TLV
DME,TMJ
DME,TOF
DME,TSE
DME,TUN
DME,TXL
DME,UKK
DME,UKS
DME,UUA
DME,UUD
DME,UUS
DME,VAR
DME,VKT
DME,VNO
DME,VOG
DME,VOZ
DME,VRA
DME,VRN
DME,VVO
DME,YKS
DME,ZRH
DMK,DPS
DMK,HAN
DMK,HDY
DMK,HGH
DMK,HKG
DMK,HKT
DMK,KBV
DMK,KKC
DMK,KOP
DMK,KUL
DMK,LOE
DMK,MAA
DMK,MAQ
DMK,MDL
DMK,NAW
DMK,NNT
DMK,NST
DMK,PEN
DMK,PHS
DMK,PNH
DMK,PRH
DMK,REP
DMK,RGN
DMK,ROI
DMK,SGN
DMK,SNO
DMK,SUB
DMK,SZX
DMK,TST
DMK,UBP
DMK,UNN
DMK,URT
DMK,UTH
DMK,XIY
DMM,DOH
DMM,DWC
DMM,DXB
DMM,EAM
DMM,ELQ
DMM,FRA
DMM,GIZ
DMM,HAS
DMM,HYD
DMM,ISB
DMM,IST
DMM,JED
DMM,KHI
DMM,KWI
DMM,MED
DMM,MHD
DMM,MNL
DMM,RUH
DMM,SHJ
DMM,SKT
DMM,TAI
DMM,TIF
DMM,TRV
DMM,TUU
DMM,YNB
DND,STN
DNH,HGH
DNH,LHW
DNH,URC
DNK,EVN
DNK,IST
DNK,KBP
DNK,SVO
DNK,TBS
DNK,TLV
DNK,VIE
DNR,EMA
DNR,GCI
DNR,STN
DNZ,IST
DNZ,SAW
DOB,LUV
DOH,DWC
DOH,DXB
DOH,EBB
DOH,EBL
DOH,ESB
DOH,FCO
DOH,FRA
DOH,GOI
DOH,GRU
DOH,GVA
DOH,HBE
DOH,HGH
DOH,HKG
DOH,HYD
DOH,IAD
DOH,IAH
DOH,ICN
DOH,IKA
DOH,ISB
DOH,IST
DOH,ISU
DOH,IXE
DOH,JED
DOH,JNB
DOH,KHI
DOH,KIX
DOH,KRT
DOH,KTM
DOH,KUL
DOH,KWI
DOH,LHE
DOH,LOS
DOH,LRR
DOH,LXR
DOH,MAD
DOH,MAN
DOH,MCT
DOH,MED
DOH,MEL
DOH,MHD
DOH,MLE
DOH,MNL
DOH,MUC
DOH,MXP
DOH,NJF
DOH,NRT
DOH,OSL
DOH,OTP
DOH,PEK
DOH,PER
DOH,PEW
DOH,PHL
DOH,PVG
DOH,RGN
DOH,RUH
DOH,SAH
DOH,SAW
DOH,SGN
DOH,SHJ
DOH,SIN
DOH,SLL
DOH,SYZ
DOH,TRV
DOH,TXL
DOH,VCE
DOH,VIE
DOH,WAW
DOH,ZRH
DOK,DWC
DOK,IST
DOK,KBP
DOK,LCA
DOK,MUC
DOK,SAW
DOK,SHJ
DOK,SKG
DOK,SVO
DOK,TLV
DOL,LCY
DOM,EIS
DOM,PTP
DOM,SJU
DOM,SLU
DOM,SVD
DOM,SXM
DOU,GRU
DOU,VCP
DOY,HRB
DOY,PEK
DOY,PVG
DPL,DVO
DPL,MNL
DPO,MEL
DPS,DRW
DPS,HKG
DPS,HND
DPS,ICN
DPS,JOG
DPS,KIX
DPS,KOE
DPS,KUL
DPS,LBJ
DPS,LOP
DPS,MEL
DPS,MLG
DPS,MNL
DPS,MOF
DPS,NRT
DPS,PER
DPS,PHE
DPS,PLM
DPS,POM
DPS,PVG
DPS,SIN
DPS,SRG
DPS,SUB
DPS,SYD
DPS,SZX
DPS,TIM
DPS,TMC
DPS,TPE
DPS,UPG
DPS,WGP
DQA,PEK
DQA,TAO
DRG,OTZ
DRK,SJO
DRO,PHX
DRS,DUS
DRS,HER
DRS,HRG
DRS,LCY
DRS,MUC
DRS,NBE
DRS,PMI
DRS,RHO
DRS,STR
DRS,SVO
DRS,ZRH
DRV,HAQ
DRV,MLE
DRW,GOV
DRW,GTE
DRW,ISA
DRW,KNX
DRW,KUL
DRW,MCV
DRW,MEL
DRW,MNG
DRW,MNL
DRW,PER
DRW,SIN
DRW,SYD
DRW,TSV
DSA,GDN
DSA,JER
DSA,KTW
DSA,PMI
DSA,POZ
DSA,VNO
DSA,WAW
DSA,WRO
DSK,PEW
DSK,PZH
DSM,DTW
DSM,EWR
DSM,IAH
DSM,LAS
DSM,LGA
DSM,MDW
DSM,ORD
DSM,PIE
DSM,SFB
DSN,HET
DSN,HGH
DSN,HRB
DSN,INC
DSN,KMG
DSN,NAY
DSN,NKG
DSN,PEK
DSN,SHE
DSN,SJW
DSN,TSN
DSN,TYN
DSN,WUH
DSN,XIY
DTM,GDN
DTM,GRO
DTM,HDF
DTM,IEV
DTM,KTW
DTM,LWO
DTM,ONQ
DTM,OPO
DTM,OTP
DTM,PMI
DTM,SAW
DTM,SKP
DTM,SOF
DTM,SPU
DTM,STN
DTM,TGM
DTM,TSR
DTM,VNO
DTW,ELM
DTW,ERI
DTW,ESC
DTW,EVV
DTW,EWR
DTW,GRB
DTW,GRR
DTW,GRU
DTW,GSO
DTW,GSP
DTW,HSV
DTW,IAD
DTW,IAH
DTW,ICN
DTW,ILG
DTW,IND
DTW,ITH
DTW,JAX
DTW,JFK
DTW,LAN
DTW,LEX
DTW,LGA
DTW,LIT
DTW,MBJ
DTW,MBS
DTW,MCI
DTW,MCO
DTW,MDT
DTW,MDW
DTW,MEM
DTW,MHT
DTW,MIA
DTW,MKE
DTW,MLI
DTW,MQT
DTW,MSN
DTW,MTY
DTW,MYR
DTW,NAS
DTW,NGO
DTW,NRT
DTW,OKC
DTW,OMA
DTW,ORD
DTW,PBI
DTW,PDX
DTW,PHL
DTW,PIA
DTW,PIT
DTW,PLN
DTW,PUJ
DTW,PVD
DTW,PVG
DTW,PWM
DTW,RDU
DTW,RIC
DTW,ROA
DTW,ROC
DTW,RSW
DTW,SAN
DTW,SAT
DTW,SAV
DTW,SBN
DTW,SCE
DTW,SEA
DTW,SFO
DTW,SJU
DTW,SLC
DTW,SWF
DTW,SYR
DTW,TPA
DTW,TTN
DTW,TUL
DTW,TVC
DTW,XNA
DTW,YOW
DTW,YUL
DTW,YYZ
DUB,DXB
DUB,EDI
DUB,EIN
DUB,EWR
DUB,EXT
DUB,FCO
DUB,FMM
DUB,FRA
DUB,FUE
DUB,GDN
DUB,GLA
DUB,GRO
DUB,GVA
DUB,HAJ
DUB,HAM
DUB,IAD
DUB,IBZ
DUB,IOM
DUB,JER
DUB,JFK
DUB,KIR
DUB,KIV
DUB,KRK
DUB,KTW
DUB,KUN
DUB,LBA
DUB,LCY
DUB,LEI
DUB,LHR
DUB,LIN
DUB,LPA
DUB,LPL
DUB,LRH
DUB,LTN
DUB,LUX
DUB,LYS
DUB,MAD
DUB,MJV
DUB,MLA
DUB,MRS
DUB,MUC
DUB,MXP
DUB,NAP
DUB,NCE
DUB,NCL
DUB,OPO
DUB,ORD
DUB,OSL
DUB,OTP
DUB,PHL
DUB,PIK
DUB,PMI
DUB,PRG
DUB,PSA
DUB,RAK
DUB,RDZ
DUB,REU
DUB,RIX
DUB,RZE
DUB,SCQ
DUB,SDR
DUB,SEN
DUB,SOU
DUB,STN
DUB,STR
DUB,SVQ
DUB,SZZ
DUB,TLS
DUB,TSF
DUB,TUF
DUB,VIE
DUB,VLC
DUB,VNO
DUB,VRN
DUB,WRO
DUB,ZAD
DUB,ZRH
DUD,WLG
DUJ,FKL
DUR,DXB
DUR,ELS
DUR,GRJ
DUR,HLA
DUR,HRE
DUR,JNB
DUR,LUN
DUR,MPM
DUR,MRU
DUR,PLZ
DUS,EBL
DUS,ESB
DUS,EWR
DUS,EXT
DUS,FAO
DUS,FDH
DUS,FLR
DUS,FNC
DUS,FRA
DUS,FUE
DUS,GCI
DUS,GLA
DUS,GOT
DUS,GPA
DUS,GRZ
DUS,GVA
DUS,GWT
DUS,HAM
DUS,HDF
DUS,HRG
DUS,IBZ
DUS,IST
DUS,ISU
DUS,JFK
DUS,KGS
DUS,KTW
DUS,KVA
DUS,LAX
DUS,LBA
DUS,LCY
DUS,LED
DUS,LEJ
DUS,LIS
DUS,LNZ
DUS,LUX
DUS,LYS
DUS,MAH
DUS,MAN
DUS,MJT
DUS,MLA
DUS,MUC
DUS,MXP
DUS,NAP
DUS,NCE
DUS,NCL
DUS,NQY
DUS,NRT
DUS,NUE
DUS,OLB
DUS,ONQ
DUS,ORD
DUS,OSL
DUS,OTP
DUS,PDL
DUS,PEK
DUS,PMI
DUS,POZ
DUS,PRG
DUS,PRN
DUS,PUJ
DUS,RIX
DUS,RMF
DUS,RSW
DUS,SAW
DUS,SKG
DUS,SMI
DUS,SPC
DUS,SPU
DUS,STN
DUS,STR
DUS,SVO
DUS,SZG
DUS,TFS
DUS,TGD
DUS,TRN
DUS,TUN
DUS,TXL
DUS,VIE
DUS,VKO
DUS,VLC
DUS,VRA
DUS,WAW
DUS,WRO
DUS,ZAD
DUS,ZRH
DUS,ZTH
DUT,IKO
DUT,KQA
DVO,ILO
DVO,MNL
DVO,PPS
DVO,SIN
DVO,ZAM
DWC,GOJ
DWC,IEV
DWC,JED
DWC,KBL
DWC,KIV
DWC,KUL
DWC,KWI
DWC,LED
DWC,LHR
DWC,MCT
DWC,MLE
DWC,MNL
DWC,MRV
DWC,ODS
DWC,OMS
DWC,OTP
DWC,OVB
DWC,PEE
DWC,RUH
DWC,SOF
DWC,TJM
DWC,UFA
DWD,JED
DWD,RUH
DXB,DYU
DXB,EBB
DXB,EBL
DXB,ELQ
DXB,EVN
DXB,FCO
DXB,FRA
DXB,FRU
DXB,GIG
DXB,GLA
DXB,GRU
DXB,GSM
DXB,GVA
DXB,GYD
DXB,HAM
DXB,HAS
DXB,HBE
DXB,HGA
DXB,HKG
DXB,HKT
DXB,HND
DXB,HRK
DXB,HYD
DXB,IAD
DXB,ICN
DXB,IFN
DXB,IST
DXB,ISU
DXB,JED
DXB,JNB
DXB,JUB
DXB,KDH
DXB,KGL
DXB,KHI
DXB,KIH
DXB,KIX
DXB,KJA
DXB,KMG
DXB,KRR
DXB,KRT
DXB,KUF
DXB,KWI
DXB,LAX
DXB,LED
DXB,LFM
DXB,LHE
DXB,LKO
DXB,LOS
DXB,LRR
DXB,LUN
DXB,LYS
DXB,MAD
DXB,MBA
DXB,MCT
DXB,MHD
DXB,MLA
DXB,MLE
DXB,MNL
DXB,MRU
DXB,MUC
DXB,MUX
DXB,MXP
DXB,NBO
DXB,NCE
DXB,NCL
DXB,NJF
DXB,NRT
DXB,OVB
DXB,PER
DXB,PEW
DXB,PRG
DXB,PVG
DXB,RIY
DXB,RUH
DXB,SAH
DXB,SEA
DXB,SEZ
DXB,SFO
DXB,SGN
DXB,SKP
DXB,SKT
DXB,SLL
DXB,SYZ
DXB,TAS
DXB,TBS
DXB,TBZ
DXB,TIF
DXB,TIP
DXB,TPE
DXB,TRV
DXB,TUN
DXB,TUU
DXB,VCE
DXB,VIE
DXB,VOG
DXB,WAW
DXB,XSB
DXB,YYZ
DXB,ZAH
DXB,ZBR
DXB,ZRH
DXB,ZYL
DYG,NKG
DYG,PEK
DYG,SZX
DYG,TPE
DYG,TSN
DYG,TYN
DYR,KHV
DYU,FRA
DYU,FRU
DYU,GOJ
DYU,IKA
DYU,IKT
DYU,IST
DYU,KBL
DYU,KRR
DYU,KZN
DYU,MHD
DYU,MRV
DYU,NBC
DYU,OMS
DYU,OVB
DYU,REN
DYU,ROV
DYU,SHJ
DYU,SVX
DYU,UFA
DYU,URC
DYU,VOG
DZA,HAH
DZA,MJN
DZA,MRS
DZA,NBO
DZA,NOS
DZA,ORY
DZA,RUN
DZA,TNR
DZN,TSE
EAE,VLI
EAM,JED
EAM,RUH
EAS,MAD
EAT,SEA
EAU,ORD
EBA,FDH
EBA,MUC
EBA,ZRH
EBB,JNB
EBB,JRO
EBB,JUB
EBB,KGL
EBB,KSE
EBB,LHR
EBB,MGQ
EBB,NBO
EBB,PAF
EBB,RUA
EBL,FRA
EBL,GOT
EBL,IKA
EBL,IST
EBL,MUC
EBL,SHJ
EBU,FEZ
EBU,OPO
EBU,SAW
ECN,ESB
ECN,GZT
ECN,HTY
ECN,IST
ECP,HOU
ECP,STL
EDA,KCC
EDA,KTN
EDA,NKI
EDI,EWR
EDI,EXT
EDI,FAO
EDI,FRA
EDI,FUE
EDI,GSE
EDI,GVA
EDI,HAM
EDI,INV
EDI,IST
EDI,JER
EDI,KEF
EDI,KOI
EDI,KRK
EDI,KUN
EDI,LGW
EDI,LHR
EDI,LIS
EDI,LPA
EDI,LSI
EDI,LYS
EDI,MAD
EDI,MAN
EDI,MLA
EDI,MRS
EDI,NCE
EDI,NRN
EDI,NWI
EDI,ORK
EDI,PFO
EDI,PMI
EDI,POZ
EDI,PRG
EDI,RYG
EDI,SDR
EDI,SEN
EDI,SNN
EDI,SOU
EDI,STN
EDI,SVG
EDI,SYY
EDI,TFS
EDI,VCE
EDI,WIC
EDL,KIS
EDL,LOK
EDL,NBO
EDO,SAW
EDR,KWM
EEK,KWN
EFL,LGW
EFL,STN
EFL,ZTH
EGC,EMA
EGC,EXT
EGC,RTM
EGC,SOU
EGC,STN
EGM,GZO
EGM,HIR
EGM,MUA
EGM,RBV
EGM,VAO
EGN,KRT
EGO,FRU
EGO,GOJ
EGO,KGD
EGO,KRR
EGO,KUF
EGO,KZN
EGO,LED
EGO,ROV
EGS,RKV
EGX,WSN
EIN,FAO
EIN,FEZ
EIN,INN
EIN,KRK
EIN,KTW
EIN,LIS
EIN,LPA
EIN,MAD
EIN,MJV
EIN,MLA
EIN,MRS
EIN,NAP
EIN,NCE
EIN,OPO
EIN,OTP
EIN,RAK
EIN,REU
EIN,RHO
EIN,RIX
EIN,RTM
EIN,SAW
EIN,STN
EIN,TPS
EIN,TSF
EIN,TXL
EIN,VCE
EIN,VNO
EIN,WAW
EIN,WMI
EIS,NEV
EIS,SJU
EIS,STT
EIS,SXM
EJH,JED
EKO,SLC
EKS,UUS
ELC,MNG
ELD,HOT
ELD,MEM
ELF,KRT
ELG,OGX
ELG,TMR
ELH,FLL
ELH,MIA
ELH,NAS
ELH,PBI
ELI,GLV
ELI,KKA
ELI,OME
ELL,JNB
ELM,ORD
ELM,PHL
ELM,PIE
ELM,SFB
ELP,HOU
ELP,IAH
ELP,LAS
ELP,LAX
ELP,ORD
ELP,PHL
ELP,PHX
ELQ,IST
ELQ,JED
ELQ,MED
ELQ,RUH
ELQ,SHJ
ELS,JNB
ELS,PLZ
ELV,JNU
ELV,PEC
EMA,FAO
EMA,FNC
EMA,GCI
EMA,GLA
EMA,GRO
EMA,HER
EMA,IBZ
EMA,KRK
EMA,LIG
EMA,LPA
EMA,LRH
EMA,MAH
EMA,MJV
EMA,MLA
EMA,NOC
EMA,ORK
EMA,PFO
EMA,PMI
EMA,PRG
EMA,PSA
EMA,REU
EMA,RZE
EMA,TFS
EMA,TSF
EMA,VLC
EMA,WMI
EMK,KOT
ENE,KOE
ENE,LBJ
ENH,WUH
ENU,LOS
ENY,NAY
ENY,PEK
ENY,XIY
EOH,IBE
EOH,MTR
EOH,NQU
EOH,PEI
EOH,UIB
EOI,KOI
EOI,NRL
EPR,PER
EPR,RVT
EQS,REL
ERC,ESB
ERC,IST
ERC,SAW
ERF,FUE
ERF,LGW
ERF,LPA
ERF,TFS
ERI,PHL
ERL,HET
ERL,PEK
ERM,JCB
ERM,PFB
ERM,POA
ERN,TFF
ERS,MPA
ERS,NDU
ERS,OND
ERZ,ESB
ERZ,IST
ERZ,SAW
ESB,EZS
ESB,FRA
ESB,GNY
ESB,GYD
ESB,GZP
ESB,GZT
ESB,HTY
ESB,IGD
ESB,IST
ESB,KCM
ESB,KCO
ESB,KSY
ESB,MLX
ESB,MQM
ESB,MSR
ESB,MUC
ESB,SAW
ESB,TEQ
ESB,TZX
ESB,VAN
ESB,VIE
ESB,VKO
ESD,FRD
ESM,GYE
ESM,UIO
ESU,MRS
ESU,ORY
ETH,HFA
ETH,SDV
ETH,TLV
ETR,UIO
ETZ,NCE
EUG,LAX
EUG,OAK
EUG,PDX
EUG,SEA
EUG,SFO
EUG,SLC
EUN,LPA
EUX,SXM
EVE,OSL
EVE,SVG
EVE,TOS
EVE,TRD
EVG,MXX
EVN,GOJ
EVN,KBP
EVN,KJA
EVN,KRR
EVN,KUF
EVN,LED
EVN,MRV
EVN,OMS
EVN,OVB
EVN,PRG
EVN,ROV
EVN,RTW
EVN,SCO
EVN,SHJ
EVN,SVO
EVN,SVX
EVN,TJM
EVN,VKO
EVN,VOG
EVN,VOZ
EVN,WAW
EVV,ORD
EWB,HPN
EWB,MVY
EWR,FCO
EWR,FLL
EWR,FPO
EWR,GCM
EWR,GLA
EWR,GRR
EWR,GRU
EWR,GSO
EWR,GSP
EWR,GUA
EWR,GVA
EWR,HNL
EWR,HOU
EWR,IAD
EWR,IAH
EWR,IND
EWR,ITH
EWR,JAX
EWR,KEF
EWR,LAS
EWR,LAX
EWR,LIM
EWR,LIR
EWR,LIS
EWR,MAD
EWR,MAN
EWR,MCI
EWR,MDW
EWR,MEM
EWR,MEX
EWR,MHT
EWR,MIA
EWR,MKE
EWR,MSN
EWR,MSP
EWR,MSY
EWR,MXP
EWR,NAS
EWR,NRT
EWR,OKC
EWR,OMA
EWR,OPO
EWR,ORD
EWR,OSL
EWR,PBI
EWR,PDX
EWR,PEK
EWR,PHL
EWR,PHX
EWR,PIT
EWR,PLS
EWR,POP
EWR,POS
EWR,PTY
EWR,PUJ
EWR,PVG
EWR,PVR
EWR,PWM
EWR,RDU
EWR,RSW
EWR,SAN
EWR,SAV
EWR,SDQ
EWR,SEA
EWR,SJD
EWR,SNA
EWR,SNN
EWR,STI
EWR,STL
EWR,STR
EWR,STT
EWR,SXM
EWR,SYR
EWR,TLV
EWR,TPA
EWR,TXL
EWR,TYS
EWR,UVF
EWR,XNA
EWR,YEG
EWR,YOW
EWR,YQB
EWR,YQM
EWR,YTZ
EWR,YVR
EWR,YYC
EWR,YYT
EWR,YYZ
EXI,JNU
EXT,FAO
EXT,GCI
EXT,GLA
EXT,ISC
EXT,JER
EXT,MAN
EXT,MLA
EXT,NQY
EXT,PMI
EXT,RNS
EYK,NYA
EYK,OVS
EYK,SVX
EYK,VKO
EYW,FLL
EYW,MCO
EYW,MIA
EYW,RSW
EYW,TPA
EZE,FCO
EZE,FLN
EZE,FOR
EZE,FRA
EZE,FTE
EZE,GIG
EZE,GRU
EZE,GYE
EZE,HAV
EZE,IAH
EZE,IGR
EZE,JFK
EZE,LHR
EZE,MDZ
EZE,MIA
EZE,POA
EZE,PTY
EZE,PUJ
EZE,REL
EZE,ROS
EZE,SCL
EZE,USH
EZE,VVI
EZS,IST
EZS,SAW
FAE,SVG
FAI,FYU
FAI,GAL
FAI,HKB
FAI,HUS
FAI,IRC
FAI,KBC
FAI,KYU
FAI,LMA
FAI,MLY
FAI,MNT
FAI,RBY
FAI,RMP
FAI,SCC
FAI,SEA
FAI,SVS
FAI,WBQ
FAO,FMM
FAO,GLA
FAO,GRQ
FAO,GVA
FAO,HAM
FAO,HHN
FAO,KIR
FAO,LBA
FAO,LDY
FAO,LGW
FAO,LHR
FAO,LIL
FAO,LIS
FAO,LPL
FAO,LTN
FAO,MAN
FAO,MST
FAO,MUC
FAO,NCL
FAO,NOC
FAO,NRN
FAO,ORK
FAO,ORY
FAO,OSL
FAO,PMI
FAO,RTM
FAO,SEN
FAO,SID
FAO,SOU
FAO,STN
FAO,STR
FAR,LAS
FAR,ORD
FAR,PIE
FAR,SFB
FAR,SLC
FAT,GDL
FAT,LAS
FAT,LAX
FAT,PDX
FAT,PHX
FAT,SEA
FAT,SLC
FAV,PPT
FAV,RGI
FAY,IAD
FBM,FIH
FBM,KGA
FBM,MJM
FBM,NBO
FBM,NLA
FBS,LKE
FBS,RCE
FCA,LAS
FCA,MSP
FCA,SEA
FCA,SLC
FCO,FLR
FCO,FRA
FCO,FUE
FCO,GDN
FCO,GIG
FCO,GOA
FCO,GRU
FCO,GVA
FCO,GYD
FCO,HAJ
FCO,HAM
FCO,HAV
FCO,HEL
FCO,IAS
FCO,IKA
FCO,IST
FCO,JED
FCO,JFK
FCO,KBP
FCO,KWI
FCO,LAX
FCO,LBA
FCO,LGW
FCO,LHR
FCO,LIN
FCO,LIS
FCO,LOS
FCO,LRM
FCO,LTN
FCO,LUZ
FCO,LWO
FCO,LYS
FCO,MAN
FCO,MLA
FCO,MPL
FCO,MRS
FCO,MRU
FCO,MSQ
FCO,MUC
FCO,MXP
FCO,NAP
FCO,NCL
FCO,NTE
FCO,OPO
FCO,ORD
FCO,ORY
FCO,OSL
FCO,OTP
FCO,PEK
FCO,PHL
FCO,PMO
FCO,PRG
FCO,PSA
FCO,PVG
FCO,REG
FCO,RIX
FCO,RTM
FCO,RZE
FCO,SAW
FCO,SKG
FCO,SKP
FCO,SOF
FCO,SPU
FCO,SUF
FCO,SVX
FCO,SXB
FCO,SXF
FCO,TAS
FCO,TBS
FCO,TGD
FCO,TIA
FCO,TIP
FCO,TLS
FCO,TLV
FCO,TRN
FCO,TRS
FCO,TUN
FCO,TXL
FCO,VCE
FCO,VKO
FCO,VLC
FCO,VRN
FCO,WAW
FCO,YYZ
FCO,ZRH
FDE,FRO
FDE,OSL
FDF,HAV
FDF,MIA
FDF,ORY
FDF,PTP
FDF,SDQ
FDF,SJU
FDF,SLU
FDF,YUL
FDH,FRA
FDH,HAM
FDH,IBZ
FDH,IST
FDH,OLB
FDH,PMI
FDH,TXL
FDH,ZAD
FEG,KRR
FEG,KZN
FEG,LED
FEG,OVB
FEG,TAS
FEN,NAT
FEN,REC
FEZ,FNI
FEZ,HHN
FEZ,MPL
FEZ,NRN
FEZ,NTE
FEZ,ORY
FEZ,PSA
FEZ,STN
FIH,FKI
FIH,IST
FIH,JNB
FIH,KGA
FIH,KND
FIH,LAD
FIH,LBV
FIH,LJA
FIH,MDK
FIH,MJM
FIH,NBO
FIH,TSH
FKB,HAM
FKB,LPA
FKB,OPO
FKB,PMI
FKB,SKG
FKB,STN
FKB,TFS
FKB,TPS
FKI,GOM
FKI,IRP
FKQ,KNG
FKQ,MKW
FKQ,SOQ
FKS,ITM
FLG,PHX
FLL,FPO
FLL,GGT
FLL,GHB
FLL,GSP
FLL,GUA
FLL,HOU
FLL,IAD
FLL,ISP
FLL,KIN
FLL,LAS
FLL,LBE
FLL,LEX
FLL,LGA
FLL,LIM
FLL,MBJ
FLL,MCI
FLL,MDE
FLL,MGA
FLL,MHH
FLL,MKE
FLL,MSP
FLL,MSY
FLL,NAS
FLL,ORD
FLL,ORH
FLL,OSL
FLL,PAP
FLL,PBG
FLL,PHL
FLL,PHX
FLL,PIT
FLL,POS
FLL,PTY
FLL,PUJ
FLL,RDU
FLL,SAL
FLL,SDQ
FLL,SEA
FLL,SFO
FLL,SJO
FLL,SJU
FLL,STI
FLL,STL
FLL,STT
FLL,SXM
FLL,TCB
FLL,TLC
FLL,TPA
FLL,TTN
FLL,YUL
FLL,YYZ
FLL,ZSA
FLN,GIG
FLN,GRU
FLN,JCB
FLN,VCP
FLN,XAP
FLR,FRA
FLR,LCY
FLR,LGW
FLR,LYS
FLR,MAD
FLR,MUC
FLR,NTE
FLR,PMO
FLR,TXL
FLR,VIE
FLR,ZRH
FLS,LST
FLS,MEB
FLW,HOR
FLW,PDL
FLW,TER
FMI,KOO
FMM,GRO
FMM,HAM
FMM,IEV
FMM,OPO
FMM,PMI
FMM,SKP
FMM,SNN
FMM,STN
FMM,TFS
FMM,TXL
FMN,SOW
FMO,FRA
FMO,GRO
FMO,IBZ
FMO,MUC
FMO,PMI
FMO,STR
FNA,LGW
FNA,LHR
FNA,MLW
FNA,ROB
FNC,FRA
FNC,GLA
FNC,HAJ
FNC,HAM
FNC,LBA
FNC,LEJ
FNC,LGW
FNC,LIS
FNC,LUX
FNC,MAN
FNC,OPO
FNC,ORY
FNC,PDL
FNC,STR
FNC,TXL
FNC,VIE
FNC,ZRH
FNI,LPL
FNI,LTN
FNJ,KUL
FNJ,PEK
FNJ,SHE
FNJ,VVO
FNT,MCO
FNT,MSP
FNT,ORD
FNT,TPA
FOC,HGH
FOC,HIA
FOC,HKG
FOC,HRB
FOC,JDZ
FOC,KHH
FOC,KIX
FOC,KMG
FOC,KUL
FOC,KWE
FOC,KWL
FOC,MFM
FOC,NKG
FOC,PVG
FOC,RMQ
FOC,SGN
FOC,SHA
FOC,SIN
FOC,SYX
FOC,SZX
FOC,TPE
FOC,TSN
FOC,TYN
FOC,WUH
FOC,WUX
FOC,XIY
FOC,XUZ
FOE,ORD
FON,SJO
FON,XQP
FOR,GIG
FOR,JDO
FOR,JPA
FOR,MAO
FOR,NAT
FOR,PHB
FOR,RAI
FOR,REC
FOR,SLZ
FOR,SSA
FOR,THE
FOR,VCP
FPO,MIA
FPO,NAS
FPO,RIC
FRA,GCI
FRA,GDN
FRA,GIG
FRA,GOJ
FRA,GOT
FRA,GPA
FRA,GRU
FRA,GRZ
FRA,GVA
FRA,GWT
FRA,HAM
FRA,HAV
FRA,HER
FRA,HKG
FRA,HND
FRA,IAD
FRA,IAH
FRA,ICN
FRA,IKA
FRA,INN
FRA,IST
FRA,JED
FRA,KBP
FRA,KEF
FRA,KGS
FRA,KIX
FRA,KRK
FRA,KTW
FRA,KUF
FRA,KWI
FRA,LAD
FRA,LAS
FRA,LAX
FRA,LCA
FRA,LCY
FRA,LEJ
FRA,LHR
FRA,LJU
FRA,LNZ
FRA,LPA
FRA,LYS
FRA,MAA
FRA,MAD
FRA,MAH
FRA,MAN
FRA,MBA
FRA,MBJ
FRA,MCO
FRA,MCT
FRA,MIA
FRA,MLA
FRA,MLE
FRA,MPL
FRA,MRS
FRA,MRU
FRA,MUC
FRA,MXP
FRA,NAP
FRA,NBE
FRA,NBO
FRA,NCE
FRA,NDR
FRA,NGO
FRA,NKG
FRA,NRT
FRA,NUE
FRA,OLB
FRA,OPO
FRA,ORD
FRA,OTP
FRA,OVB
FRA,PDL
FRA,PEK
FRA,PHL
FRA,PMO
FRA,PNQ
FRA,POP
FRA,POZ
FRA,PRG
FRA,PUJ
FRA,PVG
FRA,REC
FRA,RHO
FRA,RZE
FRA,SEA
FRA,SFO
FRA,SGN
FRA,SHE
FRA,SIN
FRA,SJU
FRA,SPC
FRA,SSA
FRA,STR
FRA,SVO
FRA,SZG
FRA,TAB
FRA,TAS
FRA,TGD
FRA,TIA
FRA,TLS
FRA,TPE
FRA,TRN
FRA,TSE
FRA,TUN
FRA,VCE
FRA,VLC
FRA,VNO
FRA,VRA
FRA,VRN
FRA,WAW
FRA,WDH
FRA,WRO
FRA,XRY
FRA,YHZ
FRA,YOW
FRA,YUL
FRA,YYC
FRA,ZAD
FRA,ZRH
FRE,HIR
FRE,VAO
FRO,KSU
FRO,SVG
FRS,GUA
FRU,IKT
FRU,IST
FRU,KJA
FRU,KRR
FRU,KZN
FRU,LED
FRU,OVB
FRU,SAW
FRU,SGC
FRU,SVO
FRU,SVX
FRU,TAS
FRU,TSE
FRU,ULN
FRU,URC
FRW,GBE
FRW,JNB
FSC,LIL
FSC,LUX
FSC,MRS
FSC,ORY
FSD,LAS
FSD,MSP
FSD,ORD
FSD,PIE
FSD,SFB
FSP,YHZ
FSP,YUL
FSP,YYT
FSZ,FUK
FSZ,ICN
FSZ,KOJ
FSZ,OKA
FSZ,PVG
FSZ,TPE
FTA,TAH
FTE,USH
FTU,TLE
FTU,TNR
FUE,HAM
FUE,LBA
FUE,LEJ
FUE,LGW
FUE,LIL
FUE,LPL
FUE,LTN
FUE,LUX
FUE,MAD
FUE,MAN
FUE,MUC
FUE,MXP
FUE,NRN
FUE,NTE
FUE,NUE
FUE,ORK
FUE,PAD
FUE,PIK
FUE,PSA
FUE,SNN
FUE,STN
FUE,STR
FUE,SXF
FUE,SZG
FUE,TFN
FUE,TFS
FUE,TXL
FUE,VIE
FUE,VRN
FUE,ZQW
FUE,ZRH
FUG,HGH
FUG,PEK
FUG,SHA
FUG,TSN
FUG,WNZ
FUG,XIY
FUJ,FUK
FUJ,NGS
FUK,GUM
FUK,HKG
FUK,HNA
FUK,HNL
FUK,IBR
FUK,ICN
FUK,ISG
FUK,ITM
FUK,KIJ
FUK,KMI
FUK,KMQ
FUK,MFM
FUK,MMJ
FUK,MNL
FUK,NGO
FUK,NRT
FUK,OKA
FUK,PUS
FUK,PVG
FUK,SDJ
FUK,SGN
FUK,SHE
FUK,TAO
FUK,TSJ
FUN,SUV
FUO,NAY
FUT,WLS
FVM,MLE
FWA,ORD
FWA,PGD
FWA,SFB
FYU,KBC
FYU,VEE
GAE,GAF
GAE,TOE
GAE,TUN
GAF,TOE
GAF,TUN
GAJ,HND
GAJ,ITM
GAJ,NKM
GAL,HSL
GAL,KAL
GAL,KYU
GAL,NUL
GAM,OME
GAM,SVA
GAN,KDM
GAN,MLE
GAO,HAV
GAU,IMF
GAU,IXA
GAU,IXB
GAU,IXS
GAU,PBH
GBE,HRE
GBE,JNB
GBE,LUN
GBE,MUB
GBE,NBO
GBT,JED
GBT,MED
GBT,MHD
GBT,THR
GBT,ZAH
GCC,RKS
GCC,SLC
GCH,THR
GCI,JER
GCI,LGW
GCI,MAN
GCI,NWI
GCI,SOU
GCI,STN
GCM,HAV
GCM,IAD
GCM,JFK
GCM,LCE
GCM,LYB
GCM,MBJ
GCM,MIA
GCM,NAS
GCM,ORD
GCM,PHL
GCM,TPA
GCM,YYZ
GCN,PGA
GDE,JIJ
GDL,HMO
GDL,IAH
GDL,LAP
GDL,LAX
GDL,LMM
GDL,MDW
GDL,MEX
GDL,MID
GDL,MTY
GDL,MXL
GDL,MZT
GDL,OAK
GDL,ONT
GDL,ORD
GDL,PBC
GDL,PHX
GDL,PTY
GDL,PVR
GDL,REX
GDL,SAT
GDL,SFO
GDL,SJC
GDL,SJD
GDL,SLC
GDL,SMF
GDL,SNA
GDL,TGZ
GDL,TIJ
GDL,TLC
GDL,TRC
GDL,VER
GDL,VSA
GDN,GLA
GDN,GSE
GDN,HAU
GDN,HEL
GDN,KRK
GDN,KRS
GDN,LBC
GDN,LPL
GDN,LTN
GDN,LUZ
GDN,MAN
GDN,MMX
GDN,MUC
GDN,NYO
GDN,ORK
GDN,OSL
GDN,SVG
GDN,TRF
GDN,TXL
GDN,WAW
GDN,WRO
GDN,ZRH
GDQ,LLI
GDT,PLS
GDT,SLX
GDT,XSC
GDX,IKT
GDX,KHV
GDX,YKS
GDZ,SVO
GEA,ILP
GEA,KNQ
GEA,KOC
GEA,LIF
GEA,MEE
GEA,TGJ
GEA,TOU
GEA,UVE
GEG,LAS
GEG,LAX
GEG,MSP
GEG,OAK
GEG,PDX
GEG,SEA
GEG,SLC
GEL,POA
GEL,RIA
GEL,SRA
GEO,JFK
GEO,KIN
GEO,MIA
GEO,PBM
GEO,POS
GEO,PZO
GEO,YYZ
GES,ILO
GES,MNL
GET,PER
GEV,KRF
GEV,KRN
GEV,LLA
GFF,NRA
GFF,SYD
GFK,LAS
GFK,MSP
GFK,SFB
GFK,TVF
GFN,TRO
GGT,GHB
GGT,NAS
GGT,YYZ
GHA,ORN
GHA,TMR
GHB,NAS
GHE,PAC
GHE,SAX
GHT,TIP
GIB,LGW
GIB,LHR
GIB,LTN
GIB,MAN
GIG,GRU
GIG,GYN
GIG,IAH
GIG,IGU
GIG,JFK
GIG,JPA
GIG,LAD
GIG,LFW
GIG,LHR
GIG,LIM
GIG,LIS
GIG,MAD
GIG,MAO
GIG,MCZ
GIG,MIA
GIG,MVD
GIG,NAT
GIG,NVT
GIG,OPO
GIG,POA
GIG,RAO
GIG,SCL
GIG,SDQ
GIG,SLZ
GIG,SSA
GIG,VCP
GIG,VIX
GIL,ISB
GIS,WLG
GIU,TRR
GIZ,JED
GIZ,MED
GIZ,RUH
GJA,LCE
GJT,IAH
GJT,LAS
GJT,PHX
GJT,SLC
GKA,HGU
GKA,LAE
GKA,MAG
GKA,POM
GKK,KDO
GKK,MLE
GLA,HER
GLA,IBZ
GLA,ILY
GLA,JER
GLA,KEF
GLA,KGS
GLA,KOI
GLA,LBA
GLA,LGW
GLA,LHR
GLA,LSI
GLA,LTN
GLA,MAN
GLA,MCO
GLA,NBE
GLA,ORK
GLA,PFO
GLA,RHO
GLA,SOU
GLA,STN
GLA,SYY
GLA,TFS
GLA,TRE
GLA,WAW
GLA,YYC
GLA,YYZ
GLF,PJM
GLF,SJO
GLH,TUP
GLK,MGQ
GLK,NBO
GLK,WJR
GLN,LPA
GLN,TTA
GLO,IOM
GLT,ROK
GLT,SYD
GLV,OME
GLV,WMO
GMA,MDK
GMP,HND
GMP,KIX
GMP,KPO
GMP,KWJ
GMP,NGO
GMP,PEK
GMP,PUS
GMP,RSU
GMP,SHA
GMP,TSA
GMP,USN
GMR,HOI
GMR,PPT
GMZ,TFN
GND,JFK
GND,MIA
GND,PMV
GND,POS
GND,SVD
GND,UVF
GND,YYZ
GNM,LAZ
GNM,SSA
GNU,PTU
GNV,MCO
GNV,MIA
GNV,TPA
GNY,IST
GOA,IST
GOA,LGW
GOA,MUC
GOA,NAP
GOA,OLB
GOA,PMO
GOA,STN
GOA,TIA
GOA,TPS
GOH,JAV
GOH,JFR
GOH,JHS
GOH,JSU
GOH,KEF
GOH,KUS
GOH,RKV
GOH,SFJ
GOH,UAK
GOI,HYD
GOI,KWI
GOI,PNQ
GOI,SHJ
GOJ,KUF
GOJ,LBD
GOJ,NMA
GOJ,NSK
GOJ,PRG
GOJ,SVO
GOJ,SVX
GOJ,VKO
GOQ,XIY
GOQ,XNN
GOT,HEL
GOT,IKA
GOT,IST
GOT,LGW
GOT,MAN
GOT,MUC
GOT,NCE
GOT,OSL
GOT,PMI
GOT,RIX
GOT,SDL
GOT,SPU
GOT,SVG
GOT,TXL
GOU,NDJ
GOU,NSI
GOV,GTE
GPA,PFO
GPS,GYE
GPT,IAH
GRB,MSP
GRB,ORD
GRJ,JNB
GRK,IAH
GRO,GRQ
GRO,HHN
GRO,IEV
GRO,KRK
GRO,LBA
GRO,LPP
GRO,LTN
GRO,LWO
GRO,MAH
GRO,MAN
GRO,MST
GRO,NRN
GRO,PMI
GRO,POZ
GRO,PSA
GRO,PSR
GRO,RAK
GRO,RBA
GRO,RTM
GRO,SFT
GRO,SKG
GRO,STN
GRO,TMP
GRO,TPS
GRO,WRO
GRP,MQH
GRP,SXO
GRQ,HER
GRQ,LPA
GRQ,MST
GRQ,PMI
GRR,IAD
GRR,IAH
GRR,LAS
GRR,LGA
GRR,MCO
GRR,MSP
GRR,ORD
GRR,PIE
GRR,SFB
GRR,STL
GRR,TPA
GRU,GYN
GRU,IGU
GRU,IOS
GRU,IPN
GRU,JDO
GRU,JNB
GRU,JOI
GRU,JPA
GRU,LAD
GRU,LDB
GRU,LFW
GRU,LHR
GRU,LIM
GRU,LIS
GRU,MAD
GRU,MCO
GRU,MCZ
GRU,MEX
GRU,MGF
GRU,MIA
GRU,MVD
GRU,NAT
GRU,NVT
GRU,OPO
GRU,ORD
GRU,PFB
GRU,PLU
GRU,RAO
GRU,REC
GRU,ROS
GRU,SCL
GRU,SDQ
GRU,SJP
GRU,SLZ
GRU,THE
GRU,UBA
GRU,UDI
GRU,UIO
GRU,VDC
GRU,VIX
GRU,VVI
GRU,YYZ
GRU,ZRH
GRW,TER
GRX,LCY
GRX,MAD
GRX,MLN
GRX,PMI
GRZ,HER
GRZ,MUC
GRZ,PMI
GRZ,TFS
GRZ,TXL
GRZ,VIE
GRZ,ZRH
GSE,MLA
GSE,MRS
GSE,SKP
GSE,TZL
GSE,VBY
GSE,WAW
GSE,ZAD
GSM,KIH
GSM,MHD
GSM,SYZ
GSM,THR
GSO,LGA
GSO,ORD
GSO,PHL
GSO,PIE
GSO,SFB
GSP,HOU
GSP,IAD
GSP,IAH
GSP,LGA
GSP,MDW
GSP,ORD
GSP,PHL
GST,HNH
GST,JNU
GTF,HLN
GTF,LAS
GTF,MSP
GTF,SEA
GTF,SLC
GTO,MDC
GTO,UPG
GUA,IAD
GUA,IAH
GUA,JFK
GUA,LAX
GUA,MAD
GUA,MEX
GUA,MGA
GUA,MIA
GUA,PTY
GUA,RTB
GUA,SAL
GUA,SAP
GUA,SJO
GUA,TAP
GUA,TGU
GUM,HNL
GUM,KIX
GUM,NRT
GUM,OKJ
GUM,PUS
GUM,ROP
GUM,ROR
GUM,SPN
GUM,TKK
GUM,YAP
GUR,LSA
GUR,MIS
GUR,PNP
GUW,IST
GUW,SCO
GUW,URA
GUW,VKO
GVA,HAM
GVA,HEL
GVA,HER
GVA,HRG
GVA,IBZ
GVA,IST
GVA,JED
GVA,JFK
GVA,JMK
GVA,KBP
GVA,LED
GVA,LHR
GVA,LPL
GVA,LTN
GVA,LUG
GVA,MAN
GVA,MIR
GVA,MRS
GVA,MSQ
GVA,MUC
GVA,NAP
GVA,NCE
GVA,NTE
GVA,OLB
GVA,OPO
GVA,ORY
GVA,OSL
GVA,PMI
GVA,RAK
GVA,RUH
GVA,SCQ
GVA,SEN
GVA,SPU
GVA,STR
GVA,SVO
GVA,SVQ
GVA,TFS
GVA,TLS
GVA,TLV
GVA,VCE
GVA,VIE
GVA,WAW
GVA,YUL
GVR,PLU
GWD,KHI
GWD,MCT
GWD,TUK
GWT,MUC
GWT,TXL
GWT,ZRH
GXF,JED
GXF,SAH
GXH,LXA
GXH,XIY
GYA,TDD
GYD,IKA
GYD,IST
GYD,KBP
GYD,KJA
GYD,KVD
GYD,LED
GYD,LHR
GYD,MRV
GYD,MSQ
GYD,MXP
GYD,NBC
GYD,OVB
GYD,PEK
GYD,PRG
GYD,RIX
GYD,SAW
GYD,SVX
GYD,TAS
GYD,TBS
GYD,TBZ
GYD,TLV
GYD,TSE
GYD,UFA
GYD,URC
GYD,VIE
GYE,JFK
GYE,LOH
GYE,LTX
GYE,MAD
GYE,PTY
GYE,SAL
GYE,SCL
GYE,SCY
GYE,UIO
GYN,PMW
GYN,RAO
GYN,SDU
GYN,UDI
GYN,VCP
GYS,HGH
GYS,PEK
GYS,SZX
GZO,HIR
GZO,KGE
GZO,MUA
GZP,HEL
GZP,IST
GZP,OSL
GZT,IST
GZT,SAW
HAA,HFT
HAA,TOS
HAC,HND
HAD,JKG
HAD,VXO
HAH,JIB
HAH,NBO
HAH,RUN
HAH,TNR
HAJ,IBZ
HAJ,KGS
HAJ,LCA
HAJ,LHR
HAJ,LPA
HAJ,MAH
HAJ,MUC
HAJ,MXP
HAJ,NAP
HAJ,PMI
HAJ,RHO
HAJ,SAW
HAJ,SID
HAJ,SKG
HAJ,STR
HAJ,SUF
HAJ,SVO
HAJ,VCE
HAJ,VIE
HAJ,XRY
HAJ,ZRH
HAK,HFE
HAK,HGH
HAK,HKG
HAK,KHN
HAK,KMG
HAK,KWE
HAK,KWL
HAK,LZO
HAK,NGB
HAK,NKG
HAK,NNG
HAK,PEK
HAK,PVG
HAK,SHA
HAK,SIN
HAK,SWA
HAK,SZX
HAK,TPE
HAK,TSN
HAK,TXN
HAK,TYN
HAK,WNZ
HAK,WUH
HAK,XIY
HAK,ZHA
HAK,ZUH
HAK,ZYI
HAM,HEL
HAM,HRG
HAM,IBZ
HAM,IST
HAM,KGS
HAM,KLU
HAM,LED
HAM,LGW
HAM,LHR
HAM,LIS
HAM,LTN
HAM,MAD
HAM,MAH
HAM,MAN
HAM,MLA
HAM,MUC
HAM,MXP
HAM,NAP
HAM,NBE
HAM,NCE
HAM,NUE
HAM,OLB
HAM,OSL
HAM,PMI
HAM,PRG
HAM,PRN
HAM,RHO
HAM,RJK
HAM,SCN
HAM,SKG
HAM,SPU
HAM,SVO
HAM,SZG
HAM,TFS
HAM,VCE
HAM,VIE
HAM,VRN
HAM,WAW
HAM,XRY
HAM,ZRH
HAN,HKG
HAN,HND
HAN,HUI
HAN,KHH
HAN,KUL
HAN,LPQ
HAN,MFM
HAN,MNL
HAN,NGO
HAN,NNG
HAN,NRT
HAN,PEK
HAN,PQC
HAN,PUS
HAN,PVG
HAN,PXU
HAN,REP
HAN,RGN
HAN,RMQ
HAN,SGN
HAN,SIN
HAN,SVO
HAN,UIH
HAN,VCA
HAN,VCL
HAN,VDH
HAN,VII
HAN,VTE
HAQ,TRV
HAS,JED
HAS,RUH
HAS,SHJ
HAU,OSL
HAU,STN
HAU,ZAD
HAV,HOG
HAV,LGW
HAV,LIM
HAV,MAD
HAV,MXP
HAV,NAS
HAV,PMV
HAV,PTY
HAV,SAL
HAV,SCU
HAV,SDQ
HAV,SNU
HAV,SVO
HAV,UIO
HAV,YYZ
HAV,ZRH
HBA,MEL
HBA,SYD
HBE,HRG
HBE,IST
HBE,JED
HBE,KWI
HBE,MED
HBE,MRA
HBE,SHJ
HBE,SSH
HBE,TIP
HBE,TOB
HBE,YNB
HDG,PVG
HDG,SHA
HDM,MHD
HDS,JNB
HDY,KUL
HDY,SIN
HEA,ISB
HEA,KBL
HEA,MHD
HEH,MDL
HEH,NYU
HEH,RGN
HEH,THL
HEK,HRB
HEK,OHE
HEL,HKG
HEL,ICN
HEL,IST
HEL,IVL
HEL,JFK
HEL,JOE
HEL,JYV
HEL,KAJ
HEL,KAO
HEL,KBP
HEL,KEF
HEL,KEM
HEL,KIX
HEL,KOK
HEL,KRK
HEL,KTT
HEL,KUO
HEL,LED
HEL,LHR
HEL,LJU
HEL,MAN
HEL,MHQ
HEL,MSQ
HEL,MUC
HEL,MXP
HEL,NCE
HEL,NGO
HEL,NRK
HEL,ORY
HEL,OUL
HEL,PEK
HEL,PMI
HEL,POR
HEL,PRG
HEL,PVG
HEL,RIX
HEL,RVN
HEL,SIN
HEL,SPU
HEL,SVL
HEL,SVX
HEL,TAY
HEL,TKU
HEL,TLV
HEL,TMP
HEL,TXL
HEL,VAA
HEL,VIE
HEL,VNO
HEL,WAW
HEL,XIY
HEL,ZRH
HER,JIK
HER,KBP
HER,KGS
HER,LBA
HER,LCA
HER,LED
HER,LEJ
HER,LGG
HER,LGW
HER,LNZ
HER,LYS
HER,MAN
HER,MJT
HER,MRS
HER,MUC
HER,MXP
HER,NTE
HER,NUE
HER,ORY
HER,PRG
HER,RHO
HER,RIX
HER,RTM
HER,SKG
HER,SVO
HER,SZG
HER,TLV
HER,TXL
HER,VIE
HER,VNO
HET,HGH
HET,HLH
HET,HRB
HET,INC
HET,KHN
HET,NAY
HET,NZH
HET,PEK
HET,PVG
HET,RLK
HET,SHA
HET,SHE
HET,SJW
HET,TAO
HET,TGO
HET,TNA
HET,TPE
HET,TSN
HET,TYN
HET,URC
HET,WUA
HET,WUH
HET,XIL
HET,YIE
HFA,SDV
HFE,HKG
HFE,HRB
HFE,ICN
HFE,KHH
HFE,KWE
HFE,KWL
HFE,LHW
HFE,LJG
HFE,MFM
HFE,NNG
HFE,PEK
HFE,PVG
HFE,SHE
HFE,SWA
HFE,TAO
HFE,TPE
HFE,TXN
HFE,XIY
HFE,XMN
HFE,ZUH
HFS,TYF
HFT,HVG
HFT,MEH
HFT,SOJ
HFT,TOS
HFT,VDS
HGA,MGQ
HGA,NBO
HGA,SHJ
HGA,WJR
HGH,HKG
HGH,HKT
HGH,HRB
HGH,JHG
HGH,JJN
HGH,JNZ
HGH,KIX
HGH,KMG
HGH,KOW
HGH,KUL
HGH,KWE
HGH,LHW
HGH,LJG
HGH,LYG
HGH,LYI
HGH,LZO
HGH,MFM
HGH,NNG
HGH,NNY
HGH,NRT
HGH,PEK
HGH,PUS
HGH,RMQ
HGH,SIN
HGH,SJW
HGH,SWA
HGH,SYX
HGH,SZX
HGH,TAO
HGH,TGO
HGH,TNA
HGH,TPE
HGH,TSA
HGH,TSN
HGH,TYN
HGH,URC
HGH,WEF
HGH,WUH
HGH,XIY
HGH,XMN
HGH,YCU
HGH,YIH
HGH,ZUH
HGR,IAD
HGR,SFB
HGU,LAE
HGU,MAG
HGU,MXH
HGU,POM
HGU,TBG
HGU,TIZ
HGU,UNG
HGU,WWK
HHN,KIR
HHN,KTW
HHN,KUN
HHN,LIS
HHN,MPL
HHN,NDR
HHN,OPO
HHN,PDV
HHN,PMI
HHN,PSR
HHN,PUY
HHN,REU
HHN,RIX
HHN,SCQ
HHN,SDR
HHN,SKG
HHN,SKP
HHN,SOF
HHN,TFS
HHN,TMP
HHN,TSF
HHN,VLC
HHN,VOL
HHN,XRY
HHN,ZAD
HIA,HKG
HIA,HRB
HIA,PEK
HIA,SHA
HIA,SZX
HIA,TSN
HIA,WNZ
HIA,XIY
HIB,MSP
HIJ,ICN
HIJ,NRT
HIJ,OKA
HIJ,PVG
HIJ,SDJ
HIJ,TPE
HIR,IRA
HIR,JJA
HIR,KGE
HIR,MUA
HIR,NAN
HIR,NNB
HIR,POM
HIR,RBV
HIR,RNA
HIR,RNL
HIR,RUS
HIR,SCZ
HIR,VAO
HIR,VLI
HJR,VNS
HKD,HND
HKD,ITM
HKD,KIX
HKD,NGO
HKD,TPE
HKG,HKT
HKG,HND
HKG,HRB
HKG,HYD
HKG,ILO
HKG,INC
HKG,IST
HKG,JFK
HKG,JJN
HKG,JNB
HKG,KHH
HKG,KHV
HKG,KIX
HKG,KMG
HKG,KOJ
HKG,KTM
HKG,KUL
HKG,KWE
HKG,KWL
HKG,LAX
HKG,LHR
HKG,LYG
HKG,MAA
HKG,MEL
HKG,MRU
HKG,MUC
HKG,MXP
HKG,MXZ
HKG,NGB
HKG,NGO
HKG,NKG
HKG,NNG
HKG,OKA
HKG,OVB
HKG,PEK
HKG,PEN
HKG,PNH
HKG,POM
HKG,PUS
HKG,REP
HKG,RMQ
HKG,RUH
HKG,SFO
HKG,SHE
HKG,SIN
HKG,SWA
HKG,SYD
HKG,SYX
HKG,TLV
HKG,TNA
HKG,TNN
HKG,TPE
HKG,TSN
HKG,TYN
HKG,ULN
HKG,USM
HKG,VVO
HKG,WUH
HKG,WUX
HKG,XIY
HKG,XMN
HKG,XUZ
HKG,YNT
HKG,YNZ
HKG,YYZ
HKG,ZHA
HKG,ZRH
HKN,LAE
HKN,POM
HKN,RAB
HKT,KMG
HKT,KUL
HKT,KWE
HKT,LED
HKT,MEL
HKT,MNL
HKT,OVB
HKT,PEK
HKT,PER
HKT,PVG
HKT,SIN
HKT,SVX
HKT,SZX
HKT,USM
HKT,UTH
HKT,UTP
HLD,HRB
HLD,HTA
HLD,JGD
HLD,NAY
HLD,PEK
HLD,TGO
HLH,NAY
HLH,PEK
HLH,SHE
HLN,MSP
HLN,SEA
HLN,SLC
HLZ,PMR
HLZ,WLG
HMA,LBD
HMA,NJC
HMA,OMS
HMA,SVX
HMA,TJM
HMA,URJ
HMB,JED
HMB,KWI
HMB,SHJ
HME,HRM
HME,IAM
HME,LGW
HME,ORN
HMI,KRL
HMI,PEK
HMI,PVG
HMI,URC
HMI,XIY
HMO,LAX
HMO,LMM
HMO,MTY
HMO,MXL
HMO,PHX
HMO,TIJ
HMV,VHM
HNA,ITM
HNA,NKM
HND,HNL
HND,HSG
HND,ISG
HND,IWJ
HND,IWK
HND,IZO
HND,KIX
HND,KKJ
HND,KMI
HND,KMJ
HND,KMQ
HND,KOJ
HND,KUH
HND,KUL
HND,LAX
HND,LHR
HND,MBE
HND,MMB
HND,MMY
HND,MNL
HND,MSJ
HND,MUC
HND,NGO
HND,NGS
HND,NTQ
HND,OBO
HND,OIM
HND,OIT
HND,OKA
HND,OKJ
HND,ONJ
HND,PEK
HND,SEA
HND,SFO
HND,SGN
HND,SHA
HND,SHB
HND,SHM
HND,SYO
HND,TAK
HND,TKS
HND,TOY
HND,TPE
HND,TTJ
HND,UBJ
HND,UKB
HND,WKJ
HND,YGJ
HND,YVR
HNH,JNU
HNL,IAD
HNL,IAH
HNL,ICN
HNL,ITO
HNL,JFK
HNL,JHM
HNL,KIX
HNL,KOA
HNL,LIH
HNL,LNY
HNL,MAJ
HNL,MKK
HNL,MNL
HNL,NAN
HNL,NGO
HNL,NRT
HNL,OAK
HNL,OGG
HNL,ORD
HNL,PDX
HNL,PEK
HNL,PHX
HNL,PPG
HNL,PPT
HNL,PVG
HNL,SAN
HNL,SDJ
HNL,SFO
HNL,SLC
HNL,SMF
HNL,SYD
HNL,TPE
HNM,OGG
HNS,JNU
HNS,SGY
HOB,IAH
HOD,JED
HOD,SAH
HOE,VTE
HOF,JED
HOF,RUH
HOF,SHJ
HOG,MAN
HOG,MXP
HOG,YUL
HOG,YYZ
HOI,MKP
HOI,PPT
HON,PIR
HOR,LIS
HOR,PDL
HOR,TER
HOT,MEM
HOU,HRL
HOU,IND
HOU,ISP
HOU,JAN
HOU,JAX
HOU,JFK
HOU,LAS
HOU,LAX
HOU,LGA
HOU,LIT
HOU,MAF
HOU,MCO
HOU,MDW
HOU,MEM
HOU,MSY
HOU,OAK
HOU,OKC
HOU,PHX
HOU,PVD
HOU,RDU
HOU,SAN
HOU,SAT
HOU,STL
HOU,TPA
HOU,TUL
HOV,OSL
HOV,SOG
HPB,SCM
HPB,VAK
HPH,SGN
HPN,HYA
HPN,LEB
HPN,MCO
HPN,MVY
HPN,PHL
HPN,RSW
HPN,TPA
HRB,ICN
HRB,IKT
HRB,INC
HRB,JGD
HRB,JMU
HRB,JNG
HRB,JXA
HRB,KHN
HRB,KIJ
HRB,LDS
HRB,NZH
HRB,OHE
HRB,OVB
HRB,PEK
HRB,PVG
HRB,SJW
HRB,SVX
HRB,SZX
HRB,TAO
HRB,TGO
HRB,TPE
HRB,TSN
HRB,TYN
HRB,UUS
HRB,WNZ
HRB,WUH
HRB,XIY
HRB,XUZ
HRB,YCU
HRB,YIW
HRB,YKS
HRB,YNT
HRB,YNZ
HRB,YTY
HRE,JNB
HRE,LAD
HRE,LLW
HRE,LUN
HRE,LVI
HRE,NBO
HRE,VFA
HRE,WDH
HRG,LEJ
HRG,LGW
HRG,MUC
HRG,NUE
HRG,OVB
HRG,SSH
HRG,SVX
HRG,SZG
HRG,TXL
HRG,VIE
HRG,VKO
HRG,ZRH
HRI,JED
HRI,MAA
HRI,MLE
HRI,PEK
HRK,KBP
HRK,KUT
HRK,LCA
HRK,SHJ
HRK,SVO
HRK,VIE
HRK,WAW
HRL,IAH
HRL,LBB
HRL,MAF
HRL,SAT
HRO,MCI
HRO,MEM
HSG,ICN
HSG,PVG
HSL,HUS
HSL,KAL
HSL,KYU
HSL,RBY
HSL,TAL
HSN,JJN
HSN,LYG
HSN,NAY
HSN,PEK
HSN,PVG
HSN,SZX
HSN,XMN
HSV,IAH
HSV,ORD
HTA,KHV
HTA,NZH
HTA,SVO
HTA,UUD
HTI,MEL
HTI,SYD
HTN,URC
HTS,MYR
HTS,PIE
HTS,SFB
HTY,IST
HTY,JED
HTY,RUH
HTY,SAW
HUH,MOZ
HUH,PPT
HUH,RFP
HUI,SGN
HUN,KHH
HUN,RMQ
HUN,TNA
HUN,TSA
HUS,TAL
HUU,LIM
HUX,IAH
HUX,MEX
HUY,JER
HUY,NWI
HVB,SYD
HVD,ULN
HVG,MEH
HVN,PHL
HYD,IDR
HYD,IXM
HYD,JAI
HYD,JED
HYD,MAA
HYD,PNQ
HYD,RJA
HYD,RPR
HYD,SHJ
HYD,TIR
HYD,VGA
HYG,KTN
HYL,KTB
HYL,KTN
HYN,PEK
HYN,SZX
HYN,WUH
HYN,ZUH
HZH,KWE
IAA,KJA
IAD,IST
IAD,JAX
IAD,JST
IAD,LAS
IAD,LAX
IAD,LGB
IAD,LHR
IAD,LNS
IAD,LWB
IAD,MAN
IAD,MBJ
IAD,MCI
IAD,MDT
IAD,MDW
IAD,MEX
IAD,MGW
IAD,MSP
IAD,MSY
IAD,MUC
IAD,NRT
IAD,OKC
IAD,OMA
IAD,ORF
IAD,PDX
IAD,PHL
IAD,PHX
IAD,PIT
IAD,PTY
IAD,PVD
IAD,RIC
IAD,ROC
IAD,RUH
IAD,SAL
IAD,SAN
IAD,SAT
IAD,SCE
IAD,SEA
IAD,SFO
IAD,SHD
IAD,SJO
IAD,SJU
IAD,SMF
IAD,STL
IAD,STT
IAD,SVO
IAD,SXM
IAD,TUL
IAD,TYS
IAD,VIE
IAD,YOW
IAD,YTZ
IAD,YUL
IAD,YYZ
IAD,ZRH
IAG,MYR
IAG,PGD
IAG,PIE
IAG,SFB
IAH,ICN
IAH,ICT
IAH,IND
IAH,IST
IAH,JAN
IAH,JAX
IAH,LAS
IAH,LAX
IAH,LBB
IAH,LCH
IAH,LFT
IAH,LIR
IAH,LIT
IAH,LOS
IAH,LRD
IAH,MAF
IAH,MCI
IAH,MCO
IAH,MEM
IAH,MEX
IAH,MFE
IAH,MGA
IAH,MIA
IAH,MID
IAH,MKE
IAH,MLM
IAH,MOB
IAH,MSP
IAH,MSY
IAH,MUC
IAH,NAS
IAH,NRT
IAH,OAX
IAH,OKC
IAH,OMA
IAH,ONT
IAH,ORD
IAH,ORF
IAH,PBC
IAH,PBI
IAH,PEK
IAH,PHL
IAH,PHX
IAH,PIT
IAH,PNS
IAH,POS
IAH,PSP
IAH,PTY
IAH,PVR
IAH,QRO
IAH,RDU
IAH,RSW
IAH,RTB
IAH,SAL
IAH,SAP
IAH,SAT
IAH,SAV
IAH,SDF
IAH,SEA
IAH,SHV
IAH,SJC
IAH,SJD
IAH,SJO
IAH,SLC
IAH,SLP
IAH,SLW
IAH,SMF
IAH,SNA
IAH,STL
IAH,TAM
IAH,TGU
IAH,TRC
IAH,TUL
IAH,TUS
IAH,TYR
IAH,UIO
IAH,VCT
IAH,VER
IAH,VPS
IAH,VSA
IAH,XNA
IAH,YUL
IAH,YVR
IAH,YYC
IAH,YYZ
IAH,ZIH
IAH,ZLO
IAM,OGX
IAN,ORV
IAN,OTZ
IAR,LED
IAS,LTN
IAS,OTP
IAS,TLV
IAS,TRN
IAS,VIE
IBR,NGO
IBR,PVG
IBR,UKB
IBZ,LBA
IBZ,LCY
IBZ,LGW
IBZ,LTN
IBZ,LUX
IBZ,MAD
IBZ,MAH
IBZ,MAN
IBZ,MRS
IBZ,MXP
IBZ,NCL
IBZ,NRN
IBZ,NUE
IBZ,PAD
IBZ,PMI
IBZ,PSA
IBZ,RTM
IBZ,SCQ
IBZ,STN
IBZ,TXL
IBZ,VLC
IBZ,ZRH
ICI,SUV
ICN,IST
ICN,JFK
ICN,KHN
ICN,KHV
ICN,KIJ
ICN,KIX
ICN,KMG
ICN,KMI
ICN,KMQ
ICN,KUL
ICN,KWL
ICN,LAX
ICN,LHR
ICN,LJG
ICN,MAD
ICN,MDG
ICN,MNL
ICN,MUC
ICN,MYJ
ICN,NBO
ICN,NGB
ICN,NGO
ICN,NGS
ICN,NRT
ICN,OIT
ICN,OKA
ICN,OKJ
ICN,ORD
ICN,PNH
ICN,PRG
ICN,PVG
ICN,REP
ICN,RGN
ICN,ROR
ICN,RUH
ICN,SDJ
ICN,SEA
ICN,SGN
ICN,SHE
ICN,SIN
ICN,SVO
ICN,SYD
ICN,SZX
ICN,TAE
ICN,TAK
ICN,TAO
ICN,TAS
ICN,TLV
ICN,TNA
ICN,TOY
ICN,TPE
ICN,TXN
ICN,UBJ
ICN,ULN
ICN,UUS
ICN,VIE
ICN,VTE
ICN,VVO
ICN,WUH
ICN,XIY
ICN,XMN
ICN,YGJ
ICN,YNJ
ICN,YNT
ICN,YVR
ICN,YYZ
ICN,ZRH
ICT,LAS
ICT,LAX
ICT,MDW
ICT,ORD
ICT,PHL
IDA,LAS
IDA,SLC
IDR,NAG
IDR,PNQ
IDR,RPR
IEV,KTW
IEV,KUT
IEV,LCA
IEV,LTN
IEV,OZH
IEV,TSF
IEV,UDJ
IEV,VKO
IEV,VLC
IEV,VNO
IFJ,RKV
IFN,KER
IFN,KIH
IFN,KWI
IFN,MED
IFN,MHD
IFN,MRX
IFN,THR
IFO,KBP
IGA,MYG
IGA,NAS
IGD,IST
IGG,KLL
IGM,LAX
IGM,PGA
IGR,SLA
IGU,LIM
IGU,POA
IGU,VCP
IIL,THR
IJK,LED
IJK,SVX
IKA,IST
IKA,ISU
IKA,KBL
IKA,KHI
IKA,KUL
IKA,KWI
IKA,LHR
IKA,MSQ
IKA,MXP
IKA,MZR
IKA,ORY
IKA,PVG
IKA,SAW
IKA,SHJ
IKA,TAS
IKA,URC
IKA,VIE
IKE,SAE
IKE,UMD
IKI,NGS
IKS,YKS
IKT,KCK
IKT,KHV
IKT,KJA
IKT,KYZ
IKT,MJZ
IKT,NER
IKT,NZH
IKT,ODO
IKT,OVB
IKT,PEK
IKT,TAS
IKT,UKX
IKT,ULK
IKT,UUD
IKT,VKO
IKT,VVO
IKT,YKS
ILD,PMI
ILG,MCO
ILG,MDW
ILG,RSW
ILG,TPA
ILM,PHL
ILO,MNL
ILO,PPS
ILO,SIN
IMF,IXA
IMF,IXS
IMP,MAB
IMT,MSP
IMT,RHI
INB,PLJ
INB,PND
INB,SVK
INC,JGN
INC,KMG
INC,KWE
INC,LHW
INC,LXA
INC,PVG
INC,RLK
INC,SJW
INC,TNA
INC,TPE
INC,TYN
INC,URC
INC,WUH
INC,XIY
INC,XNN
INC,XUZ
IND,JFK
IND,LAS
IND,LAX
IND,LGA
IND,MBJ
IND,MCI
IND,MCO
IND,MEM
IND,MIA
IND,MSP
IND,PHL
IND,RSW
IND,SLC
IND,TPA
IND,TTN
INH,JNB
INH,MPM
INH,VNX
INL,MSP
INN,LGW
INN,PMI
INN,VIE
INU,MAJ
INU,TRW
INV,KOI
INV,LGW
INV,LSI
INV,LTN
INV,MAN
INV,SYY
INZ,TMR
IOM,LCY
IOM,LGW
IOM,LPL
IOM,MAN
IOM,NCL
IOS,SDU
IOS,VCP
IOT,JUU
IOT,UMD
IPA,TAH
IPA,VLI
IPC,PPT
IPC,SCL
IPH,SIN
IPL,SAN
IPN,PLU
IPT,PHL
IQN,LHW
IQN,NAY
IQN,XIY
IQQ,LPB
IQQ,SCL
IQQ,VVI
IQT,LIM
IQT,PCL
IQT,PTY
IQT,TPP
IRA,NNB
IRA,RNA
IRK,STL
IRZ,TFF
ISA,JCK
ISA,OOL
ISA,TSV
ISB,IST
ISB,JED
ISB,KBL
ISB,KDU
ISB,KWI
ISB,LBA
ISB,LHE
ISB,LHR
ISB,MAN
ISB,MCT
ISB,MED
ISB,MUX
ISB,MXP
ISB,OSL
ISB,PEK
ISB,PEW
ISB,RUH
ISB,SHJ
ISB,SKT
ISB,SKZ
ISB,UET
ISB,URC
ISB,YYZ
ISC,LEQ
ISC,NQY
ISE,IST
ISG,KIX
ISG,MMY
ISG,NGO
ISG,OKA
ISG,TPE
ISN,MSP
ISP,MCO
ISP,PBI
ISP,PGD
ISP,PHL
ISP,SNA
ISP,TPA
IST,ISU
IST,JED
IST,JIB
IST,JNB
IST,JRO
IST,KAN
IST,KBL
IST,KBP
IST,KCM
IST,KFS
IST,KGL
IST,KHI
IST,KRR
IST,KRT
IST,KSH
IST,KSY
IST,KUL
IST,KVD
IST,KWI
IST,KYA
IST,KZR
IST,LBV
IST,LED
IST,LGW
IST,LIS
IST,LJU
IST,LTN
IST,LUX
IST,LWO
IST,MBA
IST,MCT
IST,MED
IST,MHD
IST,MLE
IST,MLX
IST,MQM
IST,MRA
IST,MRS
IST,MSQ
IST,MSR
IST,MUC
IST,MZH
IST,MZR
IST,NAJ
IST,NAP
IST,NAV
IST,NBC
IST,NCE
IST,NIM
IST,NJF
IST,NOP
IST,NRT
IST,NSI
IST,ODS
IST,ORD
IST,ORN
IST,OSL
IST,OSM
IST,OSS
IST,OUA
IST,OVB
IST,PRG
IST,PRN
IST,RTM
IST,RUH
IST,SCO
IST,SIN
IST,SJJ
IST,SKG
IST,SKP
IST,SOF
IST,SSH
IST,SVO
IST,SVX
IST,SYZ
IST,SZG
IST,TAS
IST,TBS
IST,TBZ
IST,TGD
IST,TIF
IST,TIP
IST,TLS
IST,TLV
IST,TRN
IST,TSE
IST,TUN
IST,TZX
IST,UFA
IST,VAN
IST,VAS
IST,VIE
IST,VLC
IST,WAW
IST,YNB
IST,ZRH
ISU,MUC
ITB,STM
ITH,PHL
ITM,KCZ
ITM,KIJ
ITM,KMJ
ITM,KOJ
ITM,MSJ
ITM,MYJ
ITM,NGS
ITM,NRT
ITM,OIT
ITM,OKA
ITM,SDJ
ITO,LAX
ITO,OGG
IUI,JUV
IUI,TQA
IVC,WLG
IVL,KTT
IXB,PBH
IXC,SXR
IXE,MCT
IXE,SHJ
IXJ,IXL
IXJ,SXR
IXL,SXR
IXM,MAA
IXR,PAT
IXZ,MAA
IZA,VCP
JAC,SLC
JAI,MCT
JAL,MEX
JAN,MCO
JAN,MDW
JAN,ORD
JAU,LIM
JAV,JEG
JAV,JQA
JAV,JUV
JAV,SFJ
JAX,JFK
JAX,LAS
JAX,LGA
JAX,MHH
JAX,MIA
JAX,MSP
JAX,ORD
JAX,PHL
JAX,SJU
JBQ,PAP
JBR,STL
JCK,RCM
JDO,REC
JDO,VCP
JDZ,PEK
JDZ,SHA
JDZ,SZX
JDZ,XIY
JDZ,XMN
JED,JFK
JED,JIB
JED,JNB
JED,KAN
JED,KHI
JED,KRT
JED,KUL
JED,KWI
JED,LAX
JED,LGW
JED,LHE
JED,LHR
JED,LKO
JED,LXR
JED,MAA
JED,MAN
JED,MED
JED,MHD
JED,MNL
JED,MUX
JED,MXP
JED,NDJ
JED,OMH
JED,ORN
JED,PEW
JED,PZU
JED,RAE
JED,RIY
JED,RUH
JED,SAH
JED,SHJ
JED,SHW
JED,SIN
JED,SKT
JED,SLL
JED,SUB
JED,SYZ
JED,TAI
JED,TBZ
JED,THR
JED,TIP
JED,TUN
JED,TUU
JED,URY
JED,WAE
JED,YNB
JEG,JHS
JEG,SFJ
JER,LBA
JER,LGW
JER,LPL
JER,MAN
JER,NCL
JER,NWI
JER,ORK
JER,SEN
JER,SOU
JER,STR
JER,ZRH
JFK,JNB
JFK,KBP
JFK,KEF
JFK,KIN
JFK,KWI
JFK,LAS
JFK,LCY
JFK,LGB
JFK,LHE
JFK,LHR
JFK,LIM
JFK,LIR
JFK,LOS
JFK,LRM
JFK,MBJ
JFK,MDE
JFK,MEX
JFK,MIA
JFK,MSY
JFK,MUC
JFK,MXP
JFK,NAS
JFK,NCE
JFK,ORD
JFK,ORF
JFK,ORY
JFK,PAP
JFK,PBI
JFK,PDX
JFK,PEK
JFK,PHX
JFK,PIT
JFK,PLS
JFK,POS
JFK,PSE
JFK,PTY
JFK,PUJ
JFK,PWM
JFK,RDU
JFK,RIC
JFK,RIX
JFK,ROC
JFK,RSW
JFK,SAL
JFK,SAT
JFK,SAV
JFK,SCL
JFK,SDF
JFK,SDQ
JFK,SEA
JFK,SFO
JFK,SJU
JFK,SLC
JFK,SNN
JFK,SRQ
JFK,STI
JFK,STL
JFK,STT
JFK,SVO
JFK,SXM
JFK,TAB
JFK,TLV
JFK,TPA
JFK,TPE
JFK,TXL
JFK,UVF
JFK,VCE
JFK,VIE
JFK,WAW
JFK,YUL
JFK,YYC
JFK,YYZ
JFK,ZRH
JFR,UAK
JGD,OHE
JGN,JIC
JGN,LHW
JGN,XIY
JGS,SHA
JGS,SZX
JGS,XIY
JHB,KBR
JHB,KCH
JHB,KUL
JHB,MYY
JHB,PEN
JHB,SBW
JHB,SZB
JHB,TWU
JHG,KMG
JHG,LJG
JHG,LPQ
JHG,TCZ
JHM,KOA
JHS,SFJ
JIB,NBO
JIB,TAI
JIC,LHW
JIC,NAY
JIC,XIY
JIK,LXS
JIQ,KMG
JIQ,PEK
JIQ,SHA
JIU,PEK
JIU,SHA
JIU,XMN
JJN,KWE
JJN,MFM
JJN,NKG
JJN,NNG
JJN,PVG
JJN,SHA
JJN,TPE
JJN,WUH
JJN,YIW
JJU,JNN
JJU,JNS
JJU,LLU
JJU,QFG
JJU,QJH
JJU,QOQ
JJU,QUW
JJU,UAK
JKH,MJT
JKH,RHO
JKH,SKG
JKL,KGS
JKL,LRS
JKR,KTM
JMK,JTR
JMK,LGW
JMK,LHR
JMK,MAN
JMK,MXP
JMK,VIE
JMU,KHV
JMU,PEK
JMU,PVG
JMU,SHE
JNB,KGL
JNB,KIM
JNB,LAD
JNB,LBV
JNB,LLW
JNB,LUN
JNB,MGH
JNB,MPM
JNB,MQP
JNB,MRU
JNB,MSU
JNB,MTS
JNB,MUB
JNB,NBO
JNB,NLA
JNB,PBZ
JNB,PER
JNB,PHW
JNB,PLZ
JNB,PNR
JNB,POL
JNB,PTG
JNB,PZB
JNB,RCB
JNB,RUN
JNB,SEZ
JNB,SYD
JNB,TET
JNB,TNR
JNB,UTN
JNB,UTT
JNB,VFA
JNB,VNX
JNB,WDH
JNB,WVB
JNB,ZNZ
JNB,ZRH
JNG,KMG
JNG,PEK
JNG,SHA
JNG,SHE
JNG,XIY
JNN,LLU
JNN,QFN
JNN,QUW
JNN,XEQ
JNS,QFX
JNS,UAK
JNU,KAE
JNU,KTN
JNU,PEC
JNU,PSG
JNU,SGY
JNU,SIT
JNU,TKE
JNU,YAK
JNZ,PVG
JNZ,TAO
JOG,PKU
JOG,PLM
JOG,SIN
JOG,SUB
JOG,UPG
JOI,POA
JOI,VCP
JOL,ZAM
JOS,LOS
JQA,UMD
JQE,PAC
JRO,KGL
JRO,MBA
JRO,MWZ
JRO,NBO
JRO,WIL
JSH,KSJ
JSH,PVK
JSU,SFJ
JTC,MII
JTC,VCP
JTR,LGW
JTR,LHR
JTR,MAN
JTR,VCE
JTR,VIE
JTR,VOL
JTY,LRS
JUB,KGL
JUB,NBO
JUH,NAY
JUH,SHA
JUH,XMN
JUK,UMD
JUL,LIM
JUU,UMD
JUV,KGQ
JUV,KHQ
JUV,NAQ
JUV,NSQ
JUV,TQA
JUV,UPK
JUZ,NAY
JUZ,SZX
JUZ,XMN
JXA,PEK
JXA,SHE
JXA,TAO
JYV,KEM
JZH,PVG
KAA,LUN
KAA,NLA
KAD,LOS
KAL,NUL
KAN,KRT
KAN,LOS
KAN,NDJ
KAW,MGZ
KAZ,MDC
KBL,KDH
KBL,KWI
KBL,MHD
KBL,MZR
KBL,PEW
KBP,KGD
KBP,LCA
KBP,LED
KBP,LGW
KBP,LIS
KBP,LWO
KBP,MSQ
KBP,ODS
KBP,OSL
KBP,OVB
KBP,ROV
KBP,SHJ
KBP,SIP
KBP,SVX
KBP,TAS
KBP,TBS
KBP,TFS
KBP,TLL
KBP,TSE
KBP,TXL
KBP,UKS
KBP,VIE
KBP,VNO
KBP,WAW
KBR,KCH
KBR,KUL
KBR,PEN
KBR,SIN
KBR,SZB
KBU,UPG
KBV,KUL
KBV,SIN
KBV,USM
KCA,URC
KCC,KTN
KCC,WWP
KCG,KCL
KCH,KUL
KCH,LGK
KCH,MKM
KCH,MYY
KCH,MZV
KCH,PEN
KCH,PNK
KCH,SBW
KCH,SIN
KCH,TGC
KCL,KCQ
KCM,SAW
KCQ,KPV
KCZ,NKM
KDH,MHD
KDI,UPG
KDM,MLE
KDO,MLE
KDV,NAN
KDV,SUV
KEF,LGW
KEF,LTN
KEF,MAN
KEF,MUC
KEF,OSL
KEF,SFB
KEF,SVG
KEF,SXF
KEF,TRD
KEF,YEG
KEF,YYZ
KEF,ZRH
KEJ,SVO
KEP,KTM
KER,SYZ
KER,THR
KER,ZAH
KET,RGN
KET,THL
KEW,YRL
KGA,TSH
KGD,LED
KGD,SVO
KGD,TAS
KGD,TXL
KGE,MUA
KGF,KZO
KGF,LED
KGF,SVO
KGF,UKK
KGI,MEL
KGI,PER
KGL,KME
KGL,LBV
KGL,MBA
KGL,NBO
KGP,SVX
KGQ,UPK
KGS,KUN
KGS,LBA
KGS,LEJ
KGS,LGW
KGS,LUX
KGS,MAN
KGS,MUC
KGS,NUE
KGS,RHO
KGS,RYG
KGS,STN
KGS,STR
KGS,SXF
KGS,TXL
KGX,SHX
KHD,THR
KHG,NGQ
KHG,URC
KHG,XIY
KHH,KHN
KHH,KIX
KHH,KMG
KHH,KNH
KHH,MFM
KHH,MNL
KHH,MZG
KHH,NGB
KHH,NNG
KHH,NRT
KHH,OKA
KHH,PEK
KHH,PUS
KHH,PVG
KHH,SGN
KHH,SIN
KHH,TAO
KHH,TNA
KHH,TSN
KHH,WUH
KHH,XMN
KHH,XUZ
KHI,KTM
KHI,KUL
KHI,LHE
KHI,LHR
KHI,LYP
KHI,MCT
KHI,MED
KHI,MJD
KHI,PEW
KHI,PJG
KHI,RUH
KHI,SHJ
KHI,SKZ
KHI,TUK
KHI,UET
KHI,YYZ
KHN,KMG
KHN,KOW
KHN,KWE
KHN,NAY
KHN,NGB
KHN,NKG
KHN,NNG
KHN,PEK
KHN,PVG
KHN,SHA
KHN,SHE
KHN,SYX
KHN,SZX
KHN,TAO
KHN,TSN
KHN,TYN
KHN,WNZ
KHN,WUH
KHN,XIY
KHN,XMN
KHN,ZUH
KHQ,NSQ
KHS,MCT
KHV,NER
KHV,NGK
KHV,NRT
KHV,OHH
KHV,OVB
KHV,PEK
KHV,PKC
KHV,SVO
KHV,UUD
KHV,UUS
KHV,VVO
KHV,YKS
KHY,THR
KHZ,KXU
KHZ,RKA
KIF,WNN
KIF,YXL
KIH,MHD
KIH,SYZ
KIH,THR
KIJ,NGO
KIJ,NKM
KIJ,NRT
KIJ,OKA
KIJ,PVG
KIN,LGW
KIN,MBJ
KIN,MIA
KIN,NAS
KIN,PLS
KIN,POS
KIN,PTY
KIN,SDQ
KIN,SXM
KIN,YYZ
KIR,LTN
KIR,STN
KIS,NBO
KIT,KLX
KIT,ZTH
KIV,LED
KIV,LIS
KIV,MXP
KIV,OTP
KIV,RIX
KIV,SGC
KIV,STN
KIV,TSF
KIV,VCE
KIV,VIE
KIX,KOJ
KIX,KUL
KIX,MFM
KIX,MNL
KIX,MYJ
KIX,NGS
KIX,NKG
KIX,NOU
KIX,OKA
KIX,OOL
KIX,PUS
KIX,RMQ
KIX,SDJ
KIX,SFO
KIX,SGN
KIX,SHE
KIX,SIN
KIX,SPN
KIX,TAO
KIX,TPE
KIX,WUX
KIX,YNT
KJA,KRR
KJA,LBD
KJA,LED
KJA,MJZ
KJA,NMA
KJA,NSK
KJA,NZH
KJA,OVB
KJA,SKD
KJA,SVO
KJA,SVX
KJA,TAS
KJA,TGP
KJA,THX
KJA,TOF
KJA,UUD
KJA,VKO
KKA,OME
KKA,SKK
KKA,UNK
KKB,SYB
KKH,KWK
KKH,WTL
KKI,KWT
KKN,LKL
KKN,OSL
KKN,TOS
KKN,VAW
KKN,VDS
KKR,PPT
KLG,RSH
KLN,KYK
KLO,KUL
KLO,MNL
KLO,PUS
KLO,SIN
KLO,TPE
KLU,TXL
KLU,VIE
KLV,SVO
KLV,SVX
KLW,KTN
KLX,MUC
KLX,VIE
KMG,KTM
KMG,KUL
KMG,KWL
KMG,LJG
KMG,LLF
KMG,LNJ
KMG,LUM
KMG,LZH
KMG,LZO
KMG,MFM
KMG,MIG
KMG,NAO
KMG,NGB
KMG,NKG
KMG,NNG
KMG,NYT
KMG,PEK
KMG,PVG
KMG,REP
KMG,RGN
KMG,SHA
KMG,SYM
KMG,SZX
KMG,TAO
KMG,TCZ
KMG,TNA
KMG,TPE
KMG,TSN
KMG,TYN
KMG,UYN
KMG,VTE
KMG,WNH
KMG,WNZ
KMG,WUH
KMG,WXN
KMG,XIC
KMG,XIY
KMG,XMN
KMG,XNN
KMG,XUZ
KMG,YBP
KMG,YCU
KMG,YIC
KMG,YIH
KMG,YIW
KMG,ZAT
KMG,ZHA
KMG,ZYI
KMI,NGO
KMI,OKA
KMI,TPE
KMJ,NGO
KMJ,NKM
KMJ,OKA
KMQ,NRT
KMQ,OKA
KMQ,PVG
KMQ,SDJ
KMQ,TPE
KNG,NBX
KNH,MZG
KNH,RMQ
KNH,TSA
KNS,MEL
KNX,PER
KOA,LAX
KOA,OAK
KOA,OGG
KOA,PHX
KOA,SEA
KOA,SFO
KOA,SJC
KOA,YVR
KOE,LOP
KOE,MOF
KOE,SUB
KOE,TMC
KOI,LSI
KOI,NDY
KOI,NRL
KOI,PPW
KOI,SOY
KOI,WRY
KOJ,NGO
KOJ,NRT
KOJ,OKA
KOJ,PVG
KOJ,TPE
KOJ,UKB
KOK,POR
KOS,REP
KOT,KSM
KOT,WBB
KOW,PEK
KOW,SHA
KOW,SZX
KOW,XMN
KOW,ZUH
KOZ,ORI
KPB,KTN
KPB,PPV
KPN,KWK
KPR,SYB
KQT,LED
KQT,REN
KQT,SVX
KRK,LGW
KRK,LPL
KRK,MAD
KRK,MAN
KRK,MLA
KRK,MUC
KRK,NCL
KRK,NYO
KRK,OSL
KRK,PFO
KRK,PSA
KRK,RYG
KRK,SEN
KRK,SNN
KRK,STN
KRK,STR
KRK,SVG
KRK,SVO
KRK,TPS
KRK,TRD
KRK,TXL
KRK,WAW
KRK,ZRH
KRO,SVX
KRR,LBD
KRR,LCA
KRR,MCX
KRR,MSQ
KRR,NMA
KRR,NUX
KRR,OVB
KRR,PFO
KRR,PRG
KRR,RMI
KRR,SAW
KRR,SCO
KRR,SKG
KRR,SVO
KRR,SVX
KRR,TAS
KRR,TLV
KRR,VIE
KRR,VKO
KRR,VOG
KRS,OSL
KRS,SVG
KRS,TRD
KRT,MED
KRT,NBO
KRT,NDJ
KRT,PZU
KRT,RUH
KRT,SAH
KRT,UYL
KRY,URC
KSA,KWA
KSA,PNI
KSC,PRG
KSC,VIE
KSF,PMI
KSH,MHD
KSH,THR
KSM,MOU
KSM,SXP
KSN,TSE
KSN,VKO
KSQ,LED
KSQ,TAS
KSU,MOL
KSU,OSL
KSU,SVG
KSU,TRD
KSY,SAW
KTA,MEL
KTA,PER
KTA,PHE
KTA,SYD
KTB,KTN
KTE,SZB
KTG,PKN
KTG,PNK
KTL,WIL
KTM,LXA
KTM,MCT
KTM,PBH
KTM,PKR
KTM,SHJ
KTM,SIN
KTM,TMI
KTM,VNS
KTN,KWF
KTN,MTM
KTN,PPV
KTN,SEA
KTN,SIT
KTN,WRG
KTS,OME
KTS,TLA
KTS,WAA
KTW,KUT
KTW,LTN
KTW,MMX
KTW,NAP
KTW,NYO
KTW,STN
KTW,SVG
KTW,TLV
KTW,TRF
KTW,WAW
KUA,KUL
KUA,PEN
KUA,SIN
KUD,SDK
KUF,LBD
KUF,LED
KUF,MSQ
KUF,NSK
KUF,OSS
KUF,PRG
KUF,ROV
KUF,SVO
KUF,SVX
KUF,TAS
KUF,VKO
KUH,TPE
KUK,NUP
KUL,KWI
KUL,KWL
KUL,LBU
KUL,LGK
KUL,LHE
KUL,LOP
KUL,MAA
KUL,MCT
KUL,MED
KUL,MEL
KUL,MLE
KUL,MNL
KUL,MRU
KUL,MYY
KUL,NGO
KUL,NNG
KUL,NRT
KUL,OOL
KUL,PDG
KUL,PEK
KUL,PEN
KUL,PER
KUL,PEW
KUL,PKU
KUL,PLM
KUL,PNH
KUL,PUS
KUL,PVG
KUL,RGN
KUL,RUH
KUL,SDK
KUL,SGN
KUL,SOC
KUL,SRG
KUL,SUB
KUL,SYD
KUL,SZX
KUL,TAS
KUL,TGG
KUL,TPE
KUL,TRZ
KUL,TWU
KUL,UPG
KUL,URT
KUL,USM
KUL,VTE
KUL,XMN
KUN,LGW
KUN,LTN
KUN,MLA
KUN,NOC
KUN,PFO
KUN,PMI
KUN,RHO
KUN,RYG
KUN,STN
KUS,RKV
KUS,SFJ
KUT,TBS
KVA,MUC
KVA,STR
KVD,LED
KVD,NAJ
KVG,POM
KVG,RAB
KVL,OTZ
KVL,PHO
KVL,WTK
KVX,NNM
KVX,VKO
KWA,MAJ
KWA,PNI
KWE,KWL
KWE,LHW
KWE,LJG
KWE,MIG
KWE,NKG
KWE,NNG
KWE,PEK
KWE,SHA
KWE,SYX
KWE,SZX
KWE,TAO
KWE,TEN
KWE,TNA
KWE,TPE
KWE,TYN
KWE,URC
KWE,WNZ
KWE,WUZ
KWE,XIY
KWE,XMN
KWE,XNN
KWE,XUZ
KWE,YIH
KWE,ZUH
KWI,LFM
KWI,LHE
KWI,LHR
KWI,LXR
KWI,MAA
KWI,MCT
KWI,MED
KWI,MHD
KWI,NJF
KWI,PEW
KWI,RIY
KWI,SAH
KWI,SAW
KWI,SKT
KWI,SSH
KWI,TRV
KWI,TUN
KWL,LHW
KWL,LJG
KWL,NGB
KWL,NKG
KWL,PEK
KWL,PUS
KWL,PVG
KWL,SHA
KWL,SHE
KWL,SJW
KWL,SWA
KWL,SYX
KWL,SZX
KWL,TNA
KWL,TPE
KWL,TSN
KWL,TYN
KWL,WNZ
KWL,WUH
KWL,XIY
KWL,XMN
KWL,ZUH
KWN,TOG
KXU,PPT
KYA,SAW
KYP,RGN
KYU,NUL
KZN,LBD
KZN,LED
KZN,OSS
KZN,SHJ
KZN,SKD
KZN,SVO
KZN,SVX
KZN,TAS
KZN,UFA
KZO,SCO
KZO,TSE
KZS,RHO
LAD,LHR
LAD,LIS
LAD,LUN
LAD,LUO
LAD,MAD
LAD,MEG
LAD,MSZ
LAD,NBO
LAD,NOV
LAD,OPO
LAD,SDD
LAD,SPP
LAD,SSY
LAD,SVP
LAD,SZA
LAD,TMS
LAD,VHC
LAD,VPE
LAD,WDH
LAE,MAG
LAE,MAS
LAE,PNP
LAE,POM
LAE,RAB
LAI,ORY
LAN,MSP
LAN,ORD
LAN,SFB
LAO,MNL
LAP,MEX
LAP,MTY
LAP,MZT
LAP,TIJ
LAQ,TIP
LAQ,TUN
LAS,LAX
LAS,LBB
LAS,LGB
LAS,LGW
LAS,LIT
LAS,LRD
LAS,MAF
LAS,MAN
LAS,MCO
LAS,MDW
LAS,MEM
LAS,MEX
LAS,MFE
LAS,MFR
LAS,MIA
LAS,MKE
LAS,MLI
LAS,MRY
LAS,MSO
LAS,MSP
LAS,MTY
LAS,OAK
LAS,OKC
LAS,OMA
LAS,ONT
LAS,PDX
LAS,PIT
LAS,PSC
LAS,PSP
LAS,PTY
LAS,PVD
LAS,RAP
LAS,RFD
LAS,RNO
LAS,SAN
LAS,SAT
LAS,SBN
LAS,SCK
LAS,SDF
LAS,SEA
LAS,SFO
LAS,SGF
LAS,SHV
LAS,SJC
LAS,SMF
LAS,SMX
LAS,SNA
LAS,STL
LAS,TLC
LAS,TUL
LAS,XNA
LAS,YEG
LAS,YQR
LAS,YUL
LAS,YVR
LAS,YWG
LAS,YXE
LAS,YYJ
LAS,YYZ
LAS,ZRH
LAU,MYD
LAU,WIL
LAX,LHR
LAX,LIH
LAX,LIM
LAX,LTO
LAX,MAD
LAX,MCE
LAX,MCI
LAX,MDW
LAX,MEL
LAX,MEM
LAX,MEX
LAX,MFR
LAX,MIA
LAX,MKE
LAX,MLM
LAX,MMH
LAX,MNL
LAX,MSP
LAX,MUC
LAX,MZT
LAX,NRT
LAX,OAK
LAX,OGG
LAX,OKC
LAX,ORD
LAX,PBI
LAX,PDX
LAX,PEK
LAX,PHL
LAX,PHX
LAX,PIT
LAX,PPT
LAX,PRC
LAX,PSP
LAX,PVG
LAX,PVR
LAX,PVU
LAX,PWM
LAX,RAR
LAX,RDM
LAX,RDU
LAX,RNO
LAX,SAF
LAX,SAN
LAX,SAT
LAX,SBA
LAX,SBP
LAX,SEA
LAX,SFO
LAX,SJC
LAX,SJD
LAX,SJO
LAX,SLC
LAX,SMF
LAX,SMX
LAX,STS
LAX,SVO
LAX,SYD
LAX,TPA
LAX,TPE
LAX,TUS
LAX,UPN
LAX,VIS
LAX,XNA
LAX,YLW
LAX,YUL
LAX,YUM
LAX,YYC
LAX,YYZ
LAX,ZCL
LAX,ZIH
LAX,ZLO
LAX,ZRH
LAZ,SSA
LBA,LCA
LBA,LHR
LBA,LIG
LBA,MAH
LBA,MJV
LBA,MLA
LBA,MPL
LBA,PFO
LBA,PMI
LBA,PRG
LBA,RHO
LBA,SOU
LBA,TFS
LBA,TSF
LBA,VCE
LBC,PMI
LBC,PSA
LBD,LED
LBD,NJC
LBD,OVB
LBD,ROV
LBD,SGC
LBD,SVX
LBD,TJM
LBD,UFA
LBD,URC
LBE,MYR
LBP,MUR
LBS,NAN
LBS,SUV
LBU,MYY
LBV,LFW
LBV,NSI
LBV,PNR
LBV,SSG
LCA,LED
LCA,LGW
LCA,LHR
LCA,LPL
LCA,LTN
LCA,LWO
LCA,MAN
LCA,MLA
LCA,MSQ
LCA,MUC
LCA,ODS
LCA,OSL
LCA,OTP
LCA,RIX
LCA,SKG
LCA,SOF
LCA,SVO
LCA,SVX
LCA,SXF
LCA,TLV
LCA,VIE
LCA,WAW
LCA,ZRH
LCE,PEU
LCE,RTB
LCE,SAP
LCE,UII
LCG,LIS
LCG,MAD
LCG,SVQ
LCK,PIE
LCK,SFB
LCR,LET
LCX,SHA
LCY,MAD
LCY,NTE
LCY,ORY
LCY,PMI
LCY,RTM
LCY,VCE
LCY,ZRH
LDB,MGF
LDB,POA
LDB,VCP
LDE,MAD
LDE,ORY
LDE,STN
LDH,PQQ
LDH,SYD
LDY,LPL
LDY,PIK
LDY,STN
LEA,PER
LEC,SSA
LED,LHR
LED,MCX
LED,MLA
LED,MMK
LED,MRV
LED,MSQ
LED,MUC
LED,MXP
LED,NBC
LED,NBE
LED,NCE
LED,NMA
LED,NSK
LED,NVI
LED,OMS
LED,OSL
LED,OSS
LED,OVB
LED,PED
LED,PEE
LED,PEK
LED,PUJ
LED,REN
LED,RHO
LED,ROV
LED,SCW
LED,SIP
LED,SKD
LED,SKG
LED,SKX
LED,SVX
LED,SXF
LED,TAS
LED,TFS
LED,TIV
LED,TJM
LED,TJU
LED,TLL
LED,TLV
LED,TXL
LED,UCT
LED,UFA
LED,UGC
LED,UUA
LED,VCE
LED,VIE
LED,VNO
LED,VOG
LED,VOZ
LED,WAW
LED,ZRH
LEH,LYS
LEI,LGW
LEI,MAD
LEI,MAN
LEI,MLN
LEI,NRN
LEI,PMI
LEI,STN
LEI,SVQ
LEJ,LPA
LEJ,MUC
LEJ,RHO
LEJ,STN
LEJ,STR
LEJ,TFS
LEJ,VIE
LEJ,ZRH
LET,LPD
LET,TCD
LEX,LGA
LEX,MSP
LEX,ORD
LEX,PIE
LEX,SFB
LFM,SYZ
LFW,LOS
LFW,OUA
LGA,LIT
LGA,MCO
LGA,MDW
LGA,MEM
LGA,MHT
LGA,MKE
LGA,MSN
LGA,MSY
LGA,MYR
LGA,OMA
LGA,ORD
LGA,ORF
LGA,PBI
LGA,PHL
LGA,PIT
LGA,PWM
LGA,RIC
LGA,ROA
LGA,SDF
LGA,SYR
LGA,TPA
LGA,TYS
LGA,XNA
LGA,YHZ
LGA,YOW
LGA,YUL
LGB,OAK
LGB,PDX
LGB,PHX
LGB,SEA
LGB,SFO
LGB,SLC
LGB,SMF
LGG,OST
LGG,PMI
LGG,RHO
LGI,NAS
LGK,PEN
LGK,SIN
LGK,SZB
LGL,MUR
LGL,MYY
LGP,MNL
LGQ,UIO
LGW,LIN
LGW,LIS
LGW,LPA
LGW,LUX
LGW,LYS
LGW,MAD
LGW,MAH
LGW,MCO
LGW,MJV
LGW,MLA
LGW,MLE
LGW,MRS
LGW,MRU
LGW,MSQ
LGW,MUC
LGW,MXP
LGW,NAP
LGW,NBE
LGW,NCL
LGW,NQY
LGW,OLB
LGW,ORK
LGW,OSL
LGW,OTP
LGW,PDL
LGW,PEK
LGW,PMI
LGW,PMO
LGW,PRG
LGW,PRN
LGW,PSA
LGW,PUJ
LGW,PVK
LGW,RIX
LGW,SAW
LGW,SCQ
LGW,SID
LGW,SKG
LGW,SNN
LGW,SOF
LGW,SPU
LGW,SSH
LGW,SVQ
LGW,SXB
LGW,SZG
LGW,TFS
LGW,TIA
LGW,TIV
LGW,TLL
LGW,TLS
LGW,TLV
LGW,TNG
LGW,TOS
LGW,TRF
LGW,UVF
LGW,VCE
LGW,VIE
LGW,VRN
LGW,YUL
LGW,YVR
LGW,YYC
LGW,YYZ
LGW,ZRH
LGW,ZTH
LHE,LHR
LHE,MXP
LHE,OSL
LHE,PEW
LHE,RUH
LHE,RYK
LHE,SHJ
LHE,SKZ
LHE,UET
LHR,LIN
LHR,LOS
LHR,LUX
LHR,LXR
LHR,LYS
LHR,MAA
LHR,MEX
LHR,MIA
LHR,MLA
LHR,MRS
LHR,MRU
LHR,MSP
LHR,MUC
LHR,NBO
LHR,NCE
LHR,NCL
LHR,NRT
LHR,OPO
LHR,ORK
LHR,ORY
LHR,PEK
LHR,PHL
LHR,PHX
LHR,PRG
LHR,PSA
LHR,PVG
LHR,RDU
LHR,RJK
LHR,SEA
LHR,SFO
LHR,SNN
LHR,SOF
LHR,SPU
LHR,STR
LHR,SVG
LHR,SVO
LHR,TAS
LHR,TIP
LHR,TLS
LHR,TLV
LHR,TNG
LHR,TUN
LHR,TXL
LHR,VCE
LHR,VIE
LHR,VKO
LHR,YEG
LHR,YHZ
LHR,YOW
LHR,YUL
LHR,YVR
LHR,YYT
LHR,YYZ
LHR,ZAG
LHR,ZYL
LHW,LXA
LHW,NNG
LHW,PEK
LHW,PVG
LHW,SHA
LHW,SHE
LHW,SJW
LHW,TNA
LHW,TPE
LHW,TSN
LHW,TYN
LHW,URC
LHW,WUH
LHW,XIY
LHW,YCU
LHW,YZY
LIF,TGJ
LIF,UVE
LIG,LPL
LIG,LYS
LIG,NCE
LIG,ORY
LIG,SOU
LIG,STN
LIH,OAK
LIH,PHX
LIH,SAN
LIH,SEA
LIH,SJC
LIH,YVR
LIL,LYS
LIL,MPL
LIL,MRS
LIL,NCE
LIL,NTE
LIL,OPO
LIL,ORN
LIL,OUD
LIL,RAK
LIL,RHO
LIL,SPU
LIL,SXB
LIL,TFS
LIL,TLS
LIL,VCE
LIM,LPB
LIM,MAD
LIM,MDE
LIM,MEX
LIM,MIA
LIM,MVD
LIM,PCL
LIM,PEM
LIM,PIU
LIM,POA
LIM,PTY
LIM,PUJ
LIM,SAL
LIM,SCL
LIM,SDQ
LIM,SJO
LIM,TBP
LIM,TCQ
LIM,TGI
LIM,TPP
LIM,TRU
LIM,UIO
LIM,VVI
LIM,YYZ
LIN,MAD
LIN,MLA
LIN,NAP
LIN,OLB
LIN,ORY
LIN,OTP
LIN,PMO
LIN,REG
LIN,SUF
LIN,TRS
LIN,TXL
LIN,VIE
LIN,WAW
LIR,MIA
LIR,PTY
LIR,SAL
LIR,SJO
LIR,SYQ
LIR,TNO
LIR,YYZ
LIS,LPA
LIS,LPL
LIS,LTN
LIS,LUX
LIS,LYS
LIS,MAD
LIS,MAN
LIS,MIA
LIS,MPM
LIS,MUC
LIS,MXP
LIS,NCE
LIS,NTE
LIS,OPO
LIS,ORK
LIS,ORY
LIS,OSL
LIS,OTP
LIS,PHL
LIS,PIX
LIS,POA
LIS,PRG
LIS,PSA
LIS,PXO
LIS,RAI
LIS,RAK
LIS,REC
LIS,SID
LIS,SMA
LIS,SVQ
LIS,TER
LIS,TMS
LIS,TUN
LIS,VCE
LIS,VCP
LIS,VIE
LIS,VLC
LIS,VXE
LIS,WAW
LIS,YUL
LIS,YYZ
LIS,ZRH
LIT,MDW
LIT,ORD
LIT,PHX
LIT,SFB
LIT,STL
LJG,MIG
LJG,NGB
LJG,NKG
LJG,NNG
LJG,PEK
LJG,SHA
LJG,SIN
LJG,TCZ
LJG,TNA
LJG,TPE
LJG,TYN
LJG,WUH
LJG,XIY
LJU,LTN
LJU,MUC
LJU,PRG
LJU,PRN
LJU,SKP
LJU,STN
LJU,SVO
LJU,TGD
LJU,TIA
LJU,VIE
LJU,WAW
LJU,ZRH
LKB,SUV
LKE,SEA
LKE,YWH
LKG,WIL
LKH,MUR
LKH,MYY
LKL,TOS
LKN,RET
LKN,SVJ
LKO,MCT
LKO,RUH
LLA,PJA
LLA,SDL
LLA,UME
LLF,SZX
LLW,LUN
LLW,NBO
LMC,VVC
LMM,MEX
LMM,MZT
LMM,TIJ
LMN,MYY
LMP,PMO
LMP,VCE
LMT,PDX
LMT,SFO
LNB,VLI
LNE,LOD
LNE,SON
LNE,VLI
LNK,MSP
LNK,ORD
LNV,POM
LNV,RAB
LNY,MKK
LNY,OGG
LNZ,PMI
LNZ,STN
LNZ,SZG
LNZ,VIE
LOD,SON
LOH,UIO
LOK,NBO
LOP,PER
LOP,SUB
LOP,UPG
LOS,MAD
LOS,NBO
LOS,PHC
LOS,QOW
LOS,QRW
LOS,QUO
LOS,ROB
LOS,SSG
LPA,LPL
LPA,LTN
LPA,MAD
LPA,MAN
LPA,MUC
LPA,NCL
LPA,NDB
LPA,NKC
LPA,NUE
LPA,OPO
LPA,ORK
LPA,ORY
LPA,PAD
LPA,PIK
LPA,PRG
LPA,PSA
LPA,RAI
LPA,SCQ
LPA,SDR
LPA,SPC
LPA,STR
LPA,SVQ
LPA,SXF
LPA,SZG
LPA,TFN
LPA,TFS
LPA,TXL
LPA,VDE
LPA,VIE
LPA,VIL
LPA,VLC
LPA,ZQW
LPA,ZRH
LPB,MIA
LPB,POI
LPB,RBQ
LPB,SRE
LPB,SRZ
LPB,TDD
LPB,TJA
LPB,UYU
LPB,VVI
LPL,MLA
LPL,NAP
LPL,NCE
LPL,NOC
LPL,OPO
LPL,PMI
LPL,POZ
LPL,PSA
LPL,REU
LPL,RHO
LPL,SNN
LPL,SXF
LPL,SZZ
LPL,TFS
LPL,TRF
LPL,VNO
LPL,WAW
LPL,WMI
LPL,WRO
LPM,NUS
LPM,VLI
LPP,NRN
LPQ,PKZ
LPQ,REP
LPQ,VTE
LPS,WSX
LPY,ORY
LQM,PUU
LRE,WIN
LRH,OPO
LRH,ORY
LRH,PIS
LRH,SOU
LRH,STN
LRM,MAD
LRM,MIA
LRM,MXP
LRM,POP
LRM,SJU
LRM,YHZ
LRR,SHJ
LRR,SYZ
LRR,THR
LRT,LYS
LRT,ORY
LSC,SCL
LSE,MSP
LSE,ORD
LST,MEL
LST,SYD
LSY,SYD
LTD,TIP
LTN,LUZ
LTN,MAD
LTN,MAH
LTN,MJV
LTN,MLA
LTN,MXP
LTN,NAP
LTN,NCE
LTN,NOC
LTN,OTP
LTN,PFO
LTN,POZ
LTN,PRG
LTN,RAK
LTN,REU
LTN,RIX
LTN,SKP
LTN,SSH
LTN,SXF
LTN,TGM
LTN,TSR
LTN,VCE
LTN,VNO
LTN,WAW
LTN,WRO
LTN,ZRH
LTX,OCC
LUD,OMD
LUD,WDH
LUG,ZRH
LUK,MDW
LUK,MMU
LUM,PEK
LUN,LVI
LUN,MFU
LUN,MNS
LUN,NLA
LUN,SLI
LUN,WDH
LUR,OTZ
LUR,PHO
LUV,SXK
LUW,UPG
LUX,MAD
LUX,MLA
LUX,MUC
LUX,MXP
LUX,NAP
LUX,NBE
LUX,NCE
LUX,OPO
LUX,PMI
LUX,SCN
LUX,SID
LUX,TFS
LUX,TXL
LUX,VAR
LUX,VIE
LUX,XRY
LUX,ZRH
LUZ,STN
LUZ,TRF
LVI,MQP
LVI,NBO
LWO,MUC
LWO,NAP
LWO,SAW
LWO,TLV
LWO,VKO
LWO,VLC
LWO,WAW
LWS,PUW
LWS,SEA
LWS,SLC
LWY,MYY
LXA,LZY
LXA,MIG
LXA,NGQ
LXA,PEK
LXA,XIY
LXA,XNN
LXG,VTE
LXR,RUH
LXS,MJT
LYA,SHE
LYG,NAY
LYG,PEK
LYG,SHA
LYG,WUH
LYG,XUZ
LYI,NAY
LYI,PEK
LYI,SHA
LYI,SHE
LYI,SZX
LYI,WNZ
LYI,WUH
LYI,XIY
LYI,YIW
LYR,OSL
LYR,TOS
LYS,MAD
LYS,MIR
LYS,MLA
LYS,MLH
LYS,MPL
LYS,MRS
LYS,MUC
LYS,MXP
LYS,NCE
LYS,NTE
LYS,OPO
LYS,ORY
LYS,PIS
LYS,PMI
LYS,PRG
LYS,PUF
LYS,PUJ
LYS,QSF
LYS,RAK
LYS,RNS
LYS,SVQ
LYS,SXB
LYS,TLS
LYS,VCE
LYS,VIE
LYS,YUL
LYS,ZRH
LZC,MEX
LZH,PEK
LZH,PVG
LZH,SHA
LZH,SYX
LZH,SZX
LZH,WUH
LZH,ZUH
LZO,NNG
LZO,PVG
LZO,SZX
LZO,XIY
MAA,MCT
MAA,MLE
MAA,MRU
MAA,PNQ
MAA,RUH
MAA,RUN
MAA,SHJ
MAA,SIN
MAA,TCR
MAA,TRZ
MAA,VTZ
MAB,OIA
MAB,RDC
MAB,TUR
MAD,MAH
MAD,MAN
MAD,MDE
MAD,MEX
MAD,MIA
MAD,MJV
MAD,MLA
MAD,MLN
MAD,MVD
MAD,MXP
MAD,NTE
MAD,OPO
MAD,ORD
MAD,ORN
MAD,ORY
MAD,OTP
MAD,OVD
MAD,PHL
MAD,PMI
MAD,PMO
MAD,PNA
MAD,PRG
MAD,PTY
MAD,PUJ
MAD,RAK
MAD,RBA
MAD,RJL
MAD,RTM
MAD,RYG
MAD,SAL
MAD,SCL
MAD,SCQ
MAD,SCU
MAD,SDQ
MAD,SDR
MAD,SJO
MAD,SOF
MAD,SPC
MAD,SSA
MAD,SSG
MAD,STN
MAD,SVO
MAD,SVQ
MAD,TFS
MAD,TLS
MAD,TNG
MAD,TSR
MAD,TUN
MAD,TXL
MAD,VCE
MAD,VIE
MAD,VKO
MAD,VLC
MAD,VVI
MAD,XRY
MAG,MAS
MAG,POM
MAG,VAI
MAH,MAN
MAH,MUC
MAH,NCL
MAH,PMI
MAH,STN
MAH,STR
MAH,TXL
MAH,VLC
MAJ,TRW
MAM,MEX
MAN,MBJ
MAN,MJV
MAN,MLA
MAN,MUC
MAN,MXP
MAN,NAP
MAN,NBE
MAN,NCE
MAN,NQY
MAN,NTE
MAN,NWI
MAN,PMI
MAN,PRG
MAN,PSA
MAN,PUJ
MAN,PUY
MAN,RAK
MAN,RHO
MAN,RIX
MAN,RYG
MAN,RZE
MAN,SID
MAN,SKG
MAN,SOF
MAN,SOU
MAN,SPU
MAN,SSH
MAN,SVG
MAN,TFS
MAN,TLL
MAN,TLS
MAN,TLV
MAN,TPS
MAN,UVF
MAN,VCE
MAN,VIE
MAN,VLC
MAN,VRN
MAN,WAT
MAN,YYC
MAN,YYZ
MAN,ZAD
MAN,ZRH
MAN,ZTH
MAO,MIA
MAO,PIN
MAO,PMV
MAO,PTY
MAO,PVH
MAO,STM
MAO,TBT
MAO,TFF
MAO,VCP
MAR,MIA
MAR,PBL
MAR,PMV
MAR,VLN
MAS,POM
MAS,RAB
MAU,PPT
MAU,RFP
MAZ,SJU
MBA,NBO
MBA,ZNZ
MBJ,MCO
MBJ,MDW
MBJ,MIA
MBJ,ORD
MBJ,PHL
MBJ,PTY
MBJ,PUJ
MBJ,STL
MBJ,YHZ
MBJ,YUL
MBJ,YYZ
MBL,MDW
MBS,MSP
MBT,MNL
MCG,NIB
MCG,TCT
MCG,TLJ
MCI,MCO
MCI,MDW
MCI,MEM
MCI,MKE
MCI,MSP
MCI,MSY
MCI,OAK
MCI,ORD
MCI,PHL
MCI,SAN
MCI,SEA
MCI,SFO
MCI,SLC
MCI,SLN
MCI,TPA
MCI,YYZ
MCM,NCE
MCN,MCO
MCO,MDT
MCO,MEM
MCO,MHH
MCO,MHT
MCO,MKE
MCO,MSY
MCO,OMA
MCO,ORD
MCO,ORF
MCO,ORH
MCO,PHL
MCO,PHX
MCO,PNS
MCO,POS
MCO,PSE
MCO,PTY
MCO,PVD
MCO,RDU
MCO,RIC
MCO,ROC
MCO,RSW
MCO,SAN
MCO,SDF
MCO,SDQ
MCO,SEA
MCO,SFO
MCO,SJU
MCO,STL
MCO,SWF
MCO,SYR
MCO,TTN
MCO,YHZ
MCO,YQM
MCO,YUL
MCO,YYC
MCO,YYT
MCT,MED
MCT,MLE
MCT,MUC
MCT,MXP
MCT,PEW
MCT,RUH
MCT,SLL
MCT,SYZ
MCT,TRV
MCT,TUK
MCT,ZBR
MCT,ZNZ
MCT,ZRH
MCX,SCO
MCY,MEL
MCY,SYD
MCZ,REC
MCZ,SSA
MCZ,VCP
MDC,MNA
MDC,NAH
MDC,SIN
MDC,SOQ
MDC,SUB
MDC,TTE
MDE,MIA
MDE,PTY
MDE,SAL
MDE,SMR
MDE,UIO
MDG,PEK
MDG,PVG
MDG,SHE
MDG,TAO
MDL,MYT
MDL,NYU
MDL,RGN
MDL,THL
MDT,ORD
MDT,PHL
MDT,YYZ
MDU,POM
MDW,MEM
MDW,MHT
MDW,MLM
MDW,MSP
MDW,MSY
MDW,OAK
MDW,OMA
MDW,ONT
MDW,ORF
MDW,PDX
MDW,PIT
MDW,PUJ
MDW,PVD
MDW,RDU
MDW,RNO
MDW,ROC
MDW,RSW
MDW,SAN
MDW,SAT
MDW,SDF
MDW,SFO
MDW,SLC
MDW,SMF
MDW,STL
MDW,TPA
MDW,TTN
MDW,TUL
MDW,YTZ
MDW,ZCL
MDZ,NQN
MDZ,SLA
MDZ,UAQ
MEA,SDU
MEA,VCP
MEB,PTJ
MEC,UIO
MED,MHD
MED,MUX
MED,OMH
MED,ORN
MED,RAS
MED,RUH
MED,SAW
MED,SHJ
MED,SYZ
MED,THR
MED,TUN
MED,ULH
MEG,VHC
MEH,VDS
MEL,MGB
MEL,MIM
MEL,MKY
MEL,MNL
MEL,MQL
MEL,NAN
MEL,NTL
MEL,OOL
MEL,PER
MEL,PHE
MEL,PVG
MEL,SGN
MEL,SIN
MEL,WGA
MEL,WLG
MEL,ZQN
MEM,MKL
MEM,MSP
MEM,PIT
MEM,RDU
MEM,SAT
MEM,SLC
MEM,TPA
MEU,ORX
MEU,STM
MEX,MFE
MEX,MIA
MEX,MID
MEX,MTT
MEX,MUC
MEX,MXL
MEX,MZT
MEX,NLD
MEX,NRT
MEX,OAX
MEX,ORD
MEX,PAZ
MEX,PDS
MEX,PHX
MEX,PQM
MEX,PTY
MEX,PVR
MEX,PXM
MEX,REX
MEX,SAL
MEX,SAN
MEX,SAP
MEX,SAT
MEX,SFO
MEX,SJO
MEX,SLW
MEX,SNA
MEX,TAM
MEX,TAP
MEX,TGZ
MEX,TIJ
MEX,TPQ
MEX,TRC
MEX,VER
MEX,VSA
MEX,YUL
MEX,YVR
MEX,YYZ
MEX,ZCL
MEX,ZLO
MFE,SLP
MFM,MNL
MFM,MWX
MFM,NGB
MFM,NKG
MFM,NNG
MFM,NRT
MFM,OKJ
MFM,PEK
MFM,PVG
MFM,RMQ
MFM,SHA
MFM,SIN
MFM,TPE
MFM,TYN
MFM,WUH
MFM,WUX
MFM,XMN
MFR,SEA
MFR,SFO
MFR,SLC
MGA,MIA
MGA,PTY
MGA,SAL
MGA,SJO
MGF,VCP
MGQ,NBO
MGQ,WJR
MGS,RAR
MGT,MNG
MGZ,TVY
MHC,PMC
MHD,MZR
MHD,NSH
MHD,RAS
MHD,RZR
MHD,SHJ
MHD,SRY
MHD,SYZ
MHD,TBZ
MHD,UET
MHD,XBJ
MHD,ZAH
MHD,ZBR
MHG,TXL
MHH,MIA
MHH,NAS
MHH,PBI
MHK,ORD
MHQ,TKU
MHT,MSP
MHT,ORD
MHT,PHL
MHT,SLC
MHT,TPA
MIA,MSP
MIA,MVD
MIA,MXP
MIA,NAS
MIA,ORD
MIA,PAP
MIA,PHL
MIA,PIT
MIA,PLS
MIA,POA
MIA,POP
MIA,POS
MIA,PTP
MIA,RDU
MIA,REC
MIA,RIC
MIA,RTB
MIA,SAN
MIA,SAP
MIA,SDF
MIA,SDQ
MIA,SEA
MIA,SFO
MIA,SJO
MIA,STI
MIA,STL
MIA,STT
MIA,SVO
MIA,SXM
MIA,TGU
MIA,TUL
MIA,TXL
MIA,UIO
MIA,UVF
MIA,VKO
MIA,YYZ
MIA,ZRH
MID,MTY
MID,VSA
MIG,PEK
MIG,PVG
MIG,SHA
MIG,SHE
MIG,SYX
MIG,XIY
MIG,XNN
MII,VCP
MIM,MYA
MIM,SYD
MIR,MRS
MIR,NCE
MIR,NTE
MIR,ORY
MIR,TIP
MJD,SKZ
MJF,MQN
MJF,OSY
MJF,SSJ
MJF,TRD
MJN,TNR
MJT,MUC
MJT,RHO
MJT,SKG
MJU,UPG
MJV,OSL
MJV,PIK
MJV,STN
MJZ,OVB
MJZ,PYJ
MJZ,YKS
MKE,MSP
MKE,MSY
MKE,PHL
MKE,PHX
MKE,RSW
MKE,STL
MKE,TPA
MKE,YYZ
MKG,ORD
MKK,OGG
MKM,MYY
MKP,PPT
MKW,SOQ
MKW,UPG
MKY,SYD
MKY,TSV
MLA,MRS
MLA,MUC
MLA,NBE
MLA,NCL
MLA,NTE
MLA,NWI
MLA,NYO
MLA,ORY
MLA,PRG
MLA,RYG
MLA,SAW
MLA,TIP
MLA,TLS
MLA,TPS
MLA,TSF
MLA,TUN
MLA,VIE
MLA,ZRH
MLE,MXP
MLE,PEK
MLE,PVG
MLE,SIN
MLE,SVO
MLH,MRS
MLH,ORN
MLH,ORY
MLH,QSF
MLH,SKP
MLH,TZL
MLI,MSP
MLI,ORD
MLI,PIE
MLI,SFB
MLL,PQS
MLL,RSH
MLM,SFO
MLX,SAW
MLY,MNT
MMB,NGO
MMK,SVO
MMK,TOS
MMO,RAI
MMX,ORB
MMX,SKP
MMX,STN
MMX,TZL
MMX,VBY
MMX,WAW
MMY,OKA
MNL,MPH
MNL,MYY
MNL,NGO
MNL,OZC
MNL,PAG
MNL,PEK
MNL,POM
MNL,PPS
MNL,PUS
MNL,PVG
MNL,REP
MNL,ROR
MNL,RUH
MNL,RXS
MNL,SIN
MNL,SJI
MNL,SUG
MNL,SYD
MNL,TAC
MNL,TAG
MNL,TPE
MNL,TUG
MNL,USU
MNL,VRC
MNL,WNP
MNL,XMN
MNL,YVR
MNL,ZAM
MNS,NLA
MOB,ORD
MOC,PLU
MOD,SFO
MOI,RAR
MOL,SRP
MOQ,TLE
MOQ,TNR
MOT,MSP
MOU,PQS
MOV,TSV
MOZ,PPT
MOZ,RFP
MPA,NDU
MPL,NDR
MPL,NTE
MPL,RTM
MPL,SXB
MPM,NBO
MPM,POL
MPM,TET
MPM,UEL
MPM,VNX
MPM,VPY
MPN,PUQ
MPN,RGL
MPP,PAC
MQF,SVO
MQF,SVX
MQJ,YKS
MQL,SYD
MQM,SAW
MQN,RVK
MQN,TRD
MQT,ORD
MQX,SHC
MQX,SZE
MRA,SFA
MRA,TUN
MRE,NYK
MRE,WIL
MRS,MUC
MRS,MXP
MRS,NDR
MRS,NTE
MRS,OPO
MRS,ORN
MRS,OUD
MRS,PMI
MRS,PRG
MRS,PUF
MRS,QSF
MRS,RAK
MRS,RBA
MRS,RNS
MRS,RUN
MRS,SAW
MRS,STN
MRS,SVO
MRS,SVQ
MRS,SXB
MRS,TLM
MRS,TLS
MRS,TNG
MRS,TNR
MRS,TUF
MRS,TUN
MRS,TXL
MRS,VCE
MRS,VLC
MRS,WMI
MRS,YUL
MRS,ZAD
MRU,MXP
MRU,ORY
MRU,PER
MRU,PVG
MRU,RRG
MRU,RUN
MRU,TNR
MRU,VKO
MRU,ZSE
MRV,RTW
MRV,SAW
MRV,SCO
MRV,SVO
MRV,TAS
MRV,TLV
MRV,VKO
MRX,THR
MRY,PHX
MRY,SAN
MRY,SFO
MRZ,SYD
MSA,XBE
MSA,YXL
MSA,ZPB
MSA,ZRJ
MSN,MSP
MSN,ORD
MSN,SLC
MSO,MSP
MSO,PDX
MSO,SEA
MSO,SLC
MSP,MSY
MSP,OAK
MSP,OKC
MSP,OMA
MSP,ORD
MSP,PDX
MSP,PHL
MSP,PHX
MSP,PIA
MSP,PIT
MSP,PSC
MSP,PUJ
MSP,RDU
MSP,RHI
MSP,ROC
MSP,RST
MSP,RSW
MSP,SAN
MSP,SAT
MSP,SBN
MSP,SDF
MSP,SFO
MSP,SJC
MSP,SLC
MSP,SNA
MSP,SYR
MSP,TUL
MSP,TUS
MSP,TVC
MSP,TYS
MSP,XNA
MSP,YEG
MSP,YQR
MSP,YUL
MSP,YWG
MSP,YYC
MSQ,MXP
MSQ,NCE
MSQ,PRG
MSQ,RIX
MSQ,SVX
MSQ,TBS
MSQ,TLV
MSQ,TSE
MSQ,VIE
MSQ,VNO
MSQ,WAW
MST,OPO
MST,PMI
MST,TFS
MST,TPS
MSY,ORD
MSY,PHL
MSY,PHX
MSY,SAN
MSY,SFO
MSY,SLC
MSY,STL
MSY,TPA
MSY,YYZ
MTE,STM
MTV,SLH
MTV,TOH
MTV,ZGU
MTY,MZT
MTY,OAX
MTY,ORD
MTY,PBC
MTY,PVR
MTY,QRO
MTY,SJD
MTY,TAM
MTY,TGZ
MTY,TLC
MTY,VER
MTY,VSA
MUA,RBV
MUB,VFA
MUB,WDH
MUC,NAP
MUC,NBE
MUC,NUE
MUC,ODS
MUC,OLB
MUC,OPO
MUC,ORD
MUC,ORK
MUC,OTP
MUC,OVB
MUC,PHL
MUC,PMO
MUC,POZ
MUC,PRG
MUC,PRN
MUC,PUJ
MUC,PVG
MUC,PVK
MUC,RIX
MUC,RLG
MUC,RUH
MUC,SAW
MUC,SBZ
MUC,SIN
MUC,SJJ
MUC,SKG
MUC,SMI
MUC,SOF
MUC,SPU
MUC,STN
MUC,STR
MUC,SUF
MUC,SVO
MUC,TBS
MUC,TIA
MUC,TLS
MUC,TLV
MUC,TRN
MUC,TRS
MUC,TSR
MUC,TUN
MUC,TXL
MUC,VCE
MUC,VIE
MUC,VLC
MUC,VNO
MUC,VOZ
MUC,VRN
MUC,WAW
MUC,WRO
MUC,XRY
MUC,YVR
MUC,YYZ
MUC,ZAD
MUC,ZAG
MUC,ZTH
MUE,OGG
MUK,RAR
MUN,PMV
MUR,MYY
MUR,ODN
MUW,TID
MUX,SHJ
MUX,UET
MVD,POA
MVD,PTY
MVD,SCL
MVP,VVC
MVR,NSI
MVT,RGI
MWA,STL
MWF,SON
MWX,PEK
MWX,PVG
MWX,TSN
MWZ,NBO
MXH,POM
MXH,TIZ
MXP,NRT
MXP,NTE
MXP,OLB
MXP,OPO
MXP,OTP
MXP,PEK
MXP,PMI
MXP,PMO
MXP,PRG
MXP,RAK
MXP,RIX
MXP,RUH
MXP,SAW
MXP,SIN
MXP,STR
MXP,TAS
MXP,TFS
MXP,TIA
MXP,TLS
MXP,TUN
MXP,UGC
MXP,VIE
MXP,WAW
MXP,ZRH
MXV,ULN
MXZ,RMQ
MXZ,SZX
MXZ,ZUH
MYA,SYD
MYD,NBO
MYD,WIL
MYG,NAS
MYJ,NRT
MYJ,OKA
MYJ,PVG
MYR,ORD
MYR,PBG
MYR,YNG
MYR,YYZ
MYT,PBU
MYT,RGN
MYU,OOK
MYY,MZV
MYY,ODN
MYY,PEN
MYY,SBW
MYY,SIN
MYY,TGG
MZG,RMQ
MZG,TSA
MZH,SAW
MZT,PHX
MZT,TIJ
NAG,PNQ
NAG,RPR
NAG,SHJ
NAN,NOU
NAN,POM
NAN,RTA
NAN,SUV
NAN,SVU
NAN,SYD
NAN,TBU
NAN,TRW
NAN,TVU
NAN,WLS
NAO,PEK
NAO,PVG
NAO,SZX
NAO,XIY
NAP,NTE
NAP,ORY
NAP,OTP
NAP,PMO
NAP,STN
NAP,STR
NAP,SXF
NAP,TLV
NAP,TRN
NAP,TRS
NAP,TUN
NAP,TXL
NAP,VCE
NAP,VIE
NAP,VRN
NAP,ZRH
NAQ,SRK
NAQ,THU
NAS,PBI
NAS,PHL
NAS,PLS
NAS,PTY
NAS,RCY
NAS,RSD
NAS,SKB
NAS,SML
NAS,TBI
NAS,YYZ
NAS,ZSA
NAT,REC
NAT,SSA
NAT,VCP
NAV,SAW
NAY,NDG
NAY,NGB
NAY,NNY
NAY,NZH
NAY,SHA
NAY,SZX
NAY,UYN
NAY,WUA
NAY,XFN
NAY,XIL
NAY,XMN
NAY,ZHA
NBC,SVO
NBE,NCL
NBE,NUE
NBE,SXF
NBE,TXL
NBE,ZRH
NBO,NLA
NBO,NSI
NBO,POL
NBO,SAH
NBO,SEZ
NBO,SHJ
NBO,TNR
NBO,WJR
NBO,ZNZ
NBO,ZRH
NBS,PEK
NBS,SHE
NBS,TSN
NCE,NTE
NCE,OLB
NCE,ORK
NCE,ORY
NCE,OTP
NCE,PRG
NCE,RAK
NCE,RTM
NCE,SNN
NCE,STN
NCE,SVO
NCE,SXB
NCE,SXF
NCE,TLS
NCE,TRF
NCE,TUN
NCE,TXL
NCE,VCE
NCE,VIE
NCE,WAW
NCE,YUL
NCE,ZRH
NCL,PFO
NCL,PMI
NCL,PRG
NCL,RHO
NCL,SOU
NCL,SSH
NCL,TFS
NCL,VCE
NCU,TAS
NCU,VKO
NDB,NKC
NDB,OUZ
NDG,PEK
NDG,PVG
NDG,TAO
NDJ,NGE
NDJ,NIM
NDJ,NSI
NDR,PMI
NDY,NRL
NDY,SOY
NER,YKS
NEV,SJU
NEV,SKB
NEV,STT
NEV,SXM
NGB,PEK
NGB,RMQ
NGB,SHE
NGB,SIN
NGB,SJW
NGB,SWA
NGB,SYX
NGB,SZX
NGB,TAO
NGB,TPE
NGB,TSN
NGB,WEF
NGB,WUH
NGB,XMN
NGB,YIH
NGE,NSI
NGO,NRT
NGO,OIT
NGO,OKA
NGO,PUS
NGO,SDJ
NGO,SGN
NGO,SHE
NGO,SPN
NGO,TPE
NGO,TSN
NGS,PVG
NGS,TSJ
NGS,UKB
NHV,PPT
NHV,UAH
NHV,UAP
NIM,OUA
NIQ,UMD
NJC,OMS
NJC,OVB
NJC,SVO
NJC,UUA
NJF,SHJ
NKC,OUZ
NKC,TUN
NKG,NRT
NKG,PEK
NKG,PUS
NKG,PVG
NKG,RMQ
NKG,SHE
NKG,SJW
NKG,SWA
NKG,SYX
NKG,SZX
NKG,TAO
NKG,TPE
NKG,TYN
NKG,URC
NKG,XIY
NKG,XMN
NKG,XNN
NKG,YCU
NKG,YNT
NKG,ZYI
NKI,WWP
NLA,SLI
NLK,SYD
NLT,URC
NMA,OVB
NMA,SVX
NMA,TAS
NME,OOK
NME,TNK
NNG,PEK
NNG,PNH
NNG,PVG
NNG,RMQ
NNG,SGN
NNG,SHA
NNG,SIN
NNG,SWA
NNG,SYX
NNG,TPE
NNG,TSA
NNG,VTE
NNG,WNZ
NNG,WUH
NNG,WUZ
NNG,XIY
NNG,XMN
NNG,ZUH
NNM,SCW
NNY,SHA
NNY,SZX
NOB,SJO
NOB,TMU
NOJ,SLY
NOJ,TJM
NOJ,UFA
NOS,RUN
NOS,TNR
NOU,NRT
NOU,PPT
NOU,SYD
NOU,VLI
NOU,WLS
NOV,SPP
NOZ,SVO
NPE,WLG
NPL,WLG
NRA,SYD
NRL,PPW
NRN,OPO
NRN,OUD
NRN,PMI
NRN,PMO
NRN,PSA
NRN,RAK
NRN,RIX
NRN,SDR
NRN,SKG
NRN,TFS
NRN,TSF
NRN,ZAD
NRT,OIT
NRT,OKA
NRT,ORD
NRT,PDX
NRT,PEK
NRT,POM
NRT,PPT
NRT,PUS
NRT,RGN
NRT,ROR
NRT,SAN
NRT,SDJ
NRT,SEA
NRT,SFO
NRT,SGN
NRT,SIN
NRT,SJC
NRT,SPN
NRT,SVO
NRT,SYD
NRT,TAK
NRT,TAO
NRT,TAS
NRT,TIJ
NRT,TPE
NRT,ULN
NRT,UUS
NRT,VCE
NRT,VIE
NRT,VVO
NRT,XMN
NRT,YGJ
NRT,YYZ
NRT,ZRH
NSH,THR
NSK,OVB
NSK,SVX
NSK,UFA
NSN,PMR
NSN,WLG
NTE,OPO
NTE,PGF
NTE,PMI
NTE,PMO
NTE,PUJ
NTE,RAK
NTE,SOU
NTE,SVQ
NTE,TFS
NTE,TLS
NTE,TUN
NTE,TXL
NTE,VCE
NTG,PEK
NTG,SHE
NTG,SZX
NTG,TSN
NTG,WUH
NTG,XMN
NTG,YNZ
NTL,OOL
NTL,SYD
NTN,ONG
NUE,PMI
NUE,RHO
NUE,SMI
NUE,SPU
NUE,TFS
NUE,TXL
NUE,VIE
NUE,ZRH
NUI,SCC
NUS,SON
NUS,SWJ
NUS,VLI
NUX,OMS
NUX,OVB
NUX,SLY
NUX,SVO
NUX,SVX
NUX,TJM
NUX,UFA
NUX,VKO
NVI,TAS
NVT,POA
NVT,VCP
NYA,SVX
NYA,TJM
NYK,UAS
NYK,WIL
NYM,OVS
NYM,SLY
NYM,SVX
NYM,TJM
NYM,UFA
NYM,VKO
NYO,PMI
NYO,POZ
NYO,PSA
NYO,RHO
NYO,RJK
NYO,TSF
NYO,WAW
NYO,WMI
NYU,RGN
NZH,OVB
NZH,PEK
NZH,UUD
OAG,SYD
OAK,OGG
OAK,OKC
OAK,ONT
OAK,ORD
OAK,PDX
OAK,PHX
OAK,PVU
OAK,SEA
OAK,SLC
OAK,SNA
OBU,OTZ
OBU,SHG
OCC,UIO
ODS,SHJ
ODS,SVO
ODS,TLV
ODS,VIE
ODS,WAW
ODY,VTE
OGG,ORD
OGG,PDX
OGG,PHX
OGG,SEA
OGG,SJC
OGG,SMF
OGG,YVR
OGM,PAC
OGX,ORN
OHH,UUS
OIA,SXX
OKA,OKJ
OKA,PEK
OKA,PUS
OKA,PVG
OKA,RMQ
OKA,SDJ
OKA,TAK
OKA,TPE
OKA,UEO
OKA,UKB
OKA,YGJ
OKC,ORD
OKC,SFB
OKC,SLC
OKC,STL
OKJ,PVG
OKJ,TPE
OLA,OSL
OLB,RIX
OLB,STR
OLB,SXF
OLB,TXL
OLB,VCE
OLB,VIE
OLB,ZRH
OLC,TFF
OMA,ORD
OMA,PHX
OMA,SAN
OMA,SEA
OMA,SLC
OMA,STL
OMD,WDH
OME,OTZ
OME,SHH
OME,SKK
OME,SVA
OME,TLA
OME,TNC
OME,UNK
OME,WAA
OME,WBB
OME,WMO
OMH,THR
OMR,OTP
OMS,OVB
OMS,SAW
OMS,TSE
ONT,PDX
ONT,PHX
ONT,SEA
ONT,SFO
ONT,SJC
ONT,SJU
ONT,SLC
ONT,SMF
OOK,TNK
OOL,SIN
OOL,SYD
OPO,ORY
OPO,PDL
OPO,STN
OPO,SXB
OPO,TER
OPO,TUF
OPO,VLC
OPO,XCR
OPO,YYZ
OPO,ZRH
ORD,ORF
ORD,PAH
ORD,PBI
ORD,PDX
ORD,PEK
ORD,PHL
ORD,PHX
ORD,PIT
ORD,PNS
ORD,PTY
ORD,PUJ
ORD,PVD
ORD,PVG
ORD,PVR
ORD,RAP
ORD,RIC
ORD,RNO
ORD,ROA
ORD,ROC
ORD,RST
ORD,RSW
ORD,SAL
ORD,SAN
ORD,SAT
ORD,SBN
ORD,SCE
ORD,SDF
ORD,SEA
ORD,SGF
ORD,SJC
ORD,SJO
ORD,SLC
ORD,SMF
ORD,SNA
ORD,SPI
ORD,STC
ORD,STT
ORD,SUX
ORD,SXM
ORD,TOL
ORD,TUS
ORD,TVC
ORD,TYS
ORD,WAW
ORD,XNA
ORD,YEG
ORD,YHZ
ORD,YKF
ORD,YOW
ORD,YQB
ORD,YQR
ORD,YUL
ORD,YWG
ORD,YXE
ORD,YXU
ORD,YYC
ORD,YYZ
ORD,ZRH
ORF,PHL
ORF,SFO
ORK,PMI
ORK,STN
ORK,WRO
ORN,ORY
ORN,TUN
ORU,SRZ
ORV,OTZ
ORX,STM
ORY,OSL
ORY,OUD
ORY,OZZ
ORY,PAP
ORY,PDL
ORY,PGF
ORY,PGX
ORY,PRG
ORY,PTP
ORY,PUF
ORY,QSF
ORY,RAK
ORY,RBA
ORY,RDZ
ORY,RUN
ORY,SAW
ORY,SCU
ORY,SDQ
ORY,SOU
ORY,SVQ
ORY,SXB
ORY,SXM
ORY,TFN
ORY,TLM
ORY,TLN
ORY,TLS
ORY,TNG
ORY,TNR
ORY,TOE
ORY,TUN
ORY,TXL
ORY,UIP
ORY,VCE
ORZ,SPR
OSI,SPU
OSI,STN
OSI,ZAG
OSL,PLQ
OSL,PMI
OSL,PRG
OSL,PSA
OSL,PUY
OSL,RAK
OSL,RIX
OSL,RRS
OSL,SDN
OSL,SOG
OSL,SPU
OSL,SRP
OSL,SVG
OSL,SZZ
OSL,TFS
OSL,TLL
OSL,TOS
OSL,TRD
OSL,TXL
OSL,VCE
OSL,VDB
OSL,VIE
OSL,VNO
OSL,VXO
OSL,ZRH
OSR,STN
OSS,OVB
OSS,SGC
OST,PMI
OSY,RVK
OSY,TRD
OTD,PAC
OTD,SIC
OTH,PDX
OTH,SFO
OTP,PEG
OTP,PRG
OTP,PSA
OTP,SBZ
OTP,SKG
OTP,STN
OTP,SUJ
OTP,SVO
OTP,TGM
OTP,TLV
OTP,TRF
OTP,TSF
OTP,TSR
OTP,TXL
OTP,VIE
OTP,VRN
OTP,WAW
OTP,ZAZ
OTP,ZRH
OTZ,PHO
OTZ,SHG
OTZ,WLK
OTZ,WTK
OUA,TUN
OVB,PEK
OVB,PRG
OVB,PYJ
OVB,SGC
OVB,SLY
OVB,SVX
OVB,TAS
OVB,TJM
OVB,TSE
OVB,URC
OVB,UUD
OVB,VKO
OVB,YKS
OVD,STN
OVD,SVQ
OVD,TFS
OVD,VLC
OVS,SVX
OVS,TJM
OVS,VKO
OWB,SFB
OWB,STL
OXB,RAI
OZH,VKO
PAC,PUE
PAC,PVE
PAC,PYC
PAC,SAX
PAC,SIC
PAD,PMI
PAP,PLS
PAP,PTP
PAP,PTY
PAP,SDQ
PAP,SXM
PAV,SSA
PAZ,REX
PAZ,VSA
PBC,TIJ
PBG,PIE
PBG,SFB
PBI,PHL
PBI,SJU
PBI,TPA
PBJ,ULB
PBJ,VLI
PBL,PMV
PBM,POS
PBO,PER
PCL,TPP
PCR,VVC
PDA,VVC
PDL,PIX
PDL,SJZ
PDL,SMA
PDL,TER
PDP,ROS
PDT,PDX
PDX,PHL
PDX,PHX
PDX,PSC
PDX,PSP
PDX,RDM
PDX,RNO
PDX,SAN
PDX,SBA
PDX,SFO
PDX,SLC
PDX,SMF
PDX,STS
PDX,TPA
PDX,YVR
PEE,PRG
PEE,SVO
PEG,STN
PEG,TPS
PEI,PTY
PEK,PUS
PEK,PVG
PEK,REP
PEK,RGN
PEK,RLK
PEK,SGN
PEK,SHA
PEK,SHE
PEK,SPN
PEK,SVO
PEK,SVX
PEK,SWA
PEK,SYD
PEK,SYX
PEK,SZX
PEK,TAE
PEK,TAO
PEK,TEN
PEK,TLV
PEK,TPE
PEK,TXL
PEK,TXN
PEK,TYN
PEK,ULN
PEK,URC
PEK,UUD
PEK,UYN
PEK,VIE
PEK,VKO
PEK,VVO
PEK,WAW
PEK,WEF
PEK,WUA
PEK,WUH
PEK,WUS
PEK,WXN
PEK,XIL
PEK,XIY
PEK,XMN
PEK,YBP
PEK,YCU
PEK,YIC
PEK,YIH
PEK,YKS
PEK,YNJ
PEK,YTY
PEK,YVR
PEK,YYZ
PEK,ZHA
PEK,ZHY
PEK,ZUH
PEK,ZYI
PEN,SUB
PEN,SZB
PEN,TPE
PEN,USM
PER,PHE
PER,RVT
PER,SYD
PER,XCH
PER,ZNE
PET,POA
PET,RIG
PEU,TGU
PEW,RUH
PEW,SHJ
PFB,POA
PFB,VCP
PFO,SKG
PFO,SOF
PFO,STN
PFO,VKO
PFQ,THR
PGA,PHX
PGD,RFD
PGD,SPI
PGD,TOL
PGD,TYS
PGD,YNG
PGF,STN
PGK,PLM
PGK,TJQ
PGU,RAS
PGU,SYZ
PGU,THR
PHB,THE
PHF,PHL
PHF,SFB
PHL,PIT
PHL,PUJ
PHL,PVD
PHL,PWM
PHL,RDU
PHL,RIC
PHL,ROC
PHL,RSW
PHL,SAN
PHL,SAT
PHL,SBY
PHL,SCE
PHL,SDQ
PHL,SJU
PHL,SLC
PHL,STL
PHL,STT
PHL,SWF
PHL,SXM
PHL,SYR
PHL,TPA
PHL,TYS
PHL,VCE
PHL,YHZ
PHL,YOW
PHL,YQB
PHL,YUL
PHL,YYZ
PHL,ZRH
PHO,PIZ
PHX,PIT
PHX,PSP
PHX,PVR
PHX,RDU
PHX,SAN
PHX,SAT
PHX,SBA
PHX,SBP
PHX,SDF
PHX,SEA
PHX,SFO
PHX,SJC
PHX,SJD
PHX,SLC
PHX,SMF
PHX,SNA
PHX,SOW
PHX,STL
PHX,SVC
PHX,TPA
PHX,TUL
PHX,YEG
PHX,YUM
PHX,YYZ
PIA,PIE
PIE,RFD
PIE,ROA
PIE,SBN
PIE,SGF
PIE,SWF
PIE,SYR
PIE,TOL
PIE,TRI
PIE,TYS
PIE,YNG
PIH,SLC
PIK,PMI
PIK,REU
PIK,RIX
PIK,TFS
PIK,WMI
PIK,WRO
PIP,UGB
PIS,SNN
PIS,STN
PIT,RSW
PIT,SFO
PIT,TPA
PIX,TER
PJA,TLL
PJM,SJO
PKA,WNA
PKC,SVO
PKC,VVO
PKE,SYD
PKN,SOC
PKN,SRG
PKN,SUB
PKU,SIN
PKU,SZB
PKY,SUB
PKZ,REP
PKZ,SGN
PKZ,VTE
PKZ,ZVK
PLJ,PND
PLJ,SVK
PLM,TKG
PLQ,RIX
PLS,SDQ
PLS,SJU
PLS,STI
PLS,XSC
PLS,YUL
PLS,YYZ
PLS,ZSA
PLU,POJ
PLU,RAO
PLU,SJK
PLU,UDI
PLU,VCP
PLU,VDC
PLW,SUB
PLW,UPG
PLX,TSE
PLX,UKK
PMC,PUQ
PMC,SCL
PMF,STN
PMF,TPS
PMI,PRG
PMI,REU
PMI,RLG
PMI,RYG
PMI,SCN
PMI,SCQ
PMI,SDR
PMI,SEN
PMI,SOF
PMI,SOU
PMI,STN
PMI,SXF
PMI,SZG
PMI,TXL
PMI,VIE
PMI,VLL
PMI,WMI
PMI,XRY
PMI,ZAZ
PMI,ZQW
PMI,ZRH
PMO,PNL
PMO,PSA
PMO,SVO
PMO,SVQ
PMO,SXB
PMO,TSF
PMO,TXL
PMO,VCE
PMO,VIE
PMR,WLG
PMV,POS
PMV,PZO
PMV,STD
PMV,VIG
PMV,VLN
PMZ,SJO
PMZ,XQP
PNH,PVG
PNH,REP
PNH,RGN
PNH,SGN
PNH,SIN
PNH,TPE
PNI,TKK
PNL,TPS
PNL,VCE
PNP,POM
PNP,TFI
PNQ,SHJ
PNR,POG
PNS,TPA
PNZ,REC
PNZ,SSA
POA,PTY
POA,RIA
POA,RIG
POA,SDU
POA,SRA
POA,VCP
POA,XAP
POM,RAB
POM,SIN
POM,SYD
POM,TBG
POM,TFI
POM,TIZ
POM,UNG
POM,VAI
POM,WBM
POM,WWK
POP,PUJ
POP,SJU
POP,YUL
POP,YYZ
POS,PTY
POS,SLU
POS,SVD
POS,TAB
POS,UVF
POS,YYZ
POZ,STN
POZ,TRF
POZ,WAW
PPB,VCP
PPK,TSE
PPP,SYD
PPT,RAR
PPT,RFP
PPT,RGI
PPT,RKA
PPT,RMT
PPT,RUR
PPT,RVV
PPT,TIH
PPT,TKX
PPT,TUB
PPT,XMH
PPW,WRY
PQC,SGN
PQC,VCA
PQQ,SYD
PRG,PSA
PRG,ROV
PRG,RTW
PRG,SVX
PRG,SXB
PRG,TAS
PRG,TFS
PRG,TLV
PRG,TSF
PRG,TXL
PRG,UFA
PRG,VCE
PRG,VLC
PRG,VNO
PRG,WAW
PRG,ZRH
PRI,SEZ
PRN,TXL
PRN,ZAG
PRN,ZRH
PSA,RAK
PSA,SKG
PSA,STN
PSA,SUF
PSA,SVO
PSA,SVQ
PSA,SXF
PSA,TIA
PSA,TPS
PSA,TRF
PSA,TXL
PSA,VLC
PSA,WMI
PSC,SEA
PSC,SLC
PSG,WRG
PSJ,UPG
PSM,SFB
PSP,SEA
PSP,SFO
PSP,SLC
PSP,SMF
PSP,YEG
PSP,YVR
PSP,YYC
PSR,STN
PTH,UGB
PTP,SBH
PTP,SDQ
PTP,SFG
PTP,SJU
PTP,YUL
PTY,PUJ
PTY,REC
PTY,SCL
PTY,SJU
PTY,STI
PTY,SXM
PTY,TGU
PTY,TPA
PTY,VLN
PTY,VVI
PTY,YYZ
PUJ,SDQ
PUJ,SJU
PUJ,STL
PUJ,SVO
PUJ,TLS
PUJ,YQB
PUJ,YYZ
PUJ,ZRH
PUM,UPG
PUQ,RGL
PUQ,SCL
PUS,PVG
PUS,SGN
PUS,SHE
PUS,SPN
PUS,TAO
PUS,TPE
PUS,TYN
PUS,VVO
PUS,XIY
PUW,SEA
PUY,RYG
PUY,STN
PUY,ZAG
PVD,RSW
PVD,SAN
PVD,SLC
PVD,TPA
PVG,REP
PVG,SDJ
PVG,SEA
PVG,SFO
PVG,SHE
PVG,SHP
PVG,SIN
PVG,SJW
PVG,SPN
PVG,SVO
PVG,SWA
PVG,SYX
PVG,SZX
PVG,TAE
PVG,TAK
PVG,TIJ
PVG,TNA
PVG,TOY
PVG,TPE
PVG,TVS
PVG,TYN
PVG,URC
PVG,WEF
PVG,WUH
PVG,WXN
PVG,XFN
PVG,XIY
PVG,XMN
PVG,XNN
PVG,YBP
PVG,YCU
PVG,YNJ
PVG,YNT
PVG,YNY
PVG,YVR
PVG,YYZ
PVG,ZHA
PVG,ZRH
PVG,ZUH
PVH,RBR
PVK,VIE
PVR,SAN
PVR,SFO
PVR,STL
PVR,TLC
PVR,YEG
PVR,YVR
PWE,VKO
PWQ,TSE
PXU,SGN
PYJ,YKS
PZH,UET
PZO,SNV
QBC,YAA
QBC,YVR
QFG,QOQ
QFN,QUV
QRO,TIJ
QUB,TIP
QUV,XEQ
RAE,RUH
RAH,RUH
RAI,SFL
RAI,SID
RAI,TMS
RAI,VXE
RAK,RTM
RAK,STN
RAK,SVQ
RAK,SXB
RAK,TLS
RAK,TUF
RAK,XCR
RAK,ZRH
RAO,SDU
RAO,SJP
RAO,UDI
RAO,VCP
RAP,SLC
RAR,SYD
RAS,SYZ
RAS,THR
RBQ,TDD
RBY,TAL
RDD,SFO
RDM,SEA
RDM,SFO
RDM,SLC
RDN,SIN
RDN,SZB
RDU,SFO
RDU,SLC
RDU,STL
RDU,TPA
RDU,TTN
RDU,YYZ
RDZ,STN
REC,SSA
REC,THE
REC,VCP
REG,TRN
REG,VCE
REL,VDM
REN,SVO
REP,SGN
REP,SIN
REU,STN
REX,VER
RFD,SFB
RGA,RGL
RGI,TIH
RGI,XMH
RGL,USH
RGN,SIN
RGN,SNW
RGN,THL
RGN,TPE
RGN,TVY
RHO,RTM
RHO,RYG
RHO,SMI
RHO,STR
RHO,SVO
RHO,SXF
RHO,TXL
RHO,VIE
RIA,URG
RIB,TDD
RIX,RYG
RIX,SAW
RIX,STN
RIX,SVG
RIX,SVO
RIX,TBS
RIX,TFS
RIX,TKU
RIX,TLL
RIX,TLV
RIX,TRD
RIX,TRF
RIX,VCE
RIX,VIE
RIX,VKO
RIX,VNO
RIY,SAH
RIY,SCT
RIY,SHJ
RJH,SPD
RJK,SPU
RJK,STR
RJK,ZAG
RKS,SLC
RLG,STR
RLK,XIY
RMF,VIE
RMF,ZRH
RMQ,SGN
RMQ,TAO
RMQ,TNA
RMT,RUR
RNO,SAN
RNO,SEA
RNO,SFO
RNO,SJC
RNO,SLC
RNS,SOU
RNS,TLS
ROA,SFB
ROP,SPN
ROR,TPE
ROR,YAP
ROT,WLG
ROV,SHJ
ROV,SIP
ROV,SVO
ROV,SVX
ROV,TAS
ROV,TLV
ROV,VOG
RSW,STL
RSW,TTN
RSW,YYZ
RTB,SAL
RTB,SAP
RTB,TGU
RTM,SAW
RTM,SPU
RTM,TLN
RTM,VIE
RTM,VLC
RTW,SVX
RUH,SAH
RUH,SAW
RUH,SHJ
RUH,SHW
RUH,SIN
RUH,SKT
RUH,SSH
RUH,TAI
RUH,TRV
RUH,TUI
RUH,ULH
RUH,URY
RUH,WAE
RUH,YNB
RUN,SMS
RUN,TMM
RUN,TNR
RUR,TUB
RVD,VCP
RVE,TME
RVK,TRD
RVV,TUB
RYG,RZE
RYG,SKG
RYG,STN
RYG,SXF
RYG,TSF
RYG,VNO
RYG,WRO
RYG,ZAD
RZE,WAW
RZR,THR
SAB,SBH
SAB,SXM
SAE,UMD
SAH,TAI
SAL,SAP
SAL,SFO
SAL,SJO
SAL,TGU
SAL,YYZ
SAN,SDF
SAN,SEA
SAN,SJC
SAN,SJD
SAN,SLC
SAN,SMF
SAN,STL
SAN,STS
SAN,TUS
SAP,TGU
SAT,SFO
SAT,SLC
SAT,STL
SAT,TLC
SAT,TPA
SAW,SJJ
SAW,SKP
SAW,STN
SAW,STR
SAW,STW
SAW,SXF
SAW,TBS
SAW,TIA
SAW,TLV
SAW,TXL
SAW,TZX
SAW,VAN
SAW,VAS
SBA,SFO
SBH,SFG
SBH,SJU
SBH,STT
SBH,SXM
SBN,SFB
SBP,SFO
SBZ,VIE
SCL,SSA
SCL,YYZ
SCL,ZAL
SCL,ZCO
SCL,ZOS
SCM,VAK
SCN,TXL
SCO,TBS
SCO,TSE
SCO,URA
SCO,VKO
SCQ,SVQ
SCQ,TFS
SCQ,VLC
SCU,SDQ
SCU,YUL
SCW,SVX
SCW,UCT
SCW,UTS
SCW,VKT
SDD,VPE
SDD,WDH
SDF,TPA
SDG,THR
SDJ,TPE
SDK,TWU
SDN,SOG
SDQ,SJO
SDQ,SJU
SDQ,SXM
SDR,STN
SDR,SVQ
SDR,TFS
SDR,VLC
SDU,SJK
SDU,SSA
SDU,VCP
SEA,SFO
SEA,SJC
SEA,SLC
SEA,SMF
SEA,SNA
SEA,STS
SEA,TUS
SEA,YEG
SEA,YKM
SEA,YLW
SEA,YVR
SEA,YYC
SEA,YYJ
SEN,SXF
SEN,VCE
SFA,TIP
SFA,TUN
SFB,SGF
SFB,SPI
SFB,TOL
SFB,TRI
SFB,TUL
SFB,TYS
SFJ,UAK
SFO,SLC
SFO,SNA
SFO,STL
SFO,SYD
SFO,TUS
SFO,YEG
SFO,YUL
SFO,YVR
SFO,YYJ
SFO,YYZ
SFO,ZRH
SFT,STN
SGC,SVX
SGC,TJM
SGC,TOF
SGC,UFA
SGN,SVO
SGN,SYD
SGN,TBB
SGN,THD
SGN,UIH
SGN,VCL
SGN,VCS
SGN,VDH
SGN,VKG
SGO,TWB
SGU,SLC
SHA,SWA
SHA,SYX
SHA,SZX
SHA,TAO
SHA,TNA
SHA,TSA
SHA,TSN
SHA,TXN
SHA,URC
SHA,WNZ
SHA,WUH
SHA,XIY
SHA,XMN
SHA,XUZ
SHA,YIC
SHA,YIH
SHA,YNZ
SHE,SJW
SHE,SZX
SHE,TNA
SHE,TPE
SHE,TYN
SHE,WEF
SHE,WUH
SHE,WUX
SHE,XIY
SHE,XUZ
SHE,YIW
SHE,YNT
SHE,YNZ
SHE,YVR
SHH,WAA
SHJ,SKT
SHJ,SLL
SHJ,SVX
SHJ,SYZ
SHJ,TAS
SHJ,TIF
SHJ,TRV
SHJ,TSE
SHJ,TUK
SHJ,UET
SHJ,UFA
SHJ,YNB
SHP,SJW
SHP,TAO
SID,SNE
SID,STR
SID,VXE
SIN,SOC
SIN,SRG
SIN,SWA
SIN,SYD
SIN,SZB
SIN,TAO
SIN,TAS
SIN,TGG
SIN,TPE
SIN,TRV
SIN,TRZ
SIN,TSN
SIN,UPG
SIN,USM
SIN,VTE
SIN,VTZ
SIN,XMN
SIN,ZRH
SIP,SVO
SJC,SJD
SJC,SLC
SJC,SNA
SJC,TUS
SJD,SLC
SJD,SNA
SJD,TIJ
SJD,TLC
SJJ,TXL
SJJ,VIE
SJJ,ZAG
SJL,TFF
SJO,TGU
SJO,TMU
SJO,TNO
SJO,TTQ
SJO,XQP
SJO,YYZ
SJP,VCP
SJU,SKB
SJU,STI
SJU,STT
SJU,STX
SJU,VIJ
SJU,VQS
SJU,YYZ
SJW,SYX
SJW,SZX
SJW,TAO
SJW,TPE
SJW,TVS
SJW,URC
SJW,WNZ
SJW,XIY
SJW,YNT
SJW,ZQZ
SJZ,TER
SKB,SXM
SKD,SVX
SKD,TAS
SKG,SKU
SKG,SMI
SKG,SVO
SKG,TXL
SKG,WMI
SKK,UNK
SKN,SVJ
SKN,TOS
SKP,SXF
SKP,TSF
SKP,VIE
SKP,ZAG
SKP,ZRH
SLC,SMF
SLC,STL
SLC,TUL
SLC,TUS
SLC,TWF
SLC,VEL
SLC,YVR
SLC,YYC
SLH,SON
SLH,TOH
SLP,TIJ
SLQ,SRV
SLU,SVD
SLU,SXM
SLY,TQL
SLZ,THE
SMF,SNA
SMI,TXL
SMK,UNK
SMK,WBB
SMS,TMM
SMS,TNR
SNA,YVR
SNE,VXE
SNN,STN
SNN,TFS
SNN,WMI
SNN,WRO
SNP,STG
SNU,VRA
SNU,YHZ
SNU,YYZ
SOF,SVO
SOF,TLV
SOF,TXL
SOF,VAR
SOF,VIE
SOF,VLC
SOF,WAW
SOF,ZRH
SOJ,TOS
SON,SSR
SON,VLI
SON,WLH
SON,ZGU
SOQ,UPG
SPB,SSB
SPC,TFN
SPP,VPE
SPR,SQS
SPR,TZA
SPU,STR
SPU,TLL
SPU,TXL
SPU,VIE
SPU,WAW
SQS,TZA
SRE,TJA
SRE,VVI
SRG,SUB
SRP,SVG
SRX,TIP
SRX,TUN
SRY,SYZ
SRZ,TDD
SSA,VCP
SSA,VDC
SSA,VIX
SSH,STN
SSH,SVO
SSH,SVX
SSH,VKO
SSJ,TRD
STL,TBN
STL,TPA
STL,TUL
STL,UIN
STL,YYZ
STM,TMT
STN,STR
STN,SUF
STN,SVQ
STN,SXB
STN,SXF
STN,SZG
STN,SZZ
STN,TFS
STN,TGD
STN,TLL
STN,TLN
STN,TMP
STN,TRN
STN,TRS
STN,TSF
STN,TUF
STN,VLC
STN,VNO
STN,VST
STN,WMI
STN,WRO
STN,XRY
STN,ZAD
STN,ZAZ
STR,SVO
STR,TFS
STR,TXL
STR,VCE
STR,XRY
STR,ZAD
STR,ZAG
STR,ZRH
STT,STX
STT,SXM
STT,VIJ
STW,SVO
STX,SXM
STX,VQS
STZ,SXO
SUB,TPE
SUB,TRK
SUB,UPG
SUF,TRN
SUF,TSF
SUF,VCE
SUF,VIE
SUF,ZRH
SUK,YKS
SUR,WNN
SUR,YXL
SUV,SVU
SUV,SYD
SUV,TBU
SUV,TVU
SUV,VBV
SVB,WMN
SVG,SXF
SVG,SZZ
SVG,TOS
SVG,TRD
SVG,VNO
SVO,SVX
SVO,TFS
SVO,TJM
SVO,TLL
SVO,TLV
SVO,TOF
SVO,TSE
SVO,TXL
SVO,UFA
SVO,ULN
SVO,URC
SVO,UUD
SVO,UUS
SVO,VAR
SVO,VIE
SVO,VOG
SVO,VVO
SVO,WAW
SVO,YKS
SVO,ZRH
SVP,VPE
SVQ,TFN
SVQ,TLS
SVR,THU
SVS,WBQ
SVU,TVU
SVX,TAS
SVX,TJU
SVX,TLV
SVX,TSE
SVX,UFA
SVX,ULV
SVX,URJ
SWA,SYX
SWA,WUH
SWA,YIW
SWA,ZHA
SWA,ZUH
SWJ,VLI
SXB,TLS
SXB,TUN
SXF,SZG
SXF,TFS
SXF,TLV
SXF,VCE
SXI,SYZ
SYD,TBU
SYD,TMW
SYD,TPE
SYD,TRO
SYD,TSV
SYD,TWB
SYD,VLI
SYD,WGA
SYD,WLG
SYD,YVR
SYD,ZQN
SYX,SZX
SYX,TNA
SYX,TPE
SYX,WNZ
SYX,WUH
SYX,WUX
SYX,XIY
SYX,XMN
SYX,YBP
SYX,YCU
SYX,YIH
SYX,YTY
SYX,ZHA
SYX,ZUH
SYX,ZYI
SYZ,TBZ
SYZ,THR
SYZ,ZAH
SZB,TGG
SZB,USM
SZG,TFS
SZG,TXL
SZG,VIE
SZI,UKK
SZX,TAO
SZX,TEN
SZX,TNA
SZX,TSN
SZX,TXN
SZX,TYN
SZX,URC
SZX,WNZ
SZX,WUH
SZX,WUX
SZX,WXN
SZX,XFN
SZX,XIY
SZX,XMN
SZX,XUZ
SZX,YBP
SZX,YCU
SZX,YIC
SZX,YIH
SZX,ZHA
SZX,ZYI
SZZ,TRF
TAH,VLI
TAK,TPE
TAO,TPE
TAO,TSN
TAO,TXN
TAO,TYN
TAO,WNZ
TAO,WUS
TAO,WUX
TAO,YCU
TAO,YNJ
TAS,TJM
TAS,TLV
TAS,TMJ
TAS,TSE
TAS,UFA
TAS,UGC
TAS,VKO
TAS,VOG
TBG,UNG
TBS,TLV
TBS,URC
TBS,VIE
TBS,VKO
TBS,WAW
TBW,VKO
TBZ,THR
TCG,URC
TCT,TLJ
TET,UEL
TET,VXC
TFN,VDE
TFN,VLC
TFS,TXL
TFS,VDE
TFS,VGO
TFS,VIE
TFS,VLC
TFS,VRN
TFS,ZQW
TFS,ZRH
TGD,ZRH
TGH,VLI
TGO,TNA
TGZ,TIJ
THE,VCP
THR,XBJ
THR,YES
TIA,TRN
TIA,VIE
TIA,VRN
TIJ,TPQ
TIJ,VER
TIJ,ZCL
TIJ,ZLO
TIM,UPG
TIP,TOB
TIP,TUN
TIU,WLG
TJA,VVI
TJM,UFA
TJM,URJ
TKP,TKX
TLC,ZIH
TLE,TNR
TLH,TPA
TLL,TRD
TLL,TYF
TLL,URE
TLL,VNO
TLL,WAW
TLS,TUN
TLS,XFW
TLS,YUL
TLV,VIE
TLV,VIN
TLV,VNO
TLV,WAW
TLV,YUL
TLV,YYZ
TLV,ZRH
TMM,TNR
TMM,WMN
TMM,WMR
TNA,TYN
TNA,URC
TNA,WNZ
TNA,WUH
TNA,XIY
TNC,WAA
TNK,WWT
TNR,WMN
TNW,UIO
TNW,XMS
TOH,ZGU
TOS,TRD
TOS,VDS
TOY,TPE
TPA,TTN
TPA,YYZ
TPA,ZRH
TPE,TSN
TPE,TYN
TPE,URC
TPE,VIE
TPE,WNZ
TPE,WUH
TPE,WUX
TPE,XIY
TPE,XMN
TPE,XUZ
TPE,YNT
TPE,YNZ
TPE,YVR
TPE,YYZ
TPS,TRN
TPS,TRS
TPS,TSF
TRF,VNO
TRF,WAW
TRG,WLG
TRK,TWU
TRK,UPG
TRS,VLC
TSA,TSN
TSA,TTT
TSA,TYN
TSA,WUH
TSA,XMN
TSE,UKK
TSE,URA
TSE,URC
TSE,VIE
TSE,VKO
TSF,TSR
TSN,TXN
TSN,TYN
TSN,UYN
TSN,WUH
TSN,XNN
TSN,YCU
TSN,YNT
TSN,ZUH
TSR,VLC
TSV,WIN
TTE,UPG
TTN,UST
TUA,UIO
TUK,UET
TUN,VCE
TUN,VIE
TUN,YUL
TUN,ZRH
TUO,WLG
TXL,UME
TXL,VCE
TXL,VIE
TXL,VRN
TXL,WAW
TXL,ZAG
TXN,TYN
TXN,XIY
TYN,URC
TYN,WUH
TYN,XMN
TYN,YCU
UAH,UAP
UAS,WIL
UBA,UDI
UBA,VCP
UCT,USK
UCT,VKO
UDI,VCP
UGC,VOG
UIO,XMS
UKA,WIL
UKB,YGJ
ULB,VLI
ULG,ULN
ULK,YKS
ULN,ULO
ULN,ULZ
ULP,WNR
UNK,WBB
URC,WUH
URC,XIY
URC,XNN
URC,YCU
URC,YIN
URS,VKO
USM,UTP
UUS,VVO
UYN,XIY
VAI,WWK
VAR,VIE
VAW,VDS
VCA,VCS
VCE,VIE
VCE,VKO
VCE,YUL
VCE,YYZ
VCE,ZRH
VCP,XAP
VER,VSA
VFA,WDH
VIE,VKO
VIE,VOL
VIE,WAW
VIE,ZAG
VIE,ZRH
VIE,ZTH
VII,VTE
VKO,VOZ
VKO,YKS
VKO,YYZ
VLI,VLS
VNO,WAW
VRA,YHZ
VRA,YUL
VRA,YYC
VRA,YYZ
VTE,XKH
VTE,ZVK
VVO,YKS
WAW,WRO
WAW,YYZ
WAW,ZAD
WAW,ZRH
WDH,WVB
WIL,WJR
WLG,WRE
WLG,WSZ
WLG,ZQN
WMI,WRO
WNN,YXL
WNZ,WUH
WNZ,XIY
WUA,XIY
WUH,WUX
WUH,XIY
WUH,XMN
WUH,XNN
WUH,YCU
WUH,YNT
WUH,YTY
WUH,ZUH
WUH,ZYI
WUS,XIY
WUS,XMN
WUX,XIY
WUX,XMN
WUZ,ZUH
WXN,XIY
WXN,XMN
XBE,YAX
XBE,YTL
XBE,YXL
XFN,XMN
XGR,YVP
XIY,XNN
XIY,YBP
XIY,YIH
XIY,YIW
XIY,YZY
XIY,ZYI
XKS,YTL
XKS,YXL
XMN,XUZ
XMN,YIH
XMN,YIW
XMN,YNZ
XMN,YTY
XMN,ZUH
XMN,ZYI
XNN,YUS
XNN,ZHY
YAA,YVR
YAB,YFB
YAB,YRB
YAC,YXL
YAC,ZRJ
YAG,YQK
YAG,YQT
YAG,YXL
YAM,YQT
YAM,YSB
YAM,YTZ
YAM,YYZ
YAT,YPO
YAT,ZKE
YAX,YER
YAX,YTL
YAX,YXL
YAY,YBX
YAY,YYR
YAY,YYT
YBC,YQB
YBC,YUL
YBC,YWK
YBC,YYY
YBG,YHU
YBG,YQB
YBG,YUL
YBG,YWK
YBG,YZV
YBK,YCS
YBK,YRT
YBK,YUT
YBK,YXN
YBL,YQQ
YBL,YVR
YBL,ZEL
YBR,YYC
YBX,YIF
YBX,YYR
YCB,YCO
YCB,YHK
YCB,YYH
YCB,YZF
YCD,YVR
YCD,YYC
YCG,YVR
YCG,YYC
YCL,YHZ
YCL,YWK
YCO,YHI
YCO,YZF
YCS,YRT
YCS,YZS
YCY,YFB
YCY,YIO
YDF,YHZ
YDF,YJT
YDF,YYR
YDF,YYT
YDF,YYZ
YDP,YNP
YDP,YYR
YDQ,YVR
YDQ,YYE
YEG,YHM
YEG,YHY
YEG,YMM
YEG,YOJ
YEG,YOP
YEG,YQQ
YEG,YQR
YEG,YQU
YEG,YSM
YEG,YUL
YEG,YVR
YEG,YWG
YEG,YXJ
YEG,YXX
YEG,YXY
YEG,YYC
YEG,YYJ
YEG,YZF
YEK,YRT
YEK,YXN
YEK,YYQ
YER,YTL
YER,YXL
YEV,YGH
YEV,YHI
YEV,YPC
YEV,YSY
YEV,YUB
YEV,YVQ
YEV,ZFM
YFA,YMO
YFA,ZKE
YFB,YGT
YFB,YLC
YFB,YOW
YFB,YRT
YFB,YTE
YFB,YUX
YFB,YVP
YFB,YXP
YFC,YHZ
YFC,YOW
YFC,YUL
YFC,YYZ
YFH,YLH
YFH,YOG
YFH,YQT
YFJ,YZF
YFO,YQD
YFO,YTH
YFO,YWG
YFS,YZF
YGK,YYZ
YGL,YGW
YGL,YPX
YGL,YUL
YGP,YGR
YGP,YQB
YGR,YQB
YGR,YVB
YGT,YIO
YGT,YUX
YGV,YPN
YGV,YZV
YGW,YKU
YGW,YPH
YGW,YSK
YGW,YUD
YGW,YUL
YGW,YUY
YGW,YVP
YGX,YTH
YGX,YWG
YGZ,YRB
YHD,YQK
YHD,YQT
YHD,YRL
YHD,YXL
YHI,YSY
YHK,YYH
YHK,YZF
YHM,YHZ
YHM,YQM
YHM,YYC
YHO,YMN
YHO,YNP
YHO,YSO
YHP,YNO
YHP,YPM
YHP,YRL
YHR,YIF
YHR,YNA
YHR,ZGS
YHR,ZTB
YHU,YQB
YHU,YVO
YHU,YZV
YHY,YSM
YHY,YZF
YHZ,YOW
YHZ,YQM
YHZ,YQX
YHZ,YQY
YHZ,YSJ
YHZ,YUL
YHZ,YYC
YHZ,YYG
YHZ,YYR
YHZ,YYT
YHZ,YYZ
YIF,ZGS
YIF,ZLT
YIK,YZG
YJT,YYT
YKA,YVR
YKA,YXS
YKA,YYC
YKF,YYC
YKG,YPJ
YKG,YQC
YKG,YVP
YKL,YQB
YKL,YVP
YKL,YWK
YKL,YZV
YKQ,YKU
YKQ,YMO
YKQ,YMT
YKQ,YNS
YKQ,YVO
YKQ,ZEM
YKT,ZEL
YKU,YNC
YKU,YVO
YLE,YZF
YLH,YWP
YLL,YYC
YLW,YVR
YLW,YXC
YLW,YXS
YLW,YXY
YLW,YYC
YLW,YYJ
YLW,YYZ
YMM,YPY
YMM,YQF
YMM,YVR
YMM,YYC
YMM,YYZ
YMN,YRG
YMN,YSO
YMO,YTS
YMT,YNS
YMT,YUL
YNA,YZV
YNA,ZGS
YNA,ZKG
YNC,ZEM
YNO,YPM
YNO,YRL
YOJ,YOP
YOW,YQB
YOW,YQM
YOW,YTZ
YOW,YUL
YOW,YVR
YOW,YWG
YOW,YXU
YOW,YYC
YOW,YYT
YOW,YYZ
YOW,YZF
YPH,YPX
YPH,YUD
YPH,YVP
YPJ,YTQ
YPJ,YVP
YPL,YQT
YPL,YWP
YPM,YRL
YPM,YVZ
YPM,YXL
YPM,ZSJ
YPN,YZV
YPR,YVR
YPW,YVR
YPX,YVP
YPY,YSM
YQB,YTZ
YQB,YUL
YQB,YVB
YQB,YWK
YQB,YYY
YQB,YYZ
YQB,YZV
YQC,YWB
YQD,YTH
YQD,YWG
YQF,YYC
YQG,YTZ
YQG,YYC
YQK,YWG
YQL,YYC
YQM,YUL
YQM,YYZ
YQQ,YVR
YQQ,YYC
YQR,YVR
YQR,YYC
YQR,YYZ
YQT,YSB
YQT,YTS
YQT,YTZ
YQT,YWG
YQT,YWP
YQT,YXL
YQT,YYU
YQT,YYZ
YQU,YYC
YQX,YYR
YQX,YYT
YQY,YYZ
YQZ,YVR
YQZ,YWL
YRA,YZF
YRG,YYR
YRL,YVZ
YRL,YWG
YRL,YXL
YRL,ZSJ
YRT,YTH
YRT,YUT
YRT,YXN
YRT,YYQ
YRT,YZF
YRT,YZS
YSB,YTS
YSB,YTZ
YSB,YYB
YSB,YYZ
YSG,YZF
YSJ,YUL
YSJ,YYZ
YSK,YUD
YSK,YWG
YSM,YZF
YSO,YYR
YTE,YZS
YTH,YWG
YTH,YYQ
YTQ,YVP
YTS,YTZ
YTS,YYU
YTS,YYZ
YTZ,YUL
YUL,YUY
YUL,YVO
YUL,YVP
YUL,YVR
YUL,YWK
YUL,YYC
YUL,YYG
YUL,YYT
YUL,YYY
YUL,YZV
YUL,ZBF
YUL,ZRH
YUL,ZSA
YUT,YZS
YUY,YVO
YVB,YWK
YVB,YYY
YVB,ZBF
YVM,YXP
YVQ,YZF
YVQ,ZFN
YVR,YWG
YVR,YWL
YVR,YXC
YVR,YXE
YVR,YXJ
YVR,YXS
YVR,YXT
YVR,YXY
YVR,YYD
YVR,YYF
YVR,YYJ
YVR,YYZ
YVR,YZP
YVR,YZT
YVR,YZZ
YVR,ZMT
YVZ,ZSJ
YWB,YZG
YWG,YXE
YWG,YXU
YWG,YYC
YWG,YYQ
YWJ,YZF
YWJ,ZFN
YWK,YYR
YWK,YYY
YWK,YZV
YWK,ZUM
YXC,YYC
YXE,YYC
YXH,YYC
YXJ,YXS
YXJ,YYC
YXJ,YYE
YXL,ZPB
YXL,ZRJ
YXL,ZSJ
YXS,YXT
YXS,YYC
YXS,YYD
YXS,YYE
YXT,YYD
YXU,YYC
YXU,YYZ
YXX,YYC
YXY,YYC
YXY,YZF
YYB,YYZ
YYC,YYZ
YYC,YZF
YYG,YYZ
YYH,YZF
YYJ,YYZ
YYR,YYT
YYR,ZUM
YYT,YYZ
YYY,YZV
YYZ,YZR
YYZ,ZRH
YZT,ZEL
YZV,ZGS
ZAD,ZAG
ZAG,ZRH
ZAH,ZBR
ZAL,ZOS
ZGS,ZKG
ZLT,ZTB
