airport,name,country,in_deg,out_deg,pagerank,pagerank_w,ppr_india,betweenness_approx,degree_undirected,total_deg,rank_degree_undirected,rank_pagerank,rank_pagerank_w,rank_ppr_india,rank_betweenness_approx,ppr_lift,rank_gap,mean_inneighbour_pr,pr_resid,mean_log_nbr_outdeg,mean_nbr_share,frac_nbr_top50
AAE,Rabah Bitat Airport,Algeria,7,7,0.0001580641202890892,0.00013170555894080166,8.451684593994131e-05,1.8331636618166974e-06,7,14,912,1548,1633,942,1322,0.5346997521345476,-594.5,0.002194534225482106,-0.4654949978580394,4.540023979380006,1.91352175733661e-05,0.42857142857142855
ALG,Houari Boumediene Airport,Algeria,65,65,0.0015364603012059015,0.001327727919858089,0.0008835778473501606,0.011642263888863209,67,130,128,109,139,200,72,0.5750736590178597,20.0,0.0011853169816619772,0.434943087469013,3.2164867935873436,2.7009062925022145e-05,0.18461538461538463
CDG,Charles de Gaulle International Airport,France,233,237,0.00396365052257497,0.004942786136101074,0.0045401679730682635,0.05455258557075912,240,470,3,7,5,49,4,1.145451130771933,-4.0,0.001258980394641246,0.5956053088923037,3.8462694692367063,1.9790158800585307e-05,0.17167381974248927
IST,Istanbul Airport,Turkey,230,227,0.004412722838437625,0.004106518222865573,0.005728413848828159,0.044904503777288815,236,457,4,2,15,27,10,1.2981585425964277,2.0,0.0009913847381432003,0.710920754449635,3.3181887249650592,2.2345336403735635e-05,0.12608695652173912
LYS,Lyon Saint-Exupéry Airport,France,78,77,0.001275621698220841,0.00136300261343241,0.0007879107274529544,0.0039191611581491925,78,155,104,136,130,218,168,0.6176680190936576,-31.0,0.001168691544718148,0.1364990318249486,3.6296937712883777,1.857333520165256e-05,0.15384615384615385
MRS,Marseille Provence Airport,France,85,86,0.0014065644722938329,0.001341288768570586,0.0008271029692907252,0.0034927686870330262,86,171,86,119,135,209,181,0.5880306133012739,-32.0,0.0010699426880723547,0.18123429895061793,3.558078558681769,1.8856123157328615e-05,0.1411764705882353
ORN,Es Senia Airport,Algeria,23,23,0.0005124302232904934,0.0004716560373266412,0.00027486285365030296,0.0009200438251363707,24,46,386,426,433,471,376,0.536390792653315,-37.0,0.0013706906629240134,-0.02267859095079583,3.5745958832819693,2.394990526253284e-05,0.2608695652173913
ORY,Paris-Orly Airport,France,120,119,0.002254289522351075,0.002341131029744351,0.0011477914330008292,0.01124382074893168,123,239,44,50,65,164,78,0.5091588376828183,-5.5,0.0007622234501678316,0.4403338545541553,3.1357388971903535,2.166745047845236e-05,0.058333333333333334
AAL,Aalborg Airport,Denmark,13,13,0.00022554109132690454,0.00022718352930715512,0.00012430934099734087,5.710643431673135e-06,13,26,592,1009,902,747,1167,0.5511605014678412,-401.5,0.0019539887328710263,-0.49161483984623544,4.524864014707836,1.641009191966406e-05,0.38461538461538464
AAR,Aarhus Airport,Denmark,8,8,0.0001649189928224565,0.00012049042282232065,6.554475960863403e-05,8.074851253554243e-06,8,16,829,1478,1793,1070,1117,0.3974360896030709,-608.0,0.0013371973428398058,-0.5053599729309735,4.098821107851094,1.7751384869834102e-05,0.0
AGP,Málaga Airport,Spain,115,115,0.0015861757569907663,0.0017250892462114735,0.0010195428015636863,0.002474850035510614,117,230,49,105,101,183,228,0.6427678629371596,-56.0,0.0011189130078248003,0.11506181957096917,3.91194791562717,1.5774590111592765e-05,0.12173913043478261
ALC,Alicante International Airport,Spain,96,96,0.0014231994749552474,0.0014373706533590445,0.0007923241235486023,0.002581337242654919,96,192,68,117,121,216,220,0.5567203596484723,-48.5,0.0009750043065340036,0.11796863285608605,3.658882357114974,1.689938604187528e-05,0.10416666666666667
AMS,Amsterdam Airport Schiphol,Netherlands,231,232,0.0036586332817656994,0.004153071461718993,0.0036506130871922465,0.04200071770398569,248,463,1,10,13,63,11,0.9978078714219802,-9.0,0.0012317482317265747,0.5208439784559236,3.872843472786841,1.8408065748349992e-05,0.16017316017316016
ARN,Stockholm-Arlanda Airport,Sweden,123,123,0.002433778609275849,0.002563003999879737,0.0013685829367580417,0.022879524826278426,124,246,43,41,50,147,30,0.5623284433275763,2.0,0.0011560286347201045,0.5017216839169087,3.458815822444261,2.2855753569683674e-05,0.15447154471544716
BCN,Barcelona International Airport,Spain,163,163,0.002460418798538636,0.0034751587262281743,0.0017374918804871034,0.01055115958600729,163,326,16,39,23,127,81,0.706177290434899,-23.0,0.0011407633814858422,0.3390302726704544,3.832662049929773,1.743925821551223e-05,0.13496932515337423
BLL,Billund Airport,Denmark,39,39,0.000579670791776338,0.00045915680033383507,0.0003632558145635784,0.0003027570353016788,39,78,245,382,445,392,569,0.626658820345977,-134.0,0.001426094755721841,-0.22492251847821176,4.135285952246192,1.615267621919395e-05,0.15384615384615385
CPH,Copenhagen Kastrup Airport,Denmark,120,121,0.0019191969820693247,0.002136884316781319,0.0013942391807429818,0.026298810873243,122,241,46,80,79,146,25,0.7264700777299469,-33.5,0.0013752674406551937,0.27940585898531545,3.96593795345176,1.8382229490537082e-05,0.2
LGW,London Gatwick Airport,United Kingdom,165,165,0.002474160903725206,0.0030050947522960872,0.001656479481690768,0.009257548158840794,165,330,15,38,32,131,90,0.6695116227876283,-23.0,0.0009706065084359923,0.33708193771383055,3.688083038824202,1.7325856191543097e-05,0.07878787878787878
OSL,Oslo Lufthavn,Norway,104,104,0.0019028386562884993,0.0020907908474138257,0.0010819696164521026,0.014436428837146884,105,208,56,82,82,176,58,0.5686081754101486,-25.5,0.0011324826160259574,0.3590637157998655,3.537877732757787,2.102521586476983e-05,0.14423076923076922
PMI,Palma De Mallorca Airport,Spain,126,126,0.0018070933878818402,0.002365042865177705,0.001056449661729902,0.0032248170789844193,127,252,40,86,62,177,193,0.5846126541186701,-45.5,0.0008781008765000484,0.18914083413023874,3.5360592597600973,1.646016633573477e-05,0.07936507936507936
SVG,Stavanger Airport Sola,Norway,35,37,0.0005790450527958512,0.0005469038168144028,0.0003149859799078568,0.0007559392383742871,37,72,266,383,384,431,413,0.5439749090109377,-113.0,0.0012438871735358796,-0.1592917384789967,3.811869446355012,1.7977663113496077e-05,0.2
AAN,Al Ain International Airport,United Arab Emirates,2,2,8.144447416260062e-05,6.563973638573775e-05,0.00028912669389597807,0.0,2,4,1914,2715,2870,450,1725,3.549985396415578,-429.5,0.0003821357505470685,-0.3562787784707879,2.8617925509761903,2.190288137131055e-05,0.0
CCJ,Calicut International Airport,India,16,18,0.00035232362045240666,0.00035628260827276937,0.004929495146727026,0.00013496415044471078,18,34,488,610,563,42,779,13.991384229071077,-109.5,0.0013177167376556176,-0.17357129705480379,3.7025781313963035,2.2655444475286748e-05,0.0625
PEW,Peshawar International Airport,Pakistan,17,17,0.0004119478806417303,0.000412862249494157,0.0011268995742103837,0.0006185067890258906,17,34,514,520,500,166,439,2.7355391960140816,3.0,0.0012753349150788009,-0.05459807745188794,3.5141972384917,2.5449017651947974e-05,0.11764705882352941
AAQ,Anapa Vityazevo Airport,Russia,3,3,9.485488642897253e-05,7.494416312158683e-05,4.2018870731956484e-05,3.852414018934615e-08,3,6,1507,2474,2666,1312,1672,0.44298056024156723,-764.0,0.002963721043514115,-0.45381065765054807,4.970680226809353,1.9860906127085735e-05,0.6666666666666666
DME,Domodedovo International Airport,Russia,189,189,0.004134581192429684,0.0043787198510294835,0.0034149721553257436,0.03207434903951785,190,378,9,6,12,66,16,0.8259535842659163,3.0,0.0006859007412156912,0.7668485802229172,2.7129441284154177,2.546138574697046e-05,0.06349206349206349
LED,Pulkovo Airport,Russia,112,110,0.002177910737569903,0.0021938406466006353,0.0015876393073391852,0.008850604977869544,113,222,50,56,73,138,93,0.7289735432916142,-5.5,0.0009519716036633112,0.44839733426182793,3.1800879683790604,2.241282735220698e-05,0.125
SVO,Sheremetyevo International Airport,Russia,144,144,0.0025786712005427563,0.002142002631201886,0.0024382433321181577,0.017574186640895714,144,288,29,35,78,110,45,0.9455425459457408,-5.5,0.0011148958283080095,0.46237676987889564,3.552538090685028,2.070638584424253e-05,0.1597222222222222
BMA,Stockholm-Bromma Airport,Sweden,15,15,0.00046020243211784134,0.0005402872284170059,0.00012021101930344268,0.00038122022897173945,15,30,551,468,390,757,528,0.26121335072097346,94.0,0.00041855719345148965,0.13333134111816403,1.887280302233161,3.262689071063156e-05,0.0
GOT,Gothenburg-Landvetter Airport,Sweden,32,32,0.0005426517646290468,0.0005510402306682812,0.000403215511313994,0.0008991278157188341,32,64,303,401,381,365,381,0.7430465311204313,-91.5,0.0018101981297644174,-0.1689606826975183,4.320819455545545,1.8325080491789054e-05,0.3125
STN,London Stansted Airport,United Kingdom,152,153,0.0022538786714142232,0.0016902700845433138,0.0011870306105979326,0.004763603564166806,153,305,21,51,103,161,150,0.5266612731434723,-29.0,0.0006084120875037465,0.29442410469889513,3.1921153369173187,1.710270200222697e-05,0.02631578947368421
AAT,Altay Air Base,China,1,1,6.36036372833587e-05,6.161912903783942e-05,1.4072079368740314e-05,0.0,1,2,2658,3201,3034,2130,1725,0.2212464564887729,-162.5,0.0012549098575257447,-0.17622255632220174,4.007333185232471,2.2816542864104448e-05,0.0
URC,Ürümqi Diwopu International Airport,China,55,55,0.0012549098575257447,0.001570157608554863,0.0009105463151965687,0.0037362474403940136,55,110,165,140,111,196,171,0.7255870290092838,28.0,0.0008878884976772254,0.33551002642515826,3.0646469454752614,2.589733224645619e-05,0.09090909090909091
AAX,Romeu Zema Airport,Brazil,1,1,8.388128875879661e-05,7.35643200743156e-05,2.265298636867942e-06,0.0,2,2,1914,2656,2680,3054,1725,0.027006006588452428,-371.0,0.000560071240967709,0.10050935520842863,2.4849066497880004,4.667260341397575e-05,0.0
POJ,Patos de Minas Airport,Brazil,2,1,0.00015518038419620321,0.00013609399213711514,4.1908024566530524e-06,0.0,2,3,1914,1591,1585,2838,1725,0.027006006450882265,694.5,0.0003219762648632528,0.2883879413629469,1.2424533248940002,6.527694608638618e-05,0.0
AAY,Al Ghaidah International Airport,Yemen,1,1,6.712796886465145e-05,7.035292329242066e-05,5.989886642544216e-05,0.0,1,2,2658,3104,2727,1108,1725,0.8923086373463025,-63.0,0.0005931819369923067,-0.12229243427583825,3.091042453358316,2.6962815317832122e-05,0.0
SAH,Sana'a International Airport,Yemen,24,22,0.0005931819369923067,0.0005697997802141919,0.001550323602769602,0.002611715432662012,25,46,378,376,369,140,217,2.6135718336779177,5.5,0.0011831494235201008,0.09742113088289539,3.218392605650584,2.6910409880567148e-05,0.08333333333333333
ABA,Abakan Airport,Russia,4,4,0.00011968288018669195,9.205105668140759e-05,5.3530916636129356e-05,2.0622226438967373e-06,4,8,1270,2056,2274,1170,1306,0.44727296462641186,-668.0,0.0019338303487792734,-0.39866174112912667,3.9854150244023048,2.2198030705697946e-05,0.5
IKT,Irkutsk Airport,Russia,28,28,0.0007954873780507007,0.0007477932053863212,0.000412673440867384,0.0017425920660622853,28,56,352,259,283,361,296,0.5187680562306572,96.0,0.0008372086515070976,0.29584510201640946,2.6058547922816095,3.156629423173992e-05,0.14285714285714285
NSK,Norilsk-Alykel Airport,Russia,10,11,0.00022658162409395252,0.00020714918198112413,0.000145621639961053,1.5688598600752095e-06,11,21,660,999,1001,672,1339,0.6426895408811736,-318.0,0.0012078082466463933,-0.3252712678708356,3.5807636659137985,2.1455535109636987e-05,0.1
ABB,Asaba International Airport,Nigeria,2,2,9.713258172638906e-05,8.00088066445217e-05,3.038843030505071e-05,0.0,2,4,1914,2426,2502,1542,1725,0.31285516934627877,-143.0,0.0010085230950557893,-0.18012340073570599,3.4900379702808815,3.1131179940638104e-05,0.0
ABV,Nnamdi Azikiwe International Airport,Nigeria,25,25,0.0009169934510879143,0.000778074214680053,0.00041456248288055883,0.0022229440094312103,25,50,378,217,269,358,253,0.452088815234967,164.5,0.0007590994294551193,0.5078546130539321,2.0374667516111535,4.107218238628305e-05,0.12
LOS,Murtala Muhammed International Airport,Nigeria,42,43,0.0011000527390236643,0.0009734426236848822,0.0008242495959529995,0.0044076380880790425,44,85,217,169,203,210,156,0.7492818905069498,49.5,0.001410162212975734,0.37004492102278164,3.1789427792114786,2.957543876458717e-05,0.2857142857142857
ABD,Abadan Airport,Iran,3,3,0.0001306206837922692,0.00016564030242814797,9.106717996824651e-05,0.0,3,6,1507,1878,1289,904,1725,0.6971880511135123,-168.0,0.0011667280788420211,-0.13386129070782182,3.5108586989317843,3.388670901513876e-05,0.0
MHD,Mashhad International Airport,Iran,37,39,0.0010985640218788392,0.0012272679963049066,0.001590574295239302,0.0049821878428311945,40,76,241,171,153,137,146,1.4478667274384183,71.5,0.0006968389308112274,0.4468297914670467,2.3987648081538167,3.3524783680150585e-05,0.05405405405405406
SYZ,Shiraz Shahid Dastghaib International Airport,Iran,26,26,0.0007506367361076922,0.0007466343963955146,0.001026452858483271,0.002357897964286617,27,52,359,288,284,181,233,1.3674428776371639,72.0,0.000865795949234559,0.2834975695719004,2.607392467635021,3.196502989847953e-05,0.07692307692307693
THR,Mehrabad International Airport,Iran,37,37,0.0016509834785395317,0.0017772552806832062,0.0009943730226141517,0.0072867861541398874,38,74,252,99,97,186,107,0.6022913224387799,159.5,0.0002512626156745754,0.8541970570868163,1.2458682337225782,5.108979025290329e-05,0.0
ABE,Lehigh Valley International Airport,United States,9,9,0.0002065762220565577,0.00017044426170829567,3.87024598820069e-05,2.799356401351203e-05,9,18,750,1145,1249,1375,980,0.1873519589849538,-356.0,0.0021660896915700286,-0.35275506689123404,4.30194474581122,2.12243981963025e-05,0.5555555555555556
ATL,Hartsfield Jackson Atlanta International Airport,United States,216,217,0.004679774644618856,0.009311709812802927,0.0011552629863384812,0.03880304803125445,217,433,5,1,1,163,14,0.24686295261394398,4.0,0.0008985178589892274,0.8083938958510251,2.986357216119734,2.524817575855134e-05,0.12962962962962962
CLT,Charlotte Douglas International Airport,United States,139,141,0.0028093619259862046,0.0031434120544329867,0.0006781069795866046,0.005970383645025121,141,280,31,23,29,247,128,0.24137401924408883,8.0,0.0010048611114122949,0.5698457194560236,3.178529130812406,2.340374397246469e-05,0.15827338129496402
DTW,Detroit Metropolitan Wayne County Airport,United States,134,135,0.0026866430907223535,0.002285029681471572,0.0007230992046263591,0.00855634482002126,135,269,35,28,70,234,95,0.26914598635129483,7.0,0.0010639549875658756,0.5477648091950771,3.222817645556049,2.3199591878986248e-05,0.1791044776119403
MYR,Myrtle Beach International Airport,United States,23,23,0.0005318425880914973,0.00041965108481046675,0.0001126398231701997,0.001919130080500624,23,46,393,411,490,789,288,0.21179165732929484,-10.5,0.0016102086666163833,0.014504415495313339,3.4919105184692687,2.494286507570426e-05,0.34782608695652173
ORD,Chicago O'Hare International Airport,United States,203,206,0.004291272777137045,0.00586140094459525,0.0017160935301390946,0.05252827293542126,206,409,7,3,2,129,5,0.3999031567701924,4.0,0.0010160676257751865,0.7599933373835706,3.134524606153138,2.4613521885006185e-05,0.15270935960591134
PGD,Charlotte County Airport,United States,17,18,0.00038412150836507797,0.00025033389193935765,5.9002012510542e-05,3.638065513012631e-05,18,35,488,551,783,1119,957,0.15360247011855718,-50.5,0.0002640752966799623,-0.12453598493343421,2.296793311377353,2.3523317128058702e-05,0.0
PHL,Philadelphia International Airport,United States,121,122,0.0022775896822821435,0.002884483436016588,0.0007603123251130947,0.007986714782325445,123,243,44,48,40,226,97,0.33382322155203226,-3.5,0.0012467363468916528,0.44550073159977277,3.5484156426278997,2.171492568601758e-05,0.19008264462809918
PIE,St Petersburg Clearwater International Airport,United States,31,31,0.0006946599715055094,0.00044136660226563336,0.00010955723349934652,6.501634098729408e-05,31,62,317,311,470,797,890,0.1577134684497617,9.0,0.00021356793254839306,0.09756623637315531,2.095158340825109,2.4685024502695495e-05,0.0
SFB,Orlando Sanford International Airport,United States,48,49,0.001139541035421571,0.0007646514800967226,0.00018477687677236987,0.003987447201178999,50,97,185,162,276,609,164,0.1621502614024005,25.5,0.00029634890710638674,0.3229937781257224,2.0752285110100783,2.6846359303306817e-05,0.020833333333333332
ABI,Abilene Regional Airport,United States,1,1,6.325296147933587e-05,6.365633497022433e-05,4.2075812106363475e-06,0.0,1,2,2658,3225,2950,2827,1725,0.06651990851070148,-188.5,0.004189544835300546,-0.18175126670370467,5.231108616854587,2.2403983076473507e-05,1.0
DFW,Dallas Fort Worth International Airport,United States,185,187,0.004189544835300546,0.005375126666781624,0.000925667868689035,0.026291301794251723,188,372,10,5,4,195,26,0.2209471207682231,5.5,0.000920557855659364,0.7932417447388085,2.9199103127919304,2.6361432493161778e-05,0.14054054054054055
ABJ,Port Bouet Airport,Cote d'Ivoire,20,21,0.00044240530300162373,0.0006541642844367279,0.00026828021556482426,0.00020718353903780286,21,41,421,486,323,479,718,0.606412748094567,-56.0,0.0010039372548400608,-0.08345713500880336,3.325506031350534,2.3423278089333004e-05,0.1
ACC,Kotoka International Airport,Ghana,28,30,0.0007547926295944665,0.0008234934914997747,0.00048466427771379726,0.00350906635067689,30,58,324,287,249,309,179,0.6421158059985254,44.0,0.0014309445617383943,0.24333316978468922,3.2690745272330353,2.9856430850072044e-05,0.2857142857142857
BKO,Modibo Keita International Airport,Mali,16,16,0.00034968887733913956,0.0003490231999979073,0.00023262312929534944,9.153935788353083e-05,16,32,533,613,570,533,844,0.6652288487567307,-71.5,0.001234382122522313,-0.18107758930069462,3.6708739650956925,2.2461713366245016e-05,0.125
BOY,Bobo Dioulasso Airport,Burkina Faso,2,2,8.060688202298956e-05,6.624741324028709e-05,2.2410945556262548e-05,0.0,2,4,1914,2747,2850,1753,1725,0.278027694333479,-461.5,0.0003843534592965975,-0.36661623714172364,2.8762863194128165,2.1410180114995797e-05,0.0
BRU,Brussels Airport,Belgium,147,146,0.002246648532877084,0.00290627345007001,0.002575527261121837,0.006778813129286843,153,293,21,53,39,96,116,1.1463863721592389,-31.0,0.0012235399442017594,0.3118308573395092,3.9326734987857037,1.7626562303043775e-05,0.1564625850340136
CKY,Conakry International Airport,Guinea,8,8,0.00019588492009996005,0.00024642151753195233,9.122451380144768e-05,7.933652794378218e-06,8,16,829,1224,805,902,1119,0.4657046277727547,-354.0,0.0009767913077385543,-0.3332870292358905,3.203848305452955,2.2305197703960737e-05,0.125
CMN,Mohammed V International Airport,Morocco,87,87,0.0016926813592599132,0.0014312455616575463,0.0012360955083831695,0.004318428602106522,93,174,74,95,123,158,158,0.7302588296497957,-20.5,0.0011794173478389413,0.352060741553478,3.516622420825614,2.229170770858156e-05,0.1839080459770115
COO,Cadjehoun Airport,Benin,19,18,0.0004656032526278137,0.0005424300956632394,0.00027780845030261203,0.00020690235336244357,20,37,440,462,388,467,719,0.5966634655894081,-11.5,0.000890955192580793,-0.0007287193924829793,3.1333190566820703,2.6092487748272716e-05,0.05263157894736842
DKR,Léopold Sédar Senghor International Airport,Senegal,31,31,0.0006600097996435708,0.0008375933752458727,0.0003722176520214991,0.0010431885278339098,32,62,303,335,240,384,360,0.5639577658127352,-25.5,0.0012933092125570228,0.0463984430174218,3.530738790021796,2.3370027488588332e-05,0.25806451612903225
DLA,Douala International Airport,Cameroon,19,21,0.0004895719834963651,0.0007341884503571837,0.0003228507501245276,0.000505268703571754,21,40,421,439,286,418,484,0.6594551179559576,-9.0,0.0011520141706956215,0.049468904640125544,3.2686199675347605,2.757661969156312e-05,0.10526315789473684
FNA,Lungi International Airport,Sierra Leone,11,11,0.0002598436117406705,0.0003035775792728497,0.00014134630884422524,6.245312093470215e-05,12,22,624,828,648,683,897,0.5439668418144215,-186.5,0.0011537282134548685,-0.247052787905929,3.4335316099248874,2.3062463751600998e-05,0.18181818181818182
LBV,Libreville Leon M'ba International Airport,Gabon,15,16,0.00042192805019313303,0.00037082491795162645,0.00025668090382997654,4.1704006294690354e-05,16,31,533,509,544,495,946,0.6083523096236043,32.5,0.0010463373546402222,0.0464996809430005,3.216365812167828,2.962497840351587e-05,0.13333333333333333
LFW,Lomé-Tokoin Airport,Togo,14,14,0.000335927653620236,0.0002970586011964779,0.0001989171958675397,9.522248533910139e-05,16,28,533,634,665,584,839,0.5921429621046153,-92.5,0.0011017115731515677,-0.1389070058890729,3.453843471361305,2.451412420275471e-05,0.14285714285714285
NBO,Jomo Kenyatta International Airport,Kenya,61,64,0.001703626743355405,0.0020237471236758276,0.0024959604260721816,0.011500864157549223,67,125,128,93,84,107,74,1.465086431524445,36.0,0.001119298882599698,0.5773755278848718,3.0988233687009297,3.2004188403373564e-05,0.18032786885245902
OUA,Ouagadougou Airport,Burkina Faso,14,15,0.00032630161559157124,0.00042526078991228386,0.00020385855046007735,0.0001572464341931535,15,29,551,645,487,574,747,0.6247549528386193,-83.0,0.0011317006693261653,-0.16798067122886629,3.4532366349191754,2.370521344522645e-05,0.07142857142857142
ROB,Roberts International Airport,Liberia,6,6,0.00015607961702407598,0.00022880591607806378,8.016673421060222e-05,9.336322329408541e-07,7,12,912,1581,893,965,1408,0.5136271842481273,-627.5,0.0013689043608658847,-0.3830996804330038,3.7564639112778715,2.1935302209340197e-05,0.16666666666666666
TUN,Tunis Carthage International Airport,Tunisia,60,60,0.0010850964831592084,0.0009944130837287017,0.0010224998739495716,0.0017564123821307593,61,120,143,176,197,182,294,0.942312402462692,-31.5,0.001424043952922486,0.13647495943379973,3.8614861616121727,2.0409547224284272e-05,0.2
ABL,Ambler Airport,United States,2,2,0.00022353785640015917,0.0002457173230723587,5.039409048791516e-07,0.0,3,4,1507,1022,808,3267,1725,0.0022543873015272984,688.0,0.0006873897344109025,0.6533805116671196,1.5890269151739729,0.00010548722314299231,0.0
OTZ,Ralph Wien Memorial Airport,United States,13,12,0.0011433966914998028,0.0012272192940253608,4.423952283596464e-06,0.0034703476482617584,14,25,574,158,154,2801,183,0.003869131611526293,424.5,0.0004255247503191184,1.1316414598949356,0.9955953061541242,9.947394649907126e-05,0.0
SHG,Shungnak Airport,United States,2,1,0.0002202037650012553,0.00024343337948472363,5.275406458498493e-07,0.0002892199824715162,3,3,1507,1044,819,3265,599,0.0023956931247149293,666.0,0.000683467273949981,0.6383530543309135,1.5890269151739729,0.00010352599291253158,0.0
ABM,Northern Peninsula Airport,Australia,1,1,8.15409886026488e-05,6.345629982163208e-05,1.0902078497736948e-05,0.0,1,2,2658,2711,2964,2315,1725,0.13370059260457387,329.5,0.0013175792725022015,0.07221260643805216,3.4011973816621555,4.3919309083406714e-05,0.0
CNS,Cairns International Airport,Australia,29,30,0.0013175792725022015,0.001270433552105912,0.00038477924225683175,0.01020575576794622,30,59,324,129,149,377,83,0.2920349843741101,202.0,0.000850024554520971,0.7788086904559846,2.264890763139113,5.1657999844378085e-05,0.10344827586206896
ABQ,Albuquerque International Sunport,United States,23,23,0.000528144499846043,0.0004999484305044607,0.00010625137746068173,0.0005981325665539762,23,46,393,413,417,814,441,0.20117861208751506,-12.5,0.0021526009270848453,0.007526777198151535,4.138761998663489,2.4753704547378655e-05,0.391304347826087
BWI,Baltimore/Washington International Thurgood Marshall Airport,United States,72,72,0.0013770024668496184,0.0014198980449775316,0.00037456402918259186,0.000480984341759658,72,144,117,121,125,383,493,0.2720140582170052,-2.5,0.0013514666764535505,0.2623186062711227,3.7812188394303896,2.1777661618139745e-05,0.2222222222222222
CNM,Cavern City Air Terminal,United States,1,1,6.37279595568519e-05,5.429093735924963e-05,3.926681336240374e-06,0.0,1,2,2658,3199,3295,2874,1725,0.061616304108048046,-158.0,0.000528144499846043,-0.17426982320515272,3.1354942159291497,2.29628043411323e-05,0.0
DAL,Dallas Love Field,United States,21,24,0.00046632946800990283,0.00043103188380347,7.97452759890013e-05,0.0020225944949868666,24,45,386,461,481,968,263,0.17100629803499326,-72.0,0.0008018658551230251,-0.060869031087857906,2.9727504268600464,2.3648173228911407e-05,0.09523809523809523
DEN,Denver International Airport,United States,168,169,0.004260935440547963,0.004754413798124038,0.0007296645872915137,0.027003018832712552,170,337,13,4,9,230,22,0.17124516376095988,9.0,0.0008016077654157354,0.8695614151856104,2.692476832832647,2.9528892604781744e-05,0.10714285714285714
HOU,William P Hobby Airport,United States,47,49,0.000866316651178255,0.0006990719808660335,0.00019932505497155368,0.00012277869553735065,49,96,191,234,298,583,794,0.23008337044019275,-40.5,0.0012316297619111008,0.061842282509460667,3.628652873539176,2.057839988276039e-05,0.1702127659574468
IAH,George Bush Intercontinental Houston Airport,United States,168,169,0.0035295642510032752,0.0026950893385771124,0.0009597449855540508,0.022669285004218984,169,337,14,12,45,189,31,0.2719159979255922,2.0,0.0010454919356018967,0.6812471137104614,3.1380752246084516,2.4407245626142623e-05,0.16071428571428573
JFK,John F Kennedy International Airport,United States,160,162,0.0030286595452922362,0.00445462975697954,0.002019886053869213,0.027112176257050296,162,322,17,16,11,117,21,0.666924104100421,1.5,0.0014589851032285872,0.5582706756259617,3.891335108403277,2.1944485077693615e-05,0.21875
LAM,Los Alamos Airport,United States,1,1,6.37279595568519e-05,5.429093735924963e-05,3.926681336240374e-06,0.0,1,2,2658,3199,3295,2874,1725,0.061616304108048046,-158.0,0.000528144499846043,-0.17426982320515272,3.1354942159291497,2.29628043411323e-05,0.0
LAS,McCarran International Airport,United States,133,133,0.0027124065280925407,0.0027095684423621472,0.0006291015895985744,0.011698067693315347,133,266,37,27,44,255,71,0.23193484571097114,10.5,0.0010277769932345738,0.5619263777437409,3.2216557107882493,2.3601919077581507e-05,0.15037593984962405
LAX,Los Angeles International Airport,United States,148,149,0.0033424849769630493,0.005653671632006115,0.0010934798611676412,0.06966430506456917,149,297,25,13,3,171,1,0.3271457818671086,12.0,0.001378237380695232,0.7049263287993588,3.455721072540018,2.621840541140923e-05,0.25
MCI,Kansas City International Airport,United States,43,43,0.0008368450844550587,0.0007934093780333809,0.0001963042099846789,0.0017215213185287413,43,86,221,240,259,591,299,0.23457652274137372,-17.5,0.0018778026886315325,0.08206455353730302,4.2037766872651945,2.1686334023017804e-05,0.32558139534883723
MDW,Chicago Midway International Airport,United States,75,74,0.0014225243348494907,0.0013293675356482555,0.00032123934943427575,0.002553248925566043,75,149,110,118,137,422,222,0.22582344749010166,-7.5,0.0010393661386537314,0.2696769003282533,3.4564855435158437,2.162062366914575e-05,0.13333333333333333
MSP,Minneapolis-St Paul International/Wold-Chamberlain Airport,United States,130,130,0.0028879205208305514,0.0025226449437400103,0.0006068223949699038,0.01326799643836427,131,260,39,19,54,264,65,0.21012434053946358,20.0,0.0009815176217253636,0.6386914696498556,3.04245116220759,2.5734940673830308e-05,0.13846153846153847
OAK,Metropolitan Oakland International Airport,United States,33,34,0.0006809947874605391,0.0006337921590296212,0.00015303588441848987,0.0006409108853978855,35,67,277,320,331,660,434,0.22472401732936564,-38.5,0.0014185616213430873,0.03915625211112417,3.6640812614635667,2.2701790070283232e-05,0.24242424242424243
PDX,Portland International Airport,United States,57,57,0.0012450534159651986,0.0013281193155290512,0.00028957403046832997,0.002145930786090376,58,114,151,143,138,449,256,0.23257960401951466,9.5,0.001475530387624664,0.30560545557891405,3.544034037682655,2.4785218568332125e-05,0.2631578947368421
PHX,Phoenix Sky Harbor International Airport,United States,91,91,0.0019085222575440006,0.0027398466822824603,0.000423006532678398,0.004628480506654106,91,182,78,81,42,352,151,0.22164086952946926,-2.5,0.0012249782211292725,0.4443647709210028,3.4498903074990457,2.410229710687075e-05,0.1978021978021978
SAN,San Diego International Airport,United States,56,55,0.0010811947869627798,0.0011841194756807435,0.00030248148160018807,0.0023232003155369803,57,111,155,179,158,442,235,0.279765945274208,-21.0,0.0016650199642214874,0.1754050610258604,3.9498996822533763,2.1785403592608134e-05,0.32142857142857145
SEA,Seattle Tacoma International Airport,United States,94,90,0.0022521384550733387,0.0025414278629365046,0.0005834839673393672,0.046092240868235324,94,184,72,52,53,272,9,0.2590799717597143,20.5,0.00143574501297347,0.5899202081893309,3.4801735006709764,2.7633653047278402e-05,0.26595744680851063
SFO,San Francisco International Airport,United States,104,104,0.0021632644274062088,0.002621417853396645,0.0007580666443860491,0.011329772653510298,105,208,56,57,49,227,75,0.3504271760688008,-0.5,0.0015138943392626844,0.48733530475617126,3.6567860899145197,2.3971208728376266e-05,0.28846153846153844
SLC,Salt Lake City International Airport,United States,91,90,0.00215961574829728,0.0018210949816291162,0.00039072137920362023,0.0054504561956049205,92,181,76,58,92,374,140,0.18092171235168997,18.5,0.001048060731089051,0.5679658270267591,3.028106140896009,2.7348496081002208e-05,0.15384615384615385
ABR,Aberdeen Regional Airport,United States,1,1,6.309213312074077e-05,5.400893433676809e-05,3.967684888172414e-06,0.0,1,2,2658,3238,3316,2863,1725,0.06288715711322314,-197.5,0.0028879205208305514,-0.18429712645346719,4.867534450455582,2.2214773237158087e-05,1.0
ABS,Abu Simbel Airport,Egypt,1,1,8.713863575283351e-05,7.278609199988379e-05,3.1917591445798044e-05,0.0,1,2,2658,2594,2691,1510,1725,0.3662851864737872,447.5,0.00015151432908069314,0.13860714973517574,1.0986122886681098,5.050477636023105e-05,0.0
ASW,Aswan International Airport,Egypt,3,3,0.00015151432908069314,0.00013465015811796546,0.00011265032289239498,0.0002892199824715162,3,6,1507,1639,1611,788,599,0.7434961668371308,71.0,0.001268825149983792,0.014521331725234177,3.028599012300527,4.2080295399682915e-05,0.0
ABT,Al Baha Airport,Saudi Arabia,3,3,9.764893272471152e-05,7.449827165973658e-05,0.00021980900971039092,0.0,3,6,1507,2416,2669,545,1725,2.251012925354431,-707.0,0.0016459929485579214,-0.4247801424778537,4.314858509270305,2.095661055383432e-05,0.0
DMM,King Fahd International Airport,Saudi Arabia,48,48,0.000995067672669607,0.0009493924786331117,0.005350348321395142,0.00047495390572303126,48,96,197,197,208,30,495,5.376868798321039,2.0,0.0011246182773372556,0.18742366588902382,3.391270816402617,2.3305345531151795e-05,0.125
JED,King Abdulaziz International Airport,Saudi Arabia,98,109,0.0021490694127859534,0.0022232809562766753,0.006818182204251268,0.011262052765346356,111,207,53,61,72,20,77,3.1726207463036262,-8.0,0.0010736420956594444,0.5173848119469326,3.1164711425497673,2.5268425433367242e-05,0.1836734693877551
RUH,King Khaled International Airport,Saudi Arabia,81,80,0.0017938417602182048,0.001731501953408909,0.006766489180163404,0.005892447377292256,81,161,97,87,100,21,129,3.7720658144006642,11.5,0.001129643651928934,0.45415899822114714,3.171206170256614,2.541223218243099e-05,0.19753086419753085
ADD,Addis Ababa Bole International Airport,Ethiopia,72,67,0.0019962446820096865,0.001768084715360165,0.0028261082929990355,0.019371933022507972,75,139,110,73,98,84,38,1.4157123715685482,37.5,0.0011458510534177503,0.6336773516129286,3.0741744585707007,3.189599848816411e-05,0.2222222222222222
BNI,Benin Airport,Nigeria,2,2,9.713258172638906e-05,8.00088066445217e-05,3.038843030505071e-05,0.0,2,4,1914,2426,2502,1542,1725,0.31285516934627877,-143.0,0.0010085230950557893,-0.18012340073570599,3.4900379702808815,3.1131179940638104e-05,0.0
CAI,Cairo International Airport,Egypt,82,81,0.0015702674014125891,0.0016759105478778241,0.003082865671468852,0.004787570619358631,82,163,96,106,105,71,148,1.963274324293781,-10.0,0.0014185957711467141,0.3134811775190798,3.727065637711262,2.1894660359137836e-05,0.21951219512195122
CBQ,Margaret Ekpo International Airport,Nigeria,2,2,9.713258172638906e-05,8.00088066445217e-05,3.038843030505071e-05,0.0,2,4,1914,2426,2502,1542,1725,0.31285516934627877,-143.0,0.0010085230950557893,-0.18012340073570599,3.4900379702808815,3.1131179940638104e-05,0.0
ENU,Akanu Ibiam International Airport,Nigeria,3,3,0.00012245807394042235,9.432187337921825e-05,6.624204293177648e-05,0.0,3,6,1507,2010,2235,1063,1725,0.5409365083106257,-300.0,0.0013377636240404216,-0.19839015228726886,3.7282561866509094,3.068568554256314e-05,0.0
FRA,Frankfurt am Main Airport,Germany,238,239,0.0038572847987689853,0.004516241718921441,0.00507718028442536,0.04942980204326193,244,477,2,8,10,38,7,1.3162575618076457,-6.0,0.0012770776581578235,0.5553142683935031,3.9150112262881502,1.8848617037344088e-05,0.16806722689075632
GMO,Gombe Lawanti International Airport,Nigeria,1,1,7.53873531819037e-05,6.621836948303119e-05,1.4095124376300459e-05,0.0,1,2,2658,2873,2852,2123,1725,0.1869693493853013,166.5,0.0009169934510879143,-0.006253683760169437,3.2188758248682006,3.667973804351657e-05,0.0
IBA,Ibadan Airport,Nigeria,1,1,7.53873531819037e-05,6.621836948303119e-05,1.4095124376300459e-05,0.0,1,2,2658,2873,2852,2123,1725,0.1869693493853013,166.5,0.0009169934510879143,-0.006253683760169437,3.2188758248682006,3.667973804351657e-05,0.0
ILR,Ilorin International Airport,Nigeria,1,1,7.53873531819037e-05,6.621836948303119e-05,1.4095124376300459e-05,0.0,1,2,2658,2873,2852,2123,1725,0.1869693493853013,166.5,0.0009169934510879143,-0.006253683760169437,3.2188758248682006,3.667973804351657e-05,0.0
KAN,Mallam Aminu International Airport,Nigeria,7,7,0.00018695354545211334,0.0001360132175981433,0.00018798959237438075,6.136835788591328e-06,8,14,829,1276,1588,602,1158,1.0055417345510187,-406.0,0.0015989648923582147,-0.297635607223917,3.9278157231501836,2.3990583146013437e-05,0.14285714285714285
LHR,London Heathrow Airport,United Kingdom,171,171,0.0029041022165481488,0.004941810120866611,0.004993376300824564,0.03946978031118688,172,342,12,18,6,41,13,1.7194216761281054,-6.0,0.0016017944845302234,0.4752856619523973,4.180090735403173,1.9675903977361005e-05,0.25146198830409355
NDJ,N'Djamena International Airport,Chad,9,9,0.00026930224446829014,0.00019635843536052166,0.0002278535153849341,0.0002983002672694517,12,18,624,794,1063,536,573,0.8460884380477692,-152.5,0.0011839890642766796,-0.0875901910256367,3.159671136666697,2.9423878272524764e-05,0.1111111111111111
NIM,Diori Hamani International Airport,Niger,9,8,0.00023399309162970935,0.00024335857293642822,0.00015750353769736355,2.295128732639924e-05,9,17,750,955,820,650,1010,0.6731119136910699,-166.0,0.0017311066963626319,-0.22813293328988848,3.8613911697511676,2.4808302737477726e-05,0.2222222222222222
PHC,Port Harcourt International Airport,Nigeria,2,2,9.713258172638906e-05,0.00018751642635322262,3.038843030505071e-05,0.0,2,4,1914,2426,1128,1542,1725,0.31285516934627877,-143.0,0.0010085230950557893,-0.18012340073570599,3.4900379702808815,3.1131179940638104e-05,0.0
QOW,Sam Mbakwe International Airport,Nigeria,2,2,9.713258172638906e-05,8.00088066445217e-05,3.038843030505071e-05,0.0,2,4,1914,2426,2502,1542,1725,0.31285516934627877,-143.0,0.0010085230950557893,-0.18012340073570599,3.4900379702808815,3.1131179940638104e-05,0.0
QRW,Warri Airport,Nigeria,2,2,9.713258172638906e-05,8.00088066445217e-05,3.038843030505071e-05,0.0,2,4,1914,2426,2502,1542,1725,0.31285516934627877,-143.0,0.0010085230950557893,-0.18012340073570599,3.4900379702808815,3.1131179940638104e-05,0.0
SKO,Sadiq Abubakar III International Airport,Nigeria,1,1,7.53873531819037e-05,6.621836948303119e-05,1.4095124376300459e-05,0.0,1,2,2658,2873,2852,2123,1725,0.1869693493853013,166.5,0.0009169934510879143,-0.006253683760169437,3.2188758248682006,3.667973804351657e-05,0.0
SSG,Malabo Airport,Equatorial Guinea,9,8,0.000257120628439033,0.0002419220405480148,0.00013863995229685191,0.00010776850386875216,9,17,750,837,824,691,815,0.5392019813366528,-48.0,0.00108991657681958,-0.13387917912877256,3.3459890900059546,2.7831510163644495e-05,0.1111111111111111
YOL,Yola Airport,Nigeria,1,1,7.53873531819037e-05,6.621836948303119e-05,1.4095124376300459e-05,0.0,1,2,2658,2873,2852,2123,1725,0.1869693493853013,166.5,0.0009169934510879143,-0.006253683760169437,3.2188758248682006,3.667973804351657e-05,0.0
ABX,Albury Airport,Australia,2,2,0.00010309887427528618,0.00010748042860407563,4.071328893400843e-05,0.0,2,4,1914,2297,1989,1336,1725,0.3948955720437755,-13.0,0.002456792595323918,-0.12051179571194481,4.2249922208613935,3.4640763761797195e-05,0.5
MEL,Melbourne International Airport,Australia,54,55,0.0017881318562390927,0.0023064679539372968,0.00149785859858334,0.009279788518204884,55,109,165,88,68,143,89,0.8376667488793175,80.0,0.0011717965214520037,0.700929464846384,2.869780765830748,3.7993949458483765e-05,0.2222222222222222
SYD,Sydney Kingsford Smith International Airport,Australia,83,85,0.0031254533344087436,0.003996641904338676,0.001756456520161475,0.02775085548074458,85,168,89,14,16,126,20,0.5619845610312886,76.5,0.00100589390125478,0.9943420921903687,2.510925853341742,4.367461031492537e-05,0.1686746987951807
ABY,Southwest Georgia Regional Airport,United States,1,1,6.254049036896403e-05,7.877382232571077e-05,4.5252236659346315e-06,0.0,1,2,2658,3260,2538,2779,1725,0.07235670266154952,-222.5,0.004679774644618856,-0.19307902213869532,5.37989735354046,2.1565781772437125e-05,1.0
ABZ,Aberdeen Dyce Airport,United Kingdom,29,29,0.0005467173780059465,0.0004966286820043546,0.0002678254281346535,0.0006336462719434819,29,58,339,399,420,481,435,0.48987912019826163,-54.0,0.0012090545548546804,-0.10081076453879945,3.5223586985803452,2.038571207745219e-05,0.1724137931034483
BGO,Bergen Airport Flesland,Norway,49,49,0.0008770595781436455,0.0007849552428891278,0.0004152498180499236,0.0023805519287349156,49,98,191,228,265,357,232,0.4734567963202993,-34.5,0.0011303886126101377,0.048476592767004334,3.6075522461853513,1.999639863718608e-05,0.1836734693877551
BHD,George Best Belfast City Airport,United Kingdom,18,18,0.0002866801167662033,0.00022114170441579604,0.00015828056745170646,2.4249807072501306e-05,18,36,488,738,933,646,1001,0.5521156096806995,-237.5,0.0010778304593123185,-0.45236455971809164,3.9433679984698875,1.5847747794561027e-05,0.1111111111111111
BHX,Birmingham International Airport,United Kingdom,81,81,0.0011733414865771517,0.0011210037724127123,0.0013197837465592295,0.0014375902682715587,81,162,97,153,175,151,320,1.1248078770395107,-54.5,0.001095649218632916,0.029655093186506498,3.8092930520719848,1.6399882531886458e-05,0.13580246913580246
BRS,Bristol Airport,United Kingdom,72,73,0.000982419151294945,0.0008496367122264443,0.0006210427193935805,0.00038424388346572716,73,145,115,199,235,259,526,0.6321565683801792,-83.5,0.0010338582916847175,-0.07532763232342177,3.886493086732828,1.5330221843921082e-05,0.09722222222222222
DUB,Dublin Airport,Ireland,144,144,0.0019997161415048633,0.0017879190273481626,0.0013120987694746182,0.0072334031955897365,144,288,29,72,96,152,108,0.6561425105501291,-42.5,0.0011567979795834506,0.2081077834120686,3.9014608158644517,1.5976360852496254e-05,0.1388888888888889
EBJ,Esbjerg Airport,Denmark,2,2,7.28679012871363e-05,6.277279345483402e-05,1.5767169482026347e-05,0.0,2,4,1914,2927,2993,2018,1725,0.21638017842583035,-641.5,0.0005631940848911422,-0.46755203742274176,3.51542873805806,1.6857838507403056e-05,0.0
EMA,East Midlands Airport,United Kingdom,57,57,0.0007828305791813152,0.0008118743636858357,0.00046217981767433005,0.00017778602333113543,57,114,155,266,251,321,733,0.590395712642802,-108.0,0.0008546789202098726,-0.15841195818088938,3.7075668992138695,1.5245015572474956e-05,0.05263157894736842
HUY,Humberside Airport,United Kingdom,4,4,0.00010294672115541043,8.986402386929134e-05,3.589528894288827e-05,8.366865694233193e-08,4,8,1270,2305,2318,1435,1644,0.3486783118492917,-917.0,0.0011995602566461383,-0.5492957367334057,3.573668031248694,1.727563099056792e-05,0.25
KOI,Kirkwall Airport,United Kingdom,11,11,0.000491617303626537,0.0004551949040021865,5.2977408170113754e-05,0.0017354902921862746,11,22,660,434,451,1178,297,0.10776147987329324,247.0,0.0003751381748910919,0.3905678310151268,1.8690407952324108,4.785109390487339e-05,0.0
KSU,Kristiansund Airport (Kvernberget),Norway,7,6,0.00016242243271626187,0.00013470939699619476,4.8489927432984715e-05,3.584235004644072e-06,7,13,912,1509,1608,1237,1230,0.2985420586434171,-555.5,0.0006858196653362399,-0.43829522249749786,3.192801360861428,1.986770705714251e-05,0.0
LBA,Leeds Bradford Airport,United Kingdom,51,51,0.0007012526500520836,0.0006662467880491575,0.00048354745962050775,9.861234831530491e-05,51,102,180,307,314,311,832,0.6895481387265967,-125.0,0.0010623554800314923,-0.19989233475171098,3.9916266402998475,1.5156703003698427e-05,0.09803921568627451
LCY,London City Airport,United Kingdom,36,35,0.0006174522599805814,0.0006743074633096412,0.0003258446353041795,0.0007386771096825779,36,71,275,354,308,416,415,0.5277244192359538,-78.5,0.0012158443878074205,-0.11243687729459229,3.755988972137742,1.873342107254769e-05,0.19444444444444445
LSI,Sumburgh Airport,United Kingdom,5,5,0.00014199664577006186,0.00011923625545385003,3.330706163066902e-05,1.7039735717761927e-07,5,10,1107,1716,1813,1484,1587,0.23456231272254022,-528.0,0.000722269081934179,-0.3652660302799102,3.356711583290591,2.300872235448221e-05,0.0
LTN,London Luton Airport,United Kingdom,85,85,0.0012089318656615803,0.0009542556009549985,0.0007645332951018831,0.0013613983376572587,85,170,89,145,206,225,324,0.632403956598081,-54.5,0.0008702064771686414,0.02982132633687229,3.576372747593332,1.612072375761166e-05,0.07058823529411765
MAN,Manchester Airport,United Kingdom,144,146,0.002100772758942317,0.002623616153593735,0.0015988614899273327,0.0060496761236996915,148,290,26,64,48,136,126,0.7610825507525701,-38.0,0.0011639698805297207,0.2574077996624995,3.872987857863803,1.680198681114373e-05,0.1388888888888889
MME,Durham Tees Valley Airport,United Kingdom,2,2,7.363852608601117e-05,7.005437175980079e-05,2.1225146629584452e-05,0.0,2,4,1914,2911,2740,1800,1725,0.2882342675462174,-625.5,0.002102675329885823,-0.4570319268727623,4.407016600826392,1.7311147210804464e-05,0.5
NCL,Newcastle Airport,United Kingdom,48,49,0.0006623087177372744,0.0006730637557367502,0.00048189480820136094,0.00020734217436542093,49,97,191,333,310,314,717,0.727598467747362,-139.5,0.0011888995815663263,-0.21965529346337842,4.049033903363324,1.5149488794679345e-05,0.14583333333333334
NWI,Norwich International Airport,United Kingdom,8,8,0.00016055146160253656,0.0001362422582710825,6.991923534649398e-05,1.1251315764127424e-06,8,16,829,1529,1582,1038,1390,0.43549423124896247,-659.0,0.00118001557811635,-0.5321998494678031,3.7540323813153704,1.7109100867047918e-05,0.125
RIX,Riga International Airport,Latvia,68,68,0.00099332938716261,0.0009103017479947776,0.0007486218434722968,0.0005167843781936698,68,136,126,198,219,228,480,0.7536491451347205,-71.5,0.0014561125522405394,-0.029046703107927563,4.210511318828785,1.642075800390735e-05,0.17647058823529413
SYY,Stornoway Airport,United Kingdom,5,5,0.00013912976496950044,0.00011485237600040379,3.4919313974783424e-05,1.1471650301988859e-06,5,10,1107,1753,1870,1460,1386,0.25098377750036677,-565.0,0.0006404734936896166,-0.38566240769922544,3.015761964842906,2.233416216528122e-05,0.0
WIC,Wick Airport,United Kingdom,2,2,7.240422603102597e-05,6.202019576961271e-05,1.530173228511718e-05,3.3969929818124995e-09,2,4,1914,2949,3015,2041,1723,0.2113375575420173,-663.5,0.0009033442357235361,-0.4739355996273833,3.9223163222323407,1.658508835703682e-05,0.0
ACA,General Juan N Alvarez International Airport,Mexico,5,5,0.00014421848786743037,0.00014538238608869476,1.887809755391683e-05,1.2532493419140816e-06,5,10,1107,1696,1481,1904,1365,0.1308992892178297,-508.0,0.0015564226946439246,-0.34974003973296597,3.7814500791573153,2.353150870785207e-05,0.4
MEX,Licenciado Benito Juarez International Airport,Mexico,95,94,0.0025347039701103316,0.003262590101422976,0.00048763938895777956,0.014928371878681658,95,189,70,36,25,306,55,0.19238514426461936,34.5,0.0011584818063423046,0.7015932792180468,2.831749514304127,3.0842035845244355e-05,0.23157894736842105
MTY,General Mariano Escobedo International Airport,Mexico,32,32,0.000708150052950817,0.0008326561298767638,0.0001193278469972295,0.0001470793163417352,32,64,303,300,246,759,760,0.16850644365554707,9.5,0.0010820831260939122,0.09722753097629422,3.0078631422893687,2.4409576364480315e-05,0.21875
TIJ,General Abelardo L. Rodríguez International Airport,Mexico,31,32,0.0007751505011094835,0.0005733162071474005,0.00012134958151557288,0.0007629378953098775,32,63,303,274,366,755,411,0.15654970401474755,35.5,0.0004345443022218158,0.20720096564229706,2.1839692294269675,2.773969355901076e-05,0.06451612903225806
TLC,Licenciado Adolfo Lopez Mateos International Airport,Mexico,10,10,0.00023454469804571687,0.00018888220327257648,3.8217394757320647e-05,3.7414520248331786e-06,10,20,703,952,1110,1381,1219,0.16294290630211306,-226.0,0.0009742545685299533,-0.29073033942590776,3.3910865680358113,2.2392367315249202e-05,0.1
BEY,Beirut Rafic Hariri International Airport,Lebanon,44,45,0.0007743461592914679,0.0006726974642505266,0.0015411857035200012,0.00035164635648997464,45,89,212,275,311,141,540,1.9903058664747517,-61.0,0.0014968546800797704,-0.00972784258351922,4.0808760456876465,1.9522368562729256e-05,0.1590909090909091
DXB,Dubai International Airport,United Arab Emirates,182,188,0.003644993348026004,0.003966944027106812,0.010064490734829094,0.05802700110947965,188,370,10,11,17,8,3,2.7611821953748303,-0.5,0.0012810331651729883,0.6640830030760236,3.640298844327461,2.3275913219717156e-05,0.19230769230769232
FCO,Leonardo da Vinci–Fiumicino Airport,Italy,159,157,0.0024542887383718175,0.002925023256468499,0.002811638493744268,0.01449415928507897,162,316,17,40,38,85,57,1.1456021656235598,-22.5,0.0014068574325467736,0.35185259989511586,4.088962843520402,1.7832624234385216e-05,0.1949685534591195
JNB,OR Tambo International Airport,South Africa,83,81,0.0026346625458000183,0.0029681283399994617,0.002229171524213822,0.025981029911017493,83,164,93,30,36,114,27,0.8460937541194413,64.0,0.001045642738155582,0.8235178601945181,2.6464349192031666,3.671797266368904e-05,0.18072289156626506
KMS,Kumasi Airport,Ghana,1,1,6.559536701951502e-05,9.602252358308831e-05,1.3732154498884166e-05,0.0,1,2,2658,3149,2211,2149,1725,0.209346408486422,-109.0,0.0007547926295944665,-0.14538814626942198,3.4011973816621555,2.515975431981555e-05,0.0
LIS,Humberto Delgado Airport (Lisbon Portela Airport),Portugal,101,103,0.0017675526658972038,0.002158583353864707,0.0009669715751594672,0.01399996111393743,103,204,60,91,76,188,61,0.5470680414881078,-30.0,0.001401085071122705,0.3033572529414208,4.0065247150086005,2.0073885751989227e-05,0.18811881188118812
MAD,Adolfo Suárez Madrid–Barajas Airport,Spain,156,158,0.002632658210822366,0.0031827869685801882,0.001610209413810782,0.021534890570013534,159,314,19,31,27,133,33,0.6116287360020802,-12.0,0.001342313136875743,0.43375237501924246,3.912849913318503,1.9520728789906e-05,0.1794871794871795
MLW,Spriggs Payne Airport,Liberia,2,2,8.567419154424339e-05,6.886446468893949e-05,2.4654369234857348e-05,0.0,2,4,1914,2623,2759,1669,1725,0.2877689160582913,-337.5,0.0005073181206675685,-0.3056486365024895,2.8995463272302633,2.4390950420847345e-05,0.0
NYI,Sunyani Airport,Ghana,1,1,6.559536701951502e-05,5.713533095198812e-05,1.3732154498884166e-05,0.0,1,2,2658,3149,3187,2149,1725,0.209346408486422,-109.0,0.0007547926295944665,-0.14538814626942198,3.4011973816621555,2.515975431981555e-05,0.0
TKD,Takoradi Airport,Ghana,1,1,6.559536701951502e-05,7.009772849568817e-05,1.3732154498884166e-05,0.0,1,2,2658,3149,2739,2149,1725,0.209346408486422,-109.0,0.0007547926295944665,-0.14538814626942198,3.4011973816621555,2.515975431981555e-05,0.0
TML,Tamale Airport,Ghana,1,1,6.559536701951502e-05,8.306012603938824e-05,1.3732154498884166e-05,0.0,1,2,2658,3149,2440,2149,1725,0.209346408486422,-109.0,0.0007547926295944665,-0.14538814626942198,3.4011973816621555,2.515975431981555e-05,0.0
WDH,Hosea Kutako International Airport,Namibia,12,12,0.0004694205882641642,0.0004597828989363192,0.00017944553266117412,0.0006639963889041369,13,24,592,457,444,613,430,0.3822702649765161,150.5,0.0009229157347483358,0.2907261673487369,2.5731510193620233,4.1687354179775856e-05,0.16666666666666666
ACE,Lanzarote Airport,Spain,57,54,0.0007586857732152991,0.0009314355812246522,0.00048312876898276753,0.00016935915609800621,57,111,155,284,211,312,738,0.6367969270535744,-126.0,0.0011028989507251546,-0.18974056614956503,3.9837175440431,1.4746670763628385e-05,0.10526315789473684
BFS,Belfast International Airport,United Kingdom,27,29,0.0003810617104352018,0.0002994701156515136,0.00023253268057023241,1.8308578789707295e-05,29,56,339,562,659,534,1027,0.6102231586182254,-217.0,0.0014394610224348567,-0.4177288487240407,4.362959827189255,1.4677652945319629e-05,0.18518518518518517
BGY,Il Caravaggio International Airport,Italy,80,80,0.001168750492436873,0.0008207471732973933,0.0006230669821140207,0.001021612081289196,80,160,101,154,250,258,361,0.5331052146253311,-52.5,0.0007609987285984408,0.03339282412686284,3.557130278171525,1.6537366444645923e-05,0.025
BIO,Bilbao Airport,Spain,35,35,0.000512155725733625,0.0005402966635401054,0.0003663044487902333,8.20892287034952e-05,35,70,277,427,389,388,861,0.7152208408204934,-145.5,0.0018044160838678774,-0.28204329379843607,4.4755446081629575,1.5729282371199703e-05,0.2857142857142857
BLK,Blackpool International Airport,United Kingdom,9,9,0.00015791811272964035,0.0001153769815867186,6.733088895615383e-05,3.4748743694994742e-06,9,18,750,1554,1858,1055,1237,0.42636584108262454,-765.0,0.0011296308714731193,-0.6213479004482085,4.144569390031135,1.4863861052276737e-05,0.0
BLQ,Bologna Guglielmo Marconi Airport,Italy,64,64,0.0008745019102495839,0.0007499539816426417,0.000616958063606889,0.0002214091378203758,64,128,135,230,281,262,716,0.7054965305116468,-94.0,0.0013841615784045348,-0.11908105349760945,4.213760222062236,1.5262726758406453e-05,0.203125
BOH,Bournemouth Airport,United Kingdom,17,17,0.00025130788226053377,0.00018850995098396378,0.0001255022340587361,2.8496227783517516e-06,17,34,514,858,1118,736,1267,0.49939632983189314,-335.0,0.0009765163605222291,-0.5488161055055292,4.063111842681208,1.433206275089308e-05,0.0
BRE,Bremen Airport,Germany,43,43,0.0005967444014397077,0.0004400906633612317,0.000397062868837853,8.495733888951586e-05,43,86,221,373,472,369,853,0.6653818081575591,-150.5,0.0012993384977376793,-0.2560855321155904,4.130528895817206,1.5117231913409129e-05,0.11627906976744186
BVA,Paris Beauvais Tillé Airport,France,59,59,0.0007960848554746579,0.000545675872743572,0.0004453127019803004,0.00018955786505170876,59,118,148,258,385,338,728,0.5593784367556986,-109.0,0.0007086269907992664,-0.16288229711364366,3.538946911864605,1.4992528032188964e-05,0.03389830508474576
CGN,Cologne Bonn Airport,Germany,92,92,0.0012916280296030832,0.0011198390284871147,0.0009274806798260246,0.0005727469043482853,93,184,74,133,176,193,473,0.7180710379218381,-58.5,0.0010433276128434103,0.047201491315670197,3.81258147839794,1.5951642654522883e-05,0.09782608695652174
CRL,Brussels South Charleroi Airport,Belgium,83,83,0.0011581574268671887,0.0007891548769389606,0.0006401887503062516,0.0003029427164214899,83,166,93,156,262,253,567,0.5527648793290215,-62.0,0.0006347602870958075,0.0015930696315065163,3.3572131143673687,1.5789480548862273e-05,0.024096385542168676
DUS,Düsseldorf Airport,Germany,147,147,0.002159551401109968,0.0024235860619324745,0.001577514779430621,0.005273489589456005,147,294,27,59,58,139,144,0.7304826264472374,-31.5,0.001138761916129565,0.27229180799098796,3.773168805166803,1.6929506426230026e-05,0.14285714285714285
EDI,Edinburgh Airport,United Kingdom,89,88,0.0012599710934411256,0.001057182265329268,0.0007714677065721892,0.001772073448332093,89,177,82,137,185,223,292,0.6122900045787736,-54.0,0.0011344287392874713,0.04282427527844135,3.931866410898201,1.6070872694298208e-05,0.12359550561797752
EIN,Eindhoven Airport,Netherlands,61,62,0.0008334142615668064,0.0005956572197950861,0.0004960767283329787,0.0002031686934671306,63,123,138,241,351,303,720,0.5952342684901526,-102.5,0.0009164464416683734,-0.1376082768302771,3.8626422678709904,1.5220919709752868e-05,0.03278688524590164
FKB,Karlsruhe Baden-Baden Airport,Germany,18,18,0.0002706655171984515,0.00020126789255947043,0.000141949289174248,2.6000240391980937e-05,18,36,488,787,1033,681,992,0.5244454138211149,-286.5,0.0012286592769901713,-0.5098477734679481,4.2294429019101845,1.4801041941802117e-05,0.05555555555555555
FUE,Fuerteventura Airport,Spain,51,53,0.0006904184436345114,0.0007649681485000225,0.0004503887165246696,0.00019953997378722635,55,104,165,316,274,332,721,0.6523416642141342,-148.0,0.0011930670352630509,-0.21546271679101725,4.086786801247597,1.4906778980176639e-05,0.13725490196078433
GLA,Glasgow International Airport,United Kingdom,62,63,0.0010952903194744817,0.00102939553210205,0.0005551046845638695,0.0030953312391621326,63,125,138,173,192,280,199,0.5068105457466362,-34.5,0.0011491880919591053,0.12561144632495225,3.6900455219703905,1.9944606161903956e-05,0.16129032258064516
HAJ,Hannover Airport,Germany,50,50,0.0006877039319937173,0.0006252730417959177,0.0005379775376765187,5.076885102162478e-05,51,100,180,317,338,287,926,0.7822807354276309,-135.0,0.0014205826959053935,-0.20719435648346973,4.258336290423455,1.5141043696711938e-05,0.18
HAM,Hamburg Airport,Germany,87,87,0.001207505709793397,0.001309016028719903,0.0009396074838181102,0.0006912586398378873,87,174,85,147,141,190,427,0.7781391642271208,-62.0,0.0013151058494680428,0.014303701971877025,4.099264723229067,1.5730846999734896e-05,0.16091954022988506
HHN,Frankfurt-Hahn Airport,Germany,47,47,0.0006611327728640044,0.0004570860612734627,0.0003444500372083518,0.0003258677052809732,47,94,202,334,448,398,551,0.5209997920935096,-128.5,0.0006883571582441475,-0.20845352088855496,3.4947443783359002,1.544238292806238e-05,0.0
LEJ,Leipzig/Halle Airport,Germany,27,28,0.0003967061690334706,0.0003414251174008968,0.000287287296544508,3.11034543464208e-05,28,55,352,533,577,452,972,0.7241815705675835,-178.0,0.0017380218845947867,-0.37749430210347956,4.435642919580657,1.535932870168969e-05,0.25925925925925924
LPA,Gran Canaria Airport,Spain,83,80,0.001231498371814083,0.0013550000417243818,0.0007205087132179034,0.0011677261518300709,83,163,93,144,133,235,346,0.585066720109864,-50.0,0.0010920451673395962,0.0629943689739374,3.795916902053298,1.682904036311269e-05,0.10843373493975904
LPL,Liverpool John Lennon Airport,United Kingdom,48,48,0.0006721279994162394,0.0005321822039180394,0.00038569376370648065,0.0003037742684290456,48,96,197,326,396,376,566,0.5738397508234527,-127.0,0.0009270851806588261,-0.2049382839832683,3.7239348583554346,1.5390157463851962e-05,0.08333333333333333
LUX,Luxembourg-Findel International Airport,Luxembourg,54,54,0.0007647982743245271,0.0006032785780268167,0.0005313161370527797,0.00026562208777033465,56,108,162,280,349,289,703,0.6947140898324337,-117.0,0.0013646734850292597,-0.14838512790839165,4.116824034810048,1.5699100207268474e-05,0.2037037037037037
MUC,Munich Airport,Germany,189,191,0.002791238947857454,0.003114476159346216,0.0032345432488282786,0.01515012906819137,192,380,8,24,30,68,54,1.1588199037245104,-16.0,0.0012504156078327762,0.37394810504578935,3.908275422086631,1.7099467011297676e-05,0.17989417989417988
NOC,Ireland West Knock Airport,Ireland,15,15,0.00022434414281081473,0.00015559320736358248,0.00011699349879216103,7.562352480451281e-07,15,30,551,1016,1376,774,1425,0.5214912113431884,-454.0,0.0012334176603560078,-0.5851538966760916,4.33957434752333,1.4128201353241471e-05,0.06666666666666667
NRN,Weeze Airport,Germany,38,38,0.0005259090704517885,0.0003630505501045601,0.0002747927600953797,3.929665438168605e-05,38,76,252,414,552,472,948,0.5225100222350524,-155.5,0.0007381014633077367,-0.3062413266262469,3.663891160176463,1.4913297070618877e-05,0.0
ORK,Cork Airport,Ireland,30,30,0.0004194180917208621,0.0002996353698838464,0.00028202811681857795,1.2584195771364952e-05,30,60,324,513,657,460,1064,0.6724271613115771,-182.0,0.001542587435405928,-0.386773919583173,4.4771628816359375,1.47140594684982e-05,0.2
OVD,Asturias Airport,Spain,10,10,0.00016896624160089022,0.00017123989070386484,8.517235554096408e-05,1.7034064127396538e-06,10,20,703,1434,1241,937,1335,0.5040791268953415,-708.0,0.0017908740203523427,-0.6186775780227887,4.6324519413597836,1.4677254815918276e-05,0.3
PAD,Paderborn Lippstadt Airport,Germany,8,8,0.0001408971026574588,0.00012345521783630747,6.87874598037729e-05,7.283583072137332e-07,8,16,829,1735,1754,1045,1431,0.4882106055154672,-865.0,0.001268862019676813,-0.6627845181029155,4.381534534315366,1.4218753964303634e-05,0.125
PIK,Glasgow Prestwick Airport,United Kingdom,21,21,0.0003039449851598469,0.00021134272414855107,0.00015590162561394564,8.84014165078836e-06,21,42,421,694,976,654,1108,0.512927119136234,-264.0,0.000928362709176835,-0.4889147131341396,3.878854164021701,1.4551003346244824e-05,0.047619047619047616
SCQ,Santiago de Compostela Airport,Spain,21,22,0.000309480872988451,0.00030064701294030965,0.00017912076404897665,1.7407958454125966e-05,22,43,409,681,654,614,1036,0.5787781400489359,-266.5,0.0015372828277960095,-0.47086513779365724,4.464560501701034,1.4861137117336103e-05,0.19047619047619047
SDR,Santander Airport,Spain,17,17,0.00025108487873101536,0.00018876104057987178,0.00012361407333651587,1.7898053483152008e-06,17,34,514,860,1114,752,1325,0.4923198639490447,-337.0,0.0013302087455189537,-0.5497038712596565,4.4050741194426974,1.4316629980471594e-05,0.11764705882352941
SNN,Shannon Airport,Ireland,26,26,0.00037810352295786394,0.00027008970329919785,0.0002193324805199184,0.0001397820060918208,26,52,362,569,709,548,774,0.5800857892148256,-199.5,0.001345576700640446,-0.4022562298715746,4.262439161181973,1.5108323419640729e-05,0.15384615384615385
STR,Stuttgart Airport,Germany,80,80,0.001111521534550754,0.0011229431113045413,0.0007976166602026583,0.0005855443676805094,81,160,97,167,174,215,444,0.7175899300277908,-68.5,0.0011999444224154968,-0.01681257028106753,3.938153233317165,1.569576412120767e-05,0.1375
SVQ,Sevilla Airport,Spain,38,38,0.0005322222070275853,0.0005399552200904489,0.0003071673318951256,3.639519988756716e-05,38,76,252,409,391,439,956,0.5771411411234199,-150.5,0.0011801137030451382,-0.2943085700374004,4.0984643192468475,1.5108750214412359e-05,0.13157894736842105
SXF,Berlin-Schönefeld Airport,Germany,68,69,0.0009441449923121538,0.000701217169971828,0.0006683609839640554,0.0002895341951491261,69,137,123,211,297,248,593,0.7079007879152966,-87.0,0.0012210768292225669,-0.07982927337405687,4.16286004897487,1.556981691668691e-05,0.11764705882352941
TFN,Tenerife Norte Airport,Spain,17,17,0.0003387822946031188,0.0003727030930134244,0.00013486058233599086,0.00033565014824099023,17,34,514,631,538,703,546,0.39807446990102935,-108.0,0.0010543007346568033,-0.2501372132308193,3.5966645150047447,2.0385655298748386e-05,0.17647058823529413
TXL,Berlin-Tegel Airport,Germany,110,109,0.001595084703080839,0.0017965783436864194,0.0012487047969053594,0.0022354643360499417,110,219,54,103,94,156,252,0.78284544669856,-49.0,0.0012626073005119161,0.14806607041345732,3.9779178155186488,1.6586899779006975e-05,0.16363636363636364
ZAZ,Zaragoza Air Base,Spain,8,8,0.0001430903362891285,0.00010790524754184147,5.9544448632333104e-05,5.27134526526076e-07,8,16,829,1708,1986,1112,1484,0.4161318659005561,-838.0,0.0011598335886215628,-0.6473382205747313,4.226766882650872,1.454128832261584e-05,0.0
ZRH,Zürich Airport,Switzerland,136,137,0.002030695160743086,0.002150816984292496,0.0026120648623871616,0.007581060489142881,137,273,34,70,77,88,103,1.2862909770422346,-36.0,0.0014929298017752283,0.25871738296795677,4.160398340348262,1.7184131377085955e-05,0.23529411764705882
ACH,St Gallen Altenrhein Airport,Switzerland,2,2,7.933607229022337e-05,7.003312305903201e-05,2.3150389211754965e-05,1.010247343093087e-07,2,4,1914,2777,2741,1718,1627,0.2918015543681988,-491.5,0.0010873562147133906,-0.3825073588357544,3.264709419131113,2.0662644979381433e-05,0.0
EBA,Marina Di Campo Airport,Italy,5,5,0.00013207773844408073,0.00010883939257321263,5.780013663901669e-05,4.618411734634402e-06,5,10,1107,1844,1973,1129,1193,0.4376220952896479,-656.0,0.0010625017097554432,-0.4376787894213532,3.16704296680214,2.067486180615232e-05,0.2
VIE,Vienna International Airport,Austria,138,137,0.0020426346909827005,0.002666009202395605,0.0021475742947631646,0.004136004281829476,139,275,32,68,46,115,161,1.0513746311289651,-36.0,0.001203217440086373,0.25557991771406385,3.8410077097791495,1.7036872273860466e-05,0.15942028985507245
ACI,Alderney Airport,Guernsey,2,2,7.452541082909146e-05,6.397828653887703e-05,1.4678403625755764e-05,0.0,2,4,1914,2886,2936,2082,1725,0.19695837248609918,-600.5,0.0003231066594943844,-0.4450601157263261,2.8872757727722043,1.7832844121813086e-05,0.0
GCI,Guernsey Airport,Guernsey,15,14,0.0002708183498449848,0.00022282294110629285,0.00013356648371260692,0.0002472344651050343,15,29,551,786,925,706,707,0.493195840640266,-224.0,0.0013939903864826214,-0.3968868210279588,3.807594331913262,1.7773237198300807e-05,0.2
SOU,Southampton Airport,United Kingdom,23,23,0.000375394969143784,0.00036040498501424534,0.000177749683816277,0.00014979059002664472,23,46,393,573,557,617,757,0.47350044200564456,-172.5,0.0010211018493499415,-0.3338644202762868,3.661625338190518,1.6940429347574627e-05,0.08695652173913043
ACK,Nantucket Memorial Airport,United States,6,6,0.0002692960305539744,0.0002288468850389524,2.060254885063678e-05,0.00043438346165426277,6,12,996,795,892,1825,505,0.0765052080725247,256.0,0.0004989371282956253,0.16234533681321217,1.753472169946632,4.413459896130143e-05,0.0
BOS,General Edward Lawrence Logan International Airport,United States,102,103,0.0021561637946558116,0.0023512510723533615,0.0006411682409850462,0.0075519633183159735,103,205,60,60,64,252,104,0.2973652755761052,1.0,0.0013758865113893833,0.49601827718160774,3.578259630159411,2.435933355330316e-05,0.23529411764705882
EWB,New Bedford Regional Airport,United States,2,3,0.00011496930554704055,0.00010366915686609489,5.738799765217437e-06,0.0,3,5,1507,2123,2051,2689,1725,0.04991592962931627,-413.0,0.00021137615337393117,-0.0115350834595489,1.5890269151739727,4.162337040373385e-05,0.0
HPN,Westchester County Airport,United States,15,15,0.00036579190689558366,0.00032537195027119666,6.062121566278085e-05,0.00010111319165170813,16,30,533,589,601,1102,825,0.1657259620019022,-47.5,0.001685237466983941,-0.09627051006901155,3.6598463544221422,2.5222143612331544e-05,0.3333333333333333
HYA,Barnstable Municipal Boardman Polando Field,United States,3,2,0.00012088163962361076,9.804471024199313e-05,1.1645090825368598e-05,5.055335288642683e-07,3,5,1507,2032,2151,2263,1488,0.09633465315020481,-322.0,0.0009304172440351232,-0.21134698820955755,3.044846219519967,3.0067475986565414e-05,0.0
MVY,Martha's Vineyard Airport,United States,4,4,0.00015345627619388789,0.00012741763802011483,1.3271084084612068e-05,0.00014516347918274648,4,8,1270,1614,1696,2175,762,0.08648120763626774,-226.0,0.0007265552594131026,-0.15009163998816533,2.5582877368070025,3.213138245217744e-05,0.0
TEB,Teterboro Airport,United States,1,1,8.23598468578172e-05,7.659290878777161e-05,2.918694408338266e-06,0.0,1,2,2658,2683,2602,2995,1725,0.03543831757454558,358.5,0.0002692960305539744,0.0822048077106814,1.791759469228055,4.4882671758995735e-05,0.0
ACR,Araracuara Airport,Colombia,2,2,0.00020368835250749335,0.00017052365478766707,3.597344175662024e-06,0.0,2,4,1914,1170,1248,2940,1725,0.017661020531498893,1115.5,0.00018762209017601536,0.5603908740488954,0.6931471805599453,9.381104508800768e-05,0.0
LCR,,,2,2,0.00021138185762785444,0.00016212869861269983,3.2201770219006214e-06,1.1685655857434998e-06,2,4,1914,1111,1317,2969,1375,0.015233932836231678,1174.5,0.0002915023690981583,0.5974659817293251,1.0397207708399179,9.833663633797625e-05,0.0
SVI,Eduardo Falla Solano Airport,Colombia,2,2,0.0001638623227241763,0.0001351671164057546,5.244162291117141e-06,0.0002880514168857727,2,4,1914,1489,1596,2729,688,0.032003466104556906,796.5,0.001542023342196549,0.34282631175631373,2.498606136882058,7.038396874772202e-05,0.5
ACT,Waco Regional Airport,United States,1,1,6.325296147933587e-05,6.365633497022433e-05,4.2075812106363475e-06,0.0,1,2,2658,3225,2950,2827,1725,0.06651990851070148,-188.5,0.004189544835300546,-0.18175126670370467,5.231108616854587,2.2403983076473507e-05,1.0
ACU,,,1,1,0.00015263720528477348,0.00015090518059988743,4.589692227735215e-07,0.0,2,2,1914,1620,1421,3274,1725,0.003006928893366646,663.0,0.00012756191695454977,0.6991706833164066,0.0,0.00012756191695454977,0.0
PAC,Marcos A. Gelabert International Airport,Panama,8,10,0.0009806157774369666,0.0009575813671812162,6.352515234921054e-06,0.011905346187554776,15,18,551,200,205,2646,68,0.006478087933201126,362.0,0.0001640700957555441,1.2773663449787156,0.17328679513998632,0.00013770679433892311,0.0
ACV,California Redwood Coast-Humboldt County Airport,United States,3,3,0.00012094586087014337,9.62232661155545e-05,1.4899808590115284e-05,2.9214139643587495e-07,3,6,1507,2030,2204,2051,1537,0.12319403477654225,-320.0,0.0009528584449810493,-0.21081585549792514,2.8899141966255075,3.0092660784834587e-05,0.0
CEC,Jack Mc Namara Field Airport,United States,2,2,9.615809634992563e-05,8.038480730124793e-05,1.0417349409596836e-05,0.0,2,4,1914,2447,2497,2344,1725,0.10833564520336818,-161.5,0.001142105144138176,-0.19020659401268247,2.8715015939047412,3.0557953225502464e-05,0.0
SMF,Sacramento International Airport,United States,29,28,0.0005991528111870132,0.0005783524640319364,0.00014087946753300377,8.277832715672344e-05,29,57,339,370,364,685,860,0.2351311133029653,-25.0,0.001934487451528106,-0.009226080955436089,4.0733746226248195,2.2512910150873925e-05,0.3793103448275862
ACX,Xingyi Airport,China,5,5,0.0001244483307888897,9.032449423539932e-05,6.969101459478902e-05,3.857866504398679e-06,5,10,1107,1981,2306,1040,1214,0.5599995930279749,-793.0,0.0018076539605029287,-0.4971788502457226,4.4166465299393,1.8879707056331205e-05,0.4
CAN,Guangzhou Baiyun International Airport,China,149,150,0.002859766716327044,0.0029556373673229196,0.0031561096129968146,0.020419598291629194,150,299,24,21,37,69,35,1.1036248498794965,3.0,0.0009613956427320666,0.5448004929735655,3.2544114920141243,2.223100783504144e-05,0.12080536912751678
CKG,Chongqing Jiangbei International Airport,China,89,89,0.0016036697851841612,0.0021065304506922952,0.0013373437404995679,0.001608878841287229,89,178,82,102,80,149,306,0.8339271294220904,-19.0,0.0008461325096678442,0.2840301149559492,3.26926297846484,2.0614146867043557e-05,0.0898876404494382
KWE,Longdongbao Airport,China,48,48,0.0008371424038596074,0.0010402166593007026,0.0007015091727956086,0.0003553360909053852,48,96,197,239,189,242,539,0.8379806942777384,-40.0,0.001008203040433188,0.014607110360883802,3.5742950047771846,1.9434628152728987e-05,0.10416666666666667
NAY,Beijing Nanyuan Airport,China,40,40,0.0008297095760521741,0.0008433983210904788,0.0004573467893731476,0.0025337342229125397,40,80,241,243,238,325,224,0.551213102239028,-0.5,0.0005050913186292565,0.11808510626217217,2.5479371810326277,2.3102941198191884e-05,0.025
PVG,Shanghai Pudong International Airport,China,153,152,0.0029079813210916555,0.0037284768150259804,0.0030208358596335036,0.02668777546452513,154,305,20,17,18,73,24,1.0388085500148545,3.0,0.0011097894654747515,0.5451881896079698,3.399708315309512,2.20205439982078e-05,0.16339869281045752
ACY,Atlantic City International Airport,United States,9,9,0.00019872948660429579,0.00013484767113953826,4.2007829445473364e-05,5.854846817521464e-07,9,18,750,1204,1603,1313,1461,0.21138196532011427,-415.0,0.0021087092819633934,-0.39147998910796566,4.449885769415568,2.0198681144243207e-05,0.3333333333333333
FLL,Fort Lauderdale Hollywood International Airport,United States,97,97,0.0020162648593271904,0.0020909901229787193,0.0004467822060487454,0.005868355351147495,97,194,67,71,81,337,130,0.22158904569602658,-4.0,0.0011545401098693006,0.4599194782678726,3.3619760980633226,2.3918196284580187e-05,0.17525773195876287
MCO,Orlando International Airport,United States,102,102,0.001956621832930921,0.0023675809256336736,0.0004941771587373208,0.005368119924078972,102,204,63,76,61,304,142,0.2525665156240582,-13.0,0.0012450840266459632,0.3989070870594986,3.5444752009639946,2.205781150219207e-05,0.20588235294117646
RSW,Southwest Florida International Airport,United States,33,33,0.0006108060200446235,0.0006290452259430252,0.00016000198375282812,0.0001331822438424075,33,66,293,355,333,641,785,0.26195220495884913,-57.5,0.0018263402172435893,-0.06961897047050858,4.1191770618127554,2.019951672849733e-05,0.36363636363636365
TPA,Tampa International Airport,United States,67,68,0.0011992043237578252,0.0012899973224302311,0.00031507329607361346,0.0007023642995106208,69,135,123,149,144,430,423,0.2627352902517064,-25.0,0.0013515259770495297,0.16843764277041995,3.747548747305698,2.0280855978828632e-05,0.2537313432835821
ACZ,Zabol Airport,Iran,1,1,6.815263786100155e-05,6.022182258096836e-05,3.466636280355347e-05,0.0,1,2,2658,3076,3098,1465,1725,0.5086576821025783,-35.0,0.0010985640218788392,-0.10714335093830663,3.6635616461296463,2.816830825330357e-05,0.0
ADA,Adana Airport,Turkey,10,10,0.00022120718480692818,0.00022043406660317082,0.0001911228967476904,7.390700029190228e-06,10,20,703,1035,940,597,1128,0.863999498544789,-309.0,0.0011964658981890766,-0.34927676898685966,3.4797168179793503,2.0823248135074063e-05,0.1
ADB,Adnan Menderes International Airport,Turkey,45,44,0.0007441347880665029,0.0006859967964458517,0.0005389096267817143,0.0004839286897667603,45,89,212,289,303,286,491,0.7242096934911101,-75.0,0.001380523161142853,-0.06337859132307155,3.838992935016638,1.829869838170209e-05,0.15555555555555556
AYT,Antalya International Airport,Turkey,64,63,0.0009688658667251013,0.0011041100343813632,0.0007117588576432213,0.0008164438080114772,65,127,133,202,177,238,403,0.734630955726682,-68.5,0.0011281519355443204,-0.016609354467565396,3.7645050599099745,1.6997358311381864e-05,0.109375
EBL,Erbil International Airport,Iraq,20,20,0.00035404432381128635,0.0003293964778119351,0.0005869112278377771,3.548177144121842e-05,20,40,440,605,593,271,959,1.6577337592075452,-154.5,0.0018960778603375208,-0.3062614582361469,4.399587201629166,1.822557343086608e-05,0.3
ECN,Ercan International Airport,Cyprus,8,8,0.0001873079170579353,0.00019480635272641942,0.00012886365397893728,1.7113752789997394e-06,8,16,829,1273,1076,721,1334,0.687977614630561,-403.0,0.0011933045138089802,-0.3780604957306366,3.461238314907914,2.10438737298838e-05,0.125
ESB,Esenboğa International Airport,Turkey,45,43,0.001089215420798704,0.0008637275428319135,0.0008329194060401865,0.0033046473417307006,45,88,212,175,232,208,190,0.7646966707737394,39.0,0.0007134077461556313,0.3176121421087572,2.4836055413575204,2.732041427123696e-05,0.06666666666666667
SAW,Sabiha Gökçen International Airport,Turkey,98,98,0.0017815645744821925,0.0016572070313430535,0.0016500619829808295,0.003550973803121857,98,196,65,89,108,132,176,0.9261870193284552,-23.5,0.001021452148248064,0.3298418474285816,3.3290681345070365,2.08566026482206e-05,0.12244897959183673
TZX,Trabzon International Airport,Turkey,7,7,0.00016121489342360687,0.00014362366315250337,0.00010316773883914772,5.436305997025087e-07,7,14,912,1520,1498,830,1480,0.6399392552899257,-566.5,0.0013660975712273705,-0.4457575564049101,3.8334629156007987,1.9664759278550545e-05,0.14285714285714285
VAN,Van Ferit Melen Airport,Turkey,4,4,0.00011651894630185804,9.849269690720498e-05,6.8471901886436e-05,1.91386936334932e-08,4,8,1270,2094,2142,1048,1698,0.5876460786819193,-706.0,0.0018761775046313624,-0.42545343181321016,4.018425676209896,2.1267461918058167e-05,0.25
ASR,Kayseri Erkilet Airport,Turkey,5,5,0.0001164523415739034,0.00011383570173866494,6.866929900683323e-05,1.91386936334932e-08,5,10,1107,2096,1892,1047,1698,0.5896772712230443,-908.0,0.0025513213767723976,-0.5635873621595593,4.846255417703057,1.699829783687956e-05,0.4
ATH,Eleftherios Venizelos International Airport,Greece,102,104,0.0019696746805780703,0.002289254358714857,0.0012979513563475841,0.009073259025834822,104,206,58,75,69,154,91,0.6589673762606598,-16.5,0.0012376614928323293,0.4055560478242466,3.5697934787330636,2.2208363399217444e-05,0.16666666666666666
BSL,EuroAirport Basel-Mulhouse-Freiburg Airport,France,65,66,0.0008824488707963658,0.0007647958220894418,0.0006416516638316768,0.00015660824655211095,66,131,131,226,275,251,748,0.7271261656809855,-94.5,0.0013328150193914197,-0.1195926062548045,4.223588410371623,1.5171751967291604e-05,0.15384615384615385
DIY,Diyarbakir Airport,Turkey,4,4,0.00011209166672650934,0.00011489072111393264,6.263720981783278e-05,1.91386936334932e-08,4,8,1270,2152,1866,1090,1698,0.5588034476341609,-765.5,0.002006909405446256,-0.46419033133635956,4.38882681144095,1.9965320866444637e-05,0.25
DTM,Dortmund Airport,Germany,29,28,0.0004400831779298368,0.0003469648012052196,0.00024986333588304606,2.7544500849153844e-05,29,57,339,489,572,501,982,0.5677638874051264,-144.0,0.0008883144595239758,-0.3177790072355995,3.6560323307492486,1.605978104059735e-05,0.06896551724137931
EZS,Elazığ Airport,Turkey,4,4,0.00011209166672650934,0.00010605591389513608,6.263720981783278e-05,1.9177047728951104e-08,4,8,1270,2152,2010,1090,1693,0.5588034476341609,-765.5,0.002006909405446256,-0.46419033133635956,4.38882681144095,1.9965320866444637e-05,0.25
GNY,Şanlıurfa GAP Airport,Turkey,4,4,0.00011209166672650934,9.634125199559006e-05,6.263720981783278e-05,1.91386936334932e-08,4,8,1270,2152,2195,1090,1698,0.5588034476341609,-765.5,0.002006909405446256,-0.46419033133635956,4.38882681144095,1.9965320866444637e-05,0.25
GZT,Gaziantep International Airport,Turkey,5,5,0.0001319931328919957,0.000136468362754401,7.632897300942704e-05,1.9177047728951104e-08,5,10,1107,1847,1577,991,1693,0.578279879695588,-659.0,0.0016429891077685919,-0.4383195685769774,3.926949757488727,2.065495461960409e-05,0.2
HEL,Helsinki Vantaa Airport,Finland,88,88,0.0018870471365663877,0.0019583069776209485,0.0015245666180321899,0.016018614935193683,89,176,82,83,85,142,50,0.8079112537730477,0.0,0.001437558617315362,0.45371462138152907,3.630759235973505,2.4636865805990656e-05,0.25
HTY,Hatay Airport,Turkey,8,8,0.00019673230426279272,0.00014532455735489407,0.00025790096000415466,6.019618689391202e-06,8,16,829,1220,1483,490,1159,1.3109232922908967,-350.0,0.0016388177548097562,-0.32897043064557074,4.005040976815233,2.242981302458475e-05,0.125
MQM,Mardin Airport,Turkey,4,4,0.00011209166672650934,9.630580080438155e-05,6.263720981783278e-05,1.91386936334932e-08,4,8,1270,2152,2197,1090,1698,0.5588034476341609,-765.5,0.002006909405446256,-0.46419033133635956,4.38882681144095,1.9965320866444637e-05,0.25
NTE,Nantes Atlantique Airport,France,56,55,0.0007946504888210593,0.0007896782435958022,0.0005114326020954408,0.00014763857602804025,56,111,162,260,261,299,759,0.6435943968954205,-97.0,0.001235552186009715,-0.13251455055303474,4.075084223704688,1.5765565421195466e-05,0.14285714285714285
SXB,Strasbourg Airport,France,26,26,0.0003962507859242337,0.000329546179157076,0.00024192871916395772,2.0018294867276775e-05,26,52,362,534,592,513,1022,0.6105444525483325,-164.5,0.001288622517326796,-0.3553769496599184,4.136105568374062,1.5929466541719004e-05,0.19230769230769232
VAS,Sivas Nuri Demirağ Airport,Turkey,3,3,9.056066424490311e-05,8.218717751693114e-05,4.617252392997819e-05,1.91386936334932e-08,3,6,1507,2543,2453,1259,1698,0.5098518690754507,-833.0,0.0023128074003287737,-0.5001389208545959,4.598035710023412,1.817689742813778e-05,0.3333333333333333
AMH,Arba Minch Airport,Ethiopia,2,1,9.908747200201815e-05,8.334255019937874e-05,5.1091397969859225e-05,0.0,2,3,1914,2384,2431,1209,1725,0.5156191487942958,-99.0,0.0010328898750442976,-0.16019725230476567,2.4489198999754556,3.2281115392933806e-05,0.0
ASO,Asosa Airport,Ethiopia,2,1,9.908747200201815e-05,8.334255019937874e-05,5.1091397969859225e-05,0.0,2,3,1914,2384,2431,1209,1725,0.5156191487942958,-99.0,0.0010328898750442976,-0.16019725230476567,2.4489198999754556,3.2281115392933806e-05,0.0
AXU,Axum Airport,Ethiopia,2,2,0.0001191231117343118,0.00010280266140064008,5.291457968943752e-05,9.601440684465647e-05,2,4,1914,2063,2060,1179,836,0.44420078454176404,222.0,0.0010856306533670072,0.02395724281035072,2.651652454029538,4.4066785827261276e-05,0.0
BAH,Bahrain International Airport,Bahrain,40,40,0.0007822581019727191,0.0008991907976759029,0.0036313835898150715,0.0003216727589409138,41,80,228,268,223,64,555,4.642180861607381,-34.0,0.0014586212975634355,0.059194114837754164,3.928291030827031,2.1707309612325226e-05,0.2
BJR,Bahir Dar Airport,Ethiopia,1,2,6.953506807890877e-05,5.848600014298461e-05,3.585361262672577e-05,9.582237803096714e-05,2,3,1914,3040,3149,1436,838,0.5156191489744267,-755.5,0.0019962446820096865,-0.08706201303322203,4.204692619390966,2.979469674641323e-05,0.0
BKK,Suvarnabhumi Airport,Thailand,121,121,0.0026057438719464467,0.0036442879270969677,0.0074446687377355426,0.02079986853276015,122,242,46,34,20,14,34,2.857022448708476,12.5,0.0013911306080183793,0.5801011946035253,3.6987655011781335,2.4905535223632107e-05,0.2066115702479339
BOM,Chhatrapati Shivaji International Airport,India,82,83,0.0021004914728552848,0.0027471187712183754,0.04824533117520458,0.008950172326290712,85,165,89,65,41,1,92,22.96859177896243,25.5,0.0011179066253167288,0.6044066053310075,3.0041825007393426,2.9501892372612884e-05,0.18292682926829268
DAR,Julius Nyerere International Airport,Tanzania,19,22,0.0006241536630104713,0.0006149723699616108,0.0005011371876529122,0.0015129256120626048,22,41,409,349,342,300,312,0.8029067477322563,65.5,0.0011372520603490067,0.2923339912083689,2.828338988220186,3.590985062182167e-05,0.15789473684210525
DEL,Indira Gandhi International Airport,India,97,97,0.0023331383429122297,0.0032282133423588355,0.04655198076635187,0.01299411976485395,98,194,65,45,26,2,66,19.95251627824416,20.5,0.0012466684462854789,0.6058870476255791,3.1704164579372334,2.776141623539369e-05,0.21649484536082475
DIR,Aba Tenna Dejazmach Yilma International Airport,Ethiopia,3,3,0.00015113309763818656,0.00011923742236374803,8.84012902033012e-05,1.6727248579208415e-07,3,6,1507,1643,1812,920,1590,0.5849234322910152,67.0,0.0008519071559072982,0.012002019743784231,2.596070519282359,4.193079287742547e-05,0.0
DOH,Hamad International Airport,Qatar,118,116,0.0022135488126726285,0.001918974427698928,0.008515823739402817,0.018649088011451074,118,234,48,54,87,10,39,3.8471361872164236,-6.0,0.001536396837470332,0.4324571716684158,3.9810043731632776,2.1628506866542875e-05,0.2457627118644068
EBB,Entebbe International Airport,Uganda,16,20,0.000539513373360071,0.0005796453596861447,0.0004625513676250741,0.0036159982107186323,20,36,440,403,363,319,175,0.8573492159134442,47.5,0.001187265400395844,0.25254614625420135,2.8334661288904712,3.641939689777576e-05,0.1875
FBM,Lubumbashi International Airport,Congo (Kinshasa),7,6,0.00030633821211636616,0.00026442097589675226,0.00015437465669958548,0.0002745077084751385,7,13,912,685,727,655,697,0.5039353583513912,268.5,0.0011068595124715062,0.19619398677219202,2.7526118854208894,4.405523301041983e-05,0.14285714285714285
FIH,Ndjili International Airport,Congo (Kinshasa),19,16,0.0008181530450290333,0.0007493265642520647,0.00031262567089744916,0.008128754830620043,20,35,440,249,282,433,96,0.38211147999376477,201.5,0.0011907715308105227,0.5629868140450789,2.706433519630488,4.7922196259539165e-05,0.15789473684210525
GDQ,Gonder Airport,Ethiopia,2,2,0.0001191231117343118,0.00010280266140064008,5.291457968943752e-05,9.601440684465647e-05,2,4,1914,2063,2060,1179,836,0.44420078454176404,222.0,0.0010856306533670072,0.02395724281035072,2.651652454029538,4.4066785827261276e-05,0.0
GMB,Gambella Airport,Ethiopia,1,2,6.953506807890877e-05,5.848600014298461e-05,3.585361262672577e-05,0.0,2,3,1914,3040,3149,1436,1725,0.5156191489744267,-755.5,0.0019962446820096865,-0.08706201303322203,4.204692619390966,2.979469674641323e-05,0.0
HGA,Egal International Airport,Somalia,7,5,0.00024614329852108057,0.00017632190061910946,0.0003108312076230408,4.741339133026354e-05,8,12,829,884,1199,436,932,1.262805891895611,-14.0,0.0014098108308445052,-0.02258189252486531,3.396262521747626,3.393844080861665e-05,0.14285714285714285
HKG,Hong Kong International Airport,Hong Kong,134,133,0.0026858332214588394,0.003504000683952474,0.005191512146498373,0.029992596914743864,134,267,36,29,22,34,18,1.9329242430319433,7.0,0.001404032852767092,0.547463320934324,3.8454796293765123,2.3192481536704443e-05,0.208955223880597
HRE,Robert Gabriel Mugabe International Airport,Zimbabwe,14,11,0.00045326147936712607,0.0005588989925668546,0.00027335443770614787,9.497401278676168e-05,14,25,574,473,378,474,840,0.6030833197822669,109.5,0.0010275731816841,0.16066635004138075,2.9132212113699647,3.437410956134776e-05,0.14285714285714285
JIB,Djibouti-Ambouli Airport,Djibouti,12,12,0.0003619783200728249,0.0003328677712765194,0.00042096801432641356,0.0006990089275538028,13,24,592,592,582,354,424,1.1629647163446717,15.5,0.001466464061056394,0.030811344814523522,3.147288309602031,3.115379847634311e-05,0.25
JIJ,Wilwal International Airport,Ethiopia,3,3,0.00019749846563938333,0.00017099924898121273,8.022038820457099e-05,0.0002892199824715162,3,6,1507,1213,1242,964,599,0.40618233637848666,497.0,0.0007491817513627679,0.2795719452541192,1.7677683026863587,6.011329013319097e-05,0.0
JIM,Jimma Airport,Ethiopia,1,2,6.953506807890877e-05,5.848600014298461e-05,3.585361262672577e-05,0.0,2,3,1914,3040,3149,1436,1725,0.5156191489744267,-755.5,0.0019962446820096865,-0.08706201303322203,4.204692619390966,2.979469674641323e-05,0.0
JRO,Kilimanjaro International Airport,Tanzania,11,9,0.000372590028910535,0.0003989086999656547,0.00024648905134799597,0.005344928154467563,11,20,660,578,509,509,143,0.6615556837866481,103.0,0.0013702219086554495,0.1133459523214464,3.2660582474141737,3.512090409249505e-05,0.18181818181818182
JUB,Juba International Airport,South Sudan,8,7,0.00022393799917274336,0.00019935987249211206,0.0002632255908108905,1.9866405975498344e-06,8,15,829,1019,1044,483,1309,1.175439593920106,-149.0,0.0013453057911989028,-0.19944514954931059,3.5999675523075534,2.643065050873845e-05,0.125
KGL,Kigali International Airport,Rwanda,17,16,0.00047503596498762166,0.0005475821038041689,0.00038854797324468725,0.0024690259100635993,17,33,514,451,383,375,229,0.8179338026644192,72.0,0.0014345370107890466,0.08789560142933528,3.322014432106595,2.9814975049096808e-05,0.23529411764705882
KRT,Khartoum International Airport,Sudan,22,22,0.0006095808607155242,0.0006158874244316933,0.0010342517940696789,0.002888952621999299,23,44,393,358,340,179,206,1.6966605428780641,42.5,0.001263675784589873,0.17833180988191977,3.22042719847809,3.0233758571237383e-05,0.09090909090909091
KWI,Kuwait International Airport,Kuwait,57,57,0.0011146104403573851,0.00129104960681138,0.0048988123095080344,0.001393387686717627,58,114,151,166,143,46,322,4.3950892007949385,-13.5,0.0012491288864034096,0.1949319852118725,3.6139300104834544,2.209289712065235e-05,0.19298245614035087
LAD,Quatro de Fevereiro Airport,Angola,36,36,0.0011899419509763661,0.0010339177725140801,0.00048303723501610127,0.006292742220326658,38,72,252,151,191,313,121,0.40593344458505864,107.5,0.0012865865036267518,0.543621173187951,2.8913733390320306,3.744223450168665e-05,0.25
LLW,Lilongwe International Airport,Malawi,7,6,0.00024067385364800873,0.00026310112827892493,0.0001678900387650774,1.9184123364910436e-06,7,13,912,915,732,630,1312,0.6975832073999222,38.5,0.001167105134439734,-0.045053060592765704,3.217661243227974,3.301920637367258e-05,0.14285714285714285
LUN,Kenneth Kaunda International Airport Lusaka,Zambia,15,18,0.0006008350374261923,0.0007545261796835763,0.0003133258694874512,0.0012459312063986395,19,33,462,368,279,432,335,0.5214840180253981,106.5,0.0008435763010398181,0.3999852953185039,2.222584720129598,4.365689896873498e-05,0.13333333333333333
MBA,Mombasa Moi International Airport,Kenya,8,9,0.00023939541744857424,0.00021008769535251138,0.00022266395858847382,0.0002920810994000242,9,17,750,921,984,542,585,0.9301095274152664,-132.0,0.0015644972678414539,-0.13269772256185242,3.4922643518998404,2.870380025629918e-05,0.25
MCT,Muscat International Airport,Oman,53,54,0.0010964165749896436,0.0011561382589041118,0.006463377236963354,0.0038458023215252935,55,107,165,172,164,23,170,5.895001393083104,-4.0,0.0012934813494329173,0.22332845832963333,3.644765401132906,2.335642619454054e-05,0.16981132075471697
MPM,Maputo Airport,Mozambique,15,15,0.0005417614244398446,0.0004189722065861369,0.0002585278675065901,0.0005965697330765519,15,30,551,402,492,488,442,0.4771987370158286,160.0,0.0007992801282028207,0.2964906068393205,2.4862494520162213,3.9023674421618015e-05,0.06666666666666667
MQX,Mekele Airport,Ethiopia,3,3,0.0002139579043829223,0.00018925955940596897,7.998653281220403e-05,0.0002892199824715162,3,6,1507,1091,1107,966,599,0.3738423828878574,619.0,0.0007437440461308753,0.3596204170388173,1.6326132666503037,6.656797199336984e-05,0.0
PEK,Beijing Capital International Airport,China,206,206,0.0038296482319495036,0.004810895481564101,0.003722289655805886,0.047127830357988156,207,412,6,9,8,59,8,0.9719664654189488,-3.0,0.0010402758398432885,0.6371391302052478,3.331117654351982,2.1618724493574097e-05,0.15048543689320387
PNR,Pointe Noire Airport,Congo (Brazzaville),9,9,0.00027612347384111904,0.000308597363058525,0.00015268824718358068,0.0022679855442435154,9,18,750,765,634,661,240,0.5529709048620662,24.0,0.0013450143447609128,-0.06257639059477782,3.311726923241559,3.0315542242070374e-05,0.2222222222222222
SZE,,,2,2,0.00013015647429848637,0.00011210954196543449,5.851646354163598e-05,0.0,2,4,1914,1884,1918,1126,1725,0.44958549973811396,401.5,0.0011051012931963043,0.1125371071915886,2.651652454029538,5.0556999103693666e-05,0.0
TLV,Ben Gurion International Airport,Israel,78,79,0.001279528492216773,0.0012691096489068695,0.001600105012699843,0.002987553838722115,79,157,103,135,150,135,202,1.25054269790247,-32.0,0.0016873741156482537,0.1395570102208934,4.2576362818500915,1.8632261202982624e-05,0.3076923076923077
ADE,Aden International Airport,Yemen,15,18,0.0003416471099491287,0.000297482447701657,0.001252960372936245,4.9563953185344585e-05,18,33,488,624,663,155,930,3.6674110110950773,-123.5,0.001240195346679595,-0.16455675929115277,3.536111020374485,2.3328434066718713e-05,0.06666666666666667
AHB,Abha Regional Airport,Saudi Arabia,10,11,0.00023326189841559812,0.0001953067432177378,0.0006115545906297134,7.990495005951165e-07,11,21,660,962,1072,263,1419,2.6217508936676777,-281.0,0.0013410338217137291,-0.2962146692970329,3.72978864664658,2.2241449734146553e-05,0.1
AMM,Queen Alia International Airport,Jordan,58,57,0.0010492187142231945,0.0011596799933818271,0.002725678496664029,0.0013106251574985042,58,115,151,190,162,86,328,2.5978172708080485,-37.5,0.0015937832285312084,0.12375127457467805,3.9619380577664463,2.0385580920531387e-05,0.25862068965517243
ASM,Asmara International Airport,Eritrea,8,7,0.00022318395572432082,0.00016547067578640275,0.0002973544455779266,4.066839966515538e-06,9,15,750,1024,1290,445,1207,1.3323289508553293,-235.0,0.0009438870518044816,-0.20281802871579657,3.1641086323035053,2.6319761762580393e-05,0.0
AUH,Abu Dhabi International Airport,United Arab Emirates,89,87,0.001700613772650277,0.002429236368712755,0.006889795727911935,0.007070619357025614,90,176,80,94,57,19,112,4.051358302934777,-13.5,0.001582847307440755,0.34272472492899464,3.97654623208285,2.189562720692513e-05,0.2696629213483146
BBO,Berbera Airport,Somalia,5,6,0.00020513061225741906,0.00021414664403457412,0.0002162407666225715,0.0003590507415198214,7,11,912,1157,965,553,534,1.054161366959751,-203.5,0.0009306146627546224,0.00257744295380391,2.4750617925550946,3.786377329482157e-05,0.2
GXF,Sayun International Airport,Yemen,4,4,0.00011663529476922397,9.965586537538221e-05,0.00023954984643950156,0.0,4,8,1270,2093,2122,518,1725,2.053836678798453,-705.0,0.0011961280580944163,-0.4244553931201178,3.784667553034552,2.1301682050734455e-05,0.0
MGQ,Aden Adde International Airport,Somalia,8,7,0.00030358504219464875,0.00029715371151349003,0.0002853078269851772,0.0012272692122291373,8,15,829,698,664,454,338,0.9397954027071176,172.0,0.0004778626766519575,0.10484740249049551,2.3019997245059978,3.814345095700551e-05,0.0
RIY,Mukalla International Airport,Yemen,8,9,0.0002215809848124681,0.0001878768693560855,0.00042453874333608764,0.0002895603897896669,9,17,750,1033,1125,350,592,1.9159529582170147,-244.0,0.0013974400113791175,-0.21002623110033447,3.6015765746843935,2.608403074777513e-05,0.125
SHJ,Sharjah International Airport,United Arab Emirates,78,78,0.0015866849099270485,0.0011836232724263156,0.008979556479602092,0.001535301949249872,80,156,101,104,159,9,311,5.659319265861644,-2.5,0.0006948795002473105,0.3547122429705354,3.02087248338207,2.326508801695738e-05,0.02564102564102564
ADF,Adıyaman Airport,Turkey,2,2,8.226398983627022e-05,6.804166978649299e-05,3.791469365013096e-05,0.0,2,4,1914,2684,2787,1384,1725,0.46089052725977026,-400.0,0.0027509691296181645,-0.34626680353311023,4.593075066587483,2.2384949419840368e-05,0.5
ADK,Adak Airport,United States,1,1,9.944547082782022e-05,8.358427165748422e-05,1.791925099629908e-06,0.0,1,2,2658,2367,2424,3104,1725,0.01801917256475607,672.0,0.002209435786106052,0.27071624703607533,3.5263605246161616,6.498340547370741e-05,0.0
ANC,Ted Stevens Anchorage International Airport,United States,34,34,0.002209435786106052,0.0027356105204125016,7.167697880839794e-05,0.06423336844125203,34,68,287,55,43,1022,2,0.03244130436337446,234.5,0.001181188302600857,1.1976904931232442,2.3037417658356314,7.492132179445402e-05,0.17647058823529413
ADL,Adelaide International Airport,Australia,26,26,0.0011228439163927047,0.0011405440574496935,0.0005270572462485313,0.006346233204964705,26,52,362,164,169,293,119,0.4693949341968895,205.5,0.0010813988296701905,0.6861956987500859,2.3383568917856716,4.8806983727895265e-05,0.23076923076923078
AKL,Auckland International Airport,New Zealand,50,45,0.0020414323710574523,0.0025622002844895137,0.0007139154756411155,0.014279730452465007,50,95,185,69,51,237,59,0.34971301805668475,118.5,0.0010876505769064225,0.88085421273344,2.5382357354676075,4.699347750919743e-05,0.2
ASP,Alice Springs Airport,Australia,8,8,0.0003179571678317674,0.00026983300662309593,0.00012789988995632364,2.2124903759729985e-06,8,16,829,664,711,728,1298,0.4022550924972261,206.0,0.0015063731086848136,0.15110230767171728,3.366944205697126,4.025699880633049e-05,0.25
BHQ,Broken Hill Airport,Australia,4,4,0.00020121164099707125,0.00013040909227104644,6.312475611215067e-05,5.842827928717499e-07,4,8,1270,1191,1653,1087,1465,0.31372318122026294,197.0,0.001137270885137732,0.12084997359344207,2.4450473340479086,4.617707796941849e-05,0.25
BNE,Brisbane International Airport,Australia,56,60,0.0022772631660361747,0.0031742723566842808,0.000844424593582816,0.03125661192177806,61,116,143,49,28,206,17,0.3708067676045669,95.5,0.001037773005167654,0.9203127033230896,2.5119400959705884,4.691289052224641e-05,0.17857142857142858
CBR,Canberra International Airport,Australia,6,6,0.00023404049265025997,0.0002589097342548885,0.00010742271235953676,4.009228786256162e-07,6,12,996,954,749,803,1504,0.4589919938344372,97.0,0.0017047026061745455,0.02202822287169326,3.667493509859048,3.72217483788571e-05,0.3333333333333333
CED,Ceduna Airport,Australia,1,1,8.091793467606995e-05,6.318200102785538e-05,1.7230717629589792e-05,0.0,1,2,2658,2736,2977,1955,1725,0.21294065028436115,302.5,0.0011228439163927047,0.0645422739166861,3.258096538021482,4.318630447664249e-05,0.0
CPD,Coober Pedy Airport,Australia,1,1,8.091793467606995e-05,6.318200102785538e-05,1.7230717629589792e-05,0.0,1,2,2658,2736,2977,1955,1725,0.21294065028436115,302.5,0.0011228439163927047,0.0645422739166861,3.258096538021482,4.318630447664249e-05,0.0
DPS,Ngurah Rai (Bali) International Airport,Indonesia,42,42,0.0013095658305713423,0.0014967571411644703,0.0008571782111850513,0.005621383657548965,42,84,225,130,116,204,136,0.654551448407201,96.0,0.001267574575433441,0.544382453034995,3.10318785206614,3.5444152797667424e-05,0.2619047619047619
DRW,Darwin International Airport,Australia,20,20,0.0008037267977382719,0.0009508548038235899,0.00037098474810075933,0.0021969899246581065,20,40,440,255,207,386,254,0.46158066291273264,195.5,0.001145726863024594,0.5135758355860016,2.731707716697787,4.4677483630771565e-05,0.25
KGC,Kingscote Airport,Australia,1,1,8.091793467606995e-05,6.318200102785538e-05,1.7230717629589792e-05,0.0,1,2,2658,2736,2977,1955,1725,0.21294065028436115,302.5,0.0011228439163927047,0.0645422739166861,3.258096538021482,4.318630447664249e-05,0.0
KGI,Kalgoorlie Boulder Airport,Australia,3,3,0.00014142103780680806,0.0001254955974725236,5.97878442066684e-05,0.0,3,6,1507,1726,1727,1110,1725,0.42276485262640456,-16.0,0.0014601279425807802,-0.05441734552050548,3.6343386276601133,3.812214193370785e-05,0.0
KUL,Kuala Lumpur International Airport,Malaysia,111,112,0.002606877851386777,0.0030103674974851164,0.006948854456682515,0.018208108607921682,112,223,52,33,31,17,44,2.6655849843466743,19.0,0.0011725817059690376,0.6337135237844214,3.362438485515881,2.7161295991210986e-05,0.16216216216216217
MGB,Mount Gambier Airport,Australia,2,2,0.00010855269973176784,7.749220365725574e-05,4.037944139179286e-05,0.0,2,4,1914,2213,2585,1344,1725,0.3719800750379298,72.5,0.0014554878863158988,-0.06896450103559637,3.632714861626977,3.784889638594936e-05,0.0
MQL,Mildura Airport,Australia,4,4,0.000182564706808186,0.00015015697187526647,7.13580172042412e-05,2.1658441939759736e-07,4,8,1270,1315,1434,1024,1569,0.3908642500065165,73.0,0.001559410187009403,0.023597347238069943,3.27359383521604,4.069268556237617e-05,0.25
OLP,Olympic Dam Airport,Australia,1,1,8.091793467606995e-05,6.318200102785538e-05,1.7230717629589792e-05,0.0,1,2,2658,2736,2977,1955,1725,0.21294065028436115,302.5,0.0011228439163927047,0.0645422739166861,3.258096538021482,4.318630447664249e-05,0.0
OOL,Gold Coast Airport,Australia,13,13,0.0004451153088600143,0.0005118083247864376,0.00027694009041186646,0.0007166210335725451,13,26,592,483,409,469,419,0.622176062919827,124.5,0.0015405667675492153,0.18821616426640464,3.5180529191069763,3.6281061800545354e-05,0.23076923076923078
PER,Perth International Airport,Australia,38,38,0.001469408055110543,0.0017318871500360041,0.0008676697746479031,0.010001983372388232,38,76,252,113,99,202,85,0.590489327746763,145.5,0.0011255175303405602,0.7212452605189803,2.606799082975601,4.412379192729068e-05,0.23684210526315788
PLO,Port Lincoln Airport,Australia,1,1,8.091793467606995e-05,8.21910686474227e-05,1.7230717629589792e-05,0.0,1,2,2658,2736,2452,1955,1725,0.21294065028436115,302.5,0.0011228439163927047,0.0645422739166861,3.258096538021482,4.318630447664249e-05,0.0
PUG,Port Augusta Airport,Australia,1,1,8.091793467606995e-05,6.318200102785538e-05,1.7230717629589792e-05,0.0,1,2,2658,2736,2977,1955,1725,0.21294065028436115,302.5,0.0011228439163927047,0.0645422739166861,3.258096538021482,4.318630447664249e-05,0.0
SIN,Singapore Changi Airport,Singapore,125,125,0.00284881586947115,0.004816278567260548,0.007931541235358257,0.029113564941264995,125,250,42,22,7,12,19,2.784153697104565,20.0,0.0012703663239924793,0.6492367337810983,3.5353392566412998,2.6396294540508292e-05,0.184
WYA,Whyalla Airport,Australia,1,1,8.091793467606995e-05,6.318200102785538e-05,1.7230717629589792e-05,0.0,1,2,2658,2736,2977,1955,1725,0.21294065028436115,302.5,0.0011228439163927047,0.0645422739166861,3.258096538021482,4.318630447664249e-05,0.0
ADQ,Kodiak Airport,United States,5,8,0.00038254175543786794,0.00043907847458869026,2.775927728289565e-06,0.003181419807186678,8,13,829,556,473,3010,195,0.007256535237864847,314.0,0.0005169835113843562,0.6257683455874314,0.8439015410352214,7.96075715115927e-05,0.0
AKK,Akhiok Airport,United States,1,1,8.485463746294559e-05,7.810172473222402e-05,2.949424879257203e-07,0.0,1,2,2658,2637,2563,3329,1725,0.0034758558488275446,402.0,0.00038254175543786794,0.11204643000111325,2.0794415416798357,4.781771942973349e-05,0.0
AOS,,,1,1,8.485463746294559e-05,7.810172473222402e-05,2.949424879257203e-07,0.0002892199824715162,2,2,1914,2637,2563,3329,599,0.0034758558488275446,-354.0,0.00038254175543786794,0.11204643000111325,2.0794415416798357,4.781771942973349e-05,0.0
KKB,,,1,1,8.485463746294559e-05,7.810172473222402e-05,2.949424879257203e-07,0.0005784399649430324,2,2,1914,2637,2563,3329,453,0.0034758558488275446,-354.0,0.00038254175543786794,0.11204643000111325,2.0794415416798357,4.781771942973349e-05,0.0
KLN,Larsen Bay Airport,United States,1,1,8.485463746294559e-05,7.810172473222402e-05,2.949424879257203e-07,0.0002892199824715162,2,2,1914,2637,2563,3329,599,0.0034758558488275446,-354.0,0.00038254175543786794,0.11204643000111325,2.0794415416798357,4.781771942973349e-05,0.0
KOZ,,,1,2,8.485463746294559e-05,0.00011203051605616,2.949424879257203e-07,0.0,2,3,1914,2637,1919,3329,1725,0.0034758558488275446,-354.0,0.00038254175543786794,0.11204643000111325,2.0794415416798357,4.781771942973349e-05,0.0
OLH,,,1,1,8.485463746294559e-05,0.00011203051605616,2.949424879257203e-07,0.0,1,2,2658,2637,1919,3329,1725,0.0034758558488275446,402.0,0.00038254175543786794,0.11204643000111325,2.0794415416798357,4.781771942973349e-05,0.0
ORI,,,2,1,0.00012091785842689215,0.00012571469416375975,4.2029313023989644e-07,0.0,2,3,1914,2031,1716,3290,1725,0.0034758565501224856,254.5,0.00023369819645040676,0.038911191183750304,1.3862943611198906,4.5122519080603146e-05,0.0
ADU,Ardabil Airport,Iran,2,2,0.00010608063667062424,0.00010895301573932289,5.751006733111715e-05,0.0,2,4,1914,2256,1971,1137,1725,0.5421353899834087,28.0,0.0013747737502091855,-0.09200073969331157,3.6372397793869355,3.6394741674483294e-05,0.0
ADZ,Gustavo Rojas Pinilla International Airport,Colombia,8,8,0.0003125606617558899,0.0002651262933692993,2.67194880553891e-05,0.00028941474340247347,8,16,829,672,723,1630,595,0.08548576748361583,198.0,0.0008107648824876915,0.13398419427321961,2.452371262505042,3.946339499098558e-05,0.125
BAQ,Ernesto Cortissoz International Airport,Colombia,6,6,0.00020434451392044458,0.00018902652707205697,2.195925301613626e-05,2.3647351421552406e-06,6,12,996,1167,1109,1767,1287,0.10746191612800252,-116.0,0.0014782859305443328,-0.11365855986607087,3.557698508021803,3.139900746885862e-05,0.3333333333333333
BOG,El Dorado International Airport,Colombia,74,74,0.002880358331885605,0.003312103196384502,0.00032344886797152934,0.023905604393815384,74,148,112,20,24,417,29,0.11229466292125743,93.0,0.0010025571287983646,0.9834335534553382,2.407725275783577,4.508980534928819e-05,0.1891891891891892
CLO,Alfonso Bonilla Aragon International Airport,Colombia,18,18,0.0006647546840938496,0.000563340430242601,6.623691985477908e-05,0.0007189802994916212,18,36,488,331,374,1064,418,0.09964114798990689,169.5,0.0009029074812699593,0.3886864983487275,2.4981844303590917,4.055850381349795e-05,0.16666666666666666
CTG,Rafael Nuñez International Airport,Colombia,8,8,0.0002379039291224845,0.00020688571326166752,3.6472522353738964e-05,1.809186661154405e-05,8,16,829,936,1003,1414,1030,0.15330777632916326,-66.0,0.001739329998485678,-0.1389474406537321,3.8760622952333232,2.848446372103076e-05,0.375
MDE,Jose Maria Córdova International Airport,Colombia,18,18,0.000524026884007912,0.00041046967562937477,7.88988907895443e-05,0.00012003875901884851,18,36,488,416,503,976,799,0.15056267759795516,84.5,0.001244112155176437,0.15081141021482924,3.187842354068965,3.136060838305974e-05,0.2222222222222222
PEI,Matecaña International Airport,Colombia,4,4,0.00018285404758108662,0.00016533059579312376,1.2728949478355404e-05,1.7643943964514045e-05,4,8,1270,1311,1291,2200,1034,0.0696126208128412,77.0,0.0013494549076275104,0.025180959627380872,3.1849035738949745,4.077778580577931e-05,0.25
PTY,Tocumen International Airport,Panama,72,72,0.0017144575231197129,0.0013645543657266634,0.000342758664752497,0.006859072778494061,72,144,117,92,129,399,115,0.1999225178403931,26.5,0.0013217544412515469,0.4815063125901782,3.4709763144430816,2.7291633131143226e-05,0.2361111111111111
PVA,El Embrujo Airport,Colombia,1,1,7.741914617043711e-05,6.465996516648049e-05,2.8389455875527397e-06,0.0,1,2,2658,2803,2904,3005,1725,0.036669812675314745,238.5,0.0003125606617558899,0.020340901525829125,2.0794415416798357,3.907008271948624e-05,0.0
AEB,Baise Youjiang Airport,China,3,3,8.957269634564773e-05,6.45408198516917e-05,4.309836064093718e-05,0.0,3,6,1507,2557,2916,1297,1725,0.481155110868015,-847.0,0.001710367055287391,-0.5111083248857593,4.404281243510901,1.778945902734106e-05,0.3333333333333333
KWL,Guilin Liangjiang International Airport,China,40,41,0.0006676646643509672,0.0007934869081702184,0.0006001124467907995,3.484750441554207e-05,41,81,228,328,258,268,962,0.8988231350750983,-94.0,0.0012089212747810568,-0.09920457690725382,3.9453834745352863,1.8336914382676616e-05,0.15
AEP,Jorge Newbery Airpark,Argentina,42,43,0.002373083307575715,0.0024694430067755185,9.783591224924221e-05,0.018354486013620493,44,85,217,43,55,864,41,0.041227339949219496,175.5,0.0003419288515595523,1.1388768810755039,1.2850493116197552,6.523455831634988e-05,0.023809523809523808
AFA,Suboficial Ay Santiago Germano Airport,Argentina,2,2,0.00016857082001787228,0.00014146145185675395,3.5778365056230203e-06,0.0019725387087350284,3,4,1507,1439,1519,2941,271,0.021224530468818326,271.0,0.0012321013348746608,0.3711556904245725,1.8806000578467812,7.315367303535803e-05,0.5
ASU,Silvio Pettirossi International Airport,Paraguay,10,10,0.0003256492533078158,0.0003289923683499569,4.0573863263818366e-05,0.0001440061704874493,10,20,703,647,594,1341,772,0.12459375494242708,79.0,0.001444541872528141,0.03744437290970559,3.4548700246395456,3.311055029383424e-05,0.3
BHI,Comandante Espora Airport,Argentina,3,3,0.00019894180234064933,0.00018452885274393942,5.1264748258409974e-06,3.5726269842777277e-07,3,6,1507,1203,1146,2739,1520,0.02576871610453645,507.0,0.0009464034909775951,0.28685346126062505,2.082035588493854,6.067930450413683e-05,0.3333333333333333
BRC,San Carlos De Bariloche Airport,Argentina,6,6,0.0002867560673076322,0.0002512622261671531,1.5835191112206765e-05,0.00036075552033584216,7,12,912,737,778,2016,532,0.05522181713846269,216.5,0.0007924086581487078,0.2251659916321298,2.4473761249262247,4.755813558217789e-05,0.16666666666666666
COR,Ingeniero Ambrosio Taravella Airport,Argentina,11,11,0.0004344753176573946,0.0003726043228670761,3.7233098033751893e-05,0.0013862614450739189,11,22,660,498,539,1400,323,0.08569669327708977,183.0,0.0010921193154346147,0.2670063921331387,2.85518309638349,4.173965153437021e-05,0.18181818181818182
CPC,Aviador C. Campos Airport,Argentina,1,1,9.111936217360642e-05,7.646564965155909e-05,1.9339656885473896e-06,0.0,1,2,2658,2522,2603,3074,1725,0.021224530576307972,512.5,0.002373083307575715,0.1832771042408421,3.7612001156935624,5.518798389710965e-05,1.0
CRD,General E. Mosconi Airport,Argentina,6,4,0.00033171984801718215,0.0003198833289199879,1.0833565280848009e-05,1.4607069821793749e-06,6,10,996,638,612,2320,1345,0.03265877922471151,413.0,0.0006057592272070592,0.37082485838762835,1.858563590653332,5.637456317088607e-05,0.16666666666666666
CTC,Catamarca Airport,Argentina,1,1,9.111936217360642e-05,7.646564965155909e-05,1.9339656885473896e-06,0.0,1,2,2658,2522,2603,3074,1725,0.021224530576307972,512.5,0.002373083307575715,0.1832771042408421,3.7612001156935624,5.518798389710965e-05,1.0
CWB,Afonso Pena Airport,Brazil,24,23,0.0007991349291005225,0.0008455596354135179,7.483777127864515e-05,0.0019201663929545607,24,47,386,257,236,1002,287,0.09364847981664354,132.0,0.0008446496860742104,0.3954497751720085,2.6999300018578194,3.700614477563661e-05,0.125
EQS,Brigadier Antonio Parodi Airport,Argentina,3,3,0.0001768839409201367,0.00014082150466437028,5.930545144605039e-06,0.0,4,6,1270,1366,1527,2678,1725,0.03352788904269544,22.0,0.00099282677802435,0.16933494634935897,2.4482396847165577,5.2029162771110703e-05,0.3333333333333333
FLN,Hercílio Luz International Airport,Brazil,12,12,0.0004376761101201408,0.0004511152811939696,3.8798566952829895e-05,0.002479747916363119,12,24,624,493,456,1370,227,0.08864675511345549,148.5,0.0011058927972321445,0.22070618630246042,3.037265430159388,3.857515042647073e-05,0.16666666666666666
FMA,Formosa Airport,Argentina,1,1,9.111936217360642e-05,7.646564965155909e-05,1.9339656885473896e-06,0.0,1,2,2658,2522,2603,3074,1725,0.021224530576307972,512.5,0.002373083307575715,0.1832771042408421,3.7612001156935624,5.518798389710965e-05,1.0
FTE,El Calafate Airport,Argentina,3,3,0.00017388230245826697,0.00014848280236945296,1.013671342016009e-05,2.0307696141994989e-07,3,6,1507,1402,1446,2358,1573,0.05829640668919125,308.0,0.0012252095095356141,0.1522197775415055,2.849563952825203,5.085204965112912e-05,0.3333333333333333
GIG,Rio Galeão – Tom Jobim International Airport,Brazil,50,49,0.0012571535965696795,0.0014242284517668063,0.0003227903686030818,0.013295271734057982,50,99,185,139,124,419,64,0.2567628724794335,48.5,0.0015494958320437472,0.39605262370717575,3.620027444334651,2.8539859321294805e-05,0.32
GRU,Guarulhos - Governador André Franco Montoro International Airport,Brazil,90,92,0.002308162638221727,0.0029913552881603244,0.0006817278953193451,0.049624267538821376,92,182,76,46,33,245,6,0.2953552249873377,30.5,0.001406545652640531,0.6412992629219927,3.364135569745182,2.9594157688245384e-05,0.28888888888888886
IGR,Cataratas Del Iguazú International Airport,Argentina,3,3,0.00015970860949009682,0.0001542121497367691,9.08824232210529e-06,0.0001258922668139415,3,6,1507,1535,1396,2415,792,0.05690514964172193,175.0,0.0012263292510776686,0.06719209402058368,2.945457976975796,4.5293738682543676e-05,0.3333333333333333
IRJ,Capitan V A Almonacid Airport,Argentina,1,1,9.111936217360642e-05,7.646564965155909e-05,1.9339656885473896e-06,0.0,1,2,2658,2522,2603,3074,1725,0.021224530576307972,512.5,0.002373083307575715,0.1832771042408421,3.7612001156935624,5.518798389710965e-05,1.0
JUJ,Gobernador Horacio Guzman International Airport,Argentina,2,2,0.0001246924548970762,0.00010082823999274297,4.811068699064099e-06,0.0,2,4,1914,1974,2103,2754,1725,0.03858347887236046,311.5,0.0014037793126165548,0.0696500769077062,3.0795476942459663,4.7342870023890945e-05,0.5
LUQ,Brigadier Mayor D Cesar Raul Ojeda Airport,Argentina,2,1,0.0001627619606781838,0.00013658676669227467,3.454546185527176e-06,0.0,2,3,1914,1504,1574,2956,1725,0.021224530419350095,781.5,0.0012708270637967938,0.3360885015886925,2.2271736481267537,6.973669695302289e-05,0.5
MDQ,Ástor Piazzola International Airport,Argentina,2,2,0.00014748620616736744,0.0001479707471043449,3.386466872195631e-06,0.0,2,4,1914,1675,1453,2961,1725,0.022961244717032495,610.5,0.0012860125549581823,0.23753438598762777,2.429906202180836,6.075095900532971e-05,0.5
MDZ,El Plumerillo Airport,Argentina,8,7,0.00035900007126573615,0.00037032986578177177,2.0975727617676344e-05,0.0008210005946877398,8,15,829,596,545,1813,402,0.05842819903550899,274.0,0.0007531152975340753,0.2725082133163621,2.3133334495369757,4.629271991635673e-05,0.125
MVD,Carrasco International /General C L Berisso Airport,Uruguay,12,12,0.0003528509401164234,0.00039474308947201587,5.273319368610619e-05,0.00030122132433420837,12,24,624,608,512,1182,570,0.14944892500132445,33.5,0.0016246771032681305,0.005272725878556983,3.8811726060270524,3.025895728783539e-05,0.3333333333333333
NQN,Presidente Peron Airport,Argentina,3,3,0.00020520269566578765,0.000262348052943996,6.783150903434604e-06,1.9476093095724995e-07,3,6,1507,1156,735,2601,1578,0.033055856705129644,554.0,0.0010212677422862112,0.317839379840807,2.364468208622922,6.313455678931297e-05,0.3333333333333333
PDP,Capitan Corbeta CA Curbelo International Airport,Uruguay,2,2,0.0001292250938669639,0.00013431217841919154,5.044459922178539e-06,0.0,2,4,1914,1896,1614,2743,1725,0.03903622563719525,389.5,0.0012986173352553397,0.10535552955593452,2.6853190140638312,5.0009128242051244e-05,0.5
PMY,El Tehuelche Airport,Argentina,1,1,9.111936217360642e-05,7.646564965155909e-05,1.9339656885473896e-06,0.0,1,2,2658,2522,2603,3074,1725,0.021224530576307972,512.5,0.002373083307575715,0.1832771042408421,3.7612001156935624,5.518798389710965e-05,1.0
POA,Salgado Filho Airport,Brazil,26,27,0.0009027953310125312,0.000913591580395874,8.179614605598293e-05,0.0026950020478981145,29,53,339,221,218,955,213,0.09060320013423681,124.0,0.0008402319801739001,0.4680716150013584,2.6616180817504405,3.885003417855261e-05,0.07692307692307693
PRA,General Urquiza Airport,Argentina,1,1,9.111936217360642e-05,0.0001087583658948301,1.9339656885473896e-06,0.0,1,2,2658,2522,1975,3074,1725,0.021224530576307972,512.5,0.002373083307575715,0.1832771042408421,3.7612001156935624,5.518798389710965e-05,1.0
PSS,Libertador Gral D Jose De San Martin Airport,Argentina,1,1,9.111936217360642e-05,7.646564965155909e-05,1.9339656885473896e-06,0.0,1,2,2658,2522,2603,3074,1725,0.021224530576307972,512.5,0.002373083307575715,0.1832771042408421,3.7612001156935624,5.518798389710965e-05,1.0
REL,Almirante Marco Andres Zar Airport,Argentina,5,6,0.0003186409591897026,0.00023890900118008455,1.2375958239021112e-05,0.00011016901966877961,7,11,912,662,844,2230,812,0.03883982232068632,291.5,0.0008174465344781429,0.44299548286569923,1.9869972439191,6.457209019913008e-05,0.2
RES,Resistencia International Airport,Argentina,1,1,9.111936217360642e-05,7.646564965155909e-05,1.9339656885473896e-06,0.0,1,2,2658,2522,2603,3074,1725,0.021224530576307972,512.5,0.002373083307575715,0.1832771042408421,3.7612001156935624,5.518798389710965e-05,1.0
RGA,Hermes Quijada International Airport,Argentina,2,2,0.00013769738891125058,0.00010900338300361388,3.234771983174836e-06,0.0,2,4,1914,1773,1968,2968,1725,0.02349189050534377,512.5,0.001323535850079548,0.16885817548994453,2.6853190140638312,5.49928312068929e-05,0.5
RGL,Piloto Civil N. Fernández Airport,Argentina,4,5,0.00027398839258338075,0.000229678117770786,7.651801820536254e-06,0.0003002830283590867,6,9,996,774,887,2523,572,0.02792746710321913,277.0,0.0007739865154495779,0.4295784218595955,1.8067340046233222,6.758200492014286e-05,0.25
RHD,Termas de Río Hondo international Airport,Argentina,1,1,9.111936217360642e-05,7.646564965155909e-05,1.9339656885473896e-06,0.0,1,2,2658,2522,2603,3074,1725,0.021224530576307972,512.5,0.002373083307575715,0.1832771042408421,3.7612001156935624,5.518798389710965e-05,1.0
ROS,Islas Malvinas Airport,Argentina,5,5,0.00022415136293496422,0.00021044316196840108,1.8297025023035576e-05,0.0009057818983460484,5,10,1107,1018,982,1919,378,0.08162798915634663,170.0,0.0012674629419210724,0.09125208477772695,3.0125821200429708,4.233924402336998e-05,0.4
RSA,Santa Rosa Airport,Argentina,1,1,9.111936217360642e-05,7.646564965155909e-05,1.9339656885473896e-06,0.0,2,2,1914,2522,2603,3074,1725,0.021224530576307972,-243.5,0.002373083307575715,0.1832771042408421,3.7612001156935624,5.518798389710965e-05,1.0
SCL,Comodoro Arturo Merino Benítez International Airport,Chile,39,40,0.001328381184235176,0.0015175312929776308,0.00018932872647924945,0.013633481378853115,41,79,228,126,113,599,62,0.1425259019972168,108.0,0.0014148355676376241,0.6043334646840304,3.1005134810039614,3.873820839931853e-05,0.3076923076923077
SDE,Vicecomodoro Angel D. La Paz Aragonés Airport,Argentina,1,1,9.111936217360642e-05,7.646564965155909e-05,1.9339656885473896e-06,0.0,1,2,2658,2522,2603,3074,1725,0.021224530576307972,512.5,0.002373083307575715,0.1832771042408421,3.7612001156935624,5.518798389710965e-05,1.0
SFN,Sauce Viejo Airport,Argentina,1,1,9.111936217360642e-05,0.0001087583658948301,1.9339656885473896e-06,0.0,1,2,2658,2522,1975,3074,1725,0.021224530576307972,512.5,0.002373083307575715,0.1832771042408421,3.7612001156935624,5.518798389710965e-05,1.0
SLA,Martin Miguel De Guemes International Airport,Argentina,4,4,0.00021353609337372944,0.00022966179289094342,9.933123289447197e-06,5.854537002722945e-07,4,8,1270,1094,888,2367,1462,0.04651730362071536,294.0,0.0008315668264972357,0.1802985531982788,2.300904456553839,4.980191691942031e-05,0.25
TUC,Teniente Benjamin Matienzo Airport,Argentina,1,1,9.111936217360642e-05,0.0001087583658948301,1.9339656885473896e-06,0.0,1,2,2658,2522,1975,3074,1725,0.021224530576307972,512.5,0.002373083307575715,0.1832771042408421,3.7612001156935624,5.518798389710965e-05,1.0
UAQ,Domingo Faustino Sarmiento Airport,Argentina,1,2,9.111936217360642e-05,0.0001087583658948301,1.9339656885473896e-06,0.0,2,3,1914,2522,1975,3074,1725,0.021224530576307972,-243.5,0.002373083307575715,0.1832771042408421,3.7612001156935624,5.518798389710965e-05,1.0
USH,Malvinas Argentinas Airport,Argentina,4,3,0.00021017686874756598,0.00021731965343410017,1.1150328717493546e-05,3.4914765963788734e-07,4,7,1270,1121,955,2304,1524,0.053052121215516376,267.0,0.000978330588725231,0.16444208757350687,2.539532442727427,4.881390967674096e-05,0.25
VDM,Gobernador Castello Airport,Argentina,1,1,9.111936217360642e-05,7.646564965155909e-05,1.9339656885473896e-06,0.0,2,2,1914,2522,2603,3074,1725,0.021224530576307972,-243.5,0.002373083307575715,0.1832771042408421,3.7612001156935624,5.518798389710965e-05,1.0
AER,Sochi International Airport,Russia,18,17,0.0003449723252745381,0.00031571726298494895,0.00029363974458776037,4.6555803494747256e-05,18,35,488,619,615,446,934,0.8511979746609358,-118.5,0.0012371908429894749,-0.26726738093045377,3.7031678949816134,1.9657696063732076e-05,0.16666666666666666
DYU,Dushanbe Airport,Tajikistan,31,30,0.0005965925185650802,0.0006356152091114139,0.001092519175650982,0.0002813626488796178,31,61,317,374,330,173,693,1.8312652969210892,-54.0,0.001140577402107,-0.05462190795447697,3.5063420489512347,2.0963299556441527e-05,0.16129032258064516
EVN,Zvartnots International Airport,Armenia,33,33,0.0005850399347003336,0.0004969320613660396,0.0006288896172097729,8.347615504436611e-05,33,66,293,378,419,256,859,1.074951605708591,-80.5,0.0011877321650797794,-0.11271829041916703,3.685818865894113,1.9280939732417277e-05,0.15151515151515152
KIV,Chişinău International Airport,Moldova,25,25,0.00038995663942026023,0.00032967111404948136,0.0003191281562670584,4.5861889168182205e-05,25,50,378,539,591,425,935,0.8183683107473155,-157.5,0.0016371748764646395,-0.3472101655373345,4.34999650382179,1.6270450072923326e-05,0.2
KJA,Yemelyanovo Airport,Russia,31,30,0.0007345608888332752,0.0006871676238106933,0.0005171403446722487,0.001114690392604078,31,61,317,293,302,297,355,0.7040129042176994,27.0,0.001019047630908226,0.1534166506838952,3.098047233316428,2.6199290837679746e-05,0.16129032258064516
KRR,Krasnodar Pashkovsky International Airport,Russia,33,34,0.000608862427097766,0.000529733125522483,0.0005153360401648348,0.0004139513649450713,35,67,277,363,399,298,518,0.8463915939455507,-81.5,0.0011033616838679202,-0.07280605725066636,3.5407733591636448,2.0130226449233468e-05,0.12121212121212122
KZN,Kazan International Airport,Russia,21,21,0.0004062015387281833,0.0003456722278446421,0.00045645931168097865,5.1191369681113126e-05,21,42,421,526,573,326,923,1.1237262003244803,-96.0,0.00110835538981884,-0.19891199105047175,3.461657439139954,2.0279661808799915e-05,0.14285714285714285
LBD,Khudzhand Airport,Tajikistan,19,19,0.00038732988687307244,0.00041659035612800837,0.0002795867443953687,2.4970381667326554e-05,19,38,462,546,493,465,995,0.7218310640897923,-71.5,0.0007907798473014831,-0.18478585088368682,3.1948689723865282,2.12458397153348e-05,0.05263157894736842
MSQ,Minsk National Airport,Belarus,41,41,0.0006521897456097688,0.0005299763783962657,0.0007247257650791226,0.00010030684216684085,41,82,228,338,397,233,830,1.1112191964955473,-104.0,0.0015122383297524857,-0.13787743234255245,4.139115211519156,1.744562899698121e-05,0.24390243902439024
OMS,Omsk Central Airport,Russia,15,15,0.00030231729472673843,0.00022965712715695985,0.00027452309863123213,1.3999712343932672e-05,15,30,551,702,889,473,1053,0.9080628314015935,-140.0,0.001140071305215003,-0.28685801075960704,3.6453516179712873,2.024374267981615e-05,0.13333333333333333
SVX,Koltsovo Airport,Russia,66,65,0.0013494483049519435,0.0012891081445304865,0.00113639051782288,0.0027155683069722304,67,131,128,124,145,165,211,0.8421148951410548,5.0,0.0008989698632488522,0.2957456722553786,3.0231492885184883,2.3266287529232056e-05,0.13636363636363635
TAS,Tashkent International Airport,Uzbekistan,56,57,0.0010829415109904704,0.0009099719831478948,0.00213788628242336,0.0018717721273309592,57,113,155,177,220,116,291,1.9741475054068482,-19.0,0.0012764572982640156,0.17701930723451476,3.48630503929134,2.1822099499695296e-05,0.25
VKO,Vnukovo International Airport,Russia,73,74,0.0014823119968161284,0.0011281596941190497,0.0010921876840211345,0.010862700541270968,74,147,112,112,172,174,79,0.7368136305764607,1.0,0.001013106657015295,0.32750940270129014,3.267462103544526,2.3176509626128312e-05,0.1506849315068493
AES,Ålesund Airport,Norway,10,10,0.0001816706888090329,0.0001572623627461338,8.630219164027671e-05,1.0034346363930795e-07,10,20,703,1321,1357,933,1628,0.4750474179739316,-595.0,0.0015233624026339263,-0.5461808731682698,4.378131668774388,1.6171895663222068e-05,0.2
GDN,Gdańsk Lech Wałęsa Airport,Poland,47,47,0.0006810422030569268,0.0004809346255287048,0.000412903301121041,0.0003794438557760823,47,94,202,319,428,360,529,0.606281518630832,-113.5,0.0011436734987423519,-0.17878393081911081,3.8971299863638067,1.5940741630342705e-05,0.10638297872340426
TRD,Trondheim Airport Værnes,Norway,30,31,0.0006296091681449712,0.0006140177315383807,0.00021483401924013055,0.0014461923404888934,31,61,317,347,343,556,319,0.3412180605201476,-27.0,0.0008984251018463175,0.019457084582884754,3.299138630454978,2.2956846781076504e-05,0.1
VNO,Vilnius International Airport,Lithuania,46,46,0.0006745543910271315,0.0005452806862672494,0.0004774254681260766,0.0002747860693165368,46,92,210,323,386,315,696,0.7077642284695673,-112.5,0.0014792726909410442,-0.17509788447526464,4.224034002703798,1.6121350794764158e-05,0.1956521739130435
AET,Allakaket Airport,United States,2,3,0.00019177428024063335,0.0001552757727937074,1.0744379222154464e-06,0.0002892199824715162,3,5,1507,1239,1377,3158,599,0.005602617414948813,471.0,0.001082023039306299,0.5001187887835599,2.1653666701431655,8.680276668621428e-05,0.0
BTT,Bettles Airport,United States,3,4,0.00030252241479027857,0.00029179707695088446,1.6161349751662906e-06,0.0002892141279345135,4,7,1270,700,681,3121,674,0.0053421991103920815,688.0,0.0007790978252513597,0.7059965030636342,1.5787328161314982,0.00010129915186687774,0.0
FAI,Fairbanks International Airport,United States,21,19,0.0018615236638223195,0.0019534447759363615,1.6340162596617454e-05,0.015557509021743608,24,40,386,84,86,1999,52,0.008777843072413988,305.0,0.0004486890034901985,1.3233891771708741,1.1151554685939866,0.00010181031243842031,0.0
HUS,Hughes Airport,United States,2,2,0.00014118948083557752,0.00012777344878853994,4.431285449501774e-07,0.0,4,4,1270,1729,1691,3286,1725,0.0031385379585482263,-341.0,0.00022131025274422256,0.1939025560425609,1.354025100551105,5.704700256488674e-05,0.0
AEX,Alexandria International Airport,United States,3,3,9.933612221462438e-05,9.90342688906455e-05,1.3559924614032757e-05,0.0,3,6,1507,2373,2129,2158,1725,0.13650547566911614,-664.5,0.004132961243640892,-0.4076495967130427,5.246968228439374,2.1618253472325782e-05,1.0
AEY,Akureyri Airport,Iceland,1,1,0.0001321356729211874,0.00013147623012496645,7.912127981043159e-07,0.0,1,2,2658,1841,1643,3208,1725,0.005987881853647776,1199.5,0.0005172123349796181,0.5549360048733529,1.6094379124341003,0.00010344246699592362,0.0
RKV,Reykjavik Airport,Iceland,5,5,0.0005172123349796181,0.0005135488031897862,4.654185869635756e-06,0.0028384458077709614,5,10,1107,421,407,2758,209,0.008998597973923349,767.0,0.0002935892772339266,0.9273840298839415,0.7613324979540639,0.00011129476587614408,0.0
AFL,Piloto Osvaldo Marques Dias Airport,Brazil,1,1,8.118750560470674e-05,6.569909037961043e-05,2.3644218474150113e-06,0.0,1,2,2658,2718,2865,3046,1725,0.029122976864532923,321.5,0.0007830620417085398,0.06786814844201672,2.8903717578961645,4.3503446761585544e-05,0.0
CGB,Marechal Rondon Airport,Brazil,18,18,0.0007830620417085398,0.0008357213883321508,5.007011017237762e-05,0.0014939522205786777,18,36,488,265,241,1219,315,0.06394143440171246,235.5,0.0006026196748267583,0.5524803506015754,1.9711811838180928,4.8291010849344605e-05,0.05555555555555555
AFZ,Sabzevar National Airport,Iran,1,1,8.213757467449816e-05,6.853852998746532e-05,2.2843704527563684e-05,0.0,1,2,2658,2690,2763,1725,1725,0.27811515762537037,346.5,0.0016509834785395317,0.07950236634080277,3.6109179126442243,4.462117509566302e-05,0.0
AGA,Al Massira Airport,Morocco,21,20,0.00035075006997022746,0.0002905822984370175,0.0002029702441941496,0.0003363025343697171,22,41,409,612,684,577,544,0.5786748501899892,-197.5,0.0015330345355144266,-0.3456875098244012,4.099804165002577,1.717313694769934e-05,0.23809523809523808
EUN,Hassan I Airport,Western Sahara,3,3,8.873881541784031e-05,7.768444421098261e-05,2.835843553067379e-05,0.0,3,6,1507,2568,2584,1595,1725,0.3195719415133474,-858.5,0.001091643267014741,-0.5204614731894175,3.9478890089608183,1.746244690796252e-05,0.0
LIL,Lille-Lesquin Airport,France,29,30,0.00044783427167607203,0.0003960540710270471,0.00024118163612828978,8.039342037239798e-05,32,59,303,481,511,515,865,0.5385510921833636,-171.5,0.0007970001536744586,-0.3003195223518018,3.6611819238106555,1.63742270342655e-05,0.034482758620689655
VIL,Dakhla Airport,Western Sahara,3,3,8.873881541784031e-05,7.020554788441737e-05,2.835843553067379e-05,0.0,3,6,1507,2568,2731,1595,1725,0.3195719415133474,-858.5,0.001091643267014741,-0.5204614731894175,3.9478890089608183,1.746244690796252e-05,0.0
AGB,Augsburg Airport,Germany,1,1,5.811166655917106e-05,5.25559882045374e-05,8.174854889456946e-06,0.0,1,2,2658,3394,3394,2482,1725,0.14067493454404825,-353.0,0.0014065644722938329,-0.26652676996027047,4.454347296253507,1.6355400840625962e-05,0.0
AGF,Agen-La Garenne Airport,France,2,2,9.295166925893278e-05,8.199119654479337e-05,1.4271934254260393e-05,0.0,2,4,1914,2499,2460,2115,1725,0.15354145189693666,-213.5,0.001184744806032044,-0.2241205952276566,2.93886789088982,2.867181966792961e-05,0.5
DCM,Castres-Mazamet Airport,France,3,3,0.00011520008971301274,9.853396871375869e-05,2.1435614466497074e-05,1.1387993885341905e-06,3,6,1507,2116,2141,1789,1387,0.18607289733799362,-406.0,0.000933237127187917,-0.25948834312208646,2.8970488328465582,2.7839417219712584e-05,0.3333333333333333
AGH,Ängelholm-Helsingborg Airport,Sweden,2,2,8.710650891179765e-05,8.813875055676794e-05,1.6269644643245387e-05,6.301372419136559e-07,2,4,1914,2595,2348,2004,1447,0.18677874761023555,-310.5,0.0014469905206968452,-0.28906865766094647,3.7601172782373133,2.5233490051390845e-05,0.5
AGM,,,5,5,0.0006467957355374402,0.0006447995036780406,2.195758948451065e-06,0.0011568799298860648,5,10,1107,339,328,3058,349,0.003394825951699494,849.0,0.00021559736204745236,1.1509610682463123,0.32188758248682003,0.00014178497641778175,0.0
IOQ,,,1,1,0.00015416485001295513,0.00015378884821889226,3.7328050937779836e-07,0.0,1,2,2658,1605,1398,3302,1725,0.0024213075117086027,1435.0,0.0006467957355374402,0.7091292694922817,1.6094379124341003,0.00012935914710748804,0.0
KUS,,,5,5,0.0004613274101854412,0.00045732044729402847,5.450583115974507e-06,0.0020801029678499637,5,10,1107,466,447,2708,261,0.01181499948980599,722.0,0.0005085483053409895,0.8130385419690844,1.6377378248888401,9.814537285557923e-05,0.0
KUZ,,,1,1,0.00015416485001295513,0.00015378884821889226,3.7328050937779836e-07,0.0,1,2,2658,1605,1398,3302,1725,0.0024213075117086027,1435.0,0.0006467957355374402,0.7091292694922817,1.6094379124341003,0.00012935914710748804,0.0
SGG,,,1,1,0.00015416485001295513,0.00015378884821889226,3.7328050937779836e-07,0.0,1,2,2658,1605,1398,3302,1725,0.0024213075117086027,1435.0,0.0006467957355374402,0.7091292694922817,1.6094379124341003,0.00012935914710748804,0.0
TQI,,,1,1,0.00015416485001295513,0.00015378884821889226,3.7328050937779836e-07,0.0,1,2,2658,1605,1398,3302,1725,0.0024213075117086027,1435.0,0.0006467957355374402,0.7091292694922817,1.6094379124341003,0.00012935914710748804,0.0
AGN,Angoon Seaplane Base,United States,1,1,0.00012334524178132371,0.00010129788681736046,1.0362358598313869e-06,0.0002892141279345135,2,2,1914,1999,2095,3164,674,0.008401101208820917,285.0,0.0013034109623895093,0.4860940522698254,2.6390573296152584,9.310078302782209e-05,0.0
TKE,,,1,1,0.00014905303173409675,0.00013027613741144677,8.808010319751702e-07,0.001972538708735028,2,2,1914,1664,1657,3188,273,0.005909313092983414,621.0,0.00012334524178132371,0.675408945277379,0.0,0.00012334524178132371,0.0
BOD,Bordeaux-Mérignac Airport,France,49,49,0.0007017602827014671,0.0005839427605620936,0.0004506590671965574,0.00015369569763810893,49,98,191,306,361,331,751,0.642183774581427,-112.5,0.0013619936963251845,-0.17450646325119923,4.207209420842449,1.5787531999609242e-05,0.16326530612244897
BTS,M. R. Štefánik Airport,Slovakia,18,18,0.0002725957820703018,0.0002106358267685528,0.00013639583864590065,5.662386969834389e-06,18,36,488,783,981,697,1168,0.5003593144765699,-282.5,0.0011471872096314852,-0.502741531968967,4.154973513329923,1.4927203044535134e-05,0.0
BUD,Budapest Liszt Ferenc International Airport,Hungary,77,77,0.0010731892637786916,0.0008327081562810254,0.0009083363126491287,0.0007336227747832923,77,154,107,181,245,197,416,0.846389675434213,-73.5,0.0014453597016119717,-0.028345188230677998,4.317594929645973,1.5721614811803177e-05,0.16883116883116883
BVE,Brive Souillac Airport,France,5,4,0.00011493635535139962,9.759966767446401e-05,3.741377768874809e-05,6.289756229300787e-07,5,9,1107,2124,2162,1397,1451,0.325517348922031,-936.0,0.0014328532801380779,-0.5766909228281634,4.2657434858449665,1.664159519759136e-05,0.2
CIA,Ciampino–G. B. Pastine International Airport,Italy,50,50,0.0006633236234938295,0.00044792835009853176,0.0003717987898549353,7.12540465615626e-05,50,100,185,332,460,385,882,0.5605088929241097,-144.5,0.0008000574579601799,-0.24328977939890972,3.7597306788200253,1.456738938038911e-05,0.04
CWL,Cardiff International Airport,United Kingdom,19,20,0.00032215199023925996,0.0003225378872890619,0.00016193653420429728,0.000297088040654455,21,39,421,656,605,636,576,0.502671220761443,-226.0,0.0013118876381009758,-0.3690391481149007,4.078959281786266,1.721005664103377e-05,0.15789473684210525
EXT,Exeter International Airport,United Kingdom,19,19,0.0003393245616908315,0.00028778309576201985,0.00015662513761181796,0.00214542312185832,19,38,462,630,687,653,257,0.46157913482998525,-155.5,0.0012946540268698563,-0.31710554319563133,3.8490356673759427,1.827337375873027e-05,0.10526315789473684
FMM,Memmingen Allgau Airport,Germany,21,21,0.0003061608515160957,0.00022825013171735734,0.00016331609714711183,9.067439015613408e-06,21,42,421,688,896,635,1105,0.5334323325088017,-258.0,0.0009677410827161216,-0.48165080590275977,3.9917694871165836,1.467514151732205e-05,0.0
FMO,Münster Osnabrück Airport,Germany,11,11,0.00017893243733044825,0.0001261333096865043,0.00011120139168815609,7.15237556163612e-07,11,22,660,1347,1712,793,1433,0.6214713963952324,-666.0,0.0015217592605202004,-0.6201244551375371,4.46177042174375,1.4408862212189432e-05,0.18181818181818182
GSE,Gothenburg City Airport,Sweden,20,20,0.0003172793642901656,0.0002392772618679811,0.00015387011847163798,0.00012237727164054606,20,40,440,665,841,657,796,0.4849673057555586,-214.5,0.0009663163217302489,-0.41590091089300696,3.8859369711240723,1.606292875548313e-05,0.0
GVA,Geneva Cointrin International Airport,Switzerland,100,101,0.0014357055988822994,0.0014002497279684092,0.0013370649919897352,0.0014478493626718589,101,201,64,116,126,150,318,0.9312946839732629,-52.0,0.0014563738654458753,0.10155189060373182,4.2245141874765855,1.6370541469347147e-05,0.19
HAU,Haugesund Airport,Norway,10,10,0.00017315929757813345,0.0001437911553122303,7.661268879550878e-05,6.193876298336461e-06,10,20,703,1406,1496,989,1156,0.44244051498845666,-680.0,0.0012460991138916232,-0.594164553076304,4.263550880171946,1.5170555519165542e-05,0.0
IBZ,Ibiza Airport,Spain,58,58,0.0007733771540716628,0.0008414052512873339,0.0005226197556756415,0.00013875602808498602,59,116,148,276,239,296,776,0.6757631162546786,-127.0,0.0012516578153545861,-0.18128297078381372,4.166214288259938,1.4790417431357298e-05,0.13793103448275862
KRK,Kraków John Paul II International Airport,Poland,52,52,0.0007087504034171611,0.0004971944636788504,0.0004619198710162175,0.00010072192641475588,52,104,176,299,418,322,827,0.6517384241181696,-121.5,0.0013360034968731684,-0.20122788690428894,4.260224849955792,1.5034860375263952e-05,0.15384615384615385
MLN,Melilla Airport,Spain,4,4,0.00010343808079423391,8.707143082264392e-05,2.955772981301059e-05,4.4195749717222114e-08,4,8,1270,2289,2376,1570,1665,0.28575288313603614,-901.0,0.001141618827924966,-0.5445341403120008,3.5312538187316322,1.7420148531187657e-05,0.25
MMX,Malmö Sturup Airport,Sweden,13,13,0.00028427331749185424,0.00025690152406396304,0.00010442511908035243,0.00227774610349379,13,26,592,741,754,822,239,0.3673405580294911,-133.5,0.0008820165824759334,-0.26018104446767154,3.338991929795884,2.1725225511198727e-05,0.07692307692307693
MXP,Malpensa International Airport,Italy,111,107,0.0016618143663228045,0.0016834050694341843,0.0018468717552746303,0.004458938683293856,113,218,50,97,104,122,153,1.111358640713471,-46.5,0.0015018702486666539,0.18347024126953837,4.226498610339126,1.7144724879962394e-05,0.2072072072072072
NUE,Nuremberg Airport,Germany,30,32,0.0004330575213536117,0.00040390336852575445,0.0003152047914809163,5.162487809669833e-05,32,62,303,500,506,429,921,0.727858946995489,-190.5,0.0016160552450291605,-0.35477161131866275,4.381748331530714,1.5248939062157316e-05,0.2
NYO,Stockholm Skavsta Airport,Sweden,31,31,0.00043159963668537175,0.0002970123824270964,0.00024017763044792672,4.432663950106328e-05,31,62,317,503,666,516,940,0.5564824666963559,-183.0,0.0008365881790105245,-0.3783578482395136,3.8077468166902753,1.4701710112619968e-05,0.03225806451612903
PRG,Václav Havel Airport Prague,Czech Republic,94,94,0.0013503753079235211,0.001563515929442106,0.001106578940683926,0.000852556240375125,94,188,72,123,112,170,401,0.8194602894402134,-50.5,0.0013495043373703878,0.07842257854647627,4.147015352510424,1.634750605640491e-05,0.1595744680851064
RTM,Rotterdam The Hague Airport,Netherlands,29,29,0.0004307024838830044,0.0003222955929470268,0.0002874781373432553,0.00012185305831460656,30,58,324,505,607,451,797,0.6674633838920362,-174.0,0.001341654708393008,-0.3393251979043219,4.1466944065753975,1.5679225500893573e-05,0.20689655172413793
RYG,"Moss Airport, Rygge",Norway,35,35,0.0004817481657766972,0.0003420342518651789,0.00026755136515535787,2.958091700249583e-05,35,70,277,448,575,482,976,0.5553759913626217,-166.5,0.0009611042450488198,-0.3432505245467521,3.9280842435529273,1.470717951711384e-05,0.05714285714285714
SEN,Southend Airport,United Kingdom,14,14,0.00021349356429556642,0.00014836082332933342,0.00011819924318211955,1.1163850526465754e-06,14,28,574,1096,1450,768,1391,0.5536431206819951,-513.5,0.0014564100975389446,-0.5921961376622207,4.487778943791307,1.4225545269593578e-05,0.14285714285714285
SOF,Sofia Airport,Bulgaria,41,41,0.0005828716743555426,0.0005737367603115469,0.00048642408791233475,0.00012635005055609678,41,82,228,379,365,307,790,0.8345303251357238,-145.0,0.0017125263612468844,-0.25024592328026074,4.4847803123738155,1.545658821491128e-05,0.2682926829268293
TLS,Toulouse-Blagnac Airport,France,47,46,0.0007881500019026958,0.0008295639401731805,0.00047637031832746643,0.0008868292744693312,47,93,202,261,247,316,384,0.6044158055921424,-55.5,0.0015353435890396337,-0.03271977774519286,4.091512421437427,1.862178790786412e-05,0.23404255319148937
TMP,Tampere-Pirkkala Airport,Finland,10,10,0.00017610283852884762,0.00014759198042895536,8.242198269334728e-05,6.1993015557876686e-06,10,20,703,1374,1461,952,1155,0.4680332434269402,-648.0,0.0013774679626631973,-0.5773083849328877,4.385823948311595,1.5516854455272292e-05,0.1
TRF,"Sandefjord Airport, Torp",Norway,30,30,0.00044086624893322423,0.0003602755413099409,0.0002487962390011074,7.803794581557096e-05,30,60,324,488,558,504,871,0.5643349646363863,-157.0,0.0011635009436913443,-0.336900635226816,4.046436291758615,1.555516367342387e-05,0.13333333333333333
TSF,Treviso-Sant'Angelo Airport,Italy,38,38,0.0005172735860230527,0.00034976020632999374,0.00031133838272637157,2.4817245784986676e-05,38,76,252,420,569,435,996,0.6018833962121092,-161.5,0.0008488270403505503,-0.3227977400860773,3.8489098782947733,1.4645944611347243e-05,0.02631578947368421
VLC,Valencia Airport,Spain,57,57,0.0007842386628431865,0.0006921665468494837,0.0005306151778533508,0.0002228534421270354,57,114,155,263,301,290,715,0.6765991055958059,-105.0,0.001396605107417884,-0.156614865872438,4.193155550650396,1.5274078186176056e-05,0.17543859649122806
VST,Stockholm Västerås Airport,Sweden,3,3,8.105627709721679e-05,6.737775832172524e-05,2.1145735369845727e-05,0.0,3,6,1507,2726,2804,1802,1725,0.2608772093552247,-1016.0,0.0017544179677867454,-0.6110151777391195,4.77990608040784,1.4449686782255649e-05,0.0
WAW,Warsaw Chopin Airport,Poland,78,78,0.0011181766982284386,0.0010415263229861175,0.0009279084202195038,0.002247353628787996,78,156,104,165,187,192,251,0.8298405982610954,-60.0,0.0014520442016624274,0.004764776357657041,4.150810494835698,1.619859915289802e-05,0.20512820512820512
WRO,Copernicus Wrocław Airport,Poland,31,31,0.0004270068235205946,0.000302109603294405,0.0002722228364737172,3.165527988309652e-05,31,62,317,507,652,475,969,0.637514019633899,-187.0,0.0012901986979356654,-0.3890562465947731,4.206845172428196,1.4527409801681742e-05,0.0967741935483871
YUL,Montreal / Pierre Elliott Trudeau International Airport,Canada,92,93,0.0021003436927151662,0.002315074215573243,0.0007260272552477047,0.02567181095990499,96,185,68,66,66,231,28,0.3456706908330566,2.5,0.0014821971295399011,0.5333990247269291,3.597869360917669,2.6293275150984984e-05,0.2826086956521739
AGR,Agra Airport,India,2,2,0.00010177702358065139,7.224769502177363e-05,0.003782564031475891,0.0002892199824715162,3,4,1507,2341,2700,58,599,37.16520584312888,-631.0,0.0011562939437750983,-0.13341589083315775,3.0141392601153494,3.3863204558980836e-05,0.0
HJR,Khajuraho Airport,India,1,1,8.74648108690136e-05,7.487820378331318e-05,0.003721024175510402,0.0,2,2,1914,2586,2667,60,1725,42.543099773953315,-300.5,0.00010177702358065139,0.142343335955049,0.6931471805599453,5.088851179032569e-05,0.0
AGS,Augusta Regional At Bush Field,United States,3,3,9.507089559117565e-05,0.00010411338980878388,1.2316647018533322e-05,0.0,3,6,1507,2466,2047,2232,1725,0.1295522351182788,-756.5,0.0030528897300693917,-0.451535987481563,4.946505583478492,1.9945615580778964e-05,0.6666666666666666
DCA,Ronald Reagan Washington National Airport,United States,89,91,0.0016695326196031156,0.0018719498486116396,0.0003964971083820059,0.0009728939374052308,91,180,78,96,89,371,373,0.23748988413072272,-17.5,0.0011051212980962549,0.32427921504865065,3.4060356352670857,2.1484772554456764e-05,0.16853932584269662
AGT,Guarani International Airport,Paraguay,2,2,9.321517806104411e-05,0.0001015931601915418,9.747351280440161e-06,0.0,2,4,1914,2494,2089,2375,1725,0.10456828472780348,-208.5,0.0013169059457647713,-0.22128970474545184,3.412186835021543,2.8826824829639307e-05,0.5
AGU,Jesús Terán Paredo International Airport,Mexico,7,7,0.00017919406788127073,0.00013569605830364645,3.064177466101308e-05,1.7563920266488638e-06,7,14,912,1343,1590,1534,1330,0.17099770669481934,-389.5,0.00237447187558565,-0.3400263765231788,4.456632721754595,2.268646924761032e-05,0.5714285714285714
CUN,Cancún International Airport,Mexico,78,78,0.0015417045416620501,0.0015861494565732282,0.00041905289884921164,0.0045530217960691125,81,156,97,108,109,355,152,0.27181141880625675,-9.5,0.0015505722272862355,0.3259540151673086,3.7918524949640138,2.2586651071486533e-05,0.2692307692307692
AGX,Agatti Airport,India,1,1,6.300088827242435e-05,5.363992950640561e-05,0.0024262804706953653,0.0,1,2,2658,3241,3347,111,1725,38.51184542357245,-199.5,0.00048636338040252737,-0.1857443891684838,3.091042453358316,2.2107426381933064e-05,0.0
COK,Cochin International Airport,India,22,22,0.00048636338040252737,0.0006571209062534994,0.008097190810139033,0.0002970500744798689,22,44,409,445,321,11,577,16.648438464749507,-30.5,0.0013659418479584776,-0.04748375671723615,3.7936368258059616,2.3644588497544447e-05,0.18181818181818182
MED,Prince Mohammad Bin Abdulaziz Airport,Saudi Arabia,42,28,0.0009526853266309326,0.0007665635021593672,0.0018614640085865151,0.0011643100443324667,43,70,221,207,273,121,347,1.9539127522509232,15.5,0.0010495069344432421,0.22621617553488793,3.3097139358655476,2.5447500043697762e-05,0.07142857142857142
TIF,Ta’if Regional Airport,Saudi Arabia,9,9,0.00019852861743496655,0.00017207938233249797,0.0005465086414779515,6.155476705412484e-06,9,18,750,1206,1232,282,1157,2.7527952823072233,-417.0,0.0019516665646818546,-0.39249126708772586,4.317812704332716,2.017242375601233e-05,0.2222222222222222
TUU,Tabuk Airport,Saudi Arabia,7,7,0.00017755265808285767,0.00014004624363519078,0.0004014296353752924,0.0,7,14,912,1360,1539,366,1725,2.260904678700778,-406.5,0.00161988383145127,-0.34922854300038786,4.043652346898125,2.241060207602692e-05,0.14285714285714285
AHE,Ahe Airport,French Polynesia,3,2,0.00023491055695239969,0.00019199446943322143,7.437470974566487e-06,0.0,3,5,1507,948,1091,2547,1725,0.03166086305807684,762.0,0.0007969055200285367,0.45304596283872023,1.8431430291704745,7.47846983414902e-05,0.0
PPT,Faa'a International Airport,French Polynesia,29,28,0.001923772788013662,0.001713080916021783,0.00011488502931120846,0.016297065287658404,32,57,303,79,102,781,49,0.05971860607812724,230.5,0.0005109036008963442,1.1573007736724827,1.4551054840545876,7.625002877695262e-05,0.034482758620689655
XMH,Manihi Airport,French Polynesia,3,3,0.0002822834503387993,0.00022836061693762137,9.346826840926391e-06,0.0,3,6,1507,750,894,2398,1725,0.03311149424349263,960.0,0.0008761035502418014,0.6367528390231136,1.8782632010564164,9.33623035428521e-05,0.0
AHN,Athens Ben Epps Airport,United States,1,1,6.010036379108685e-05,5.283289109900534e-05,3.847926616662001e-06,0.0,1,2,2658,3364,3385,2885,1725,0.0640250137260012,-322.5,0.0008786670971206208,-0.23287732040378017,3.8501476017100584,1.8695044619587677e-05,0.0
BNA,Nashville International Airport,United States,46,47,0.0008786670971206208,0.0008354312125892547,0.0002127677075783767,0.0005157391680776114,47,93,202,227,242,558,481,0.2421482587382791,-21.5,0.0017628489644068864,0.08925590094465985,4.060638159576977,2.13416245852057e-05,0.34782608695652173
AHO,Alghero-Fertilia Airport,Italy,31,31,0.000444782178834952,0.0003129134458270366,0.00023931165585678064,9.213871872807204e-05,31,62,317,484,623,519,842,0.5380423660040198,-164.0,0.0008481948454536086,-0.3482715632728004,3.7101223478750205,1.5201996342084593e-05,0.06451612903225806
AOI,Ancona Falconara Airport,Italy,10,10,0.0001684190128688863,0.00012271168411650526,8.9287403733247e-05,3.691590351955072e-06,10,20,703,1440,1766,913,1226,0.5301503803656478,-714.0,0.001449379694383816,-0.621921520694471,4.369350370768864,1.4612874965675869e-05,0.2
CUF,Cuneo International Airport,Italy,5,5,0.00011127929985770124,8.803554248685537e-05,4.255352341093381e-05,5.787589661340494e-07,5,10,1107,2163,2355,1305,1475,0.38240286796690187,-975.0,0.0008307889535685127,-0.6090262103864745,3.8118681470135494,1.578111155233109e-05,0.0
GRO,Girona Airport,Spain,49,49,0.0006907830469102213,0.0004795571915997075,0.00036704600001561056,0.000312556476776504,50,98,185,315,429,387,560,0.5313477243793944,-127.5,0.0007280448592080431,-0.19027252659734462,3.5148763137425147,1.5523972918839954e-05,0.02040816326530612
LIN,Milano Linate Airport,Italy,33,33,0.0004859833044079588,0.0005329971422200739,0.00033509976645444337,0.0001852872408633007,33,66,293,446,395,406,729,0.6895293797441728,-148.5,0.001490399110595873,-0.2982241295257575,4.137129739230487,1.5749509061857688e-05,0.30303030303030304
OTP,Henri Coandă International Airport,Romania,68,66,0.001066030780778097,0.0010970893385411212,0.0008558506786099073,0.0033567324945776135,68,134,126,184,179,205,189,0.8028386178354259,-57.5,0.0013413419961709218,0.041588458058986255,3.9295596273136613,1.767856758189995e-05,0.17647058823529413
PMF,Parma Airport,Italy,4,4,9.353397231236449e-05,7.828174344397445e-05,2.604902341168089e-05,3.378057680910534e-08,4,8,1270,2486,2553,1642,1681,0.27849799134680187,-1098.0,0.000912277824804694,-0.6451826102550147,3.858553948944793,1.450717545087816e-05,0.0
PSA,Pisa International Airport,Italy,65,65,0.0008727381900795774,0.0006548838662653018,0.0005452795100101946,0.0004233234392713762,65,130,133,231,322,283,515,0.6247916227436723,-97.5,0.00112399835523717,-0.1306578425637035,4.0371810690778265,1.4995993041240492e-05,0.15384615384615385
TRN,Turin Airport,Italy,29,29,0.00042924954107957485,0.00037624360378725095,0.00030607450566898003,5.615820842566223e-05,29,58,339,506,533,440,909,0.7130456212001856,-161.0,0.001611872343753738,-0.34270432637612025,4.1988661915587855,1.5620282587534373e-05,0.3103448275862069
TRS,Trieste–Friuli Venezia Giulia Airport,Italy,11,11,0.00017793121404070718,0.00012972300563586896,9.46468645063726e-05,2.2767444152411698e-06,11,22,660,1355,1666,880,1292,0.5319295156650775,-674.0,0.0011667918822992366,-0.6257357070145382,4.162407586352701,1.4301779508117201e-05,0.18181818181818182
AHU,Cherif Al Idrissi Airport,Morocco,1,1,9.584475303816532e-05,8.999252613758852e-05,1.0265275843423652e-05,0.0,2,2,1914,2456,2316,2350,1725,0.10710315920305022,-170.5,6.074726728630862e-05,0.23383651158452068,0.0,6.074726728630862e-05,0.0
AIA,Alliance Municipal Airport,United States,1,1,6.564031625125899e-05,7.775674278919886e-05,3.6699106447686035e-06,0.0002886356996786444,2,2,1914,3132,2576,2924,682,0.05590939919790856,-853.0,0.004260935440547963,-0.14470313084707165,5.1298987149230735,2.5212635742887355e-05,1.0
CDR,Chadron Municipal Airport,United States,1,1,0.00010000384468319856,0.00011026616478333795,3.1194240472415397e-06,0.0,2,2,1914,2360,1942,2977,1725,0.031193041198801306,-74.5,6.564031625125899e-05,0.27631541705810747,0.0,6.564031625125899e-05,0.0
AIN,Wainwright Airport,United States,2,2,0.00017579195848384162,0.00016794290803313092,8.460509561641409e-07,0.0,2,4,1914,1383,1268,3196,1725,0.004812796691390795,902.0,0.0003220698597891548,0.4131009738822886,1.3195286648076292,7.740140112770812e-05,0.0
ATK,Atqasuk Edward Burnell Sr Memorial Airport,United States,2,2,0.00017579195848384162,0.00016794290803313092,8.460509561641409e-07,0.0,2,4,1914,1383,1268,3196,1725,0.004812796691390795,902.0,0.0003220698597891548,0.4131009738822886,1.3195286648076292,7.740140112770812e-05,0.0
BRW,Wiley Post Will Rogers Memorial Airport,United States,6,7,0.0004683477610944681,0.00043148196043306023,4.006288559338612e-06,0.0010052427141972573,7,13,912,459,480,2861,364,0.008554089273270858,494.5,0.0005542521505652597,0.7157451762033356,1.3180645265483406,8.316434958162482e-05,0.0
AIT,Aitutaki Airport,Cook Islands,1,2,0.00010302960303400306,0.00011189676304331335,6.369147528351157e-06,0.0,2,3,1914,2301,1922,2641,1725,0.061818616599436334,-17.0,0.0006228002872069112,0.30612314001004926,2.1972245773362196,6.920003191187902e-05,0.0
AIU,Enua Airport,Cook Islands,2,1,0.00014681718434676126,0.0001097389310886277,9.076035226254762e-06,0.0,2,3,1914,1677,1953,2416,1725,0.06181861657841401,608.5,0.00036291494512045715,0.23298790100248112,1.4451858789480825,6.0357416714440276e-05,0.0
RAR,Rarotonga International Airport,Cook Islands,9,9,0.0006228002872069112,0.0005577256558107004,6.743803269842626e-05,0.0034511860651659123,9,18,750,350,379,1054,185,0.10828195504030252,439.0,0.001221342118547298,0.7508013758522392,1.9198457492156937,7.563277267512929e-05,0.2222222222222222
AJA,Ajaccio-Napoléon Bonaparte Airport,France,25,25,0.0004524701899537429,0.00044113457229340953,0.00021092742038489692,0.0005592718460308695,26,50,362,475,471,564,475,0.4661686561195568,-105.5,0.0011248097275275788,-0.19852383509164273,3.529943041080888,1.9212264216075683e-05,0.2
AVN,Avignon-Caumont Airport,France,2,2,7.595580329250998e-05,6.573003492169976e-05,1.3423616778618923e-05,2.0867242602562495e-08,2,4,1914,2856,2864,2169,1689,0.17672931095105182,-570.5,0.00032248357151391425,-0.42604863240580215,2.760730458931123,1.8674251452779135e-05,0.0
BES,Brest Bretagne Airport,France,11,11,0.00019779866103535016,0.00018942954946545113,9.665077821305245e-05,1.8934022943348e-06,11,22,660,1211,1103,868,1316,0.48863211564298314,-530.0,0.001383184606326058,-0.519883094766362,4.1432662581652195,1.6426640148600966e-05,0.2727272727272727
CFR,Caen-Carpiquet Airport,France,4,4,0.00010250215548008348,7.999563227507965e-05,3.2844214346076376e-05,0.0,4,8,1270,2328,2507,1497,1725,0.32042462124084914,-940.0,0.0013324332436449168,-0.5536234933654285,4.21040360254092,1.71448763812286e-05,0.25
LGG,Liège Airport,Belgium,6,7,0.00015978499343533015,0.00014843203525319602,4.373836017831496e-05,5.814634329428909e-07,8,13,829,1533,1447,1292,1473,0.27373259051399723,-663.0,0.0006502648262226666,-0.35963680252149466,3.0736661551868405,2.26618466070622e-05,0.0
MPL,Montpellier-Méditerranée Airport,France,20,20,0.0003105543905343283,0.00023914473259596658,0.0001859232642943562,3.3631391002677884e-05,20,40,440,679,843,607,964,0.598681808923917,-228.5,0.001386544499140922,-0.43732451520253957,4.151469928263017,1.5667342062715366e-05,0.25
NCE,Nice-Côte d'Azur Airport,France,90,90,0.001347351564054008,0.0012270791319191614,0.0009292718280019636,0.001691042725174442,90,180,80,125,155,191,303,0.6897025637509959,-44.5,0.001330910822872413,0.10298831077885406,4.0079123988980525,1.7034535815996176e-05,0.17777777777777778
OLB,Olbia Costa Smeralda Airport,Italy,32,32,0.00045305699649661983,0.0004339914734412589,0.0003277480168757796,1.5495533132968524e-05,33,64,293,474,476,413,1043,0.7234145359417815,-176.5,0.0013627511393822542,-0.34941054180836595,4.226903874983349,1.503115519320306e-05,0.1875
PIS,Poitiers-Biard Airport,France,5,5,0.0001150229337687534,0.00011077522271884823,3.559761970779502e-05,3.533647521672904e-07,5,10,1107,2121,1934,1445,1523,0.3094828008765788,-933.0,0.0009030081500325165,-0.5759379337075607,3.5861314495631276,1.66619665897267e-05,0.0
AJF,Al-Jawf Domestic Airport,Saudi Arabia,2,2,8.00279427064024e-05,6.465700817060906e-05,0.00012506325822768066,0.0,2,4,1914,2758,2905,739,1725,1.5627448863267521,-475.5,0.001971455586502079,-0.3738244103913235,4.536687258451512,2.106962757377641e-05,0.0
AJI,Ağrı Airport,Turkey,2,2,8.226398983627022e-05,6.804166978649299e-05,3.791469365013096e-05,0.0,2,4,1914,2684,2787,1384,1725,0.46089052725977026,-400.0,0.0027509691296181645,-0.34626680353311023,4.593075066587483,2.2384949419840368e-05,0.5
AJL,Lengpui Airport,India,3,3,0.00013150172983208503,0.00011978115376374547,0.004914949566167858,0.0,3,6,1507,1853,1805,43,1725,37.375550667232844,-144.0,0.0005451741318977238,-0.1271388639944515,2.568420824955442,3.423221726348349e-05,0.0
CCU,Netaji Subhash Chandra Bose International Airport,India,37,37,0.0010275117471910782,0.001275459508149605,0.02613188829042534,0.00364421603795085,37,74,266,192,148,3,174,25.432203925514635,78.0,0.0008810657627673532,0.37996599925269514,2.6950162920235443,3.126556985531322e-05,0.16216216216216217
GAU,Lokpriya Gopinath Bordoloi International Airport,India,12,12,0.00040008056290190795,0.0004791895426954799,0.012423990974993068,0.00046604940191158253,12,24,624,528,430,6,497,31.05372299238439,113.5,0.0008430726708734825,0.130892958166811,2.525991865885802,3.4889312475958605e-05,0.16666666666666666
IMF,Imphal Airport,India,5,5,0.00020793008560018546,0.00016729372706956932,0.007771501450723743,3.895218619144999e-07,5,10,1107,1138,1276,13,1509,37.37555067267674,50.0,0.0003644194999178482,0.016132430011227328,1.8783322856873106,3.852247290049968e-05,0.0
AJR,Arvidsjaur Airport,Sweden,1,1,0.00010981860439550779,0.00011178395715676542,6.292785729114815e-06,0.0,1,2,2658,2186,1925,2649,1725,0.057301636309741937,855.0,0.00015437418482749113,0.36993673863841536,0.6931471805599453,7.718709241374557e-05,0.0
LYC,Lycksele Airport,Sweden,2,2,0.00015437418482749113,0.00015908476179922284,1.4806554751703037e-05,0.0002892199824715162,2,4,1914,1601,1337,2056,599,0.09591341174205358,684.0,0.0012717986068356785,0.28317915898876755,2.4060921776862085,6.480271117855003e-05,0.5
AJU,Santa Maria Airport,Brazil,8,8,0.0002513759386871049,0.00024425212836815365,3.0614008908770845e-05,5.3576606953554165e-06,8,16,829,857,815,1535,1173,0.12178575669836487,13.0,0.0011311773619018064,-0.08386479138759029,3.4029467045795463,3.0465641601939336e-05,0.125
BSB,Presidente Juscelino Kubistschek International Airport,Brazil,45,44,0.0014396472145419361,0.001855455841136875,0.00015158684280847524,0.007497277514151708,45,89,212,115,90,664,106,0.10529443691293969,99.0,0.0007885805009337491,0.5965525961501843,2.6077548404520323,3.6482029778527945e-05,0.08888888888888889
MCZ,Zumbi dos Palmares Airport,Brazil,7,7,0.0002228116059174183,0.00023859161026071264,2.8066221719326396e-05,5.346945373964705e-06,7,14,912,1025,846,1605,1176,0.12596391289297879,-71.5,0.0012114913917852213,-0.1221691752872438,3.495247610194961,3.0017147918537527e-05,0.14285714285714285
REC,Guararapes - Gilberto Freyre International Airport,Brazil,18,18,0.0004982815122813602,0.0005912801275444864,8.446091913825069e-05,0.000645410922147796,18,36,488,432,356,943,433,0.16950442080732647,68.5,0.0011571627334156106,0.10043362486766938,3.177429240940874,2.967790435209787e-05,0.16666666666666666
SDU,Santos Dumont Airport,Brazil,18,18,0.000597543485487589,0.000625880030576365,5.0664376575925555e-05,0.0005000387288383517,18,36,488,371,336,1213,487,0.08478776491820335,129.5,0.0006841303666857962,0.2820954820673762,2.537619808974979,3.6165615017708375e-05,0.05555555555555555
SSA,Deputado Luiz Eduardo Magalhães International Airport,Brazil,29,29,0.0009481824310591167,0.0010934850543242267,0.00012053657379462512,0.004330373003725676,30,58,324,208,180,756,157,0.12712382116170004,123.0,0.0008933509794768077,0.4498041645357267,2.6457351824087976,3.6672326793534233e-05,0.13793103448275862
VCP,Viracopos International Airport,Brazil,51,51,0.001777636411135624,0.0013363704006971462,0.00014794216216542307,0.005696909647737621,51,102,180,90,136,667,133,0.08322408409203984,92.0,0.0003793365440548288,0.730279331365824,1.916516789965793,3.998677821656232e-05,0.0
AKB,Atka Airport,United States,1,1,0.0002044525214637805,0.00020428306407803426,9.373042578622591e-11,0.0,1,2,2658,1163,1019,3391,1725,4.584459272752505e-07,1877.5,0.0005655644539005873,0.9914425646233109,1.0986122886681098,0.00018852148463352911,0.0
DUT,Unalaska Airport,United States,3,3,0.0005655644539005873,0.0005650956954064147,9.373042578622574e-11,1.1685655857434998e-06,3,6,1507,389,372,3394,1375,1.6572899010852846e-07,1321.0,0.0002044525214637805,1.3316653957546425,0.0,0.0002044525214637805,0.0
AKF,Kufra Airport,Libya,2,2,8.473050364824583e-05,7.77460552952478e-05,3.6661096778651025e-05,0.0,2,4,1914,2645,2582,1407,1725,0.43267884882223306,-359.5,0.000449835720903733,-0.3167245935622187,2.8518912373281005,2.383583989562133e-05,0.0
BEN,Benina International Airport,Libya,12,12,0.00026964974120640035,0.000320618251867082,0.00028410222724228277,5.966707042113665e-05,12,24,624,792,611,456,904,1.0535972553551236,-150.5,0.0012025847281640794,-0.26364911387236756,3.4963898206684614,2.2101977016761843e-05,0.08333333333333333
TIP,Tripoli International Airport,Libya,25,25,0.0006300217006010657,0.0006647198560612498,0.0004863879145952097,0.00133645645774443,25,50,378,346,315,308,326,0.7720177164233809,35.5,0.0012069593738913914,0.1325085466845941,3.075891373853115,2.756762942162068e-05,0.2
AKI,Akiak Airport,United States,2,2,0.00025692966672449726,0.00026627331939234995,2.040676112520609e-07,0.0,2,4,1914,838,717,3354,1725,0.000794254761832857,1447.0,0.0002502589282785199,0.7926021091981266,0.6931471805599453,0.00012512946413925996,0.0
KKI,,,2,2,0.00025692966672449726,0.000261413895664924,2.040676112520609e-07,0.0,2,4,1914,838,738,3354,1725,0.000794254761832857,1447.0,0.0002502589282785199,0.7926021091981266,0.6931471805599453,0.00012512946413925996,0.0
TLT,,,2,2,0.00024358818983254257,0.00026105591729649,2.76081788181413e-07,0.0002892199824715162,2,4,1914,900,741,3337,599,0.0011333956230439928,1385.0,0.0012955454712876408,0.7392787849466096,1.8920948169591307,0.00011728153658682397,0.5
AKJ,Asahikawa Airport,Japan,3,3,0.00010589597289121829,0.00011573736374358028,4.359639452664509e-05,4.395765324303607e-08,3,6,1507,2262,1851,1293,1666,0.41169076912329344,-552.0,0.001723490166705176,-0.34370164572531614,4.220952682553798,2.4190743944354925e-05,0.3333333333333333
HND,Tokyo Haneda International Airport,Japan,74,73,0.002303031383580367,0.0024323066898705855,0.0010871546133024935,0.016752099574064202,74,147,112,47,56,175,47,0.4720537553476009,66.0,0.0009253434323682968,0.7597450942594488,2.4153777030683408,3.591131650869968e-05,0.17567567567567569
NGO,Chubu Centrair International Airport,Japan,43,42,0.0009350288730637136,0.0008928048885879651,0.0007111459616666277,0.0017346767193240655,43,85,221,214,224,239,298,0.7605604299004033,8.5,0.0012368498362849564,0.19300299355506834,3.421262638371769,2.437262100263787e-05,0.2558139534883721
TPE,Taiwan Taoyuan International Airport,Taiwan,102,103,0.001932410243471447,0.0023837105600377807,0.0020049259417863727,0.010321181901279708,103,205,60,77,60,118,82,1.037526037009955,-16.0,0.0012340158796810628,0.3864557100637498,3.6860374722295637,2.177855442525705e-05,0.18627450980392157
APW,Faleolo International Airport,Samoa,5,3,0.00020445842530544784,0.00015488421293234655,5.8840272942596075e-05,7.696073801385799e-07,5,8,1107,1162,1382,1121,1422,0.2877860027274125,26.0,0.0019576035289458307,-0.0007048106896885287,3.890707554311001,3.770561160730752e-05,0.4
BHE,Woodbourne Airport,New Zealand,3,3,0.000166276917640962,0.00011420733384987641,3.6395352817875874e-05,0.0,3,6,1507,1458,1884,1415,1725,0.21888397580512972,250.0,0.0013521935139240368,0.10749570690981614,3.2823057336825774,4.786954576291118e-05,0.0
CHC,Christchurch International Airport,New Zealand,21,20,0.0009592954504387011,0.0009228641308776664,0.00030181250320311485,0.0009819684512149586,21,41,421,205,215,443,370,0.3146189248214314,225.0,0.0008047400893378583,0.6604376809337538,2.081577140260606,5.126531507337083e-05,0.14285714285714285
DUD,Dunedin Airport,New Zealand,4,3,0.00019853814584975627,0.0001723952125024039,4.835803453779116e-05,0.0,4,7,1270,1205,1229,1238,1725,0.24357049538674597,183.0,0.0015834609269520714,0.10747393139582506,3.4853154408174585,4.5390755847334114e-05,0.25
GIS,Gisborne Airport,New Zealand,2,2,0.00012550686097002986,9.113573058129366e-05,2.356832146458801e-05,0.0,2,4,1914,1963,2287,1686,1725,0.1877851241153737,321.5,0.0015486425456667048,0.0761601582516036,3.425592463746871,4.782193238339924e-05,0.0
HLZ,Hamilton International Airport,New Zealand,4,4,0.0002096944151758514,0.0001440286506072684,4.589874724429588e-05,0.0,4,8,1270,1126,1492,1263,1725,0.21888397554987254,261.5,0.001077994396480322,0.16214398430939525,2.864088778370458,4.867201152964225e-05,0.0
ICN,Incheon International Airport,South Korea,131,131,0.0026297520660627963,0.003686383293531883,0.0032798502066357788,0.02678908915947494,133,262,37,32,19,67,23,1.2472089095251837,5.5,0.0014369153904864223,0.5403203797519458,3.7320119609373683,2.32199595107552e-05,0.24427480916030533
KAT,Kaitaia Airport,New Zealand,1,1,8.276996512077516e-05,6.685908175773508e-05,1.3485070067468158e-05,0.0,1,2,2658,2671,2826,2162,1725,0.16292226350211936,369.0,0.0020414323710574523,0.08717204047494853,3.8066624897703196,4.536516380127672e-05,0.0
KKE,Kerikeri Airport,New Zealand,1,1,8.276996512077516e-05,6.685908175773508e-05,1.3485070067468158e-05,0.0,1,2,2658,2671,2826,2162,1725,0.16292226350211936,369.0,0.0020414323710574523,0.08717204047494853,3.8066624897703196,4.536516380127672e-05,0.0
NAN,Nadi International Airport,Fiji,23,24,0.0010191050142182476,0.0010347594734881576,0.0002401150708172597,0.005465766387763859,24,47,386,194,190,517,139,0.2356136683337303,195.0,0.001141881376322907,0.6648369410471116,2.5342974447756172,4.986677429479002e-05,0.21739130434782608
NOU,La Tontouta International Airport,New Caledonia,9,9,0.000387796051454663,0.0003562278071297052,0.0001027439419447958,0.0004321310721141024,9,18,750,545,564,833,511,0.26494323900254446,244.0,0.0016842107395723185,0.27705503558324907,3.5140046074769082,4.491326473432647e-05,0.2222222222222222
NPE,Hawke's Bay Airport,New Zealand,3,3,0.000166276917640962,0.00011420733384987641,3.6395352817875874e-05,0.0,3,6,1507,1458,1884,1415,1725,0.21888397580512972,250.0,0.0013521935139240368,0.10749570690981614,3.2823057336825774,4.786954576291118e-05,0.0
NPL,New Plymouth Airport,New Zealand,3,3,0.000166276917640962,0.00011420733384987641,3.6395352817875874e-05,0.0,3,6,1507,1458,1884,1415,1725,0.21888397580512972,250.0,0.0013521935139240368,0.10749570690981614,3.2823057336825774,4.786954576291118e-05,0.0
NRT,Narita International Airport,Japan,103,103,0.002137854846762401,0.0029793568857237286,0.002576101295317636,0.03352867600559099,104,206,58,62,34,95,15,1.2049935472555222,-3.5,0.00176514668978379,0.4814761477935203,4.037226788258573,2.3913709554895925e-05,0.3106796116504854
NSN,Nelson Airport,New Zealand,4,4,0.0002096944151758514,0.0001440286506072684,4.589874724429588e-05,0.0,4,8,1270,1126,1492,1263,1725,0.21888397554987254,261.5,0.001077994396480322,0.16214398430939525,2.864088778370458,4.867201152964225e-05,0.0
PMR,Palmerston North Airport,New Zealand,5,5,0.00025539704414917724,0.00017541951035273453,5.5902320335459406e-05,0.0,5,10,1107,847,1209,1152,1725,0.21888397542614824,341.0,0.0008951938744247627,0.2217499038494033,2.523901184657503,4.9691168975331844e-05,0.0
PPQ,Paraparaumu Airport,New Zealand,2,2,0.0001235400217917073,8.993068502631782e-05,2.631210142075602e-05,0.0,2,4,1914,1996,2317,1638,1725,0.21298443240619727,289.5,0.0015003639107480766,0.060364898751839036,3.401197381662155,4.6664968161605884e-05,0.0
ROT,Rotorua Regional Airport,New Zealand,3,3,0.000166276917640962,0.00011420733384987641,3.6395352817875874e-05,0.0,3,6,1507,1458,1884,1415,1725,0.21888397580512972,250.0,0.0013521935139240368,0.10749570690981614,3.2823057336825774,4.786954576291118e-05,0.0
TBU,Fua'amotu International Airport,Tonga,4,4,0.000198121092771899,0.00016659947683149532,4.501670316394521e-05,3.2268345151780727e-06,4,8,1270,1208,1282,1278,1247,0.2272181247040359,180.0,0.0017159210621760432,0.10537110261519977,3.4780685565991454,4.526809317675483e-05,0.25
TRG,Tauranga Airport,New Zealand,3,3,0.000166276917640962,0.00011420733384987641,3.6395352817875874e-05,0.0,3,6,1507,1458,1884,1415,1725,0.21888397580512972,250.0,0.0013521935139240368,0.10749570690981614,3.2823057336825774,4.786954576291118e-05,0.0
TUO,Taupo Airport,New Zealand,2,2,0.00012550686097002986,9.113573058129366e-05,2.356832146458801e-05,0.0,2,4,1914,1963,2287,1686,1725,0.1877851241153737,321.5,0.0015486425456667048,0.0761601582516036,3.425592463746871,4.782193238339924e-05,0.0
VLI,Bauerfield International Airport,Vanuatu,20,20,0.0012861070119217076,0.0012469649633599612,0.00010639879093115418,0.0071125861052934525,21,40,421,134,151,812,109,0.08272934518269406,296.0,0.000686505060213712,0.9836915422999883,1.6523246420278312,7.305279019820696e-05,0.1
WAG,Wanganui Airport,New Zealand,1,1,8.276996512077516e-05,6.685908175773508e-05,1.3485070067468158e-05,0.0,1,2,2658,2671,2826,2162,1725,0.16292226350211936,369.0,0.0020414323710574523,0.08717204047494853,3.8066624897703196,4.536516380127672e-05,0.0
WHK,Whakatane Airport,New Zealand,1,1,8.276996512077516e-05,6.685908175773508e-05,1.3485070067468158e-05,0.0,1,2,2658,2671,2826,2162,1725,0.16292226350211936,369.0,0.0020414323710574523,0.08717204047494853,3.8066624897703196,4.536516380127672e-05,0.0
WLG,Wellington International Airport,New Zealand,21,21,0.001055852720275957,0.0009139444264074996,0.00024911562352613573,0.0008997890543380608,21,42,421,188,217,503,380,0.23593785264011727,242.0,0.000611040108843771,0.7563425568093791,1.6418717722529241,5.667468592972557e-05,0.09523809523809523
WRE,Whangarei Airport,New Zealand,2,2,0.00012550686097002986,9.113573058129366e-05,2.356832146458801e-05,0.0,2,4,1914,1963,2287,1686,1725,0.1877851241153737,321.5,0.0015486425456667048,0.0761601582516036,3.425592463746871,4.782193238339924e-05,0.0
ZQN,Queenstown International Airport,New Zealand,6,4,0.0002574274442601669,0.00023570270769819146,8.907132347179959e-05,0.0,6,10,996,836,862,915,1725,0.34600554625318186,215.0,0.0018745714830760202,0.11727198750648249,3.73187436749877,4.180742515215514e-05,0.3333333333333333
AKN,King Salmon Airport,United States,6,6,0.0008659448258581478,0.0007866114304875593,4.4475959489713474e-06,0.00711189015483494,10,12,703,235,264,2799,111,0.005136119318645732,491.0,0.0005370433707823103,1.3303552720232812,0.7032512841960178,0.00016112455832195064,0.0
DLG,Dillingham Airport,United States,2,2,0.00022212098825962682,0.00021851271246946187,2.422002010394836e-06,0.0,2,4,1914,1028,950,3042,1725,0.0109039763840951,1257.5,0.0015376903059820999,0.6470219576686294,2.6590599969221085,0.00010465377155836603,0.0
KCG,,,1,1,0.0001668850932966821,0.00013969003597106953,6.300769107649278e-07,0.0008664913818288051,2,2,1914,1452,1543,3236,398,0.003775513428540922,832.0,0.0008659448258581478,0.7884122964773841,1.791759469228055,0.00014432413764302465,0.0
KLL,,,1,1,0.0001668850932966821,0.00013969003597106953,6.300769107649278e-07,0.0002892199824715162,2,2,1914,1452,1543,3236,599,0.003775513428540922,832.0,0.0008659448258581478,0.7884122964773841,1.791759469228055,0.00014432413764302465,0.0
PIP,Pilot Point Airport,United States,1,1,0.0001668850932966821,0.00013969003597106953,6.300769107649278e-07,0.000578428255869027,2,2,1914,1452,1543,3236,465,0.003775513428540922,832.0,0.0008659448258581478,0.7884122964773841,1.791759469228055,0.00014432413764302465,0.0
WSN,South Naknek Nr 2 Airport,United States,1,1,0.0001668850932966821,0.00013969003597106953,6.300769107649278e-07,0.0002892199824715162,2,2,1914,1452,1543,3236,599,0.003775513428540922,832.0,0.0008659448258581478,0.7884122964773841,1.791759469228055,0.00014432413764302465,0.0
AKP,Anaktuvuk Pass Airport,United States,3,2,0.00028399553169112634,0.00028459294784304604,1.3663538450014054e-06,0.0,3,5,1507,743,691,3142,1725,0.004811180784659148,967.0,0.000757513889348318,0.6427996344131195,1.4435777800954437,9.403370760159471e-05,0.0
AKU,Aksu Airport,China,2,2,7.977840419753565e-05,8.431771528762038e-05,3.272437922813643e-05,0.0,2,4,1914,2766,2416,1499,1725,0.4101909477545965,-481.0,0.001655028357121403,-0.3769474241704138,4.344732206178346,2.092284021314973e-05,0.0
CTU,Chengdu Shuangliu International Airport,China,108,108,0.0020551468567170613,0.0026635636821734808,0.002369939282360343,0.010179507274876567,108,216,55,67,47,112,84,1.1531727159129341,-12.0,0.0008708309030801896,0.4127983013444929,3.1914168815391286,2.1905634883486107e-05,0.10185185185185185
AKV,Akulivik Airport,Canada,2,2,0.00021317094353231645,0.00020672078421001786,2.2138979734333635e-06,0.00048166101110886115,2,4,1914,1101,1004,3057,492,0.010385552255613764,1184.5,0.0002768629238844564,0.6058941277220082,1.0397207708399179,9.938903962443063e-05,0.0
YIK,Ivujivik Airport,Canada,2,2,0.00024138646922653215,0.00023715194108098924,1.3618246492060522e-06,0.000192441028637348,2,4,1914,910,856,3143,726,0.005641677653141489,1375.5,0.00023197281523407065,0.7301989879255455,0.6931471805599453,0.00011598640761703532,0.0
YPX,Puvirnituq Airport,Canada,4,4,0.0003123393785423807,0.00029062717936408425,7.694692961545028e-06,0.0007710270642785996,4,8,1270,673,683,2520,408,0.024635679937171133,715.0,0.000315327558499047,0.5605830275778523,1.2982392127225526,7.886170652662853e-05,0.0
AKX,Aktobe Airport,Kazakhstan,4,4,0.00011799542133965935,0.00012553429859700797,7.347896302523878e-05,0.0,4,8,1270,2077,1726,1010,1725,0.6227272396758824,-689.0,0.0015483697772869906,-0.4128614992902051,3.851995843375585,2.1701719280875374e-05,0.25
ALA,Almaty Airport,Kazakhstan,45,45,0.0009421183050104652,0.0008801260184189713,0.0014037692422009427,0.0023053822676448454,45,90,212,212,227,145,236,1.4900137644447418,2.0,0.0013471296121741706,0.17253007937028553,3.4354418938609097,2.347473803869907e-05,0.26666666666666666
SCO,Aktau Airport,Kazakhstan,17,17,0.0003790443983319594,0.0003149150177241013,0.0002801613322363562,6.56864169384133e-05,17,34,514,567,618,464,889,0.7391253728303262,-44.0,0.0009036589831606846,-0.13784157128644026,2.951153802161762,2.317196005635629e-05,0.11764705882352941
TSE,Astana International Airport,Kazakhstan,34,34,0.000737735213375853,0.0007129654133898835,0.0007038765985831216,0.00121635075700501,34,68,287,292,293,241,341,0.9541046513995239,-2.5,0.001217464745996391,0.10078300236716231,3.241342550774561,2.3997426926332093e-05,0.17647058823529413
AKY,Sittwe Airport,Burma,2,2,0.0001249200288267403,0.000112753732090572,7.758679501233164e-05,0.0,2,4,1914,1969,1910,983,1725,0.6210917155642175,316.0,0.0005173684500964337,0.07147349526662161,2.0126758453675744,4.747673705250878e-05,0.0
RGN,Yangon International Airport,Burma,29,28,0.0009098168713661272,0.0008612559364329772,0.0014695851792583604,0.003469521622499823,29,57,339,219,234,144,184,1.6152538225101478,126.0,0.0012992923047180057,0.4085005819707712,3.117627197905754,3.5115914639821446e-05,0.2413793103448276
SNW,Thandwe Airport,Burma,2,2,0.0001249200288267403,9.105997814724102e-05,7.758679501233164e-05,0.0,2,4,1914,1969,2290,983,1725,0.6210917155642175,316.0,0.0005173684500964337,0.07147349526662161,2.0126758453675744,4.747673705250878e-05,0.0
CIT,Shymkent Airport,Kazakhstan,9,8,0.00021910194639646112,0.00018108076524167793,0.00022267131883536842,2.3637326177888693e-06,10,17,703,1050,1174,541,1288,1.016290920722578,-324.0,0.0011711246123283852,-0.29388739510122086,3.421398859357479,2.286174780558407e-05,0.1111111111111111
DMB,Taraz Airport,Kazakhstan,3,4,0.00010950644598141955,8.850630579644811e-05,5.9273930574498976e-05,0.0,5,7,1107,2196,2341,1118,1725,0.5412825705671814,-1008.0,0.0006055322267004265,-0.3101754552082028,2.90643912516879,2.560661575778691e-05,0.0
DZN,Zhezkazgan Airport,Kazakhstan,2,2,8.044852414375767e-05,6.69929535701887e-05,4.411255611937565e-05,0.0,2,4,1914,2753,2816,1287,1725,0.5483326958310462,-468.0,0.000839926759193159,-0.36858273965205335,3.6665115071932406,2.1317028422310196e-05,0.0
FRU,Manas International Airport,Kyrgyzstan,22,22,0.0004494319628109186,0.0005386594319133642,0.00040130731997299173,0.00010945133705530635,22,44,409,479,392,367,813,0.8929211831376277,-64.5,0.0013590509838074555,-0.1264553170117413,3.771232224840131,2.1669646383783767e-05,0.18181818181818182
GUW,Atyrau Airport,Kazakhstan,7,7,0.00017551521324971504,0.00016746162101729368,0.0001185236429118861,6.358563305139426e-05,7,14,912,1388,1275,765,893,0.6752898550352787,-434.5,0.0016736405387716272,-0.36077004884242037,3.7772287327803844,2.2068174373349428e-05,0.2857142857142857
GYD,Heydar Aliyev International Airport,Azerbaijan,39,39,0.0006954780195258148,0.0006744949793126209,0.0008664922219484094,0.00031571892483817044,39,78,245,309,307,203,558,1.245894474909781,-61.0,0.0015370113841000012,-0.04278345346787038,3.9974766089997966,1.9646106920476526e-05,0.23076923076923078
IKA,Imam Khomeini International Airport,Iran,44,43,0.0007690093600663675,0.0006327634727032628,0.0022428592670537466,0.00101077106147746,44,87,217,278,332,113,363,2.9165565252160026,-59.5,0.001735274861561076,-0.016643709251162875,4.215794289886599,1.937967339548006e-05,0.3409090909090909
KBP,Boryspil International Airport,Ukraine,61,62,0.0009992358554282907,0.000994039375795597,0.0010295850538996735,0.000698113796281593,62,123,140,196,198,180,425,1.0303724073816132,-55.0,0.001542182456818101,0.04385173411976773,4.077911359743459,1.8419021807723278e-05,0.2459016393442623
KGF,Sary-Arka Airport,Kazakhstan,6,6,0.00016985037508172624,0.00013890721516783593,9.834257911133754e-05,1.1672742444461546e-05,6,12,996,1431,1555,859,1070,0.5789953602635168,-380.0,0.0016958856902729764,-0.29854802011353243,3.6494595000910537,2.4635450850506597e-05,0.3333333333333333
KOV,Kokshetau Airport,Kazakhstan,2,2,8.059982112969559e-05,6.682609356133896e-05,4.187398153653625e-05,0.0,2,4,1914,2748,2833,1314,1725,0.5195294598626413,-462.5,0.0025383497487200747,-0.3667038376342653,4.524204752414981,2.1406026649401156e-05,0.5
KSN,Kostanay West Airport,Kazakhstan,3,3,9.747508084513983e-05,7.814336914350905e-05,5.66579551523847e-05,0.0,3,6,1507,2420,2562,1147,1725,0.5812557903121729,-710.0,0.0010540551717341487,-0.4265621058804623,3.879029369196884,2.0888433348279445e-05,0.0
KUF,Kurumoch International Airport,Russia,20,20,0.00036911675200499886,0.000315615138324986,0.0003838993618306825,0.00013376132163356408,20,40,440,585,616,378,783,1.040048601818764,-134.5,0.0013449795730186762,-0.26457057694463604,3.835008220166709,1.9112186854860177e-05,0.2
KZO,Kzyl-Orda Southwest Airport,Kazakhstan,4,4,0.00012346288048849832,9.660681849206807e-05,7.205248801702898e-05,0.0,4,8,1270,1997,2188,1019,1725,0.583596362987346,-609.0,0.000557187072950001,-0.36756677275296923,2.9894989569176884,2.330979550130486e-05,0.0
OVB,Tolmachevo Airport,Russia,53,52,0.0010436221383006421,0.0010880756260991634,0.0008933577785855196,0.001903600853479565,53,105,175,191,182,199,289,0.85601650808232,-16.0,0.0010546755035664695,0.1739787428010544,3.3457087676298167,2.2184518611724328e-05,0.16981132075471697
PLX,Semipalatinsk Airport,Kazakhstan,3,3,0.00011141258274903431,8.809550102294601e-05,5.860946964139936e-05,0.0,3,6,1507,2161,2353,1123,1725,0.526057902933835,-451.0,0.0006328077813276231,-0.292918597959142,3.0415941612048454,2.635412037023743e-05,0.0
PPK,Petropavlosk South Airport,Kazakhstan,2,2,8.044852414375767e-05,6.69929535701887e-05,4.411255611937565e-05,0.0,2,4,1914,2753,2816,1287,1725,0.5483326958310462,-468.0,0.000839926759193159,-0.36858273965205335,3.6665115071932406,2.1317028422310196e-05,0.0
PWQ,Pavlodar Airport,Kazakhstan,3,3,9.904320144411469e-05,7.848033588662507e-05,5.947089645761328e-05,0.0,3,6,1507,2386,2546,1116,1725,0.6004541007407747,-676.0,0.0019381449036053342,-0.41060273696968075,4.191590009815375,2.1503382603285605e-05,0.3333333333333333
SGN,Tan Son Nhat International Airport,Vietnam,54,54,0.0014025432426924913,0.0014907366155818083,0.0011748030508297279,0.006490407997335808,54,108,172,120,118,162,118,0.8376234080130279,53.0,0.0013831654748434768,0.4580452362326506,3.197065232833826,2.9593326088991095e-05,0.2962962962962963
TBS,Tbilisi International Airport,Georgia,25,24,0.00043508992332277397,0.00036665395793292064,0.00042890080749364743,0.00010042953453783168,25,49,378,497,551,346,829,0.9857750880970527,-115.5,0.0016693388049886702,-0.23769298749904255,4.084951492085923,1.8394369314679225e-05,0.28
UKK,Ust-Kamennogorsk Airport,Kazakhstan,6,6,0.0002185698255965514,0.00019861221140798538,0.00010233115458943918,0.00029285687068575876,6,12,996,1056,1052,835,582,0.46818518663380293,-5.0,0.0010284785505194859,-0.046360391597005446,2.5775236312237144,3.418828428499579e-05,0.16666666666666666
ALB,Albany International Airport,United States,19,19,0.0004386751594085161,0.0003710853413587812,9.146491410992038e-05,0.0005786551483577619,19,38,462,490,542,900,451,0.208502606423501,-15.5,0.0021357170326917127,-0.060303418286285826,4.219015554608778,2.4425113533434604e-05,0.47368421052631576
CLE,Cleveland Hopkins International Airport,United States,56,56,0.0011537438967348472,0.0009271349119857203,0.0002566926415580082,0.003531709008387803,56,112,162,157,213,494,177,0.2224866734155311,6.0,0.0014889714137025169,0.2403505640300283,3.7027232326550923,2.3309544557254358e-05,0.2857142857142857
EWR,Newark Liberty International Airport,United States,152,153,0.0027414721174139362,0.002403173177001421,0.0018767411001068817,0.016804230570766066,153,305,21,26,59,119,46,0.6845742067503624,-4.0,0.0013465166942288292,0.4902665639033277,3.8214734712842477,2.087664506362397e-05,0.20394736842105263
IAD,Washington Dulles International Airport,United States,122,126,0.002413455170938205,0.002058413338373198,0.0011229590577754164,0.011803651105083897,127,248,40,42,83,168,69,0.46529103639363556,-1.5,0.0014069820664033787,0.4983685195623968,3.6513502427697535,2.284711278222027e-05,0.23770491803278687
MSS,Massena International Richards Field,United States,1,1,6.38345172059384e-05,5.4347854057656695e-05,4.0918514099911064e-06,0.0,1,2,2658,3197,3292,2846,1725,0.06410092202609233,-156.0,0.0004386751594085161,-0.17259914893516992,2.9444389791664403,2.308816628465874e-05,0.0
OGS,Ogdensburg International Airport,United States,1,1,6.38345172059384e-05,5.4347854057656695e-05,4.0918514099911064e-06,0.0,1,2,2658,3197,3292,2846,1725,0.06410092202609233,-156.0,0.0004386751594085161,-0.17259914893516992,2.9444389791664403,2.308816628465874e-05,0.0
EVE,"Harstad/Narvik Airport, Evenes",Norway,7,7,0.00020950026835561371,0.0001884835700667239,4.1423147417694154e-05,5.04528040480704e-05,7,14,912,1129,1120,1321,929,0.1977236007515796,-175.5,0.0008494307385389755,-0.18377075287986955,3.293719853008984,2.7779948344938968e-05,0.0
KEF,Keflavik International Airport,Iceland,34,32,0.0005969960441682074,0.0004903311559580735,0.0003205409315573907,0.01132191675353534,34,66,287,372,422,423,76,0.5369230410965273,-82.5,0.001978631107041581,-0.11089148120261516,4.540759888352859,1.9127559458334472e-05,0.35294117647058826
KIR,Kerry Airport,Ireland,6,6,0.00011650467114266501,9.045857451112625e-05,4.235597849538661e-05,2.7385276199655716e-08,6,12,996,2095,2304,1309,1686,0.36355605384714473,-1044.0,0.0013976753389564934,-0.6755345551821534,4.50008883283803,1.4175508902173249e-05,0.0
KRS,Kristiansand Airport,Norway,8,8,0.00015734618846661885,0.00014130573857204683,6.682521158651725e-05,2.8782403589741374e-09,8,16,829,1562,1523,1059,1724,0.42470181348367575,-692.0,0.001458828049652521,-0.5523659737484063,4.279767503102789,1.663773716984277e-05,0.125
KSD,Karlstad Airport,Sweden,2,2,7.362961644335981e-05,6.190260884057002e-05,1.647305672742096e-05,0.0,2,4,1914,2912,3021,1988,1725,0.22372867771344424,-626.5,0.0019284890421155483,-0.45715292578684164,4.688266273420126,1.730590624618805e-05,0.5
KTW,Katowice International Airport,Poland,27,27,0.00039741205387486885,0.00028200504950502307,0.00023300047775939972,6.180012005342376e-05,27,54,359,532,694,532,899,0.5862944404619479,-172.0,0.0010852097719879457,-0.3757165188793996,3.9811702243298406,1.5390086211836644e-05,0.07407407407407407
KUN,Kaunas International Airport,Lithuania,19,19,0.00028241490284542644,0.00019715751388252578,0.00014540669184698866,3.477212726893274e-06,19,38,462,747,1060,673,1236,0.5148690468596616,-272.5,0.0010374595891544571,-0.50068532532757,4.000340148052662,1.4749555874741096e-05,0.05263157894736842
MOL,Molde Airport,Norway,6,6,0.0001508243651282707,0.00012780965876135435,4.613284242845889e-05,4.819000920904512e-06,6,12,996,1644,1690,1260,1189,0.3058712853803467,-593.0,0.0010631913196825682,-0.4173499080382239,3.46445361536879,2.0904860663263326e-05,0.0
MST,Maastricht Aachen Airport,Netherlands,9,10,0.00016114323884379043,0.00012022720642512447,6.394360103632934e-05,6.624648133205309e-07,11,19,660,1521,1800,1080,1440,0.39681218706492055,-840.0,0.0008819518472666595,-0.6011308735504688,3.8467237871338886,1.5285446166039783e-05,0.0
OUL,Oulu Airport,Finland,3,3,9.185677626660893e-05,8.284048217110914e-05,3.119898424821581e-05,0.0,3,6,1507,2513,2441,1521,1725,0.3396481513531738,-803.0,0.0019146750735991615,-0.4859282858447518,4.61795645377282,1.8685176651119258e-05,0.3333333333333333
TFS,Tenerife South Airport,Spain,83,83,0.0011297182122145535,0.0012816773789744037,0.0007343497851232606,0.0008932744538764594,85,166,89,163,146,229,382,0.6500291640724604,-72.5,0.001131554336398526,-0.02326901558277683,3.921022639965377,1.5386373324123048e-05,0.12048192771084337
TKU,Turku Airport,Finland,7,7,0.00015796247147676354,0.00012469274491474407,6.697467114590915e-05,1.9544777095740135e-06,7,14,912,1552,1740,1057,1310,0.4239910310327172,-598.5,0.0013480043544647701,-0.46613829065984547,3.9739896432099253,1.911813373863309e-05,0.14285714285714285
TOS,"Tromsø Airport,",Norway,20,20,0.0007135224219370315,0.0006822753260654407,0.00010864490437051763,0.006288403036130945,20,40,440,295,304,799,122,0.1522655785302085,155.5,0.0006571788423861344,0.39453028966432946,2.4260415352787836,3.937134391618163e-05,0.1
UME,Umeå Airport,Sweden,6,6,0.0001764883356670407,0.00016031448752169077,4.5439821721262604e-05,4.310871404152102e-06,6,12,996,1369,1328,1271,1203,0.2574664300024249,-318.0,0.0010360012211586976,-0.26021113571206556,3.2473301385456357,2.593701175024378e-05,0.16666666666666666
VXO,Växjö Kronoberg Airport,Sweden,6,5,0.00015507088064725438,0.0001470936932090965,5.024260752532986e-05,6.200985336741042e-05,6,11,996,1592,1467,1217,898,0.3239976926397847,-541.0,0.0016671531379779103,-0.3895836161388946,3.9270008966450063,2.1737510763829288e-05,0.3333333333333333
WMI,Modlin Airport,Poland,26,26,0.0003589178976355798,0.0002476539174199312,0.00018787412383842206,2.508302180942306e-06,26,52,362,597,800,603,1278,0.5234459609734379,-227.5,0.0010282395893048246,-0.4543305933153343,4.111397119440396,1.4240195579631682e-05,0.038461538461538464
ALF,Alta Airport,Norway,6,7,0.00023811882857711453,0.0002856369245117268,2.1686067373513078e-05,0.00047554749235170465,8,13,829,931,689,1774,494,0.09107245950729205,-61.0,0.0006185346159425889,0.03930390577930076,2.4888568087446905,3.802142212668963e-05,0.0
HFT,Hammerfest Airport,Norway,9,7,0.0003986422755015619,0.0003624456323149367,2.0380820960985815e-05,0.0007145265149165097,9,16,750,531,554,1829,422,0.051125588562686106,258.0,0.0002463855530130644,0.30463993685669255,1.5530699341600789,4.633107187455959e-05,0.0
KKN,Kirkenes Airport (Høybuktmoen),Norway,5,6,0.00018952626440673525,0.00017480980391652889,1.936729694894503e-05,0.0006188945160790083,6,11,996,1254,1215,1876,438,0.10218793162820745,-203.0,0.0006521113674067426,-0.0765418528935573,2.5261111518948196,3.4192162033912235e-05,0.0
LKL,Banak Airport,Norway,3,1,0.00013029826204252138,0.00011198413161796562,9.994416909177834e-06,0.0,3,4,1507,1882,1921,2365,1725,0.0767041459533533,-172.0,0.0003803891716402938,-0.13633272422391585,2.2444672972791193,3.376026911410793e-05,0.0
SOJ,Sørkjosen Airport,Norway,3,2,0.00015185526993095427,0.00013476848220434303,9.725530463090814e-06,0.0,3,5,1507,1638,1606,2378,1725,0.06404473461811915,72.0,0.0004500945086719026,0.01676902559378135,2.2958508572215393,4.221399770269702e-05,0.0
VDS,Vadsø Airport,Norway,7,7,0.00027503589079696644,0.00024800479491142593,1.4644615482589215e-05,0.0004217354388757806,8,14,829,771,798,2087,516,0.05324619794221686,99.0,0.0002651728528402127,0.08840582796463359,1.776740623784794,3.879433866641412e-05,0.0
AZR,Touat Cheikh Sidi Mohamed Belkebir Airport,Algeria,5,6,0.00020733366164532525,0.0001776569057098206,4.3318765419141745e-05,0.00028933683903009053,6,11,996,1141,1192,1295,596,0.20893262133789384,-90.0,0.000529674211859119,0.013259921303578892,2.280845209609377,3.8382137855007506e-05,0.0
BJA,Soummam Airport,Algeria,4,4,0.00010838744591228403,0.00010214616665673962,3.662556037015858e-05,0.0,4,8,1270,2216,2068,1410,1725,0.3379133077810411,-829.0,0.0016182339985179126,-0.49779505111532707,4.437915870278589,1.8875844155310084e-05,0.25
BLJ,Batna Airport,Algeria,4,4,0.00010838744591228403,8.386280651832353e-05,3.662556037015858e-05,0.0,4,8,1270,2216,2419,1410,1725,0.3379133077810411,-829.0,0.0016182339985179126,-0.49779505111532707,4.437915870278589,1.8875844155310084e-05,0.25
BSK,Biskra Airport,Algeria,3,3,9.448535521798845e-05,8.538005706424092e-05,2.845070548070163e-05,0.0,3,6,1507,2478,2397,1593,1725,0.3011123302131068,-768.0,0.0016887905072592725,-0.4577140188901687,4.43243872828695,1.971599192687146e-05,0.3333333333333333
CZL,Mohamed Boudiaf International Airport,Algeria,12,12,0.0002808713062493173,0.00025179201447662317,0.00012318206542231408,0.00011779406672416431,12,24,624,753,776,753,804,0.43857119855799975,-111.5,0.0014587633548404668,-0.22287639636745826,3.629364659880029,2.320213045350653e-05,0.25
DJG,Djanet Inedbirene Airport,Algeria,1,2,6.430174901442663e-05,5.699757808098398e-05,1.1554479501856657e-05,8.419898986026415e-05,3,3,1507,3180,3188,2266,856,0.17969152750828463,-1473.0,0.0015364603012059015,-0.16530638330282343,4.174387269895637,2.36378507877831e-05,0.0
EBH,El Bayadh Airport,Algeria,1,1,6.430174901442663e-05,5.699757808098398e-05,1.1554479501856657e-05,0.0,1,2,2658,3180,3188,2266,1725,0.17969152750828463,-141.5,0.0015364603012059015,-0.16530638330282343,4.174387269895637,2.36378507877831e-05,0.0
ELU,Guemar Airport,Algeria,1,1,6.430174901442663e-05,5.699757808098398e-05,1.1554479501856657e-05,0.0,1,2,2658,3180,3188,2266,1725,0.17969152750828463,-141.5,0.0015364603012059015,-0.16530638330282343,4.174387269895637,2.36378507877831e-05,0.0
ETZ,Metz-Nancy-Lorraine Airport,France,5,5,0.00011957400620931251,9.072867481529827e-05,4.600600126142528e-05,0.0,5,10,1107,2058,2299,1261,1725,0.3847491835382053,-870.0,0.0012708296075354558,-0.5371339877567038,4.260198210964438,1.7732807163437795e-05,0.0
GHA,Noumérat - Moufdi Zakaria Airport,Algeria,4,4,0.00014972785817846438,0.00012473175391892474,3.6518728267031693e-05,0.00012069137247613175,4,8,1270,1657,1739,1413,798,0.2439006923047287,-269.0,0.000637256245546915,-0.17468795330789355,2.7952706241831695,3.1034788940346695e-05,0.0
HME,Oued Irara Airport,Algeria,6,6,0.00020430202638658157,0.00016811644800407508,5.3592811998366886e-05,0.00022695227580668233,6,12,996,1168,1265,1168,713,0.2623214901302948,-117.0,0.0008353290481168661,-0.11386650257364472,2.7145046617722097,3.139067659734508e-05,0.16666666666666666
HRM,Hassi R'Mel Airport,Algeria,2,2,9.324453606442171e-05,8.081407487347597e-05,1.9146794493488352e-05,0.0,2,4,1914,2493,2490,1896,1725,0.20533958665695998,-207.5,0.0008703811637962415,-0.2209748055860512,2.983073369561846,2.8844094259440013e-05,0.0
INZ,In Salah Airport,Algeria,3,2,0.0001402674373888597,0.0001247319638679724,2.37721820877503e-05,8.403059188054361e-05,3,5,1507,1743,1738,1684,857,0.16947755323886973,-33.0,0.0006543523714310582,-0.06260800270962896,2.4508137000811945,3.766974964083031e-05,0.0
MLA,Malta International Airport,Malta,76,76,0.0010679261365649437,0.000964526810419212,0.0008007365248743088,0.0007851686685048819,77,152,107,183,204,213,407,0.7498051573584777,-75.5,0.001438400706062088,-0.025202850834923574,4.2373843985312085,1.5847005606875237e-05,0.19736842105263158
MLH,,,11,10,0.0002347055694464835,0.00018304308867537756,9.881639575972775e-05,7.461390297189239e-05,11,21,660,950,1158,852,874,0.42102279887422706,-269.0,0.0008165083673187964,-0.3488009120052773,3.3040823920720217,2.0373903081086792e-05,0.09090909090909091
MUW,Ghriss Airport,Algeria,1,2,6.430174901442663e-05,5.699757808098398e-05,1.1554479501856657e-05,0.0,2,3,1914,3180,3188,2266,1725,0.17969152750828463,-897.5,0.0015364603012059015,-0.16530638330282343,4.174387269895637,2.36378507877831e-05,0.0
MZW,Mecheria Airport,Algeria,1,1,6.430174901442663e-05,5.699757808098398e-05,1.1554479501856657e-05,0.0,1,2,2658,3180,3188,2266,1725,0.17969152750828463,-141.5,0.0015364603012059015,-0.16530638330282343,4.174387269895637,2.36378507877831e-05,0.0
OGX,Ain el Beida Airport,Algeria,6,5,0.0002450273839696808,0.00021500958924057766,4.5085961439564795e-05,0.0014579657085797917,6,11,996,892,964,1274,317,0.1840037660653621,159.0,0.0004279651006828286,0.06790405257430798,1.8635137494554463,3.937604082755056e-05,0.0
QSF,Ain Arnat Airport,Algeria,5,5,0.00012833741929185779,0.0001248722736172731,4.5024953964667116e-05,0.0,5,10,1107,1908,1735,1277,1725,0.3508326270943152,-720.0,0.0013415283127036267,-0.4664065825139012,4.01084971482168,1.9794786713177737e-05,0.2
TEE,Cheikh Larbi Tébessi Airport,Algeria,1,1,6.430174901442663e-05,5.699757808098398e-05,1.1554479501856657e-05,0.0,1,2,2658,3180,3188,2266,1725,0.17969152750828463,-141.5,0.0015364603012059015,-0.16530638330282343,4.174387269895637,2.36378507877831e-05,0.0
TGR,Touggourt Sidi Madhi Airport,Algeria,1,1,6.430174901442663e-05,5.699757808098398e-05,1.1554479501856657e-05,0.0,1,2,2658,3180,3188,2266,1725,0.17969152750828463,-141.5,0.0015364603012059015,-0.16530638330282343,4.174387269895637,2.36378507877831e-05,0.0
TID,Bou Chekif Airport,Algeria,2,1,9.162999233526714e-05,8.122154876149677e-05,1.646513326960474e-05,0.0,2,3,1914,2516,2476,1989,1725,0.1796915273042922,-230.5,0.000800381025110164,-0.23844162258144763,2.433767225227791,2.7894362647498207e-05,0.0
TLM,Zenata – Messali El Hadj Airport,Algeria,4,4,0.00010838744591228403,0.00010214616665673962,3.662556037015858e-05,0.0,4,8,1270,2216,2068,1410,1725,0.3379133077810411,-829.0,0.0016182339985179126,-0.49779505111532707,4.437915870278589,1.8875844155310084e-05,0.25
ALH,Albany Airport,Australia,2,2,0.00013404854598449012,0.0001062909710876372,3.375374395582096e-05,0.0,2,4,1914,1824,2004,1479,1725,0.2518023877687296,461.0,0.0008017283005475166,0.1420017498986077,2.1653666701431655,5.284645301073494e-05,0.0
BQB,Busselton Regional Airport,Australia,2,2,0.00013404854598449012,0.0001062909710876372,3.375374395582096e-05,0.0,2,4,1914,1824,2004,1479,1725,0.2518023877687296,461.0,0.0008017283005475166,0.1420017498986077,2.1653666701431655,5.284645301073494e-05,0.0
ALO,Waterloo Regional Airport,United States,1,1,6.191628392598824e-05,6.203024811294786e-05,7.080968440456045e-06,0.0,1,2,2658,3296,3012,2575,1725,0.11436358888915711,-258.0,0.004291272777137045,-0.20311000165753335,5.327876168789581,2.0831421248238085e-05,1.0
ALS,San Luis Valley Regional Bergman Field,United States,2,2,0.0001103900392761208,0.00013053204697129005,6.248411541389411e-06,0.0,2,4,1914,2177,1652,2653,1725,0.05660303757805661,108.5,0.0022094378197199806,-0.052180362085449516,3.1142555017955917,3.892968435344339e-05,0.5
FMN,Four Corners Regional Airport,United States,3,3,0.00015794019889199827,0.00018626577944717967,9.100591398327912e-06,3.3992933546591365e-06,3,6,1507,1553,1134,2413,1240,0.05762048840112595,157.0,0.0014927038783236974,0.056057603214602736,2.1720643586809882,4.460024431815061e-05,0.3333333333333333
ALW,Walla Walla Regional Airport,United States,1,1,6.547977242382514e-05,5.492026518351205e-05,5.510681939073534e-06,0.0,1,2,2658,3153,3272,2696,1725,0.08415853835601367,-112.5,0.0022521384550733387,-0.14715193803265514,4.499809670330265,2.5023760611925986e-05,0.0
AMA,Rick Husband Amarillo International Airport,United States,5,6,0.00013628671236635287,0.00013481831086145608,1.9549497510421497e-05,2.9355369470535354e-06,6,11,996,1792,1605,1863,1264,0.1434438997829107,-741.0,0.0030317561045908456,-0.4063086204555919,4.711861801054086,2.1665208586729754e-05,0.8
AMD,Sardar Vallabhbhai Patel International Airport,India,18,18,0.00038287937204413945,0.0003920462804922007,0.0066514508321410745,1.7645980307101182e-05,18,36,488,555,515,22,1033,17.372183820271925,-54.5,0.0014605520802249503,-0.16301159407533206,3.9275210368485927,2.2135280815665162e-05,0.2222222222222222
BLR,Kempegowda International Airport,India,41,40,0.0009407758351525987,0.0011313192914927817,0.01946871047756602,0.0013378174448302187,41,81,228,213,171,4,325,20.694313937610968,21.0,0.0012133596168404795,0.22849191858522921,3.2871560683814605,2.5726435006332544e-05,0.21951219512195122
DWC,Al Maktoum International Airport,United Arab Emirates,37,40,0.0006970708087886771,0.0005035787311176502,0.0017811833369073711,0.0004922483250463605,41,77,228,308,412,124,488,2.5552401771099724,-74.0,0.0009446968466505829,-0.008042383439637923,3.4870577207838336,2.0758703771008813e-05,0.08108108108108109
GOI,Dabolim Airport,India,12,12,0.00026840370843830396,0.00033205540093077327,0.005220304467236727,2.2171973327297725e-05,12,24,624,801,584,33,1015,19.449449851534673,-159.5,0.0016952170473698075,-0.2682807540799308,4.070322005710987,2.19798169396079e-05,0.25
HYD,Rajiv Gandhi International Airport,India,32,32,0.0007558079408517127,0.0008617930769619921,0.016540108323614466,0.0009816655714894801,32,64,303,286,233,5,371,21.88400971942102,23.5,0.0012188118350197833,0.16235881795425655,3.282496187739584,2.61617046144104e-05,0.21875
JAI,Jaipur International Airport,India,9,9,0.00021908310716933256,0.00021645264278525905,0.005049829643362638,1.1841715945369292e-06,9,18,750,1051,956,39,1372,23.04983578427866,-262.0,0.001324924440952668,-0.2939733826399884,3.940117511740276,2.2859285158249477e-05,0.1111111111111111
MAA,Chennai International Airport,India,38,40,0.0008373633433912116,0.0011572517819528247,0.011439332461411104,0.0015862985250777956,40,78,241,238,163,7,307,13.66113354697772,4.5,0.001297442287259358,0.15888842375829615,3.539974844827302,2.4555844215254945e-05,0.21052631578947367
PNQ,Pune Airport,India,13,12,0.0002977295578177655,0.0003940964780551962,0.007065219255271121,2.338804218005448e-05,13,25,592,712,513,16,1006,23.730325289354056,-104.5,0.001150491328773731,-0.21393165501288536,3.520985326182349,2.2942984812218243e-05,0.15384615384615385
AQJ,Aqaba King Hussein International Airport,Jordan,2,2,7.637923132022726e-05,6.280347887309117e-05,6.209609056725488e-05,0.0,2,4,1914,2846,2992,1095,1725,0.8129970607704999,-561.0,0.0027309707763304098,-0.4204894500512051,4.734000642657977,1.8923326760940173e-05,0.5
BGW,Baghdad International Airport,Iraq,13,13,0.0002575440833854931,0.00017700638881341187,0.0005245140582460899,1.980115105803282e-05,13,26,592,835,1197,295,1023,2.036599138101709,-227.5,0.0017432002983643062,-0.35892630230280176,4.312708808535277,1.9306290295675246e-05,0.23076923076923078
BSR,Basrah International Airport,Iraq,7,7,0.00015761175178790742,0.00011785108332231826,0.000364280392172802,1.2398041708026035e-07,7,14,912,1557,1826,390,1616,2.3112514646940876,-603.5,0.002197446936461178,-0.46836103134902096,4.583901839195252,1.905918925194948e-05,0.2857142857142857
HBE,Borg El Arab International Airport,Egypt,19,21,0.00038888553078748563,0.0004416656345372025,0.0007983557162227195,5.8257285767378465e-05,21,40,421,542,469,214,906,2.0529324261719504,-112.0,0.0013740563519425342,-0.18077756668368128,3.7829920696654704,2.1342164414168908e-05,0.10526315789473684
HOD,Hodeidah International Airport,Yemen,3,4,9.95330109874838e-05,8.897453510612989e-05,0.0001537142599608603,0.0,4,7,1270,2365,2333,658,1725,1.544354565744924,-977.0,0.0012638233546671514,-0.4056695122824596,3.941813867807337,2.1695464775407398e-05,0.0
ISU,Sulaymaniyah International Airport,Iraq,8,8,0.0001660083131464926,0.00013393715223838503,0.0002473103947319345,3.713288734487238e-07,8,16,829,1467,1618,508,1518,1.489747049677552,-597.0,0.0024342577539586364,-0.49877650738533674,4.784265490642952,1.791157903357667e-05,0.5
LCA,Larnaca International Airport,Cyprus,55,53,0.0008094918906200996,0.0008345836051149815,0.0009266496309321409,0.00016512310008764782,55,108,165,253,243,194,743,1.1447299740362988,-85.0,0.0014594335610721688,-0.10290224058477104,4.228035861882856,1.6369675204601816e-05,0.18181818181818182
MRA,,,7,7,0.00016592972019966248,0.00016815922275978325,0.00017647692700492528,1.8425979176715463e-06,7,14,912,1469,1264,619,1320,1.0635643017572223,-515.5,0.0012729010923022241,-0.4169314467569567,3.585094571736574,2.045716713759975e-05,0.14285714285714285
OSM,Mosul International Airport,Iraq,2,2,7.637923132022726e-05,7.168391124713977e-05,6.209609056725488e-05,0.0,2,4,1914,2846,2704,1095,1725,0.8129970607704999,-561.0,0.0027309707763304098,-0.4204894500512051,4.734000642657977,1.8923326760940173e-05,0.5
SSH,Sharm El Sheikh International Airport,Egypt,19,18,0.0003288395485393147,0.0003741830777704711,0.0004621942119716533,7.336870002815176e-05,19,37,462,644,537,320,877,1.4055310987522391,-169.5,0.001786736470728978,-0.34849266427539405,4.447013023102261,1.7624146937318042e-05,0.21052631578947367
AMQ,"Pattimura Airport, Ambon",Indonesia,8,9,0.00047391111568496317,0.00043245337102019993,9.636205823977299e-05,0.0017083796548722908,10,17,703,453,478,871,300,0.20333361056639693,273.0,0.0006444360274553535,0.5502054107753942,2.1159280732259593,6.319140292205766e-05,0.0
CGK,Soekarno-Hatta International Airport,Indonesia,63,64,0.0018225907549852165,0.0025589721513278236,0.001603244391427308,0.015416272578862952,64,127,135,85,52,134,53,0.8796513353543881,51.0,0.0011301246342200822,0.624987176203172,2.9967888469182893,3.320973258140656e-05,0.19047619047619047
FKQ,Fakfak Airport,Indonesia,4,3,0.00024033402920698983,0.00017310817755749176,3.133187828401369e-05,0.00010488296676038972,4,7,1270,916,1225,1517,820,0.1303680481178503,472.0,0.00032895651685227337,0.29852242326798795,1.6742585619166213,5.7683662753265384e-05,0.0
LUV,Dumatumbun Airport,Indonesia,3,2,0.00031650670540884406,0.00022108544533187407,2.6358657648337755e-05,0.0002892199824715162,3,5,1507,667,934,1637,599,0.08327993435175172,1043.0,0.00024720129641312355,0.7511855573433319,0.7324081924454066,0.00010678318806202335,0.0
MKW,Rendani Airport,Indonesia,5,5,0.0003027524153533204,0.0002657022753910773,5.0972031114578524e-05,1.137376919369698e-05,5,10,1107,699,720,1211,1072,0.16836209565856894,489.0,0.0005712788910789858,0.39184589418243654,2.108583490118017,6.083360929823329e-05,0.0
NBX,Nabire Airport,Indonesia,3,3,0.00018952062363454476,0.00013812442287466578,2.2471468129700567e-05,0.00018492129850399824,3,6,1507,1255,1565,1749,730,0.11857004107918413,455.0,0.00040219470325825787,0.2383389803029239,1.8310204811135165,5.6984724620813794e-05,0.0
SOQ,Dominique Edward Osok Airport,Indonesia,6,6,0.00037316080887721053,0.0003097842159167718,6.526982898809315e-05,0.0003053695120047486,6,12,996,576,631,1071,565,0.17491072866006768,475.0,0.0004784021756162624,0.4885435267029088,1.7602110982097139,6.450024177425883e-05,0.0
SUB,Juanda International Airport,Indonesia,26,25,0.0007826379488605368,0.0009898971418676264,0.0006050810197351848,0.0006628727826618704,26,51,362,267,200,265,431,0.773130181862684,102.5,0.0009248111673203758,0.32524594109569804,2.90445735391684,3.341304856259435e-05,0.11538461538461539
SXK,Saumlaki/Olilit Airport,Indonesia,1,1,8.896784789661658e-05,7.04290309250514e-05,9.100861001240337e-06,0.0,2,2,1914,2565,2722,2412,1725,0.10229381980573275,-279.5,0.00047391111568496317,0.1593818298506875,2.1972245773362196,5.2656790631662575e-05,0.0
UPG,Hasanuddin International Airport,Indonesia,26,26,0.0012023172350295551,0.0013181378643207506,0.00044952016533230906,0.006612860730471475,26,52,362,148,140,333,117,0.3738781681202957,221.5,0.0005541130709738351,0.7545817446727883,1.7818430883631704,5.240306150927038e-05,0.07692307692307693
AUA,Queen Beatrix International Airport,Aruba,25,25,0.0005617017260047721,0.0005938991358386421,0.0001386764883440366,0.0016506929897656872,25,50,378,391,353,690,304,0.24688634897101677,-9.5,0.0017571279347064286,0.017725254850559757,3.7857761105356094,2.435257177780444e-05,0.4
BEG,Belgrade Nikola Tesla Airport,Serbia,52,52,0.0007836514078317417,0.0007764850385742903,0.0006838553108515692,0.0008532137973403458,52,104,176,264,270,244,400,0.8726524370621692,-86.5,0.0014431821607377973,-0.1007670225371502,4.096456934442428,1.6729453234994588e-05,0.19230769230769232
BJV,Milas Bodrum International Airport,Turkey,20,21,0.0003113921320049587,0.000310550269319768,0.0002022662255895164,3.352255916193219e-05,21,41,421,675,629,579,965,0.64955470867933,-245.0,0.0016037238556540067,-0.4346305794800456,4.454046746656146,1.5716620973092544e-05,0.2
BON,Flamingo International Airport,Netherlands Antilles,6,6,0.00014916573958678796,0.00012491828439012924,4.2160538267602903e-05,8.687276530841415e-07,6,12,996,1662,1734,1310,1412,0.28264223664491644,-611.0,0.0026072821990932196,-0.428407889062445,4.525047694259487,2.057963995316395e-05,0.6666666666666666
BRI,Bari Karol Wojtyła Airport,Italy,41,41,0.0005533158380034434,0.0004260143045580039,0.0003647083362893886,0.0001616436115343821,41,82,228,395,486,389,744,0.6591322916137436,-161.0,0.0011855742901766,-0.30228399868817135,4.098351659927896,1.46085010893549e-05,0.14634146341463414
BRN,Bern Belp Airport,Switzerland,12,12,0.00020471670014170782,0.00014491136171822821,0.00011887248085414159,3.548878016060554e-06,12,24,624,1160,1485,762,1232,0.5806682150105799,-518.5,0.0015691834748747162,-0.5391459030803576,4.326586108208478,1.5735992599445902e-05,0.25
CFE,Clermont-Ferrand Auvergne Airport,France,6,6,0.00012810623557027337,0.0001181972724923834,6.284892978274624e-05,6.640997418393339e-07,6,12,996,1914,1823,1088,1438,0.4906000828372646,-863.0,0.0022431491343223673,-0.5806060379477387,4.774734993711705,1.6450325454580017e-05,0.5
CFU,Ioannis Kapodistrias International Airport,Greece,38,37,0.0005255718097826278,0.0004543228807977312,0.0003451089092058635,0.00010619059633181826,39,75,245,415,454,397,818,0.656635121561405,-167.0,0.001360001555138552,-0.30688282318042326,4.230395759580916,1.4902855562878892e-05,0.13157894736842105
CHQ,Chania International Airport,Greece,38,37,0.0005327022682338962,0.00041934919629956743,0.0003310311831010507,0.00011787727407080115,39,75,245,408,491,410,803,0.6214187602364464,-160.0,0.0013048471860476654,-0.2934069826479071,4.195865470282807,1.5123612790517364e-05,0.13157894736842105
CPT,Cape Town International Airport,South Africa,22,23,0.0007382704999474394,0.000827845035569944,0.0004177451638112205,0.0008671717512462171,23,45,393,291,248,356,397,0.5658429584291416,109.5,0.0008177603295016812,0.3698704910048498,2.253238630928138,3.711555745919257e-05,0.18181818181818182
CTA,Catania-Fontanarossa Airport,Italy,50,47,0.0006919236181177938,0.0009399991270968462,0.0004963596595920788,0.0004905628270457519,50,97,185,313,209,302,489,0.7173619263673957,-125.5,0.0014673519233466064,-0.2010771993101752,4.304936942917838,1.52403304289038e-05,0.22
CUR,Hato International Airport,Netherlands Antilles,19,19,0.00047254717375277993,0.0004294797031464438,9.593354500708133e-05,0.0007492625607756328,19,38,462,454,483,873,414,0.2030136890783107,20.5,0.0011534441207467223,0.014074978910684877,3.2325648460444443,2.652245189066966e-05,0.21052631578947367
DBV,Dubrovnik Airport,Croatia,41,41,0.0005909891058952,0.0005297812587956323,0.00041412126910258086,0.00016697179275819657,42,82,225,377,398,359,741,0.7007257239967075,-151.0,0.001601450150975485,-0.23641538890997627,4.409238044280136,1.5689513079818027e-05,0.21951219512195122
DLM,Dalaman International Airport,Turkey,28,28,0.0004097789136281039,0.0004957060594356208,0.00028524446000534174,6.394685525979712e-05,29,56,339,525,421,455,892,0.6960935531793034,-180.0,0.0016664680058490386,-0.3674920997433766,4.430635264528375,1.536005623168621e-05,0.21428571428571427
EZE,Ministro Pistarini International Airport,Argentina,40,40,0.0010923683522835613,0.0011398555750365992,0.00023734061063580657,0.0076206555983047665,41,80,228,174,170,523,102,0.21727159171139807,60.0,0.001669274717494025,0.39311279344121886,3.647816123391744,3.0828199315391696e-05,0.375
FAO,Faro Airport,Portugal,61,63,0.0008391931073390414,0.0008829689468498385,0.0005281785408362001,0.0007258122616349001,64,124,135,237,226,292,417,0.6293885593400271,-101.0,0.0011733384432398766,-0.13069826450603994,3.969321456594885,1.5332372858086526e-05,0.13114754098360656
FLR,Peretola Airport,Italy,26,26,0.0003816029129693352,0.00045133125233379244,0.00028254270898875284,8.439424939679173e-06,26,52,362,559,455,459,1113,0.7404102520869839,-189.5,0.0018455372927657862,-0.39304368514201204,4.619119412849504,1.5266666859703423e-05,0.34615384615384615
FNC,Madeira Airport,Portugal,30,30,0.00044853284914587343,0.00046550713557494275,0.00029185531785547766,5.9886477322280065e-05,30,60,324,480,439,447,903,0.6506888367513066,-149.0,0.0015395734532076305,-0.3196602532114561,4.442016469029562,1.5855814660953985e-05,0.16666666666666666
FUK,Fukuoka Airport,Japan,37,37,0.0008321115084557532,0.0009291942088767584,0.0006025122963834142,0.001241325201625908,37,74,266,242,212,267,337,0.7240763891146835,28.0,0.001216872153657015,0.16903707658524691,3.416023707367614,2.5052525690807508e-05,0.24324324324324326
HAV,José Martí International Airport,Cuba,30,31,0.0007030680114651051,0.0006085616087474293,0.00023430072710112386,0.0011800977271898116,33,61,293,305,346,528,345,0.3332547111806021,-7.5,0.0015656915263764966,0.12981145747631295,3.6295635678858944,2.583758572146032e-05,0.3333333333333333
HER,Heraklion International Nikos Kazantzakis Airport,Greece,58,59,0.0008141729233204402,0.0009055993725547635,0.0005876355275505236,0.0009699929766683778,62,117,140,250,222,270,374,0.7217576398315613,-109.0,0.0013278900405633406,-0.12987702996581696,4.1642240406113835,1.56179178214492e-05,0.13793103448275862
HGH,Hangzhou Xiaoshan International Airport,China,72,72,0.0012599384609599962,0.0018996040647324321,0.0011263939906141745,0.0010983123310063891,72,144,117,138,88,167,357,0.8940071483776525,-19.5,0.0009712928831468108,0.17347247432224044,3.5134547576629234,1.9864851079084274e-05,0.09722222222222222
HOG,Frank Pais International Airport,Cuba,5,8,0.00012733375131217917,0.00013343811146257603,5.226006390624628e-05,8.239587144746392e-07,9,13,750,1935,1623,1188,1418,0.4104180028288205,-1146.0,0.0026700926516001885,-0.4742578637751311,4.776044041602992,1.955862952761718e-05,0.6
INN,Innsbruck Airport,Austria,6,6,0.0001203679363944873,0.00010422793781105345,6.721764824050536e-05,3.711520126695348e-07,6,12,996,2045,2044,1056,1519,0.5584348311846928,-994.0,0.0024455368874485395,-0.6429127346370009,4.985423935887183,1.4933011890767514e-05,0.5
INV,Inverness Airport,United Kingdom,10,11,0.0002177493151228047,0.0001720147130711643,8.310969760338339e-05,8.620607569151517e-05,11,21,660,1059,1233,949,849,0.38167604594536514,-378.0,0.0012657683279099204,-0.36503204866929906,3.717099217514911,2.041643993624302e-05,0.2
JER,Jersey Airport,Jersey,29,30,0.0004323389052103706,0.00036788739590080054,0.0002555725988926537,2.7535401205153406e-05,30,59,324,502,548,497,983,0.5911394875931772,-171.0,0.0011782554267864716,-0.3355329735471688,3.9214815814037283,1.57456117614908e-05,0.10344827586206896
JKH,Chios Island National Airport,Greece,5,4,0.0001180863651809968,0.00010037618359274848,4.8751140678990316e-05,7.281469936671478e-07,5,9,1107,2076,2111,1234,1432,0.4128430966967866,-888.0,0.0014784930652325023,-0.5496532011996624,4.001940292152371,1.7382773980148835e-05,0.2
JMK,Mikonos Airport,Greece,10,9,0.00017609475710469292,0.00014535716554909517,0.00012945796999372418,1.2491182138162245e-07,11,19,660,1375,1482,719,1615,0.7351608425045729,-694.0,0.002178577506022741,-0.5773542763543862,4.903566939880793,1.5515903697230623e-05,0.3
JTR,Santorini Airport,Greece,9,10,0.00016671650609619747,0.00017084549306388929,0.00011059195631921571,1.4863590641908812e-05,11,19,660,1456,1243,794,1047,0.6633533709937682,-775.0,0.0019643027320538084,-0.5671297236330783,4.58353304936456,1.601397783015147e-05,0.3333333333333333
KGS,Kos Airport,Greece,30,28,0.00044389853278775415,0.00042244242591188836,0.00028147587238283416,7.275927153491594e-05,30,58,324,485,489,462,879,0.6340995781516114,-154.0,0.0014591641343477668,-0.3300461677129647,4.2714979171250125,1.5674076765506877e-05,0.16666666666666666
KIT,Kithira Airport,Greece,3,3,8.860443350624186e-05,8.153220587694091e-05,3.285083550024304e-05,5.594584486218635e-07,4,6,1270,2570,2469,1496,1477,0.3707583717910551,-1182.0,0.001946183028865691,-0.5219769742094318,4.192011640198561,1.7409748116937274e-05,0.3333333333333333
KIX,Kansai International Airport,Japan,57,57,0.0011433873324126036,0.0014937387287263354,0.001016848693119581,0.003942990933597237,57,114,155,159,117,184,167,0.8893300321720201,-1.0,0.0015677002087295363,0.22042222310274973,3.925163127914512,2.2686847411705327e-05,0.2982456140350877
KYA,Konya Airport,Turkey,3,2,8.958980850172987e-05,8.114510923717223e-05,4.913686083405127e-05,1.91386936334932e-08,3,5,1507,2556,2486,1230,1698,0.5484648494711595,-846.0,0.0032843068982285058,-0.5109173010312009,5.152218289272762,1.7796169684089388e-05,0.6666666666666666
LIM,Jorge Chávez International Airport,Peru,57,57,0.001988723414565733,0.0021749146365120098,0.0002569037742137554,0.018619245579536984,57,114,155,74,75,493,40,0.1291802431309203,84.0,0.0012031440258265678,0.7739199548617641,2.746259286181081,4.0134444561531494e-05,0.24561403508771928
LJU,Ljubljana Jože Pučnik Airport,Slovenia,22,22,0.00034311861801952765,0.00031399376225549146,0.0002697485659400483,3.686877276405847e-05,22,44,409,622,620,477,955,0.7861670914187942,-207.5,0.0018456805430132326,-0.39636358502157165,4.399413912801272,1.598444077937392e-05,0.2727272727272727
LPI,Linköping City Airport,Sweden,2,2,7.109601349060852e-05,5.98973390207297e-05,2.316933316677454e-05,0.0,2,4,1914,3010,3119,1716,1725,0.32588793701963487,-724.5,0.002788915131917512,-0.49216900172167755,5.121263958631525,1.5815551562655544e-05,0.5
NAP,Naples International Airport,Italy,51,51,0.0006937598934845842,0.0006460985266311698,0.0005292935984166461,0.000106870881865993,51,102,180,312,327,291,817,0.7629348473261194,-130.0,0.0014441797623051056,-0.21063464478424265,4.312140986644337,1.4983859714539908e-05,0.17647058823529413
NDR,Nador International Airport,Morocco,12,12,0.0002002915327290415,0.00018552868484168024,0.00011853749060822334,4.391265193958981e-06,12,24,624,1194,1140,764,1200,0.5918247715872408,-552.5,0.0017789068422274376,-0.5609990070833506,4.551761797665658,1.5302152657073e-05,0.25
OPO,Francisco de Sá Carneiro Airport,Portugal,61,61,0.0009593482169676084,0.000988486860128109,0.0005395165732819398,0.0026397582206666914,61,122,143,204,201,285,216,0.5623782519628701,-59.5,0.0013069277946230384,0.003115005035177809,3.9405235779700694,1.76497327338401e-05,0.21311475409836064
PBM,Johan Adolf Pengel International Airport,Suriname,7,7,0.00019949881771139382,0.0001630899939295456,3.8768314285253223e-05,0.00013109562644206187,7,14,912,1201,1303,1371,786,0.1943285415422243,-247.5,0.000876344313904373,-0.23268746312127853,2.9824501259279628,2.6099032253583124e-05,0.14285714285714285
PDL,João Paulo II Airport,Portugal,16,17,0.00046244388730943967,0.0003846744728321589,0.00013467485655760159,0.0027453329870488962,17,33,514,465,521,704,210,0.2912242117441705,58.0,0.0014873184498797073,0.09840379828506496,3.377008278925991,3.075252292283404e-05,0.3125
PFO,Paphos International Airport,Cyprus,25,25,0.0003815917416345572,0.00039260598888149137,0.00023480994882129982,5.459456075710848e-05,25,50,378,560,514,526,914,0.6153433714668087,-178.5,0.0013359545291433534,-0.3688944195851951,4.16168891835433,1.587680782458986e-05,0.12
PMO,Falcone–Borsellino Airport,Italy,38,39,0.0005567733491783644,0.0005546774654394321,0.0003768130991133779,0.00046833007030370013,39,77,245,393,380,382,496,0.6767800572161805,-145.0,0.0014706991724443815,-0.24921141094503518,4.181601828181914,1.5868847494159684e-05,0.2894736842105263
POP,Gregorio Luperon International Airport,Dominican Republic,11,14,0.00022383534194877477,0.0001628899660555163,0.0001056018774114609,3.2447159103369554e-05,16,25,533,1021,1309,817,967,0.47178375180639764,-479.5,0.0026275157777553137,-0.39622204368166614,4.801417030742868,1.921131189096459e-05,0.6363636363636364
PUJ,Punta Cana International Airport,Dominican Republic,43,46,0.0008184985100408998,0.0007230599552723367,0.00031900849322133527,0.0018806425437180765,48,89,197,248,291,426,290,0.3897484104221456,-49.0,0.0022088397151618163,0.05989716091744679,4.518633507166177,2.1184375772227847e-05,0.46511627906976744
PVK,Aktion National Airport,Greece,9,9,0.00019055977789519767,0.00015091841589808452,9.217892443262825e-05,3.041604502924774e-05,9,18,750,1249,1420,896,973,0.48372707740730037,-460.0,0.0017836763604145607,-0.43345858519288427,4.145069621569659,1.9130745387060954e-05,0.3333333333333333
RAK,Menara Airport,Morocco,48,49,0.0006908581975228075,0.0006473444728349053,0.0004257643526958676,0.0005018398022073882,49,97,191,314,324,348,485,0.6162832752401577,-120.5,0.0013641388269222444,-0.17745249240731642,4.206905265784898,1.584923094626764e-05,0.14583333333333334
RHO,Diagoras Airport,Greece,50,47,0.0007777344328439001,0.0008093215789213684,0.0004733595680425255,0.001422541058720038,51,97,180,272,252,317,321,0.6086390778811436,-90.0,0.0012420627283167766,-0.08416765044559948,3.9005312963227476,1.725940842344665e-05,0.14
SKG,Thessaloniki Macedonia International Airport,Greece,55,54,0.0008231073332101288,0.0007882941862461906,0.0005578726201052137,0.0003722842197993165,55,109,165,246,263,278,530,0.6777641233367507,-78.0,0.001312593009597398,-0.08622238669160165,3.97655757836873,1.666091461944738e-05,0.18181818181818182
SMI,Samos Airport,Greece,8,7,0.00014958485318310324,0.0001167279369800217,8.295191522481747e-05,3.593802892663541e-08,8,15,829,1659,1835,950,1679,0.5545475591922266,-789.0,0.001776010287724959,-0.6029505620453719,4.5412562148670315,1.5496364334586987e-05,0.25
SPC,La Palma Airport,Spain,7,7,0.0001404281936184016,0.00010958846474402378,7.800920960757895e-05,1.3819600719296571e-05,7,14,912,1738,1954,981,1055,0.5555095995862521,-784.5,0.0023813781866773823,-0.5837994924948511,4.777677421454322,1.6171196282742767e-05,0.5714285714285714
SUF,Lamezia Terme Airport,Italy,21,21,0.00030229073284294934,0.00023251789084339857,0.00020436901510372893,8.159058414190524e-06,22,42,409,703,878,573,1116,0.6760677483616603,-288.5,0.0014237289675432985,-0.4943721824769085,4.405641731713886,1.4458328145466093e-05,0.14285714285714285
SXM,Princess Juliana International Airport,Netherlands Antilles,33,33,0.0007712155165677287,0.0007117490074276908,0.00019314421064650598,0.00542685718656091,34,66,287,277,294,594,141,0.2504412923459948,12.5,0.0015028422799321923,0.1635694633585727,3.4358575852611186,2.5918215362471107e-05,0.36363636363636365
TLL,Lennart Meri Tallinn Airport,Estonia,28,28,0.0005225904731693749,0.00046444246716061257,0.00028408378482478694,0.004772448697230193,28,56,352,417,440,457,149,0.5436068956670659,-62.0,0.0015788953006418993,-0.1243117557081943,4.069831389336092,2.010003772505283e-05,0.21428571428571427
TNG,Ibn Batouta Airport,Morocco,12,12,0.00020932668407289297,0.00019765775463914805,0.00012884860830578607,2.174669945773582e-06,12,24,624,1130,1057,722,1301,0.6155383814369202,-488.5,0.0021209960205350845,-0.516876862603616,4.805398683796932,1.6187951807302075e-05,0.5
UIO,Mariscal Sucre International Airport,Ecuador,24,23,0.0008763550535772177,0.0008748301750196272,0.00010844473223782796,0.003451169640877057,26,47,362,229,230,800,186,0.12374520098351054,140.5,0.0014206716077474525,0.4876912923191554,2.9210461657364415,4.0791444993709744e-05,0.3333333333333333
VCE,Venice Marco Polo Airport,Italy,73,73,0.001061023269234358,0.0010521200194821855,0.0008438668223654314,0.0025904110781742305,73,146,115,185,186,207,219,0.7953330024273376,-69.5,0.0015596580212262896,-0.006859835373705714,4.269579035601305,1.6387005555302303e-05,0.2328767123287671
VRA,Juan Gualberto Gomez International Airport,Cuba,8,9,0.00018630737885443012,0.00015773529167587092,8.147209808635843e-05,0.00010542321483196484,11,17,660,1284,1351,957,819,0.4372993629523179,-603.0,0.0025860509091036425,-0.3834164894829968,4.545673495213501,2.0896735744911946e-05,0.5
VRN,Verona Villafranca Airport,Italy,22,23,0.0003257277433457399,0.0003304202463034083,0.00023382328695863294,2.3494605018326348e-05,23,45,393,646,589,530,1005,0.717848853023379,-245.5,0.0017016394423333624,-0.4483779082044119,4.418707297020116,1.5054447481777192e-05,0.3181818181818182
VXE,São Pedro Airport,Cape Verde,6,4,0.0001642141146958805,0.00013623363894944466,5.850514813443998e-05,0.00015333450139051857,6,10,996,1484,1583,1127,752,0.3562735654166496,-433.0,0.0016933653294048934,-0.33229476931630586,3.609795680632574,2.3530301752284994e-05,0.3333333333333333
XMN,Xiamen Gaoqi International Airport,China,72,72,0.0012472299899190882,0.001808718517577522,0.001093342207856213,0.0011344739170981476,72,144,117,142,93,172,351,0.8766163551977623,-23.5,0.0009998900657047485,0.16333467932972212,3.4820841445521773,1.9657196323432044e-05,0.1388888888888889
YVR,Vancouver International Airport,Canada,75,75,0.0021150000217308755,0.0023129700920557095,0.0005735521078407136,0.018268755216640342,76,150,109,63,67,273,43,0.27118302692561186,46.0,0.0014410300179897417,0.6662987291292977,3.1314540404377995,3.2482987384003164e-05,0.32
YYC,Calgary International Airport,Canada,60,59,0.001605468949536591,0.0015818528851041622,0.0003635476284513321,0.012961254003860551,60,119,147,101,110,391,67,0.22644326354381875,46.0,0.001338280479679302,0.5282219461264628,3.0868870049950803,3.061292888909283e-05,0.23333333333333334
YYZ,Lester B. Pearson International Airport,Canada,146,147,0.0030311334732859877,0.003536752405065519,0.001343398048423062,0.04107250568711707,147,293,27,15,21,148,12,0.4431998987384454,12.5,0.0013941391957932535,0.6155359540923309,3.633979450633162,2.4068685720047307e-05,0.22602739726027396
ZAG,Zagreb Airport,Croatia,28,27,0.0004595563878904542,0.00043280167269945443,0.00032686728237804434,0.00045897940137073427,28,55,352,469,477,414,500,0.711266976134299,-114.0,0.0016470150355045333,-0.2528482289247931,4.074176116139981,1.7451546746257463e-05,0.32142857142857145
ZTH,"Zakynthos International Airport ""Dionysios Solomos""",Greece,12,12,0.00021024112425330373,0.00018468793792438828,0.00012518806990623584,7.782531826910292e-06,13,24,592,1119,1143,738,1123,0.595449964182108,-511.5,0.0018270026647081588,-0.5125178931585159,4.448930864217641,1.627760280605077e-05,0.25
ANI,Aniak Airport,United States,8,7,0.0007777716215448182,0.0008861535288576896,3.795279037542035e-06,0.005646119388450676,9,15,750,271,225,2897,134,0.00487968310029596,518.0,0.0005119854739472832,1.0456185618295466,1.1486651255940135,0.00010787677087781199,0.0
BET,Bethel Airport,United States,21,22,0.0023341612758507845,0.0022515861929664764,4.90079935164372e-06,0.020024393806602394,29,43,339,44,71,2747,36,0.00209959757380407,301.0,0.00033728838028435304,1.5496464806442392,0.759566370169341,0.00012828860961705703,0.0
CDB,Cold Bay Airport,United States,4,4,0.000463148466699672,0.00041595161799055154,3.911441518845736e-06,0.0008676599474145486,4,8,1270,464,495,2878,388,0.00844532973782272,924.0,0.0006593304155724538,0.954540344306559,0.8815901311540404,0.00012321732041436768,0.0
CDV,Merle K (Mudhole) Smith Airport,United States,2,2,0.00018534517049983556,0.00018877939797676632,2.7244255667561047e-06,1.9693995809635515e-05,2,4,1914,1293,1112,3014,1024,0.014699199118104465,992.5,0.0012057763628434681,0.4660196052364878,2.1097538525880535,8.302093763207485e-05,0.0
ENA,Kenai Municipal Airport,United States,1,1,9.944547082782022e-05,0.00016240694815587654,1.791925099629908e-06,0.0,1,2,2658,2367,1315,3104,1725,0.01801917256475607,672.0,0.002209435786106052,0.27071624703607533,3.5263605246161616,6.498340547370741e-05,0.0
HNL,Daniel K Inouye International Airport,United States,50,51,0.0013247637590085351,0.0014994522493431335,0.000439432834184541,0.013302808164506706,52,101,176,128,115,341,63,0.3317065636769958,49.5,0.0017453781450327522,0.44843665704276425,3.645330569814518,3.0130686647971725e-05,0.34
HOM,Homer Airport,United States,1,1,9.944547082782022e-05,0.00012299560990668037,1.791925099629908e-06,0.0,1,2,2658,2367,1763,3104,1725,0.01801917256475607,672.0,0.002209435786106052,0.27071624703607533,3.5263605246161616,6.498340547370741e-05,0.0
ILI,Iliamna Airport,United States,1,1,9.944547082782022e-05,8.358427165748422e-05,1.791925099629908e-06,0.0,1,2,2658,2367,2424,3104,1725,0.01801917256475607,672.0,0.002209435786106052,0.27071624703607533,3.5263605246161616,6.498340547370741e-05,0.0
JNU,Juneau International Airport,United States,14,14,0.0013034109623895093,0.0013441165460700928,1.706740528611666e-05,0.00956136412250727,16,28,533,131,134,1969,88,0.013094415942940538,410.5,0.0005588202217805038,1.216937098411357,1.1030821297376843,0.00010581524216957713,0.0
KSM,St Mary's Airport,United States,4,4,0.0003739880485811264,0.0003416198015460238,2.7920289484727775e-06,0.0029621676891615537,4,8,1270,575,576,3009,205,0.007465556610874221,813.0,0.0007359869349556383,0.7407165204417332,1.5028167936010406,9.699366770874489e-05,0.0
MCG,McGrath Airport,United States,4,4,0.00045203828652372454,0.00045744932789547517,3.383355055706657e-06,0.0008676599474145486,5,8,1107,476,446,2962,388,0.007484664809535081,712.0,0.0008227280628894866,0.9302595601467285,1.3680676684178688,0.00011994962025751083,0.0
OME,Nome Airport,United States,15,16,0.0011675093086825326,0.0011456685290583473,5.4290768220669895e-06,0.005576102833771545,16,31,533,155,166,2709,138,0.004650135790517501,386.5,0.0004396244162336828,1.064292841302838,1.275263173593607,8.810193912075916e-05,0.0
SCC,Deadhorse Airport,United States,5,5,0.00041345288875570523,0.00041443793002419793,4.064072139591375e-06,0.00042551292952065935,5,10,1107,518,497,2851,514,0.009829589416637726,670.0,0.0009896769368218895,0.7034741088321468,1.9606008027915611,8.688077894107318e-05,0.0
SDP,Sand Point Airport,United States,1,1,9.944547082782022e-05,0.00012299560990668037,1.791925099629908e-06,0.0,1,2,2658,2367,1763,3104,1725,0.01801917256475607,672.0,0.002209435786106052,0.27071624703607533,3.5263605246161616,6.498340547370741e-05,0.0
SNP,St Paul Island Airport,United States,2,2,0.00017294864547960658,0.00017162178161654514,3.116392612988167e-06,0.0,2,4,1914,1410,1236,2979,1725,0.018019179071024523,875.0,0.0011911922157928291,0.39679443558147653,2.1097538525880535,7.572886410675535e-05,0.0
STG,St George Airport,United States,2,2,0.00017294864547960658,0.00017162178161654514,3.116392612988167e-06,0.0,2,4,1914,1410,1236,2979,1725,0.018019179071024523,875.0,0.0011911922157928291,0.39679443558147653,2.1097538525880535,7.572886410675535e-05,0.0
UNK,Unalakleet Airport,United States,6,4,0.00041801657754355926,0.0005217009542821132,3.1327857805803886e-06,0.0004329535495179667,6,10,996,516,404,2974,510,0.007494405602260924,535.0,0.0007189251385165907,0.6020551679041768,1.8105495730539631,7.329548993608963e-05,0.0
VDZ,Valdez Pioneer Field,United States,1,1,9.944547082782022e-05,0.00012299560990668037,1.791925099629908e-06,0.0,1,2,2658,2367,1763,3104,1725,0.01801917256475607,672.0,0.002209435786106052,0.27071624703607533,3.5263605246161616,6.498340547370741e-05,0.0
ANF,Andrés Sabella Gálvez International Airport,Chile,6,5,0.0002596258669959033,0.0002699807411980287,1.711917020492502e-05,7.194348167904209e-06,6,11,996,829,710,1965,1131,0.06593784511153948,222.0,0.0006837946014871553,0.1257756985775007,2.250041952957043,4.223848845866722e-05,0.0
CJC,El Loa Airport,Chile,4,4,0.0002055186732648929,0.00019477524525350235,1.2102552391991248e-05,0.0,4,8,1270,1152,1079,2239,1725,0.05888784799808567,235.5,0.0004883272091653179,0.14202957648038783,1.9458060040840093,4.74438521774291e-05,0.0
IQQ,Diego Aracena Airport,Chile,5,5,0.00022168471700894423,0.00024275095004583645,1.37571887065666e-05,3.811738762560425e-05,5,10,1107,1032,821,2145,950,0.06205745209766329,156.0,0.0005935062546246499,0.08018671252344056,2.3884214199391414,4.175885674111798e-05,0.0
LSC,La Florida Airport,Chile,4,4,0.0002055186732648929,0.0002011185003668606,1.2102552391991248e-05,0.0,4,8,1270,1152,1034,2239,1725,0.05888784799808567,235.5,0.0004883272091653179,0.14202957648038783,1.9458060040840093,4.74438521774291e-05,0.0
ANG,Angoulême-Brie-Champniers Airport,France,1,1,6.32642595137004e-05,5.6059479224259234e-05,6.430761980349332e-06,0.0,1,2,2658,3224,3210,2634,1725,0.10164920967670059,-182.5,0.00020175547415190017,-0.18157266596768018,2.1972245773362196,2.2417274905766685e-05,0.0
FSC,Figari Sud-Corse Airport,France,9,9,0.00020175547415190017,0.00019577840180268094,6.809042139529449e-05,0.0002901734826976825,9,18,750,1187,1068,1051,589,0.33748983357958223,-398.0,0.0009931856180669923,-0.37636808513711095,3.7157173310068257,2.0594235094237277e-05,0.1111111111111111
CHU,Chuathbaluk Airport,United States,1,1,0.00013865327330619937,0.00010694214208259057,4.6085646281479116e-07,0.0011568799298860648,2,2,1914,1757,1997,3273,349,0.003323805142321048,528.5,0.0007777716215448182,0.6030831651713058,1.9459101490553132,0.00011111023164925975,0.0
HCR,Holy Cross Airport,United States,2,2,0.00024979956321550287,0.00024204582890764324,6.719347539729161e-07,0.0002886356996786444,2,4,1914,871,823,3232,682,0.002689895632016121,1414.0,0.0005196461511333502,0.7644585812432929,1.3195286648076292,0.00012093528600510043,0.0
KLG,Kalskag Airport,United States,3,3,0.00030912055060240587,0.00030157718789206636,8.737271984605924e-07,2.225143636186581e-05,3,6,1507,682,653,3193,1012,0.002826493407694494,1028.0,0.0011317624623412162,0.7275724620732849,2.0451882970272464,0.00010388665600111369,0.3333333333333333
RSH,Russian Mission Airport,United States,3,3,0.00028335448962804605,0.00030998149818299906,7.88889065595496e-07,0.0013193592365371503,4,6,1270,745,630,3213,327,0.0027841064619482663,643.0,0.00040709508423235124,0.6405398571617322,1.2458898727611227,9.378231848610327e-05,0.0
SHX,Shageluk Airport,United States,2,2,0.00024979956321550287,0.0002548739809588501,6.719347539729161e-07,0.0022600058428279284,2,4,1914,871,764,3232,250,0.002689895632016121,1414.0,0.0005196461511333502,0.7644585812432929,1.3195286648076292,0.00012093528600510043,0.0
ANM,Antsirabato Airport,Madagascar,3,3,0.00016332055427088055,0.00013171103253073935,4.4180756919249894e-05,0.0,3,6,1507,1494,1632,1285,1725,0.2705155950302035,216.0,0.00042634537007469334,0.0895559900754801,2.074192089357123,4.6710187638601446e-05,0.0
TMM,Toamasina Airport,Madagascar,6,6,0.0003089178681114898,0.0002526494707537175,0.00010410295032803575,0.00029032127468785543,6,12,996,684,774,826,588,0.3369923240907015,367.0,0.0002967127849891281,0.29960951954569737,1.5321651222735115,5.190358674334876e-05,0.0
TNR,Ivato Airport,Madagascar,20,21,0.0007603744678233934,0.0006614533725011306,0.00042386439206137423,0.004012072308445472,21,41,421,283,317,351,162,0.5574416422407046,147.0,0.00079107410686732,0.4581274607151373,2.279742625085603,4.212734661287121e-05,0.15
WMN,Maroantsetra Airport,Madagascar,4,4,0.00020974377428919691,0.00016957977762085583,5.777140346363412e-05,0.0,4,8,1270,1125,1255,1130,1725,0.2754379893249098,263.0,0.00034761170640729025,0.1623793425329101,1.7583766210719243,4.8686528977066097e-05,0.0
ANR,Antwerp International Airport (Deurne),Belgium,1,1,5.920484501509312e-05,6.266200899943168e-05,7.913369674078989e-06,0.0,1,2,2658,3379,3005,2498,1725,0.13366084603484105,-338.0,0.0006174522599805814,-0.24788983501061246,3.5553480614894135,1.7641493142302326e-05,0.0
ANS,Andahuaylas Airport,Peru,1,1,7.38659776557286e-05,6.0248389415322765e-05,3.831021175598769e-06,0.0,1,2,2658,2894,3091,2886,1725,0.051864488864605963,142.5,0.001988723414565733,-0.026640876626801813,4.04305126783455,3.488988446606549e-05,0.0
ANU,V.C. Bird International Airport,Antigua and Barbuda,22,22,0.00047399903420883364,0.00040331399156847157,0.000124998096604556,0.00024368971888161613,23,44,393,452,507,746,709,0.2637096018838818,-51.5,0.0010388563522634603,-0.07323451337470832,3.175984633976395,2.2983393502368026e-05,0.2727272727272727
AXA,Clayton J Lloyd International Airport,Anguilla,4,4,0.000121500915962837,0.00010429291724269877,1.8821703688004197e-05,0.0,4,8,1270,2026,2043,1905,1725,0.1549099736314837,-638.0,0.0006882421485586851,-0.3835855192557993,3.342435517707897,2.2732747094305154e-05,0.0
BGI,Sir Grantley Adams International Airport,Barbados,18,17,0.00043855966870020067,0.0003302776714044738,0.00010782973182954719,0.0005117066343722795,19,35,462,491,590,802,482,0.24587243088068725,-16.5,0.001071030944020267,-0.02723570102095163,3.0938987569581347,2.5774515881649605e-05,0.2777777777777778
DOM,Douglas-Charles Airport,Dominica,8,8,0.00021170921734963376,0.00023777222426690645,3.6871566224928964e-05,5.904237233450764e-06,9,16,750,1110,851,1406,1161,0.1741613647554904,-321.0,0.00047540213345543885,-0.2556006568136411,2.761132430792245,2.4632300226173868e-05,0.0
KIN,Norman Manley International Airport,Jamaica,19,19,0.00041064197889547743,0.00032638712817236647,0.00010197246744092388,3.801873293571906e-05,19,38,462,522,599,837,951,0.24832450816451815,-47.5,0.0014623177942443733,-0.12634086437744152,3.8107752865855846,2.26893128881681e-05,0.2631578947368421
MIA,Miami International Airport,United States,134,135,0.0027735574984030266,0.004109907473494639,0.0007154880101559909,0.021850495008057035,138,269,33,25,14,236,32,0.2579676140004158,8.0,0.0011925346094349605,0.5796031081981603,3.4823280822540768,2.396266833319841e-05,0.1865671641791045
NEV,Vance W. Amory International Airport,Saint Kitts and Nevis,6,5,0.0001635915034429733,0.0001409992996247097,2.5114818535143627e-05,0.0,6,11,996,1491,1526,1657,1725,0.15352153386070233,-440.0,0.0005041570565536913,-0.33609343515446355,2.7951565754156236,2.340822110006158e-05,0.0
PTP,Pointe-à-Pitre Le Raizet,Guadeloupe,13,12,0.00030969274758126835,0.000377672173754275,7.5666863624977e-05,0.0003585761679003742,13,25,592,680,529,997,536,0.24432882014817217,-72.5,0.0011577081742900187,-0.17453653622384735,3.3124281445122743,2.402562640878632e-05,0.23076923076923078
SBH,Gustaf III Airport,France,6,7,0.00018088453123699555,0.00015563522507171907,2.7899121630278567e-05,1.4456532806782801e-05,7,13,912,1332,1375,1609,1051,0.15423718899282238,-378.5,0.000525128672918129,-0.23560704430637003,2.7579659835299224,2.6799010864784782e-05,0.0
SDQ,Las Américas International Airport,Dominican Republic,28,27,0.0006060734097614532,0.0005591488181330556,0.00016444769444562144,0.0006301332263008369,30,55,324,365,377,633,436,0.27133296362621656,-34.0,0.0016359959327948068,0.023891238004075,3.9155817283051557,2.3607724121365557e-05,0.32142857142857145
SJU,Luis Munoz Marin International Airport,Puerto Rico,48,49,0.0010740114842966914,0.0012026343019479863,0.0002508420927765962,0.0039139856066870895,49,97,191,180,157,500,169,0.2335562481818882,13.5,0.0013863487336691937,0.2637688863352379,3.3554274685409595,2.5240242859207258e-05,0.2916666666666667
SKB,Robert L. Bradshaw International Airport,Saint Kitts and Nevis,5,6,0.00014629232382997457,0.00016288212942183324,2.293018454401548e-05,4.448202837888786e-06,6,11,996,1683,1311,1722,1197,0.15674222641145305,-632.0,0.0010512750073838506,-0.33546262830967777,3.3988166007615908,2.4019470116410273e-05,0.2
SLU,George F. L. Charles Airport,Saint Lucia,6,6,0.00017631463586986892,0.00016620206402171052,3.0028007929766948e-05,2.3152425357230025e-06,7,12,912,1373,1285,1559,1290,0.1703092189801502,-419.5,0.00042889462402651983,-0.2611958202256339,2.708245905087116,2.5902952951594975e-05,0.0
TAB,Tobago-Crown Point Airport,Trinidad and Tobago,4,4,0.00011183855094970855,9.08347793647035e-05,3.827688973005962e-05,1.8746975672148963e-06,5,8,1107,2156,2297,1380,1318,0.3422513024804115,-968.0,0.001961698659213069,-0.4664509988534604,4.174906194561409,1.9890875036014873e-05,0.5
UVF,Hewanorra International Airport,Saint Lucia,11,11,0.00023183394925504423,0.00021102224934801386,7.435979956592613e-05,9.425465759533999e-06,12,22,624,970,979,1004,1102,0.32074594685061303,-328.5,0.0022562335788985327,-0.36111136521127385,4.422450672193737,2.006677791142455e-05,0.6363636363636364
ANV,Anvik Airport,United States,2,2,0.00026152068072188224,0.0002552981566971906,4.966517965742696e-07,5.842827928717499e-07,2,4,1914,821,759,3270,1465,0.001899091862270123,1464.0,0.0002556601219686925,0.8103130974466044,0.6931471805599453,0.00012783006098434626,0.0
KGX,,,2,2,0.00026152068072188224,0.00026105618473668864,4.966517965742696e-07,0.0,2,4,1914,821,740,3270,1725,0.001899091862270123,1464.0,0.0002556601219686925,0.8103130974466044,0.6931471805599453,0.00012783006098434626,0.0
ANX,Andøya Airport,Norway,4,3,0.00016193299279202523,0.00013557240672323296,1.5327484896786285e-05,0.0,4,7,1270,1514,1594,2038,1725,0.09465325522928965,-126.0,0.00040189143657053475,-0.09632469587127801,2.2589967462078513,3.462453441711474e-05,0.0
BOO,Bodø Airport,Norway,14,15,0.0005358674028592023,0.0005025793840944214,6.137270351782792e-05,0.0012617158619091012,15,29,551,404,413,1099,334,0.11452964518902344,158.0,0.000405884523656236,0.32808392167939093,1.9049389904788925,4.131578380888294e-05,0.0
AOE,Anadolu Airport,Turkey,1,1,5.7289378947783336e-05,5.1990441099001036e-05,1.4994507988089785e-05,0.0,1,2,2658,3406,3406,2049,1725,0.2617327725224007,-364.5,0.002246648532877084,-0.28077796716068626,4.983606621708336,1.538800364984304e-05,0.0
AOG,Anshan Air Base,China,2,2,7.627326007819609e-05,6.723833574943266e-05,3.22517941949037e-05,0.0,2,4,1914,2848,2806,1505,1725,0.4228453610326719,-562.5,0.0033688147765205795,-0.42187784873482137,5.175878344817929,1.8860990728813325e-05,1.0
TPS,Vincenzo Florio Airport Trapani-Birgi,Italy,28,28,0.00041898218773213467,0.0003071669261099803,0.00019683571855305136,4.785771334115355e-05,28,56,352,514,638,590,931,0.4697949562449971,-159.0,0.000561876085747153,-0.34528147130946785,3.2667398181479754,1.5746748422527855e-05,0.0
AOJ,Aomori Airport,Japan,5,5,0.00016419303336808198,0.00011132561992968047,6.488691098002665e-05,5.165789873686616e-05,5,10,1107,1485,1930,1076,920,0.3951867484813775,-297.0,0.0013358998111699925,-0.22002669786813378,3.5318753199160278,2.8231401777743875e-05,0.4
CTS,New Chitose Airport,Japan,36,37,0.0008975347759959598,0.0009919054373950448,0.0005257471345992792,0.0007866960217759698,37,73,266,222,199,294,406,0.585767982099499,48.0,0.0008400391061584294,0.261613236203897,2.706524373388139,2.7886444461133503e-05,0.16666666666666666
ITM,Osaka International Airport,Japan,22,22,0.0006290925671103176,0.0006253118857685856,0.00026249879975041705,0.00027092941577780915,22,44,409,348,337,484,699,0.4172657784786468,66.5,0.00045449076203554257,0.20983861385625424,2.160788606785972,3.127716531907666e-05,0.045454545454545456
NKM,Nagoya Airport,Japan,6,6,0.00022008826310052163,0.0001584806334013833,6.160106103433912e-05,3.123110046974862e-06,6,12,996,1045,1342,1098,1255,0.2798925311442158,6.0,0.0001639963402018205,-0.03943726122303026,1.547883568852052,3.4486017117227505e-05,0.0
AOK,Karpathos Airport,Greece,4,3,0.00013749222895188,0.00014572598204920205,4.177406790038045e-05,0.00024715199520140293,4,7,1270,1777,1480,1318,708,0.3038285743043753,-389.0,0.001414483895633169,-0.25993992200087135,3.6099897773645013,2.7436074463208968e-05,0.25
KSJ,Kasos Airport,Greece,2,2,0.000119287521253251,0.00013606042560395407,1.9318798714084794e-05,3.2865907099035933e-07,2,4,1914,2061,1586,1880,1527,0.1619515479164866,224.5,0.0001537386177829363,0.025336456001816998,1.2424533248940002,4.4163497318729076e-05,0.0
AOO,Altoona Blair County Airport,United States,2,2,0.00010520142792722745,9.234734946465074e-05,1.3174812908564989e-05,0.0,2,4,1914,2273,2268,2177,1725,0.12523416428984785,12.0,0.0012593282994327163,-0.1003233942456152,2.7647145437557117,3.5877560041085456e-05,0.5
JST,John Murtha Johnstown Cambria County Airport,United States,2,2,0.00010520142792722745,9.234734946465074e-05,1.3174812908564989e-05,0.0,2,4,1914,2273,2268,2177,1725,0.12523416428984785,12.0,0.0012593282994327163,-0.1003233942456152,2.7647145437557117,3.5877560041085456e-05,0.5
AOQ,,,1,1,0.00013005049677695856,0.00012981504608339527,1.9567540326456022e-07,0.0,1,2,2658,1885,1665,3356,1725,0.0015046109635409608,1156.5,0.0009089038602745378,0.5390295967564853,2.1972245773362196,0.00010098931780828197,0.0
JUV,Upernavik Airport,Greenland,9,9,0.0009089038602745378,0.000906798830821971,2.0718314126668434e-06,0.007112474437627813,9,18,750,220,221,3067,110,0.002279483566106804,569.0,0.0002523613765742591,1.128814799047789,0.7629925871624312,0.00011303193166857208,0.0
AOR,Sultan Abdul Halim Airport,Malaysia,2,2,9.386910459913117e-05,0.00010715250642307063,7.731390629785048e-05,5.087707421435912e-07,2,4,1914,2485,1996,986,1487,0.8236352805113055,-199.5,0.0015143226051281854,-0.2142989603394554,3.6017027605415475,2.9211487503733564e-05,0.5
SZB,Sultan Abdul Aziz Shah International Airport,Malaysia,12,12,0.0004217673588695937,0.00048977743250398,0.00034697032278128287,0.00030855293899845963,12,24,624,510,423,396,563,0.8226580731880739,131.5,0.00047117853291142137,0.18368090380829116,1.9765498358732554,3.701546893465168e-05,0.08333333333333333
KZB,,,1,0,0.00011633601779276857,0.00011055939953844325,2.507012846283524e-07,0.0,1,1,2658,2097,1936,3343,1725,0.0021549756419798646,943.5,8.485463746294559e-05,0.4275894938277087,0.0,8.485463746294559e-05,0.0
APF,Naples Municipal Airport,United States,1,1,6.167271566466039e-05,5.3665926211727644e-05,4.504924491609925e-06,0.0,1,2,2658,3314,3346,2791,1725,0.07304566440863461,-272.5,0.0027735574984030266,-0.20705159156402786,4.90527477843843,2.0544870358540937e-05,1.0
APL,Nampula Airport,Mozambique,7,7,0.00027662648178218146,0.00024089783610174123,0.00012624433883014964,0.00017817365857410164,7,14,912,763,832,732,732,0.4563711254859386,190.5,0.0008170606761899136,0.0941723818278426,2.4756868610540614,3.9061664884290546e-05,0.14285714285714285
BEW,Beira Airport,Mozambique,6,6,0.00024557316868059034,0.0001989857408255341,9.463932278806287e-05,3.74904633502752e-05,6,12,996,886,1048,881,953,0.38538136432631775,165.0,0.0006797917151390133,0.07012901923249437,2.2884234553256966,3.948305743921668e-05,0.16666666666666666
POL,Pemba Airport,Mozambique,6,6,0.00021767829448436204,0.000192053804003647,0.00011929095304649854,1.8972834091930825e-06,6,12,996,1064,1090,761,1315,0.5480149195815588,-13.0,0.001004400671178085,-0.0504476635520934,3.015015751796001,3.401347426265598e-05,0.16666666666666666
TET,Chingozi Airport,Mozambique,6,6,0.00026130448663778206,0.00021609722930070175,9.030594622000802e-05,0.00015005309876486435,6,12,996,823,958,907,756,0.3455966155881178,228.0,0.0006600264580539869,0.13222041979679133,2.1053214072143454,4.25676295879008e-05,0.16666666666666666
VXC,Lichinga Airport,Mozambique,2,2,0.00011481806993139407,9.31647735325482e-05,2.812301200380269e-05,0.0,2,4,1914,2126,2258,1604,1725,0.2449354184459529,159.5,0.00026896548420998176,-0.012851392827444741,1.868834809141684,4.15344082994948e-05,0.0
APN,Alpena County Regional Airport,United States,2,2,8.00080340609541e-05,6.300094928565949e-05,8.520531720224708e-06,0.0,2,4,1914,2765,2991,2461,1725,0.1064959515657308,-479.5,0.0027872818057764525,-0.3740732125163593,4.886404614447006,2.105791658421739e-05,1.0
APO,Antonio Roldan Betancourt Airport,Colombia,2,2,0.00012940435374416082,0.0001651852438760608,5.84354744981749e-06,0.0,2,4,1914,1892,1294,2681,1725,0.045157270839360546,392.5,0.0016854007228172198,0.10674175921816875,3.1917533174420027,5.011457523015084e-05,0.5
EOH,Enrique Olaya Herrera Airport,Colombia,8,8,0.0004904431137488345,0.0004421166620998662,2.003064880584067e-05,0.00255097867367806,8,16,829,436,468,1843,223,0.040841941184026405,434.0,0.0004756074126552359,0.5844949225487506,1.108551660584001,6.562257910756089e-05,0.125
AQA,Araraquara Airport,Brazil,1,1,7.383684937512604e-05,6.41012639436601e-05,2.465702680310587e-06,0.0,1,2,2658,2905,2932,3036,1725,0.03339393136594512,135.5,0.001777636411135624,-0.027035294006152455,3.9318256327243257,3.485561590462008e-05,0.0
AQG,Anqing Tianzhushan Airport,China,7,7,0.000150121107547346,9.217312285441533e-05,9.506916430188592e-05,0.0,7,14,912,1653,2273,877,1725,0.6332831262379442,-699.5,0.0017869786008315282,-0.517053421188578,4.447963924682544,1.7800257441330842e-05,0.2857142857142857
HAK,Haikou Meilan International Airport,China,37,38,0.0006180511470897292,0.0008013121072754263,0.000556733109733485,2.580469828006764e-05,38,75,252,352,256,279,993,0.9007880858324142,-93.5,0.001145098785463955,-0.12835816352751372,3.8046109853010712,1.8246154903422877e-05,0.13513513513513514
SHA,Shanghai Hongqiao International Airport,China,68,67,0.0012078163336865933,0.0016579772461124513,0.0008733056372948962,0.0005795446670397264,69,135,123,146,107,201,447,0.72304506317556,-22.0,0.0007099319290315625,0.1664603040088002,3.1520256584563797,2.0131604822378095e-05,0.058823529411764705
WUH,Wuhan Tianhe International Airport,China,66,66,0.0011426680016645768,0.0014328011917615381,0.0009793774066142679,0.0010600297090631785,66,132,131,160,122,187,359,0.8570970791057104,-28.5,0.0010028149491221614,0.12941570671371316,3.5853319180843424,1.9580364111931384e-05,0.12121212121212122
AQI,Al Qaisumah/Hafr Al Batin Airport,Saudi Arabia,2,2,8.00279427064024e-05,6.465700817060906e-05,0.00012506325822768066,0.0,2,4,1914,2758,2905,739,1725,1.5627448863267521,-475.5,0.001971455586502079,-0.3738244103913235,4.536687258451512,2.106962757377641e-05,0.0
AQP,Rodríguez Ballón International Airport,Peru,5,5,0.0002555190835040358,0.0002517600441931079,1.295921627629958e-05,1.2659460512221248e-06,5,10,1107,845,777,2191,1363,0.050717214928077556,342.5,0.0006656507545140998,0.22222763140809398,2.0433674743472974,4.971988415370255e-05,0.0
CUZ,Alejandro Velasco Astete International Airport,Peru,5,5,0.0002555190835040358,0.0002674246936745516,1.295921627629958e-05,5.571567714258003e-06,5,10,1107,845,716,2191,1169,0.050717214928077556,342.5,0.0006656507545140998,0.22222763140809398,2.0433674743472974,4.971988415370255e-05,0.0
JUL,Inca Manco Capac International Airport,Peru,3,3,0.0001607424660421866,0.0001650415031821947,8.237154677053295e-06,0.0,3,6,1507,1526,1295,2474,1725,0.05124442146415414,184.0,0.0008332538605246015,0.07364462433232788,2.4206423642342503,4.569917262255994e-05,0.0
LPB,El Alto International Airport,Bolivia,16,16,0.0008059645866095867,0.0007290000646921784,3.815116306923902e-05,0.0044198550699466365,17,32,514,254,288,1382,155,0.04733602903041649,269.0,0.0006900008241546738,0.6539183777617845,1.9227968325752833,5.6011397849231725e-05,0.125
TCQ,Coronel FAP Carlos Ciriani Santa Rosa International Airport,Peru,2,2,0.0001173042218489576,8.164799317045323e-05,6.034087926326032e-06,0.0,2,4,1914,2083,2466,2670,1725,0.0514396483878952,202.0,0.0011221212490348843,0.008570478994119668,2.8262445901343254,4.299685058343632e-05,0.0
ARC,Arctic Village Airport,United States,1,1,0.0001806096294580762,0.00015453675472426598,4.0805936148316355e-07,0.0,1,2,2658,1333,1391,3294,1725,0.0022593444364376147,1708.5,0.00032094130022056053,0.8674447437970052,0.6931471805599453,0.00016047065011028027,0.0
VEE,Venetie Airport,United States,2,2,0.00032094130022056053,0.00025967957808222496,9.601351079531769e-07,0.0022611744084136726,2,4,1914,660,747,3177,243,0.0029916221667119288,1625.5,0.00038021902027701813,1.0150579731417597,0.6931471805599453,0.0001627833661160331,0.0
ARH,Talagi Airport,Russia,6,6,0.0002670512113878977,0.00026159043447975395,5.647266383618719e-05,0.0012758745081115667,6,12,996,803,737,1149,330,0.21146754415638808,248.0,0.00087938112621177,0.15397451993005085,2.1785818411717623,4.369443836348909e-05,0.16666666666666666
CSH,Solovki Airport,Russia,1,1,8.204183078903363e-05,6.887869665567954e-05,8.000293998426767e-06,0.0,1,2,2658,2701,2758,2495,1725,0.09751481557010976,340.5,0.0002670512113878977,0.07833603374204756,1.791759469228055,4.450853523131629e-05,0.0
MMK,Murmansk Airport,Russia,5,5,0.00017140512977287432,0.0001506652448194105,4.952304464556257e-05,8.16811266691842e-05,5,10,1107,1420,1430,1226,863,0.2889239354223798,-232.0,0.0011918818766037116,-0.1770395318855531,3.280739111441155,2.9928365651151117e-05,0.2
NNM,Naryan Mar Airport,Russia,3,3,0.00014995069966032722,0.00014366511171090866,2.6382691092017664e-05,8.293927420524171e-07,3,6,1507,1654,1497,1636,1416,0.175942434091875,56.0,0.00022185514032614832,0.004147700999268977,1.612093968983826,4.1467107396535785e-05,0.0
USK,Usinsk Airport,Russia,2,2,0.00011630715893572571,9.635335587438864e-05,1.6747930178196394e-05,2.9214139643587495e-07,2,4,1914,2101,2194,1978,1537,0.14399741453104983,184.5,0.00021414990726664008,3.434548750469446e-05,1.5890269151739727,4.241034300883095e-05,0.0
ARI,Chacalluta Airport,Chile,3,4,0.00015294094658329234,0.0001301864533993913,8.388738007009412e-06,3.7069469814689675e-05,4,7,1270,1616,1661,2465,954,0.054849523259886894,-228.0,0.0007853434959512357,0.02389300670061978,2.690302029595939,4.2639753223589135e-05,0.0
ARK,Arusha Airport,Tanzania,1,1,6.832460373539435e-05,5.910797667071967e-05,1.9362118573212293e-05,0.0,2,2,1914,3066,3132,1877,1725,0.2833842790833793,-781.5,0.0006241536630104713,-0.10462328292710588,3.091042453358316,2.8370621045930514e-05,0.0
ZNZ,Abeid Amani Karume International Airport,Tanzania,7,7,0.0002517315373995017,0.0002653537199214206,0.00023840917496655812,0.0021100458821520923,9,14,750,855,722,520,260,0.9470771021757167,-66.0,0.0009627385110357202,-0.00013258130827331627,2.8611154132324486,3.487764061704227e-05,0.14285714285714285
ARM,Armidale Airport,Australia,1,1,7.546410921958831e-05,7.683779511921287e-05,1.756456517180536e-05,0.0,1,2,2658,2866,2597,1941,1725,0.232753892591448,173.0,0.0031254533344087436,-0.005236046369233804,4.442651256490317,3.677003922833816e-05,1.0
EVG,Sveg Airport,Sweden,2,2,0.00010613629755215436,9.412289706536535e-05,1.644815110152845e-05,0.0,2,4,1914,2254,2238,1993,1725,0.15497196982442304,31.0,0.0012699574534140018,-0.09147617380029871,2.7526657679661812,3.642748336883473e-05,0.5
GEV,Gällivare Airport,Sweden,4,4,0.0001775500971197981,0.00015674045474956574,2.8656335914268767e-05,1.1685655857434998e-06,4,8,1270,1361,1361,1589,1375,0.16139859329355097,27.0,0.0007057318067868622,-0.004254514408112087,1.951979157231602,3.921780039341446e-05,0.25
HAD,Halmstad Airport,Sweden,3,4,0.00012426637346432443,0.00011826028838505491,2.230344106004202e-05,2.1786705355744293e-06,4,7,1270,1985,1822,1755,1300,0.17948090411156245,-597.0,0.000993805338950944,-0.18373143546273063,2.7377939123448574,3.1394822610784216e-05,0.3333333333333333
HFS,Hagfors Airport,Sweden,2,2,0.00010564124011344103,9.435169670168513e-05,1.6015713153411763e-05,9.460123340055635e-06,2,4,1914,2266,2233,2013,1101,0.15160474390695874,19.5,0.001269375032898739,-0.0961514414979252,2.7526657679661812,3.6136273111203325e-05,0.5
JKG,Jönköping Airport,Sweden,2,2,8.74349754591419e-05,7.087420666985949e-05,1.419716811962356e-05,0.0,2,4,1914,2587,2715,2119,1725,0.16237401617683137,-301.5,0.0012790224913700869,-0.2853048884197058,3.099239358246154,2.5426705663836687e-05,0.5
KID,Kristianstad Airport,Sweden,1,1,6.1028371112932335e-05,5.412066582039428e-05,9.457686923003489e-06,0.0,1,2,2658,3333,3301,2393,1725,0.1549719704217919,-292.0,0.002433778609275849,-0.21755435876317186,4.812184355372417,1.9786817961592268e-05,1.0
KLR,Kalmar Airport,Sweden,2,2,8.710650891179765e-05,8.813875055676794e-05,1.6269644643245387e-05,6.301372419136559e-07,2,4,1914,2595,2348,2004,1447,0.18677874761023555,-310.5,0.0014469905206968452,-0.28906865766094647,3.7601172782373133,2.5233490051390845e-05,0.5
KLX,Kalamata Airport,Greece,7,7,0.00014941718392409058,0.00013260155324039543,7.292074519973876e-05,0.0,8,14,829,1660,1626,1015,1725,0.4880345304646163,-790.0,0.0018304394742382213,-0.521753487518259,4.309773300736982,1.7681950957131145e-05,0.42857142857142855
KRF,Kramfors Sollefteå Airport,Sweden,2,2,9.875776672957614e-05,0.00010847819372879933,1.554715826428895e-05,0.0,2,4,1914,2394,1981,2023,1725,0.15742719564387297,-109.0,0.0013056643531978236,-0.16353021679530322,3.099239358246154,3.2087171120770893e-05,0.5
KRN,Kiruna Airport,Sweden,2,2,9.875776672957614e-05,8.627329598064992e-05,1.554715826428895e-05,0.0,2,4,1914,2394,2387,2023,1725,0.15742719564387297,-109.0,0.0013056643531978236,-0.16353021679530322,3.099239358246154,3.2087171120770893e-05,0.5
LLA,Luleå Airport,Sweden,5,5,0.000191633084412447,0.00015617452013915213,3.51974387504808e-05,7.123422289431318e-05,5,10,1107,1240,1369,1456,883,0.1836709921900868,-52.0,0.0006029133833207951,-0.06548694124786891,2.0139359454800396,3.468788438874689e-05,0.2
MHQ,Mariehamn Airport,Finland,3,3,9.84366881670441e-05,8.83071432905891e-05,3.2316253044523615e-05,0.0,3,6,1507,2400,2344,1502,1725,0.32829480193079946,-690.0,0.001492929405773,-0.4167452883483538,3.7451437729686456,2.1265534258799104e-05,0.3333333333333333
MXX,Mora Airport,Sweden,2,2,0.00010613629755215436,9.412289706536535e-05,1.644815110152845e-05,0.0,2,4,1914,2254,2238,1993,1725,0.15497196982442304,31.0,0.0012699574534140018,-0.09147617380029871,2.7526657679661812,3.642748336883473e-05,0.5
OER,Örnsköldsvik Airport,Sweden,1,1,6.1028371112932335e-05,5.412066582039428e-05,9.457686923003489e-06,0.0,1,2,2658,3333,3301,2393,1725,0.1549719704217919,-292.0,0.002433778609275849,-0.21755435876317186,4.812184355372417,1.9786817961592268e-05,1.0
OSD,Åre Östersund Airport,Sweden,3,3,0.00011210902310996158,8.81631224797838e-05,2.2706952679894607e-05,6.301372419136559e-07,3,6,1507,2150,2347,1740,1447,0.20254348891812754,-440.0,0.001023489792353577,-0.28668705168924014,3.1039980085675603,2.6627234237985048e-05,0.3333333333333333
POR,Pori Airport,Finland,3,3,0.00012027415659938993,9.028559099547563e-05,3.460972079470415e-05,3.17628668156396e-06,3,6,1507,2046,2308,1467,1252,0.28775691946843135,-336.0,0.0014724467197379252,-0.21638509485006807,3.327556116803523,2.982924736944764e-05,0.3333333333333333
PUY,Pula Airport,Croatia,13,14,0.00021669802014630588,0.00016794586270619247,0.00011681140751906418,3.2671599676630055e-05,14,27,574,1070,1267,775,966,0.5390515678924882,-487.5,0.0018015168695144897,-0.5316124332476253,4.520027675883115,1.5609813985790025e-05,0.23076923076923078
RNB,Ronneby Airport,Sweden,2,2,8.710650891179765e-05,8.813875055676794e-05,1.6269644643245387e-05,6.301372419136559e-07,2,4,1914,2595,2348,2004,1447,0.18677874761023555,-310.5,0.0014469905206968452,-0.28906865766094647,3.7601172782373133,2.5233490051390845e-05,0.5
SDL,Sundsvall-Härnösand Airport,Sweden,4,4,0.00013409832071849834,0.00011927086261330246,3.2963621170192136e-05,1.350207085109746e-06,4,8,1270,1820,1811,1493,1352,0.2458168080970229,-432.0,0.0009070664726087962,-0.2849340531938207,3.1488520929271133,2.64378661574822e-05,0.25
SFT,Skellefteå Airport,Sweden,3,3,8.553289046660663e-05,7.074431025965087e-05,2.2419425835274652e-05,1.1743380061690861e-06,3,6,1507,2626,2717,1752,1373,0.2621146755706513,-916.0,0.0017928134425334314,-0.5572578843515412,4.578147524958493,1.620522143677996e-05,0.3333333333333333
SJJ,Sarajevo International Airport,Bosnia and Herzegovina,13,13,0.00023232657425040334,0.00018877009480765055,0.00015197929801006064,1.0040766673177327e-05,13,26,592,968,1113,663,1093,0.6541623509941493,-360.5,0.001619269721047368,-0.4619731758773291,4.217080397812319,1.7024162772690734e-05,0.23076923076923078
SPU,Split Airport,Croatia,36,36,0.0005333702759612466,0.00043486517149499506,0.000394693035799687,0.00019934243085410432,37,72,266,406,475,372,722,0.7399981843539486,-136.0,0.0015085817102845477,-0.2588227464474553,4.279125925707941,1.5985643816654754e-05,0.19444444444444445
VAA,Vaasa Airport,Finland,2,2,7.925553093618147e-05,9.443279972198252e-05,2.418361444379834e-05,0.0,2,4,1914,2779,2229,1679,1725,0.3051347225630422,-493.5,0.0021604128729211186,-0.38352306659490054,4.6447605849253115,2.0615267711286975e-05,0.5
VBY,Visby Airport,Sweden,4,4,0.00011917798337930124,0.00014475233392452638,2.963692084398589e-05,4.814932795756712e-06,4,8,1270,2062,1487,1566,1190,0.2486778178622312,-674.0,0.0008738834307939275,-0.4028892864190361,3.2702290468725383,2.2049531646473534e-05,0.25
VHM,Vilhelmina Airport,Sweden,2,2,0.00015437418482749113,0.00015908476179922284,1.4806554751703037e-05,0.0002892199824715162,2,4,1914,1601,1337,2056,599,0.09591341174205358,684.0,0.0012717986068356785,0.28317915898876755,2.4060921776862085,6.480271117855003e-05,0.5
ART,Watertown International Airport,United States,2,2,7.778473662690087e-05,7.899779773328742e-05,1.2378226428639997e-05,0.0,2,4,1914,2800,2533,2229,1725,0.1591343876114526,-514.5,0.003284431229709594,-0.4022550432876404,5.065948606761419,1.9750094567898318e-05,1.0
ARU,Araçatuba Airport,Brazil,2,2,9.516226504540798e-05,7.727562660935741e-05,8.764275602765123e-06,5.3576606953554165e-06,2,4,1914,2465,2587,2445,1173,0.0920982240027928,-179.5,0.0020428995246786754,-0.2006167802635268,4.226807104886683,2.997217011655856e-05,0.5
ARW,Arad International Airport,Romania,1,1,5.66275498255475e-05,5.27857123793357e-05,6.620086644162047e-06,0.0,1,2,2658,3415,3389,2611,1725,0.11690575814345754,-374.0,0.001168750492436873,-0.29239760220178823,4.382026634673881,1.4609381155460913e-05,0.0
ASB,Ashgabat International Airport,Turkmenistan,11,11,0.00022831447139987435,0.0001868872236292238,0.0011935949989036981,0.00010369408533328928,11,22,660,991,1131,160,822,5.227855210339309,-310.0,0.00229352542066631,-0.37640880547255406,4.424241145843224,1.9690363180025397e-05,0.5454545454545454
ATQ,Sri Guru Ram Dass Jee International Airport,India,6,6,0.0001660377809682535,0.00013829973137728394,0.004225716927724939,3.0586751060257936e-06,6,12,996,1466,1562,54,1260,25.4503336715449,-415.0,0.0013615358176677099,-0.3212505643745356,3.6633079645445537,2.388788337438136e-05,0.16666666666666666
ASE,Aspen-Pitkin Co/Sardy Field,United States,2,2,8.470818357227334e-05,6.513505866362573e-05,9.90788299833169e-06,0.0,2,4,1914,2646,2879,2368,1725,0.11696488556950636,-360.5,0.003801710208755506,-0.3169880525923574,5.066922510434266,2.3822710411588138e-05,1.0
ASF,Astrakhan Airport,Russia,7,7,0.00016233578982692684,0.00013014936193941342,0.00010589891226650394,3.0359444732466637e-07,7,14,912,1511,1662,815,1531,0.6523448241414128,-557.5,0.0016815857388847116,-0.43882880647090516,4.021047523302578,1.9853145227736823e-05,0.2857142857142857
MRV,Mineralnyye Vody Airport,Russia,16,16,0.00031312653010830404,0.00027857107068266163,0.0003215901920741639,1.678005256144272e-05,16,32,533,670,699,420,1037,1.027029526891038,-128.5,0.0014219924131518636,-0.29151406817001124,3.891444315890488,1.9773305482297077e-05,0.1875
ASJ,Amami Airport,Japan,2,2,9.533154387814077e-05,6.999659429322388e-05,2.2800648605137967e-05,0.0,2,4,1914,2461,2742,1736,1725,0.23917213209389854,-176.0,0.0014660619753453425,-0.19883951644327702,3.6907509472533535,3.0071745902185948e-05,0.5
AYQ,Ayers Rock Connellan Airport,Australia,3,3,0.00014657847105077696,0.00011697189385801166,4.205600694423449e-05,0.0,3,6,1507,1680,1831,1311,1725,0.28691803538915117,30.0,0.0015869965915809043,-0.018597946516520025,3.3077633932774355,4.014466476357193e-05,0.3333333333333333
VVI,Viru Viru International Airport,Bolivia,11,12,0.00042061868869929095,0.0005339824516084052,4.2554923081815046e-05,0.0007681742864014832,12,23,624,511,394,1304,409,0.10117221185157192,130.5,0.0010949456007919277,0.2345939510615409,3.0059167201355024,4.025765913152115e-05,0.18181818181818182
ASV,Amboseli Airport,Kenya,1,1,0.00012679344982234836,8.332535950254867e-05,1.3363671947987881e-05,0.0,1,2,2658,1940,2433,2170,1725,0.10539717916589432,1100.0,0.0009715749880422407,0.5136661680934616,2.302585092994046,9.715749880422407e-05,0.0
WIL,Nairobi Wilson Airport,Kenya,11,10,0.0009715749880422407,0.0008751718774781913,0.00015721967110048676,0.005999731317393561,11,21,660,201,229,651,127,0.1618193891727186,480.0,0.0001845148689542545,1.071785709089303,0.6515488979011109,9.918346657145526e-05,0.0
ATA,Comandante FAP German Arias Graziani Airport,Peru,1,1,7.38659776557286e-05,6.0248389415322765e-05,3.831021175598769e-06,0.0,1,2,2658,2894,3091,2886,1725,0.051864488864605963,142.5,0.001988723414565733,-0.026640876626801813,4.04305126783455,3.488988446606549e-05,0.0
ATC,Arthur's Town Airport,Bahamas,2,2,0.00012164620973806874,0.00010212011883714073,7.797019112801038e-06,0.0,2,4,1914,2018,2072,2503,1725,0.06409586562203416,265.0,0.0006512600430599123,0.04491664372841164,2.178354413344796,4.5550961106078156e-05,0.0
NAS,Lynden Pindling International Airport,Bahamas,40,39,0.0011808738763817558,0.0011434595106570439,0.00020570371151704467,0.007024240475358658,40,79,241,152,167,572,113,0.1741961742327038,90.5,0.0013598441190484061,0.471019391650187,2.954891777899629,3.343130296055754e-05,0.3
TBI,New Bight Airport,Bahamas,2,2,0.00012164620973806874,0.00010212011883714073,7.797019112801038e-06,0.0,2,4,1914,2018,2072,2503,1725,0.06409586562203416,265.0,0.0006512600430599123,0.04491664372841164,2.178354413344796,4.5550961106078156e-05,0.0
ATD,Uru Harbour Airport,Solomon Islands,1,1,0.00010328262669534704,9.026996653937753e-05,2.6342035005115983e-06,0.0,1,2,2658,2292,2309,3017,1725,0.02550480738916249,747.5,0.0014594518391193492,0.30857596395104636,3.044522437723423,6.949770662473091e-05,0.0
HIR,Honiara International Airport,Solomon Islands,19,21,0.0014594518391193492,0.001355795091133426,6.508031976553303e-05,0.010812666795664167,21,40,421,114,132,1074,80,0.04459230378222229,316.0,0.0004845936437468359,1.1417535898746163,1.2231503780526791,8.763109964288936e-05,0.05263157894736842
AXD,Dimokritos Airport,Greece,2,2,9.642969240504963e-05,8.922715222832377e-05,1.8091069105815115e-05,0.0,2,4,1914,2442,2330,1923,1725,0.18760890608075567,-156.5,0.0010698298435960314,-0.1873861012189355,3.0153426301306316,3.071771563722057e-05,0.0
EFL,Kefallinia Airport,Greece,6,5,0.00013053844295108242,0.00010860471447087513,5.1237702927222855e-05,2.920673866857571e-06,7,11,912,1879,1980,1205,1265,0.3925104495571739,-925.5,0.0012706811612747716,-0.5617981576466704,3.8456372390338056,1.6927228864318097e-05,0.16666666666666666
IEV,Kiev Zhuliany International Airport,Ukraine,20,20,0.0003714579330208687,0.0002955627154685693,0.00021260863596212547,0.0005507859269752262,20,40,440,579,669,559,476,0.5723626205344254,-128.5,0.0010201352895929825,-0.2582479497677106,3.6239824062124155,1.9249903386243326e-05,0.1
IOA,Ioannina Airport,Greece,1,1,6.030787852283673e-05,6.392792024379454e-05,1.0608256238295655e-05,0.0,1,2,2658,3356,2939,2330,1725,0.175901664892401,-318.0,0.0019696746805780703,-0.22943046438768633,4.6443908991413725,1.8939179620942983e-05,0.0
JIK,Ikaria Airport,Greece,3,2,0.00010035698012604327,8.955216593873771e-05,2.7231814400645626e-05,3.7420904469952056e-07,3,5,1507,2353,2326,1622,1517,0.2713494802897003,-643.0,0.0009723719334326777,-0.3974252395109463,3.3694075680556614,2.2018589931350503e-05,0.0
JKL,Kalymnos Airport,Greece,3,3,0.00011165683453908582,0.00012101872450549279,2.6435191312383663e-05,2.6558308766897722e-08,3,6,1507,2158,1783,1635,1687,0.23675390245036854,-448.0,0.000849081421968166,-0.29072867976564964,3.025069232661562,2.6449905387322735e-05,0.0
JNX,Naxos Airport,Greece,1,1,6.030787852283673e-05,6.392792024379454e-05,1.0608256238295655e-05,0.0,1,2,2658,3356,2939,2330,1725,0.175901664892401,-318.0,0.0019696746805780703,-0.22943046438768633,4.6443908991413725,1.8939179620942983e-05,0.0
JSH,Sitia Airport,Greece,4,4,0.0001699850066139926,0.00014881901172789964,3.5213237233429885e-05,4.361905188916779e-05,4,8,1270,1430,1444,1455,941,0.20715495992769076,-42.0,0.0005939879180328922,-0.047797084024315595,2.056977459399371,3.699277377627882e-05,0.0
JSI,Skiathos Island National Airport,Greece,1,1,6.030787852283673e-05,6.392792024379454e-05,1.0608256238295655e-05,0.0,1,2,2658,3356,2939,2330,1725,0.175901664892401,-318.0,0.0019696746805780703,-0.22943046438768633,4.6443908991413725,1.8939179620942983e-05,0.0
JSY,Syros Airport,Greece,1,1,6.030787852283673e-05,6.392792024379454e-05,1.0608256238295655e-05,0.0,1,2,2658,3356,2939,2330,1725,0.175901664892401,-318.0,0.0019696746805780703,-0.22943046438768633,4.6443908991413725,1.8939179620942983e-05,0.0
JTY,Astypalaia Airport,Greece,2,2,9.818134338717782e-05,0.00010431751233532224,1.789038808635264e-05,0.0,2,4,1914,2402,2041,1929,1725,0.18221779687615344,-116.5,0.001051672866558372,-0.16938405647297294,2.8715015939047412,3.174809856691707e-05,0.0
KSO,Kastoria National Airport,Greece,1,1,6.030787852283673e-05,5.4050426826041293e-05,1.0608256238295655e-05,0.0,1,2,2658,3356,3310,2330,1725,0.175901664892401,-318.0,0.0019696746805780703,-0.22943046438768633,4.6443908991413725,1.8939179620942983e-05,0.0
KVA,Alexander the Great International Airport,Greece,5,5,0.00010896026057613897,9.242054402747147e-05,5.116829636956276e-05,4.277560578192604e-08,5,10,1107,2208,2267,1207,1668,0.4696051211607328,-1020.0,0.0018647229187398657,-0.6300862323818581,4.7581824251379325,1.5235455249205753e-05,0.2
KZI,Filippos Airport,Greece,1,0,6.030787852283673e-05,5.4050426826041293e-05,1.0608256238295655e-05,0.0,1,1,2658,3356,3310,2330,1725,0.175901664892401,-318.0,0.0019696746805780703,-0.22943046438768633,4.6443908991413725,1.8939179620942983e-05,0.0
LRS,Leros Airport,Greece,3,3,0.00013367105253867347,0.000142551501561372,2.5701641963579328e-05,0.0,3,6,1507,1829,1510,1649,1725,0.1922753017609656,-119.0,0.0007265042861681112,-0.11077692003218154,2.1453834561231426,3.508293205363128e-05,0.0
LXS,Limnos Airport,Greece,4,4,0.00013326819639952292,0.00010956724928363627,3.838881261743907e-05,2.9214139643587495e-07,4,8,1270,1832,1955,1379,1537,0.2880568181650314,-444.0,0.000764113647919739,-0.29114370872866857,2.851490916986357,2.6193711949333497e-05,0.0
MJT,Mytilene International Airport,Greece,7,8,0.00016331559776471363,0.00014781753619332115,6.988900820221553e-05,5.815907796664844e-06,9,15,750,1495,1457,1039,1163,0.4279383546873679,-706.0,0.0012584428353795117,-0.43281126174818496,3.6751724466680735,2.001781883155727e-05,0.14285714285714285
MLO,Milos Airport,Greece,1,1,6.030787852283673e-05,6.392792024379454e-05,1.0608256238295655e-05,0.0,1,2,2658,3356,2939,2330,1725,0.175901664892401,-318.0,0.0019696746805780703,-0.22943046438768633,4.6443908991413725,1.8939179620942983e-05,0.0
PAS,Paros National Airport,Greece,1,1,6.030787852283673e-05,6.392792024379454e-05,1.0608256238295655e-05,0.0,1,2,2658,3356,2939,2330,1725,0.175901664892401,-318.0,0.0019696746805780703,-0.22943046438768633,4.6443908991413725,1.8939179620942983e-05,0.0
SKU,Skiros Airport,Greece,2,2,7.326419763538288e-05,7.162964504401962e-05,1.938958447624015e-05,0.0,2,4,1914,2922,2705,1875,1725,0.2646529287434108,-636.5,0.0013963910068940995,-0.46212821442035157,4.3166874728528235,1.7090954006861574e-05,0.0
TIA,Tirana International Airport Mother Teresa,Albania,18,18,0.0002808181825645139,0.00032253321131565005,0.00020685856094477598,6.567055141540228e-06,18,36,488,754,606,570,1146,0.7366280881660974,-253.5,0.0016300336422067326,-0.4730241553708314,4.349134486329025,1.5464614840021736e-05,0.2777777777777778
ATW,Appleton International Airport,United States,7,7,0.00017505059524118447,0.00013559111252481627,3.0314792733339992e-05,4.553354083445922e-05,7,14,912,1392,1592,1550,937,0.1731773187721659,-438.5,0.0027460174054294503,-0.3634207253734125,4.675498297193736,2.1990087288613435e-05,0.7142857142857143
AUS,Austin Bergstrom International Airport,United States,41,42,0.0007625475367763683,0.0008080780789287513,0.00021251531549661146,0.0001343702024270353,42,83,225,281,253,560,782,0.27869123595233075,-55.0,0.0019761776438943046,0.01845187704685003,4.2848320873583505,2.061228008285352e-05,0.3902439024390244
AVL,Asheville Regional Airport,United States,8,8,0.00018872101749883114,0.0001611912572209804,3.315752762425272e-05,2.824735257915328e-05,8,16,829,1260,1324,1488,978,0.17569599858933616,-390.0,0.002337704976635476,-0.3705445470195876,4.4190873037677445,2.1251682594468e-05,0.5
AVP,Wilkes Barre Scranton International Airport,United States,6,6,0.00014973497040925366,0.00013602967443355238,2.8749489029652296e-05,1.1803559774052656e-05,6,12,996,1656,1587,1588,1068,0.19200250249540618,-605.0,0.0029806971926946957,-0.42459905561647737,4.876274922331754,2.069125383407978e-05,0.8333333333333334
AZO,Kalamazoo Battle Creek International Airport,United States,4,4,0.0001160456566261554,9.815870844903063e-05,2.0126723826615382e-05,0.0,4,8,1270,2109,2149,1838,1725,0.17343797615325002,-722.0,0.0036364027583272018,-0.42952361552247353,5.120145687806014,2.1128259047277496e-05,1.0
BDA,L.F. Wade International International Airport,Bermuda,8,8,0.00017505982274047723,0.0001726901917913284,5.6944434318782337e-05,2.505377330964791e-06,8,16,829,1391,1227,1143,1279,0.3252855705400853,-521.0,0.0028953139574596507,-0.4456866139443125,4.992291810280739,1.9242683370984867e-05,0.875
BDL,Bradley International Airport,United States,26,26,0.0004912130511972961,0.0005087130318518332,0.00012384084761341105,2.0898413341778437e-05,26,52,362,435,410,748,1020,0.2521122908105923,-65.5,0.002249498574915759,-0.14054631174742394,4.535095641126665,2.022640159975414e-05,0.5
BHM,Birmingham-Shuttlesworth International Airport,United States,20,20,0.0003868494478737338,0.00035452117949245736,8.47310252290047e-05,1.8165238269791213e-05,20,40,440,547,566,939,1029,0.21902842486842733,-96.5,0.002376411264115618,-0.21764797828005467,4.553845967019791,2.0155286589271906e-05,0.55
BJX,Del Bajío International Airport,Mexico,10,10,0.0002315453155051938,0.00019097960988199438,4.505264674979919e-05,4.394913521208649e-06,10,20,703,973,1097,1276,1199,0.19457377771388606,-247.0,0.0024886866535974105,-0.3036009174585885,4.552478239816817,2.2039498782229024e-05,0.5
BMI,Central Illinois Regional Airport at Bloomington-Normal,United States,8,8,0.00019259251313939908,0.00015924262177023705,3.532767181904898e-05,2.3986969321388896e-05,8,16,829,1233,1334,1448,1003,0.1834322178114925,-363.0,0.003261531772188726,-0.35023774766402127,4.919797899299576,2.1821020187048637e-05,0.75
BQK,Brunswick Golden Isles Airport,United States,1,1,6.254049036896403e-05,7.012360009635507e-05,4.5252236659346315e-06,0.0,1,2,2658,3260,2733,2779,1725,0.07235670266154952,-222.5,0.004679774644618856,-0.19307902213869532,5.37989735354046,2.1565781772437125e-05,1.0
BTR,Baton Rouge Metropolitan Airport,United States,4,4,0.0001162719919793863,0.00011678775889700876,1.7647803557165525e-05,0.0,4,8,1270,2102,1834,1936,1725,0.15178034930625667,-714.5,0.00380206141422722,-0.4275751159039629,5.172416143924072,2.1194828270886543e-05,1.0
BTV,Burlington International Airport,United States,10,10,0.00021099389845415263,0.00016793746708761831,6.0661820233375884e-05,2.71071635461539e-05,10,20,703,1114,1270,1101,988,0.2875050922221679,-388.0,0.002617949964017571,-0.3965473033724649,4.802256055575485,1.9621685013399907e-05,0.7
BUF,Buffalo Niagara International Airport,United States,20,20,0.00037907195292523403,0.00034995760415339184,0.00010275473552641192,8.372999976568489e-07,20,40,440,566,568,832,1415,0.2710692118830503,-115.5,0.0023319847673156572,-0.23795753556819133,4.700412331068269,1.9697786887201735e-05,0.5
BZE,Philip S. W. Goldson International Airport,Belize,20,20,0.0006029231943197677,0.0005644629198899521,7.100068069207876e-05,0.007511338701216075,20,40,440,366,373,1031,105,0.11776073861643921,84.5,0.00145065300644658,0.2261062439721231,3.128678220256171,3.286550696630274e-05,0.35
CAE,Columbia Metropolitan Airport,United States,10,10,0.00021383633595290717,0.0001936099975666091,4.955457999197584e-05,9.922944072411772e-09,10,20,703,1093,1085,1225,1716,0.23174068977168205,-367.0,0.002979829795433799,-0.38316558199390194,4.932247322317524,1.9956089424031117e-05,0.8
CAK,Akron Canton Regional Airport,United States,11,11,0.00023127901999139914,0.0002354663550205153,4.996202562520373e-05,0.0,11,22,660,975,863,1222,1725,0.21602489333905742,-294.0,0.0026580599171807714,-0.3635078842728827,4.794026564187199,2.0007427180569923e-05,0.5454545454545454
CCS,Simón Bolívar International Airport,Venezuela,47,47,0.0015307993359976394,0.001789915462259257,0.00025559878346887246,0.008727063128593726,47,94,202,110,95,496,94,0.16697079588311672,95.5,0.0011977825202507163,0.6311371125579122,2.757862967294184,3.721125808620095e-05,0.2553191489361702
CHA,Lovell Field,United States,8,8,0.0001875515670310819,0.00019311291537310696,3.4367345313251536e-05,2.471095096299099e-05,8,16,829,1272,1087,1471,998,0.18324211232826448,-402.0,0.0027700413625369,-0.37676054191967445,4.703697977139231,2.1079704584290207e-05,0.625
CHO,Charlottesville Albemarle Airport,United States,6,6,0.0001445302677095838,0.00015599085379301096,3.22634878023595e-05,0.0,6,12,996,1694,1370,1504,1725,0.2232299733035097,-643.0,0.0029538355262847833,-0.4599769722933331,4.92422193440705,1.9670723893527217e-05,0.8333333333333334
CHS,Charleston Air Force Base-International Airport,United States,19,20,0.0003612415756527847,0.000348932367560227,9.968888726386814e-05,4.014496425108715e-06,20,39,440,593,571,848,1210,0.2759618326980345,-142.5,0.0024313897556229387,-0.2545156825073551,4.701503265749694,1.9630464385500326e-05,0.5789473684210527
CID,The Eastern Iowa Airport,United States,11,11,0.00025271092072126926,0.00022789456742994762,4.3982479378754635e-05,9.283412901471222e-05,11,22,660,853,899,1291,841,0.17404265416477854,-172.0,0.0026137621448841133,-0.2748865150356661,4.492168579501375,2.2299609074119263e-05,0.6363636363636364
CMH,John Glenn Columbus International Airport,United States,32,32,0.0005934353712738461,0.0006290132312254983,0.0001583859044615703,1.2436235893917665e-05,33,64,293,375,334,645,1065,0.26689663631203014,-77.5,0.002257036581560541,-0.07950016556833361,4.541634791511475,2.019212483214277e-05,0.5
COS,City of Colorado Springs Municipal Airport,United States,11,11,0.0002505047062159687,0.0001778883531160948,5.7541432843355095e-05,1.1685655857434998e-07,11,22,660,867,1191,1136,1622,0.22970200325796136,-186.0,0.0032722233868525737,-0.2836550370089359,4.961206104541033,2.206365029960094e-05,0.7272727272727273
CRW,Yeager Airport,United States,9,3,0.00020242543380311967,0.0001790130227894362,4.4723456739206784e-05,2.003471172055036e-07,9,12,750,1177,1184,1282,1575,0.22093793205208154,-388.0,0.0029778879892667885,-0.37305293466059375,4.82282790581353,2.0681811496837322e-05,0.7777777777777778
CSG,Columbus Metropolitan Airport,United States,1,1,6.254049036896403e-05,7.012360009635507e-05,4.5252236659346315e-06,0.0,1,2,2658,3260,2733,2779,1725,0.07235670266154952,-222.5,0.004679774644618856,-0.19307902213869532,5.37989735354046,2.1565781772437125e-05,1.0
CVG,Cincinnati Northern Kentucky International Airport,United States,47,47,0.0008685170545221969,0.0007507658085343586,0.00023313278109583438,0.0007159647389626819,47,94,202,232,280,531,420,0.26842625585986823,-26.5,0.0018107727995529388,0.06437901501204024,4.148319761922864,2.063347881639154e-05,0.3617021276595745
CZM,Cozumel International Airport,Mexico,9,9,0.00021408338371444678,0.0001949054051341993,4.143447884329649e-05,0.0,9,18,750,1090,1074,1320,1725,0.19354364698646348,-301.0,0.003157721200038602,-0.3170589426058399,4.906382352352293,2.2205726517879635e-05,0.7777777777777778
DAB,Daytona Beach International Airport,United States,2,2,7.947636013372596e-05,8.787709010271835e-05,8.6131026090674e-06,0.0,2,4,1914,2773,2359,2457,1725,0.10837313881228453,-488.5,0.00374456828530253,-0.38074064727733337,5.164328621959314,2.0745167219502976e-05,1.0
DAY,James M Cox Dayton International Airport,United States,16,16,0.00031669148726368954,0.0003269915714928437,7.91661184109587e-05,9.614750087708899e-08,16,32,533,666,596,972,1638,0.24997867512947053,-124.5,0.0026153521439000234,-0.2801933528830638,4.772933995202178,2.0035434662809435e-05,0.625
DHN,Dothan Regional Airport,United States,1,1,6.254049036896403e-05,7.012360009635507e-05,4.5252236659346315e-06,0.0,1,2,2658,3260,2733,2779,1725,0.07235670266154952,-222.5,0.004679774644618856,-0.19307902213869532,5.37989735354046,2.1565781772437125e-05,1.0
DSM,Des Moines International Airport,United States,17,17,0.0003456856761478007,0.0003079493719731764,7.540289290256168e-05,8.402358828179034e-05,17,34,514,617,637,1000,858,0.21812559242495938,-94.0,0.0025446680479816637,-0.22996500377576456,4.625382020393901,2.0863397943046442e-05,0.5882352941176471
ECP,Northwest Florida Beaches International Airport,United States,5,5,0.00012897820311485309,0.0001043284319532949,2.0184295317486616e-05,0.0,5,10,1107,1900,2040,1836,1725,0.15649384803037467,-712.0,0.0018322962254600603,-0.4614260442815503,4.2985751869198605,1.9945559353881335e-05,0.2
ELP,El Paso International Airport,United States,12,13,0.0002558635103253809,0.000254945487434612,5.3093120908420396e-05,1.031840334816933e-05,13,25,592,844,763,1175,1088,0.20750563783363254,-236.5,0.002639674948067912,-0.3161288364099617,4.580560526495516,2.075038573004369e-05,0.5833333333333334
EVV,Evansville Regional Airport,United States,4,4,0.0001162064849847505,0.00012510655354119825,2.0366620149079317e-05,0.0,4,8,1270,2104,1730,1830,1725,0.17526233713851666,-716.0,0.0039618088369447,-0.4281386691173594,5.211039229405765,2.1175561507106355e-05,1.0
EWN,Coastal Carolina Regional Airport,United States,2,2,7.947636013372596e-05,8.787709010271835e-05,8.6131026090674e-06,0.0,2,4,1914,2773,2359,2457,1725,0.10837313881228453,-488.5,0.00374456828530253,-0.38074064727733337,5.164328621959314,2.0745167219502976e-05,1.0
EYW,Key West International Airport,United States,8,8,0.0001754129714859377,0.00018977774329121826,3.287752910046464e-05,2.8801937820449565e-07,8,16,829,1389,1101,1495,1548,0.18742929226930247,-519.0,0.0018999590201841368,-0.4436713427403891,4.389116009823517,1.9294617005432324e-05,0.25
FAR,Hector International Airport,United States,10,10,0.0002380523195160505,0.0001921087952797498,4.033357277066901e-05,7.951087815929068e-05,10,20,703,934,1089,1346,868,0.16943154703413654,-208.0,0.00278402347429351,-0.27588603973972603,4.61180175085108,2.2805028662261173e-05,0.6
FAY,Fayetteville Regional Grannis Field,United States,4,4,0.00011135214078807006,0.0001130401823450646,1.9892164456255395e-05,9.903098184266948e-09,4,8,1270,2162,1904,1847,1717,0.17864195798547758,-774.0,0.002893031090286595,-0.4708097015209507,4.918949664346739,1.974781321522352e-05,0.75
FNT,Bishop International Airport,United States,8,8,0.00018152838388149427,0.00015034417831841115,3.596917425685451e-05,0.0,8,16,829,1322,1432,1434,1725,0.19814628152221075,-452.0,0.0025322433738690256,-0.4094023471836472,4.70151942865237,2.0193942355229096e-05,0.5
FPO,Grand Bahama International Airport,Bahamas,10,10,0.0002205634334624698,0.00018926992217147177,4.868788446756559e-05,4.83611062853789e-07,10,20,703,1040,1106,1235,1493,0.2207432288446404,-314.0,0.0018928035587491396,-0.35219118553470175,4.2185215842918735,2.0747512661363898e-05,0.4
FSD,Joe Foss Field Airport,United States,9,9,0.00021765594855264586,0.00018113056311860117,3.664342640837357e-05,7.299042476714148e-05,9,18,750,1065,1172,1409,878,0.16835481250130127,-276.0,0.002853402110515313,-0.3005089268184964,4.6242453153533924,2.2672728453997253e-05,0.6666666666666666
FSM,Fort Smith Regional Airport,United States,2,2,8.158387598342442e-05,8.960700165829135e-05,8.73280487657098e-06,0.0,2,4,1914,2710,2325,2447,1725,0.10704081868266768,-424.5,0.004434659739959701,-0.3545686237072303,5.305502985197523,2.1984882424455316e-05,1.0
FWA,Fort Wayne International Airport,United States,10,10,0.00023360030355954218,0.00020663430831083989,4.045477072963283e-05,7.923977284890397e-05,10,20,703,960,1005,1342,870,0.17317944417534265,-234.0,0.002230988421317624,-0.2947649687139524,4.252910074729945,2.2281262081320278e-05,0.5
GCM,Owen Roberts International Airport,Cayman Islands,19,18,0.0004635096818569374,0.00038019998197438756,0.00010958224089856495,0.0017075132068795661,19,37,462,463,526,796,301,0.23641845076364032,11.5,0.002039374114487852,-0.005235328301811393,4.010397266460551,2.5962854864791504e-05,0.5789473684210527
GDL,Don Miguel Hidalgo Y Costilla International Airport,Mexico,41,41,0.0008882577533417598,0.0010160336450159386,0.00015764796334311873,0.0008005990316109394,41,82,228,224,193,647,405,0.17747997442186492,10.0,0.0011073304949859586,0.1710489908416104,3.1506880986114214,2.4219459898595243e-05,0.17073170731707318
GGT,Exuma International Airport,Bahamas,5,6,0.00014093588747644457,0.00012935744146447774,2.519648383739652e-05,1.585238114297334e-05,6,11,996,1734,1673,1654,1041,0.1787797578640696,-683.0,0.002736320870403363,-0.3727643780418646,4.702775468678131,2.2759132147570376e-05,0.6
GNV,Gainesville Regional Airport,United States,5,5,0.00012823473591815955,0.0001483872172874342,2.1174586267439595e-05,0.0,5,10,1107,1911,1449,1801,1725,0.16512363920609927,-723.0,0.0026837040451393665,-0.46720700747892785,4.815682508163486,1.977062589787734e-05,0.6
GPT,Gulfport Biloxi International Airport,United States,4,4,0.0001162719919793863,0.00012543798112636445,1.7647803557165525e-05,0.0,4,8,1270,2102,1728,1936,1725,0.15178034930625667,-714.5,0.00380206141422722,-0.4275751159039629,5.172416143924072,2.1194828270886543e-05,1.0
GRB,Austin Straubel International Airport,United States,4,4,0.0001160456566261554,0.00011573758803071621,2.0126723826615382e-05,0.0,4,8,1270,2109,1850,1838,1725,0.17343797615325002,-722.0,0.0036364027583272018,-0.42952361552247353,5.120145687806014,2.1128259047277496e-05,1.0
GRK,Robert Gray  Army Air Field Airport,United States,3,3,9.933612221462438e-05,9.90342688906455e-05,1.3559924614032757e-05,0.0,3,6,1507,2373,2129,2158,1725,0.13650547566911614,-664.5,0.004132961243640892,-0.4076495967130427,5.246968228439374,2.1618253472325782e-05,1.0
GRR,Gerald R. Ford International Airport,United States,20,20,0.00039906686955275766,0.0003126848804178224,9.224437457638852e-05,0.00017840282472478573,20,40,440,530,624,894,731,0.23115016959380433,-79.5,0.0023109061211895095,-0.18655457632664696,4.542979344703953,2.0873958452482634e-05,0.5
GSO,Piedmont Triad International Airport,United States,14,14,0.00028902304737958356,0.00028134541994492265,6.953793663037646e-05,5.963676845724054e-05,14,28,574,734,696,1041,905,0.24059651041963437,-151.5,0.0027056356976161945,-0.2892963924109342,4.755999530400134,2.0572560633152812e-05,0.7142857142857143
GSP,Greenville Spartanburg International Airport,United States,20,20,0.00038471578461597364,0.00030661748602604013,9.220521076259e-05,8.513389441352631e-05,20,40,440,549,639,895,851,0.23967098426863348,-98.5,0.0021236305946552053,-0.22317873214723072,4.474592609316954,2.0029776986846642e-05,0.45
GTR,Golden Triangle Regional Airport,United States,1,1,6.254049036896403e-05,7.012360009635507e-05,4.5252236659346315e-06,0.0,1,2,2658,3260,2733,2779,1725,0.07235670266154952,-222.5,0.004679774644618856,-0.19307902213869532,5.37989735354046,2.1565781772437125e-05,1.0
GUA,La Aurora Airport,Guatemala,21,19,0.000501542159816922,0.0005237703414788823,0.00010680389609392886,0.000286537411058022,21,40,421,430,402,809,691,0.21295098328905293,0.0,0.001988901015360098,0.011926243005656367,3.8734934510247307,2.5620873054885065e-05,0.5238095238095238
HSV,Huntsville International Carl T Jones Field,United States,9,9,0.00020420112202144004,0.00020622388573091776,4.423059132163046e-05,9.903098184266948e-09,9,18,750,1169,1010,1284,1717,0.21660307682827756,-380.0,0.0033922316395397297,-0.3643191248282296,5.044428405701744,2.0913927603092937e-05,0.8888888888888888
ICT,Wichita Eisenhower National Airport,United States,12,11,0.00026438547985733595,0.00023321390746612348,5.331069796497156e-05,9.949561665927992e-05,12,23,624,813,874,1173,831,0.2016400370918189,-171.5,0.002907075891734883,-0.28336478677901855,4.726032110394889,2.1585872939049666e-05,0.75
ILM,Wilmington International Airport,United States,5,5,0.00012613684990902632,0.00015409326848749163,2.13105463336473e-05,0.0,5,10,1107,1952,1397,1797,1725,0.16894782412131826,-764.0,0.002537563565847313,-0.4837020383151778,4.778406607443619,1.9277005659539794e-05,0.6
IND,Indianapolis International Airport,United States,35,35,0.000644630369387853,0.0006669075132805086,0.00017331983099710992,2.3109188688498737e-05,35,70,277,340,313,622,1009,0.2688669960766758,-58.5,0.00219065344356183,-0.0519949426051598,4.50776085811493,2.0182211547910653e-05,0.45714285714285713
JAN,Jackson-Medgar Wiley Evers International Airport,United States,9,9,0.00019724616589505067,0.00020001592082898804,3.9698050338757344e-05,1.0462901061130157e-06,9,18,750,1215,1039,1357,1399,0.20126145498756917,-426.0,0.00282383487473419,-0.3989720035191713,4.816584272844643,2.0004783011513724e-05,0.5555555555555556
JAX,Jacksonville International Airport,United States,26,26,0.0004902542921284129,0.000446358351750459,0.0001274696580317597,2.1579465601838515e-05,26,52,362,438,462,729,1018,0.26000722498187007,-68.5,0.0023160142592826374,-0.14250003823740265,4.558420719416834,2.018301883705788e-05,0.5384615384615384
LAN,Capital City Airport,United States,6,6,0.0001514077406568941,0.00012044856428748676,2.703558139597391e-05,1.287948292525643e-05,6,12,996,1640,1794,1625,1061,0.17856142148795012,-589.0,0.0028924474480555816,-0.4134894561407272,4.813877092641921,2.1019247998473387e-05,0.6666666666666666
LEX,Blue Grass Airport,United States,13,13,0.0002751912436747446,0.00023403409377778089,5.356009919691921e-05,5.5724117902780574e-05,13,26,592,770,868,1169,912,0.1946286461796845,-162.5,0.002479212384351349,-0.29265091785688746,4.564661150841646,2.0903318354505907e-05,0.5384615384615384
LFT,Lafayette Regional Airport,United States,3,3,9.933612221462438e-05,9.90342688906455e-05,1.3559924614032757e-05,0.0,3,6,1507,2373,2129,2158,1725,0.13650547566911614,-664.5,0.004132961243640892,-0.4076495967130427,5.246968228439374,2.1618253472325782e-05,1.0
LGA,La Guardia Airport,United States,69,70,0.0012515589567462467,0.0015094952467890502,0.00030442928660923894,0.00033152588527955273,70,139,121,141,114,441,547,0.24324006869055703,-19.5,0.0010961103151176962,0.1930364204920787,3.483388892346605,2.058566719414109e-05,0.17391304347826086
LIR,Daniel Oduber Quiros International Airport,Costa Rica,15,15,0.0003879842391296037,0.00030315495016320417,8.029283615151512e-05,0.000398005372984317,15,30,551,544,651,963,523,0.20694870578156085,18.0,0.0025518835132345577,-0.037370403385809325,4.194025772033928,2.6962718690068e-05,0.6666666666666666
LIT,Bill & Hillary Clinton National Airport/Adams Field,United States,16,17,0.0003221865751210001,0.00030657766827887363,6.592260160823192e-05,4.48952396537663e-05,17,33,514,655,640,1067,938,0.20461002008998697,-132.0,0.0024538019552256866,-0.26299062298694054,4.609731453746351,2.0439485238963514e-05,0.5
LWB,Greenbrier Valley Airport,United States,2,2,7.882173556585844e-05,6.174994817392446e-05,1.2100741103656704e-05,0.0,2,4,1914,2783,3022,2241,1725,0.15352035852529652,-497.5,0.0035466149077785303,-0.3890114770266315,5.108089630245969,2.0360093945497155e-05,1.0
MBJ,Sangster International Airport,Jamaica,27,26,0.0005006712480287739,0.0004445418945324721,0.00016898535934740366,5.435059842962089e-05,29,53,339,431,463,628,917,0.3375176026439049,-86.0,0.002283392460524259,-0.144740486243653,4.539517607829286,1.9889397485043054e-05,0.5185185185185185
MBS,MBS International Airport,United States,4,4,0.0001160456566261554,8.923005109670075e-05,2.0126723826615382e-05,0.0,4,8,1270,2109,2329,1838,1725,0.17343797615325002,-722.0,0.0036364027583272018,-0.42952361552247353,5.120145687806014,2.1128259047277496e-05,1.0
MCN,Middle Georgia Regional Airport,United States,2,2,7.884567230807481e-05,6.131447963131472e-05,8.643366643070676e-06,0.0,2,4,1914,2781,3041,2453,1725,0.10962385619972048,-495.5,0.0033181982387748884,-0.38870784112973844,5.002435083412365,2.037417438097798e-05,0.5
MDT,Harrisburg International Airport,United States,12,12,0.00025811981315087884,0.00022288001649312198,6.017619083075255e-05,6.271847044357445e-05,12,24,624,832,924,1105,896,0.2331327847179935,-190.5,0.002699762736669381,-0.30734910673355476,4.7423293123869055,2.0971591892329365e-05,0.6666666666666666
MEI,Key Field,United States,1,1,6.254049036896403e-05,5.282315563764373e-05,4.5252236659346315e-06,0.0,1,2,2658,3260,3386,2779,1725,0.07235670266154952,-222.5,0.004679774644618856,-0.19307902213869532,5.37989735354046,2.1565781772437125e-05,1.0
MEM,Memphis International Airport,United States,31,32,0.000630497078758609,0.0005896351996343731,0.0001361602625400045,0.00154435386566563,32,63,303,344,359,699,310,0.21595700777566104,-34.5,0.001901357498716188,0.0006522823426742264,4.0904403056528365,2.2250000109851834e-05,0.3870967741935484
MGA,Augusto C. Sandino (Managua) International Airport,Nicaragua,8,8,0.00020618400160952495,0.0002005906127634596,3.454460374181747e-05,1.536492329936282e-07,8,16,829,1148,1037,1468,1596,0.16754260016370562,-278.0,0.002153868253047177,-0.28204539187357724,4.289276123264244,2.3819768495823114e-05,0.375
MGM,Montgomery Regional (Dannelly Field) Airport,United States,3,3,9.851974574818636e-05,0.00010736049166465462,1.2820683819703749e-05,0.0,3,6,1507,2397,1994,2197,1725,0.13013313952791808,-687.0,0.003892893801968535,-0.4159018776060428,5.186588620257738,2.129810583849315e-05,1.0
MHT,Manchester-Boston Regional Airport,United States,13,13,0.00026027755217718186,0.00021586863910172838,6.322925444570801e-05,2.9283963009464286e-07,14,26,574,827,961,1086,1534,0.24293011024886693,-244.5,0.002347859578553464,-0.3483686353601012,4.698511023603801,1.95536630157116e-05,0.46153846153846156
MKE,General Mitchell International Airport,United States,30,30,0.0005638928547141739,0.0005906326003187542,0.0001440819628632263,9.934168584083119e-06,30,60,324,390,358,677,1095,0.25551301396833376,-59.0,0.0022824533049558286,-0.0907779147312846,4.587741970292844,2.0379736424485316e-05,0.43333333333333335
MLB,Melbourne International Airport,United States,2,2,7.947636013372596e-05,8.787709010271835e-05,8.6131026090674e-06,0.0,2,4,1914,2773,2359,2457,1725,0.10837313881228453,-488.5,0.00374456828530253,-0.38074064727733337,5.164328621959314,2.0745167219502976e-05,1.0
MLI,Quad City International Airport,United States,10,10,0.00023457184949285918,0.00019622841939923366,4.119627324042587e-05,7.979872407425028e-05,10,20,703,951,1065,1327,866,0.17562326139940318,-225.0,0.002836726208536017,-0.29061458376853366,4.6523482616618965,2.23955616017252e-05,0.7
MLU,Monroe Regional Airport,United States,3,3,9.933612221462438e-05,9.90342688906455e-05,1.3559924614032757e-05,0.0,3,6,1507,2373,2129,2158,1725,0.13650547566911614,-664.5,0.004132961243640892,-0.4076495967130427,5.246968228439374,2.1618253472325782e-05,1.0
MOB,Mobile Regional Airport,United States,5,5,0.00013397870004049908,0.00012571641624933865,2.472877199762157e-05,0.0,5,10,1107,1826,1715,1668,1725,0.18457241330261123,-638.0,0.0038999036868091847,-0.42338863386999925,5.203508148897174,2.112214686635685e-05,1.0
MSL,Northwest Alabama Regional Airport,United States,1,1,6.254049036896403e-05,5.282315563764373e-05,4.5252236659346315e-06,0.0,1,2,2658,3260,3386,2779,1725,0.07235670266154952,-222.5,0.004679774644618856,-0.19307902213869532,5.37989735354046,2.1565781772437125e-05,1.0
MSN,Dane County Regional Truax Field,United States,11,11,0.00023864581463770137,0.0002014098612747942,5.373711834498324e-05,2.9126542628934637e-07,11,22,660,928,1032,1166,1547,0.22517519708679534,-247.0,0.002880617073249099,-0.3321522390074634,4.816485456818244,2.0795319654285605e-05,0.6363636363636364
MSY,Louis Armstrong New Orleans International Airport,United States,39,39,0.0007118840256444055,0.0011712604309438467,0.0001861821211152086,0.00012986610938986505,39,78,245,297,160,606,789,0.2615343432473771,-49.0,0.0020661470986932644,-0.019467847673145577,4.432310219183391,2.014100904363263e-05,0.41025641025641024
OAJ,Albert J Ellis Airport,United States,3,3,9.507089559117565e-05,0.00010411338980878388,1.2316647018533322e-05,0.0,3,6,1507,2466,2047,2232,1725,0.1295522351182788,-756.5,0.0030528897300693917,-0.451535987481563,4.946505583478492,1.9945615580778964e-05,0.6666666666666666
OKC,Will Rogers World Airport,United States,22,20,0.00043685179575375167,0.0004295342621470423,0.00010460356979673128,0.0001194977418527874,22,42,409,494,482,821,800,0.23944864325496584,-79.5,0.0023874708733674244,-0.1548458001106372,4.5724430059039385,2.099691015300331e-05,0.5
OMA,Eppley Airfield,United States,19,19,0.00038224762654344115,0.00036802664130367957,9.123340274287045e-05,2.9810621293399993e-06,20,38,440,557,547,901,1263,0.238676178496826,-106.5,0.002693820303956254,-0.19799396605336472,4.7879228268064615,2.0931148645960744e-05,0.5789473684210527
ORF,Norfolk International Airport,United States,19,17,0.00036931608311379694,0.0003764831373701208,0.00010114733483373093,1.916341540774383e-06,19,36,462,584,532,840,1313,0.2738774168212017,-109.5,0.002758434533624313,-0.23240973049203273,4.852279492013843,2.0130433887010266e-05,0.6842105263157895
PAP,Toussaint Louverture International Airport,Haiti,12,12,0.00030618461367987887,0.00031771105268847303,6.506470148238634e-05,0.0008859729864234501,13,24,592,687,614,1075,385,0.21250153853391396,-79.5,0.0016946154518826075,-0.13658474320442782,3.6582757830769883,2.5683827243945157e-05,0.3333333333333333
PBI,Palm Beach International Airport,United States,23,23,0.0004610372474232646,0.0004546162030526688,0.00011383808711568443,0.00011766717135095504,23,46,393,467,453,782,805,0.24691733206356983,-66.5,0.0019991704759922853,-0.12836430627072914,4.163764956028564,2.1321108521941194e-05,0.43478260869565216
PHF,Newport News Williamsburg International Airport,United States,5,5,0.0001365431017943111,0.00012930360525930138,2.078558440191256e-05,9.993708228037533e-06,5,10,1107,1790,1674,1819,1094,0.15222727570100186,-602.0,0.0030334405457713475,-0.4044291374216673,4.830879460337117,2.1725535513570255e-05,0.8
PIA,General Wayne A. Downing Peoria International Airport,United States,10,10,0.00023294337214798023,0.00019478537966434846,4.077716621886203e-05,6.59503446585339e-05,10,20,703,965,1078,1335,888,0.17505184132458518,-239.0,0.0027611842558303676,-0.29758113311583934,4.55220340764045,2.2203976031691247e-05,0.7
PIB,Hattiesburg Laurel Regional Airport,United States,1,1,6.254049036896403e-05,5.282315563764373e-05,4.5252236659346315e-06,0.0,1,2,2658,3260,3386,2779,1725,0.07235670266154952,-222.5,0.004679774644618856,-0.19307902213869532,5.37989735354046,2.1565781772437125e-05,1.0
PIT,Pittsburgh International Airport,United States,37,37,0.000667513263882045,0.0006983747890585075,0.0001948049843374529,4.585481574662474e-05,37,74,266,329,299,593,936,0.2918368740787696,-59.0,0.0022030683872870252,-0.05137011878039477,4.547070746597808,1.9818877204154542e-05,0.4594594594594595
PLS,Providenciales Airport,Turks and Caicos Islands,20,20,0.0005143757396817841,0.0004771837697476681,0.0001054218239089288,0.0023823459316145274,21,40,421,424,431,819,231,0.20495100327660762,6.0,0.001610158365122135,0.06727043741233008,3.4797419882264164,2.765683317067055e-05,0.4
PNS,Pensacola Regional Airport,United States,11,11,0.00022925034111692866,0.00022729468361338417,4.8299406198549446e-05,1.4562984505783704e-06,11,22,660,987,901,1239,1347,0.2106841192175781,-306.0,0.0026221289506399717,-0.3723181455420512,4.72910213161111,1.979045617834388e-05,0.5454545454545454
PVD,Theodore Francis Green State Airport,United States,17,17,0.00032261976621585455,0.0002837670472701207,8.278052939287135e-05,1.4566541275294978e-06,19,34,462,653,692,951,1346,0.2565885232756804,-178.5,0.0021534656554619384,-0.29902048009549187,4.580715051143152,1.926714120225387e-05,0.47058823529411764
PVR,Licenciado Gustavo Díaz Ordaz International Airport,Mexico,21,21,0.0004541610687345834,0.0004999741163787644,0.00010352536744146833,5.262880220322596e-05,21,42,421,472,416,829,919,0.22794857280461805,-42.0,0.002270328283477761,-0.08730951622310545,4.383139837033392,2.296647018724738e-05,0.38095238095238093
PWM,Portland International Jetport Airport,United States,12,2,0.00024348636608817183,0.0001991928962230857,7.220429481465742e-05,1.4611686118459774e-07,12,14,624,903,1047,1017,1599,0.2965434819808787,-261.5,0.0027140673312127505,-0.36571202638550293,4.863342714415326,1.9536940220354803e-05,0.75
RDU,Raleigh Durham International Airport,United States,39,39,0.0007075031824991168,0.0007836661599433751,0.00020879344912137242,4.238318052995797e-05,39,78,245,302,266,567,944,0.2951130882321269,-54.0,0.002120349336390156,-0.025640732747731043,4.479419982366157,2.00088569132333e-05,0.4358974358974359
RIC,Richmond International Airport,United States,19,19,0.0003694433793632297,0.00038432404236470464,0.00010092351980004339,2.3706199351112267e-06,19,38,462,583,523,841,1286,0.273177232121454,-108.5,0.0025227499941214773,-0.23206510884680664,4.669208124612304,2.0138316008595704e-05,0.631578947368421
ROA,Roanoke–Blacksburg Regional Airport,United States,9,9,0.00020026084547391696,0.0001819500812327149,4.302563644598531e-05,2.6225477255388692e-05,9,18,750,1195,1164,1300,991,0.2148479716250334,-406.0,0.002471539695039793,-0.3838037811099344,4.641823765275166,2.0398858774270717e-05,0.6666666666666666
ROC,Greater Rochester International Airport,United States,18,18,0.0003437688296716982,0.00030477542340936266,9.863584762828044e-05,1.1040717915408674e-06,18,36,488,621,647,857,1392,0.28692493069391545,-120.5,0.0023907575097019667,-0.2707621534414262,4.7234866441612295,1.9579036198595614e-05,0.5555555555555556
RTB,Juan Manuel Galvez International Airport,Honduras,9,10,0.0002325681434635487,0.0001982811170476949,3.4933888919245984e-05,0.0004086418222038838,10,19,703,967,1053,1459,521,0.15020926081701858,-241.0,0.0019303684376524265,-0.23424125301113996,3.795500362562907,2.4622034982799093e-05,0.4444444444444444
SAL,Monseñor Óscar Arnulfo Romero International Airport,El Salvador,31,32,0.0007134723498527397,0.0006133781272361326,0.00015354050105380345,0.00043189172034759066,32,63,303,296,344,659,512,0.21520175390888535,13.5,0.00187471315299798,0.12428744349407417,3.9793243582673083,2.5398966758781905e-05,0.3870967741935484
SAP,Ramón Villeda Morales International Airport,Honduras,15,15,0.00035660373215270407,0.0003113545095053949,7.167692426801966e-05,0.0007675910925457491,15,30,551,601,626,1023,410,0.20099880569204567,-39.0,0.0017932765618798774,-0.12170995007397956,3.907844054227367,2.4501502457655785e-05,0.4
SAT,San Antonio International Airport,United States,35,35,0.0006664000096431494,0.0006779697765280218,0.00016428235447066544,9.152624348341867e-05,35,70,277,330,306,634,845,0.24652213699492143,-48.5,0.002053770068162904,-0.018781919093496136,4.32511439103855,2.091396415943406e-05,0.42857142857142855
SAV,Savannah Hilton Head International Airport,United States,13,13,0.00026275143620130054,0.00024501870223517003,7.587028117223139e-05,2.2255863908249954e-07,13,26,592,816,810,996,1567,0.2887530598086065,-208.5,0.002901891800899998,-0.3389087295880966,4.928864343694593,1.9777543924695154e-05,0.7692307692307693
SBN,South Bend Regional Airport,United States,9,9,0.00021223679472042535,0.00015951442268005532,3.610498752334968e-05,6.300989836074508e-05,9,18,750,1107,1332,1422,894,0.1701165322012611,-318.0,0.0022556559242085266,-0.3257219176928796,4.339205226970829,2.1964342332883444e-05,0.5555555555555556
SDF,Louisville International Standiford Field,United States,23,22,0.00043600895391791064,0.00041610256617991817,0.00011543268940958446,2.1550905526018266e-06,23,45,393,496,494,777,1303,0.26474843778395774,-95.5,0.0025348723262846847,-0.18418036336993193,4.7479269854349555,2.0040888903834564e-05,0.6086956521739131
SGF,Springfield Branson National Airport,United States,9,9,0.0002169124625251906,0.0001892217261962502,3.546194765852992e-05,7.9376054384143e-05,9,18,750,1068,1108,1447,869,0.16348506326330436,-279.0,0.0025752022202413715,-0.3039306516098499,4.404560571735679,2.2575540738541898e-05,0.5555555555555556
SHV,Shreveport Regional Airport,United States,5,5,0.00013810179154441463,0.00011959120200228712,2.1250409325499488e-05,0.0,5,10,1107,1764,1808,1799,1725,0.15387497213361775,-576.0,0.0038744451399126355,-0.3930784331281689,5.1522305056925894,2.2092286041134658e-05,1.0
SJC,Norman Y. Mineta San Jose International Airport,United States,30,29,0.0006092943866878626,0.0006290115329416634,0.00015762340019410024,7.437153120730369e-05,30,59,324,360,335,648,875,0.2586982641526445,-29.0,0.0017962754843422921,-0.013340629781986024,3.9925176044084014,2.2160188655480982e-05,0.3
SJD,Los Cabos International Airport,Mexico,22,22,0.00046926934319975054,0.0005348237365074204,0.00010438963876603526,6.645291892976302e-05,22,44,409,458,393,824,887,0.22245143493552372,-43.5,0.0021486886787196254,-0.08326290139339143,4.231267939533766,2.2730468840378732e-05,0.4090909090909091
SJO,Juan Santamaria International Airport,Costa Rica,37,38,0.0013023127382356951,0.0013922691647484911,0.0001729799816723652,0.019543032987842948,38,75,252,132,127,623,37,0.13282522438251612,126.5,0.0016549744094655958,0.6169676124215089,3.1589795840502704,4.0003280205784014e-05,0.40540540540540543
SNA,John Wayne Airport-Orange County Airport,United States,22,21,0.0004549539194095817,0.00046997305450965736,0.00010427952307552458,0.00010082804127578318,22,43,409,471,436,825,826,0.2292089783748951,-56.5,0.0021815166570213454,-0.11424365973431172,4.3304811706820585,2.1964938153445715e-05,0.4090909090909091
SRQ,Sarasota Bradenton International Airport,United States,6,6,0.00014386622016001715,0.0001548874823389379,3.369242433074741e-05,1.424211594386597e-07,6,12,996,1697,1381,1481,1606,0.2341927402643411,-646.0,0.002955026744897284,-0.4645820819325781,4.917247416084467,1.954051849171765e-05,0.6666666666666666
STL,St Louis Lambert International Airport,United States,61,60,0.0013597202675329513,0.0012773128536059106,0.0002775197000007314,0.002119079289179005,61,121,143,122,147,468,259,0.20410058350035298,22.5,0.0014727500991720895,0.35189516375299057,3.5782735509085404,2.5371469462967702e-05,0.26229508196721313
STT,Cyril E. King Airport,Virgin Islands,19,18,0.00043374255916148706,0.0003767880644492629,9.880862364023572e-05,0.00027858343713403096,19,37,462,499,530,854,694,0.22780476933426355,-24.5,0.0016883327689671448,-0.07161142522678698,3.571106326078085,2.411968937344578e-05,0.42105263157894735
SYR,Syracuse Hancock International Airport,United States,16,16,0.00031522981820580296,0.00027567454392529495,8.958957220775081e-05,3.49194329660523e-05,16,32,533,668,702,910,961,0.2842039903384419,-126.5,0.0024830977512927486,-0.2848194721545507,4.728531742624432,1.992795899786916e-05,0.625
TGU,Toncontín International Airport,Honduras,11,11,0.00029698601427003037,0.000284794395012714,4.251413523602104e-05,0.0005791511537656975,11,22,660,714,690,1306,448,0.1431519775115257,-33.0,0.001466357957005679,-0.11344769695264034,3.399017330120189,2.7034913202100438e-05,0.2727272727272727
TLH,Tallahassee Regional Airport,United States,7,7,0.00016287265699006966,0.00017545669632608034,2.9085711887541866e-05,0.0,7,14,912,1502,1208,1579,1725,0.1785794646262523,-548.5,0.0027539425258000703,-0.43552712315916153,4.831482952026981,1.994337498131302e-05,0.5714285714285714
TRI,Tri-Cities Regional TN/VA Airport,United States,4,4,0.00011829103695784574,0.00011324343999284259,1.4822404420640927e-05,6.84231009232345e-06,4,8,1270,2074,1898,2054,1136,0.12530454379162342,-686.0,0.0023308343943830353,-0.4103593180433265,4.4136161866286,2.178866502875061e-05,0.5
TTN,Trenton Mercer Airport,United States,14,14,0.0003112550553665914,0.00020454252245055623,5.658941048271108e-05,0.0002893292894363687,14,28,574,676,1018,1148,597,0.18181041402222672,-93.5,0.0015498121311948159,-0.21519013627321293,3.9570180554118424,2.2440796598261372e-05,0.21428571428571427
TUL,Tulsa International Airport,United States,18,18,0.00036571880681366656,0.00030477753677823997,8.410874216591907e-05,7.127553426740932e-05,18,36,488,590,646,946,881,0.22998199873481598,-89.5,0.0025827287021023193,-0.20886682742574791,4.666922543987304,2.101367522489767e-05,0.6111111111111112
TUP,Tupelo Regional Airport,United States,2,2,0.00015674149487340472,0.00014147968537583412,7.084498854420162e-06,0.0022611744084136734,2,4,1914,1570,1518,2574,242,0.045198617380433265,715.5,0.002395299677901448,0.29839765095027815,2.68994867677023,6.619524647823866e-05,0.5
TUS,Tucson International Airport,United States,15,16,0.0003225486411008445,0.00034008997692350944,7.056759468454513e-05,4.995833734470864e-07,16,31,533,654,578,1033,1489,0.21878124937591117,-112.5,0.0028084144933728083,-0.22208117140228545,4.764655249749567,2.1830514914564403e-05,0.5333333333333333
TYS,McGhee Tyson Airport,United States,17,17,0.0003440020826065232,0.0003320515430280685,8.05291246955042e-05,8.64655616034221e-05,17,34,514,620,585,961,848,0.23409487548834146,-97.0,0.0025837184357499873,-0.23484720405862358,4.655366738173038,2.0746886280708824e-05,0.6470588235294118
VLD,Valdosta Regional Airport,United States,1,1,6.254049036896403e-05,7.012360009635507e-05,4.5252236659346315e-06,0.0,1,2,2658,3260,2733,2779,1725,0.07235670266154952,-222.5,0.004679774644618856,-0.19307902213869532,5.37989735354046,2.1565781772437125e-05,1.0
VPS,Destin-Ft Walton Beach Airport,United States,5,5,0.000131866527436836,0.00014167428083242996,2.1351347966631447e-05,0.0,5,10,1107,1850,1515,1796,1725,0.16191635877314453,-662.0,0.0033755556553023993,-0.43927921102264733,5.040104816442627,2.0625165077375424e-05,0.8
XNA,Northwest Arkansas Regional Airport,United States,14,14,0.0002935133690505191,0.00026588251675808814,6.872228583397026e-05,7.369248267040785e-05,14,28,574,727,718,1046,876,0.23413681651462315,-144.5,0.0029564998682361674,-0.27387963740346244,4.845388941838046,2.0949898586879055e-05,0.7857142857142857
ATM,Altamira Airport,Brazil,2,3,0.00010556079699762112,9.844007183616817e-05,3.292437206935998e-06,6.872967911907716e-05,3,5,1507,2268,2144,2966,884,0.031189961620033953,-558.5,0.0004612278949410449,-0.09691320611734078,2.484906649788,3.608895361471952e-05,0.0
BEL,Val de Cans/Júlio Cezar Ribeiro International Airport,Brazil,18,18,0.0006210585576838394,0.0007084452250893357,5.115517816116254e-05,0.005623999093065036,19,36,462,351,295,1208,135,0.08236772125311245,123.5,0.0006657546330854301,0.3206937951263429,2.2727886388721434,3.7702547838600154e-05,0.1111111111111111
ORX,Oriximiná Airport,Brazil,3,0,0.00013605081674188894,0.00010905621557782681,2.7424904332583115e-06,0.0,3,3,1507,1795,1964,3013,1725,0.0201578388056374,-85.0,0.00017083960873116424,-0.09313040168314046,1.4255553730053518,3.601617289662068e-05,0.0
STM,Maestro Wilson Fonseca Airport,Brazil,6,8,0.00030139723219825044,0.00036728436319118253,8.252009813676976e-06,0.0010209442631722335,8,14,829,705,549,2472,362,0.027379182461267727,165.0,0.0002997992982778158,0.2749631799698111,1.3296613488547582,5.042895222401387e-05,0.0
SXR,Sheikh ul Alam Airport,India,6,6,0.00021078029517577286,0.0002222719406064331,0.007226544782967137,1.7727134458262757e-06,6,12,996,1115,929,15,1326,34.284726553498814,-64.0,0.0008324089450473591,-0.08264958712704029,2.3948049989973574,3.266092537564841e-05,0.16666666666666666
ATT,,,2,2,0.00023832144138937231,0.00019934496337415102,3.0451022223004867e-07,0.0,3,4,1507,929,1045,3328,1725,0.00127772902200829,781.0,0.0012893492966915881,0.7174200886028306,1.8920948169591307,0.00011418344928879764,0.5
KUK,Kasigluk Airport,United States,2,1,0.00023567969401994707,0.00019488931173252484,3.187697866300359e-07,0.0002892199824715162,3,3,1507,945,1075,3323,599,0.00135255516159596,765.0,0.0012862413586200783,0.7062733865176032,1.8920948169591307,0.00011262948025304273,0.5
AZA,Phoenix-Mesa-Gateway Airport,United States,32,32,0.0008245632411832342,0.0005678737620234157,0.00011151742806548898,0.00035866359401756176,32,64,303,245,371,792,535,0.13524423900520155,64.5,0.00028976478765320034,0.2494253620666349,1.9898367354567683,2.868947298624281e-05,0.03125
ATY,Watertown Regional Airport,United States,2,2,0.00012077130884989397,0.00010495090763197034,6.343549318894258e-06,1.9085744077702243e-06,2,4,1914,2036,2033,2647,1314,0.05252530074654256,249.5,0.001545747041104461,0.03769847986027841,2.983073369561846,4.5036313514974195e-05,0.5
PIR,Pierre Regional Airport,United States,3,3,0.0002035735613783709,0.00023972693313781832,8.385403871979497e-06,0.0002915059230205185,3,6,1507,1171,839,2467,586,0.041191026060569874,539.0,0.001494531833663962,0.3098685503965726,1.9410152984943396,6.249568058728768e-05,0.3333333333333333
ATZ,Assiut International Airport,Egypt,5,5,0.00013041823821139422,0.00010304176645736053,0.0003283209230070454,0.0,5,10,1107,1880,2057,411,1725,2.5174463902423816,-692.5,0.001642894784940236,-0.450322962967725,4.373516753219921,2.028439116157074e-05,0.0
JBQ,La Isabela International Airport,Dominican Republic,2,2,8.499551133983428e-05,7.815051778766398e-05,9.323750254700986e-06,3.017007036396121e-07,2,4,1914,2631,2561,2399,1533,0.10969697231918747,-345.5,0.0004339431698423255,-0.31360182058055663,2.8518912373281005,2.3991726756757064e-05,0.0
LRM,Casa De Campo International Airport,Dominican Republic,8,8,0.0001695344177860525,0.0001322844788245791,6.913715421730186e-05,7.925841010424226e-06,9,16,750,1433,1629,1043,1120,0.40780600847994736,-644.0,0.0018013158639328113,-0.47775841269105435,4.31678677988776,1.8430123824190052e-05,0.5
LSP,Josefa Camejo International Airport,Venezuela,3,3,0.0001121323716686049,0.00010123155554789398,1.3629295587299325e-05,0.0,3,6,1507,2149,2100,2157,1725,0.12154648460998609,-439.0,0.0008550160785850638,-0.2864788068310524,3.3378208019148996,2.6636390520054598e-05,0.0
MAR,La Chinita International Airport,Venezuela,8,8,0.000251255936898009,0.0002674722843485893,3.132348696398935e-05,0.0002235073483875009,8,16,829,859,715,1518,714,0.12466764905421647,11.0,0.0009820386144751975,-0.08434228514477127,3.0399209103253053,3.0447994277691252e-05,0.125
VLN,Arturo Michelena International Airport,Venezuela,6,6,0.00019220395741821708,0.0001932583649851084,2.27335496058845e-05,7.542424558274465e-07,6,12,996,1238,1086,1738,1426,0.11827825977806747,-187.0,0.000620043964543219,-0.17490883659988654,2.8250398772623075,2.901850619501883e-05,0.0
AUC,Santiago Perez Airport,Colombia,1,1,7.72947729142569e-05,8.121619283686825e-05,3.7152910321227396e-06,0.0,1,2,2658,2805,2477,2901,1725,0.048066523673523334,230.0,0.002880358331885605,0.018733117511207098,4.30406509320417,3.892376124169736e-05,1.0
AUG,Augusta State Airport,United States,1,1,6.200316057489005e-05,5.360011930995451e-05,5.2911942075172145e-06,0.0,1,2,2658,3287,3351,2718,1725,0.08533749180618438,-248.5,0.0021561637946558116,-0.20170785426274662,4.634728988229636,2.0933629074328268e-05,0.0
CMB,Bandaranaike International Colombo Airport,Sri Lanka,41,41,0.0009324530019612698,0.0012138112936637678,0.0051648620118737885,0.0061929713213292855,41,82,228,215,156,35,123,5.539005184186554,19.0,0.0016875710658805776,0.21960577740158893,3.8578031955587337,2.5487616262342584e-05,0.3170731707317073
DAC,Hazrat Shahjalal International Airport,Bangladesh,34,33,0.0009458815339147613,0.0010413887146857035,0.0041534430544801154,0.0017035310532023,34,67,287,209,188,56,302,4.391081658281327,80.5,0.0015476838672869506,0.34931536440087463,3.505974539591673,3.1199721752320355e-05,0.29411764705882354
HKT,Phuket International Airport,Thailand,31,32,0.0006848265423292165,0.0007382613136285392,0.0007693608441958224,0.0012884362598064544,32,63,303,318,285,224,329,1.1234389975293448,-8.5,0.0019207886387325479,0.08330934348121932,4.138110085511761,2.4311839348347683e-05,0.3870967741935484
ISB,New Islamabad International Airport,Pakistan,37,37,0.0008108656289701615,0.0007570682349323644,0.0017260719667213287,0.0030844112770147137,38,74,252,252,278,128,200,2.128678174352418,6.5,0.0014484974019453112,0.14317297493616632,3.605126230875374,2.4376981041793292e-05,0.21621621621621623
KHI,Jinnah International Airport,Pakistan,37,36,0.0009556947368841311,0.0009270729440945138,0.0030104105046336684,0.0034930700149799422,37,73,266,206,214,81,180,3.149970789259094,64.0,0.0012432747956922588,0.307509169335769,3.1911258602437673,2.8982040116573723e-05,0.1891891891891892
KIH,Kish International Airport,Iran,9,8,0.00026919671956160033,0.0003268815759830897,0.00031860419295995406,0.00028658455281956773,9,17,750,796,597,427,690,1.1835366845436162,-7.0,0.0011306965891850534,-0.08798211344365114,3.2814752697309757,2.9410084166480563e-05,0.1111111111111111
KTM,Tribhuvan International Airport,Nepal,32,32,0.0010533897829782739,0.0008719315896874238,0.005022998001702182,0.0047876393007317735,32,64,303,189,231,40,147,4.768413442838358,120.5,0.0013862222884923631,0.49434012845439224,2.996302426897355,3.710221351547601e-05,0.28125
LHE,Alama Iqbal International Airport,Pakistan,31,31,0.0006412238236871004,0.0006420697531786969,0.001864925139215854,0.001948994758728848,34,62,287,343,329,120,285,2.908384046762876,-53.5,0.0017254714561732414,0.017522335053308247,3.985224249059127,2.2657087223902966e-05,0.3225806451612903
MLE,Malé International Airport,Maldives,27,29,0.0006724929825106707,0.000605924747529594,0.0018372846305563936,0.0017647790769361395,29,56,339,325,347,123,293,2.7320502642230036,20.0,0.0017689691446102318,0.15030149611190513,3.6743812520241277,2.737618331460986e-05,0.4444444444444444
MNL,Ninoy Aquino International Airport,Philippines,78,78,0.0025116693607450963,0.0029748895576048933,0.0017681614059645537,0.01462601827969947,78,156,104,37,35,125,56,0.703978570427766,68.0,0.0010659574955663475,0.8140129816437929,2.7227382301422582,3.721658801626074e-05,0.16666666666666666
RYK,Shaikh Zaid Airport,Pakistan,3,3,0.0001009717260173144,7.51963521150514e-05,0.00018952827712173998,0.0,3,6,1507,2350,2661,598,1725,1.8770430554910005,-640.0,0.0010991774444071695,-0.3913183329143699,3.82780475386528,2.225966674714775e-05,0.0
SEZ,Seychelles International Airport,Seychelles,9,9,0.00025645474145418243,0.0002263733496685375,0.0003966186432638743,0.0003310898845178485,9,18,750,843,905,370,548,1.546544396157063,-54.0,0.0018479174289972198,-0.13647232279191002,3.8854065395805373,2.774446611060212e-05,0.3333333333333333
TRV,Trivandrum International Airport,India,17,17,0.00038141455456748964,0.00048603551535110565,0.004615252795851333,0.00028742129051412404,17,34,514,561,425,48,689,12.100358364889518,-38.0,0.0014033632990152688,-0.13160806216361376,3.8986330763124015,2.333598470514494e-05,0.11764705882352941
ZYL,Osmany International Airport,Bangladesh,4,1,0.00011610400202725645,0.0001060687691738159,0.0002446219429199247,0.0,4,5,1270,2106,2008,510,1725,2.1069208524138343,-718.0,0.002298897717784798,-0.42902096216801233,4.585130299863418,2.1145419478961212e-05,0.5
AUK,Alakanuk Airport,United States,2,2,0.00022343723756863224,0.00017249557366966472,5.514738247065709e-07,1.0711851202648749e-05,2,4,1914,1023,1228,3248,1080,0.0024681374989572948,1262.5,0.0002616233904692833,0.6529302904597891,0.8958797346140275,0.00010542803544996221,0.0
EMK,Emmonak Airport,United States,3,3,0.00030460391741615343,0.00025275340630632223,7.048386417490339e-07,0.0001614081215308209,3,6,1507,693,772,3226,745,0.0023139513363056165,1017.0,0.0009410622608004294,0.7128534310900783,1.6276006408621237,0.00010211542719655755,0.3333333333333333
SXP,,,2,2,0.0002186428635224132,0.00017555891923354765,8.276855408035844e-07,0.00014260676382465975,2,4,1914,1055,1207,3201,773,0.0037855593705153697,1230.5,0.0002987126430748793,0.6312393705982906,1.0397207708399179,0.00010260781546479885,0.0
AUQ,Hiva Oa-Atuona Airport,French Polynesia,4,4,0.0003047185027258519,0.0002600916538571521,7.7252291852946e-06,0.0002892199824715162,4,8,1270,691,743,2518,599,0.02535201871953541,696.5,0.0006783192924593815,0.5358810877550901,1.7289308621578285,7.662027242865537e-05,0.0
NHV,Nuku Hiva Airport,French Polynesia,4,4,0.0003047185027258519,0.0002600916538571521,7.7252291852946e-06,0.0002892199824715162,4,8,1270,691,743,2518,599,0.02535201871953541,696.5,0.0006783192924593815,0.5358810877550901,1.7289308621578285,7.662027242865537e-05,0.0
UAH,Ua Huka Airport,French Polynesia,3,3,0.0002423929395490059,0.00021587705070357226,4.5812408553278246e-06,0.0,3,6,1507,906,959,2770,1725,0.018900058986254468,803.5,0.00028394331500023655,0.48440125635550935,1.290400336969297,7.771896595975374e-05,0.0
UAP,Ua Pou Airport,French Polynesia,3,3,0.0002423929395490059,0.00021587705070357226,4.5812408553278246e-06,0.0,3,6,1507,906,959,2770,1725,0.018900058986254468,803.5,0.00028394331500023655,0.48440125635550935,1.290400336969297,7.771896595975374e-05,0.0
AUR,Aurillac Airport,France,1,1,6.0311643861580824e-05,5.40732387504548e-05,8.198510196198108e-06,0.0,1,2,2658,3352,3305,2477,1725,0.13593577742656504,-312.0,0.002254289522351075,-0.22936803106560255,4.77912349311153,1.894360943152164e-05,1.0
HRL,Valley International Airport,United States,6,6,0.00014602315586486266,0.00011459675069267982,2.261819895677872e-05,2.854233463780442e-07,7,12,912,1684,1874,1745,1551,0.1548946043715886,-730.5,0.0010772140304906158,-0.4497007120827661,3.5731167787016234,1.9963447058738534e-05,0.16666666666666666
LBB,Lubbock Preston Smith International Airport,United States,7,7,0.0001721262663327448,0.0001356861799672157,2.6505033537488187e-05,5.422482172759722e-06,8,14,829,1416,1591,1633,1171,0.15398599006528238,-546.0,0.0022881944584784955,-0.3802674591002191,4.097610426381956,2.1498603438733874e-05,0.5714285714285714
LGB,Long Beach /Daugherty Field/ Airport,United States,12,12,0.00025789693284143265,0.00021905749835051937,6.355488810630834e-05,2.211401326210867e-07,12,24,624,834,946,1082,1568,0.24643522280811658,-192.5,0.0018401645398907283,-0.3082129559207667,4.35359266882194,2.094974087437455e-05,0.25
AUU,Aurukun Airport,Australia,2,2,0.00017207084249241028,0.00013390785607998317,2.3005973476631103e-05,0.0,3,4,1507,1417,1619,1721,1725,0.13370059182249808,293.0,0.000765295346669149,0.39170599906228176,2.04717228111105,7.52125097507275e-05,0.0
CUQ,Coen Airport,Australia,2,1,0.00015467109668937701,0.00012036713865343632,2.067961718058843e-05,0.0,3,3,1507,1596,1796,1822,1725,0.1337005919219601,114.0,0.0007448250574973059,0.28510063762633564,2.04717228111105,6.497736516480593e-05,0.0
AUX,Araguaína Airport,Brazil,3,3,0.00013188266654656802,0.00012222147802571108,5.94443598943272e-06,2.3371311714869997e-07,3,6,1507,1849,1771,2676,1561,0.04507367150734497,-139.0,0.0005915075694843769,-0.1242462326515259,2.320747821422069,3.438160419639215e-05,0.0
MAB,João Correa da Rocha Airport,Brazil,4,8,0.0001977581132344392,0.0002619587341811224,8.98602342784295e-06,0.0014747542924178558,8,12,829,1212,736,2433,316,0.04543946784721877,-342.0,0.0006002435655825098,0.1035373127435868,2.2179464922876613,4.516133452884136e-05,0.0
PMW,Brigadeiro Lysias Rodrigues Airport,Brazil,3,3,0.00013711738067675533,0.00017870544936232256,7.275137155934389e-06,0.0,3,6,1507,1781,1185,2560,1725,0.05305773141251158,-71.0,0.0006434615326580285,-0.08532151789107623,2.426899065128247,3.643443326843883e-05,0.0
AUY,Aneityum Airport,Vanuatu,1,1,0.00012069044654375569,0.00011302438583504936,2.0413659753278254e-06,0.0,1,2,2658,2039,1905,3069,1725,0.016914064317325554,1002.5,0.00044988747339460026,0.4643357595234576,1.6094379124341003,8.997749467892006e-05,0.0
TAH,Tanna Airport,Vanuatu,5,5,0.00044988747339460026,0.00040500854344226785,1.2008034682682996e-05,0.0008676599474145486,5,10,1107,478,505,2246,388,0.026691195894113378,710.0,0.00041474359574006933,0.7879280261066697,1.0961277846683983,9.545362272058466e-05,0.0
AVA,Anshun Huangguoshu Airport,China,3,3,9.336219642843105e-05,7.61596334909792e-05,4.0375624308483036e-05,0.0,3,6,1507,2490,2630,1345,1725,0.4324622368908588,-780.0,0.00176438202585446,-0.46967235600088486,4.396050372647443,1.9275537491589117e-05,0.3333333333333333
LIG,Limoges Airport,France,10,10,0.00019249695307408554,0.00015455168341174994,7.355393607181763e-05,2.8300360426924756e-05,10,20,703,1235,1390,1008,977,0.3821044172242519,-509.0,0.0010721122608421025,-0.48829619373551836,3.8618355255792167,1.744557381366642e-05,0.1
AVV,Avalon Airport,Australia,1,1,7.546410921958831e-05,6.050536426375046e-05,1.756456517180536e-05,0.0,1,2,2658,2866,3078,1941,1725,0.232753892591448,173.0,0.0031254533344087436,-0.005236046369233804,4.442651256490317,3.677003922833816e-05,1.0
AWD,Aniwa Airport,Vanuatu,2,2,0.00020989642915436352,0.00019656414936312211,3.5502018523020967e-06,0.0,2,4,1914,1123,1061,2942,1725,0.016914065030097212,1162.0,0.0003298919512744819,0.5904139466441869,1.1512925464970227,9.74628546280509e-05,0.0
FTA,Futuna Airport,Vanuatu,2,2,0.00020989642915436352,0.00019656414936312211,3.5502018523020967e-06,0.0,2,4,1914,1123,1061,2942,1725,0.016914065030097212,1162.0,0.0003298919512744819,0.5904139466441869,1.1512925464970227,9.74628546280509e-05,0.0
AWZ,Ahwaz Airport,Iran,13,13,0.0003729247523254578,0.00046063289563151344,0.0004575339296393582,0.00031142407148952874,14,26,574,577,443,324,561,1.226880025491203,5.5,0.0009451992132756977,0.011259457531899386,2.996234634336572,2.9747979793587313e-05,0.07692307692307693
BND,Bandar Abbas International Airport,Iran,12,12,0.0003714093313818144,0.00037473196357374987,0.0003834227025729121,0.00032536824727956757,12,24,624,580,535,379,552,1.0323453671624307,61.5,0.000765574958576804,0.056531797570480435,2.6402490137587646,3.207840742780566e-05,0.08333333333333333
IFN,Esfahan Shahid Beheshti International Airport,Iran,14,14,0.00041044100343301033,0.00039845109505724525,0.00047224198546493473,0.0014980227583447745,15,28,551,523,510,318,314,1.1505721443886179,39.0,0.0011827693575454813,0.06142937370305823,3.0749378088005543,3.077575023933812e-05,0.14285714285714285
PGU,Persian Gulf International Airport,Iran,5,5,0.00018382701127449361,0.00013705215821103547,0.00014237224272878443,0.0,5,10,1107,1306,1571,680,1725,0.7744903305651408,-118.0,0.0006828615493360104,-0.10707430699644327,2.8037862573595627,3.2851161297234515e-05,0.0
RAS,Sardar-e-Jangal Airport,Iran,7,7,0.00022932177627435962,0.0002234420477323435,0.0002255145599413322,8.705909599276207e-06,8,14,829,985,923,538,1109,0.9833979293424254,-115.0,0.0009396306777562545,-0.09336961933205501,3.1261739855297335,3.1111294209991724e-05,0.0
SRY,Dasht-e Naz Airport,Iran,4,4,0.00014338438741212504,0.0001419360007863888,0.0001252982634648254,0.0,4,8,1270,1703,1513,737,1725,0.8738626689158612,-315.0,0.000648383710423451,-0.2179782729509281,2.9928785478501663,2.916906224363877e-05,0.0
TBZ,Tabriz International Airport,Iran,10,10,0.0002711521055512605,0.00029398843107324504,0.0003158225544878258,0.0004111498198186314,11,20,660,785,677,428,520,1.1647431387108316,-104.0,0.0015557222942441742,-0.14569658063087054,3.7237790942330293,2.6699121162521937e-05,0.2
AXK,Ataq Airport,Yemen,1,1,6.712796886465145e-05,5.726292835035436e-05,5.989886642544216e-05,0.0,1,2,2658,3104,3182,1108,1725,0.8923086373463025,-63.0,0.0005931819369923067,-0.12229243427583825,3.091042453358316,2.6962815317832122e-05,0.0
AXM,El Eden Airport,Colombia,2,2,9.496307322550614e-05,7.225016314575095e-05,7.630392824897437e-06,0.0,2,4,1914,2469,2699,2528,1725,0.08035115719957545,-183.5,0.0024483115956063974,-0.20271215476325644,4.439388035853776,2.9854998452432138e-05,0.5
AXP,Spring Point Airport,Bahamas,2,2,0.00012164620973806874,0.00010205132049883051,7.797019112801038e-06,0.0,2,4,1914,2018,2076,2503,1725,0.06409586562203416,265.0,0.0006512600430599123,0.04491664372841164,2.178354413344796,4.5550961106078156e-05,0.0
CRI,Colonel Hill Airport,Bahamas,2,2,0.00012164620973806874,0.00010205132049883051,7.797019112801038e-06,0.0,2,4,1914,2018,2076,2503,1725,0.06409586562203416,265.0,0.0006512600430599123,0.04491664372841164,2.178354413344796,4.5550961106078156e-05,0.0
AXR,Arutua Airport,French Polynesia,1,1,0.00010260982132015026,8.249184863832718e-05,3.487581282348038e-06,0.0002886356996786444,2,2,1914,2322,2447,2952,682,0.03398876674257648,-37.5,0.001923772788013662,0.3020404375004109,3.332204510175204,6.870617100048793e-05,0.0
KKR,Kaukura Airport,French Polynesia,1,1,0.00013142792409715005,0.00011429100475479125,2.9644441283804126e-06,0.0,2,2,1914,1857,1881,2989,1725,0.022555664245211153,428.0,0.00010260982132015026,0.5495653806049621,0.0,0.00010260982132015026,0.0
AXT,Akita Airport,Japan,5,5,0.0001519370661455266,0.0001341410771429321,7.055233370158137e-05,2.564079493029774e-07,5,10,1107,1637,1615,1034,1558,0.4643523498999628,-449.0,0.0014788879331626308,-0.2976030696721992,3.92105734972709,2.5347644784220363e-05,0.4
LLI,Lalibella Airport,Ethiopia,3,3,0.00017501662472432794,0.00015641174563942587,6.021517799591313e-05,5.854537002722945e-07,4,6,1270,1393,1367,1104,1462,0.3440540468127483,-5.0,0.00010259376384917744,0.15872209769381485,0.6931471805599453,5.129688192458872e-05,0.0
AYP,Coronel FAP Alfredo Mendivil Duarte Airport,Peru,1,1,7.38659776557286e-05,7.632384542235747e-05,3.831021175598769e-06,0.0,1,2,2658,2894,2617,2886,1725,0.051864488864605963,142.5,0.001988723414565733,-0.026640876626801813,4.04305126783455,3.488988446606549e-05,0.0
DRS,Dresden Airport,Germany,18,18,0.00027343786234167617,0.00021164160875982856,0.0001837515834186503,3.0770692002105413e-06,18,36,488,777,974,611,1258,0.6720049002908098,-276.5,0.0014754780574166644,-0.4996571764624207,4.375853587249768,1.4982240969472957e-05,0.2222222222222222
ERF,Erfurt Airport,Germany,6,6,0.00011794478447976281,8.718972298985254e-05,4.7662387513942564e-05,4.5855711213792677e-07,6,12,996,2078,2371,1248,1497,0.4041076315851895,-1027.0,0.0013836258643325494,-0.6632493362137666,4.476086877211031,1.4457884066200494e-05,0.16666666666666666
FDH,Friedrichshafen Airport,Germany,12,12,0.00020652166774474484,0.00015359067691095638,0.00012621573620288104,1.1117196518746206e-05,12,24,624,1146,1402,733,1075,0.6111500918096413,-504.5,0.0015838638207409598,-0.5303676404737709,4.238664835299636,1.591295020777418e-05,0.16666666666666666
GRQ,Eelde Airport,Netherlands,6,5,0.00011593315339584347,9.6241497625257e-05,4.5490268800881144e-05,1.0603217599885288e-06,8,11,829,2113,2202,1269,1397,0.3923836061420554,-1243.0,0.0009922537656239085,-0.6804521618556798,4.203173914465997,1.4063446599037237e-05,0.0
GRZ,Graz Airport,Austria,11,11,0.0001809197556904781,0.0001818146368940951,0.00012203238016409741,2.580638194856761e-07,11,22,660,1330,1166,754,1557,0.6745110819897047,-649.0,0.001846169238839611,-0.6090791504111568,4.737118238214681,1.4621409629817308e-05,0.18181818181818182
KSF,Kassel-Calden Airport,Germany,2,2,6.947228497492386e-05,5.898067734812593e-05,1.6729938573570303e-05,8.44352685521737e-08,2,4,1914,3043,3136,1979,1642,0.24081457202118808,-757.5,0.0013879796273034708,-0.515272372211145,4.489708316671505,1.4860417148143027e-05,0.0
LNZ,Linz Hörsching Airport,Austria,7,8,0.00013260230277365272,0.00012596101078145397,7.229345594099682e-05,9.576770338519374e-07,8,15,829,1837,1714,1016,1407,0.545190048957137,-967.0,0.001986211677171894,-0.6411413292568504,4.782038437597078,1.4855920512043674e-05,0.14285714285714285
RLG,Rostock-Laage Airport,Germany,5,5,0.00010563746506805391,8.024506200694092e-05,4.8168294644266265e-05,1.0493641917925265e-07,5,10,1107,2267,2499,1241,1625,0.45597738087746825,-1079.0,0.0015940695533236467,-0.6610563750715599,4.627101054622512,1.445362101269618e-05,0.2
ROV,Platov International Airport,Russia,22,22,0.0003916443427535346,0.000318775641914925,0.00045632890023585595,8.499848494316051e-05,22,44,409,538,613,327,852,1.1651614754027686,-123.5,0.0014533672253440877,-0.26408565847287413,3.978658452008744,1.857939932243641e-05,0.18181818181818182
SZG,Salzburg Airport,Austria,20,19,0.00029932505304939053,0.0003052741929019991,0.00020312446302170916,8.532619606909671e-06,21,39,421,709,644,576,1110,0.6786082920636527,-279.0,0.0015810333892480432,-0.4741534552054878,4.367244453572098,1.5006792798769318e-05,0.15
ZQW,Zweibrücken Airport,Germany,6,5,0.00011498239912959194,8.653110634165446e-05,4.8109926235189244e-05,3.569137018255501e-07,7,11,912,2122,2386,1242,1521,0.41841122292957655,-1168.5,0.0009852670504343307,-0.6886868574265765,4.170656633252981,1.3877024193350717e-05,0.0
BIL,Billings Logan International Airport,United States,12,12,0.0005320547690538377,0.00044223068601695483,4.025903623657112e-05,0.0034297121153193484,12,24,624,410,467,1347,187,0.07566709026622291,231.5,0.0013960097744487468,0.41597345747582004,2.6163490670746015,4.7827960103466695e-05,0.25
BIS,Bismarck Municipal Airport,United States,5,5,0.00014352781212215334,0.00011410897978946847,1.7825664439665627e-05,1.5102249707866742e-05,5,10,1107,1700,1889,1932,1045,0.12419658724048967,-512.0,0.002365073353215172,-0.3545406371462363,4.4490676989021525,2.33689967622459e-05,0.6
BLI,Bellingham International Airport,United States,9,9,0.00021714074519286678,0.00014746782629653828,4.298240257648276e-05,6.121238753149256e-05,9,18,750,1067,1462,1301,901,0.19794720027466664,-278.0,0.001538123304961312,-0.30287878660959144,4.022402773528992,2.2605381600817437e-05,0.2222222222222222
BZN,Gallatin Field,United States,7,7,0.00018313353913233143,0.0001314988386688978,3.090214802159804e-05,2.3220433010869953e-05,7,14,912,1309,1642,1530,1008,0.1687410627676905,-355.5,0.0027698361015945647,-0.3182801644166098,4.668716243692892,2.334856524423294e-05,0.5714285714285714
DLH,Duluth International Airport,United States,4,4,0.00012003623122359359,8.738406847858463e-05,1.8031409075460464e-05,1.0880438746582291e-05,4,8,1270,2050,2368,1925,1077,0.1502163879326821,-662.0,0.002679040766810843,-0.3957136967221846,4.637873912566661,2.23019574545452e-05,0.75
EUG,Mahlon Sweet Field,United States,9,9,0.0002188841234336914,0.00018094227607371913,4.043131037091345e-05,5.534148083403824e-05,9,18,750,1052,1175,1343,913,0.18471559168685747,-263.0,0.002182384113443261,-0.2948820522181137,4.411483564904737,2.283327418209888e-05,0.3333333333333333
GFK,Grand Forks International Airport,United States,5,5,0.00018664548360867344,0.00015110083802954882,1.6546760712429555e-05,0.0002972162829763913,5,10,1107,1279,1419,1984,575,0.08865342140891014,-91.0,0.0015280741267218408,-0.09185845831074424,3.423087955917538,3.351433122992966e-05,0.4
GRI,Central Nebraska Regional Airport,United States,3,3,0.00010249035152107594,8.810281175971098e-05,1.1190336957468353e-05,9.864825933344304e-06,3,6,1507,2329,2352,2300,1096,0.10918429677906989,-619.0,0.002575504868192107,-0.3763902074962484,4.5290645492920225,2.2855206136419387e-05,0.6666666666666666
GTF,Great Falls International Airport,United States,7,7,0.00018712591619304212,0.00012694702839993727,2.6289587912822583e-05,1.8222401985583945e-05,7,14,912,1275,1703,1639,1028,0.14049143190674784,-321.5,0.0021750316587401675,-0.2967140342919503,4.137510778499252,2.401955298466364e-05,0.42857142857142855
IDA,Idaho Falls Regional Airport,United States,4,4,0.00012527407725640367,9.079224548589362e-05,1.4342812753896042e-05,3.276909260546947e-06,4,8,1270,1966,2298,2111,1246,0.1144914659761573,-578.0,0.0024893802395302544,-0.3530033657222411,4.496448354068704,2.3842500403077112e-05,0.5
MOT,Minot International Airport,United States,4,4,0.00012376026354886437,0.00010084461738019528,1.4620351279773022e-05,3.444462124388162e-06,4,8,1270,1991,2102,2088,1238,0.11813445495775352,-603.0,0.0026714564326635725,-0.36516098501851424,4.588379549100034,2.339726107820752e-05,0.75
MSO,Missoula International Airport,United States,7,7,0.0001839934171080847,0.00012136585622960141,2.813938881385375e-05,1.3994908191099012e-05,7,14,912,1304,1781,1603,1054,0.15293693250625162,-350.5,0.002334661907141444,-0.31359579279246574,4.4851698292707445,2.3493082549535265e-05,0.42857142857142855
OGD,Ogden Hinckley Airport,United States,1,1,6.61120369632088e-05,5.9257080213103356e-05,2.962181680133879e-06,0.0,1,2,2658,3119,3128,2991,1725,0.04480548196968014,-77.5,0.0008245632411832342,-0.13754238242604977,3.4657359027997265,2.576760128697607e-05,0.0
PSC,Tri Cities Airport,United States,8,8,0.000201673943678263,0.00013031447139005844,3.433512579859919e-05,2.6273000753257866e-05,8,16,829,1189,1655,1472,990,0.170250678755879,-319.0,0.0023132372221745397,-0.3041621206169669,4.5050724630045735,2.3156524667629668e-05,0.375
PVU,Provo Municipal Airport,United States,3,3,0.00010220477397450252,7.900096040153526e-05,1.3026051140620546e-05,3.0184008826535383e-05,3,6,1507,2332,2532,2187,974,0.12745051560771725,-622.0,0.0016160143352022744,-0.3791804813844557,3.9986809111204487,2.2743214940662242e-05,0.3333333333333333
RAP,Rapid City Regional Airport,United States,7,7,0.00018090672818784216,0.00012904030532863984,2.9599047293160852e-05,2.4070314569612785e-05,7,14,912,1331,1679,1569,1002,0.1636149610888273,-377.5,0.003046608441627023,-0.3305141886082872,4.773187521767795,2.2974311310596873e-05,0.7142857142857143
RFD,Chicago Rockford International Airport,United States,5,5,0.0001404007139591454,0.00010580708276228694,1.5978263696734294e-05,7.663775189444497e-06,5,10,1107,1739,2013,2014,1124,0.11380471826791236,-551.0,0.0011510584569135866,-0.37656888950671075,3.7144528583026832,2.2633208961368206e-05,0.2
RST,Rochester International Airport,United States,3,3,0.00010270130228018685,8.695039584624318e-05,1.401083500876234e-05,1.0880438746582291e-05,3,6,1507,2320,2380,2139,1077,0.1364231484673716,-610.0,0.0026679188463836104,-0.37433407285799625,4.553715507348296,2.293793192412408e-05,0.6666666666666666
STC,St Cloud Regional Airport,United States,2,2,8.381874502432155e-05,6.818573756543325e-05,1.0043150120589925e-05,9.803637915040587e-06,2,4,1914,2659,2785,2363,1097,0.11981985792886449,-373.5,0.00255791800916014,-0.32754359779508313,4.396806035794654,2.3299511267607076e-05,0.5
AZD,Shahid Sadooghi Airport,Iran,4,4,0.00014914759577962534,0.00016755629820016022,0.00013783848611501021,3.246015515954166e-08,5,8,1107,1663,1272,693,1683,0.9241750454943637,-475.0,0.0013175065611465346,-0.17857092944547936,3.6126835226977536,3.086412352723576e-05,0.0
AZI,Bateen Airport,United Arab Emirates,4,4,0.0002947263040949605,0.0002763076889777159,0.00011823351496155858,0.0005784399649430324,4,8,1270,725,700,767,453,0.40116376895719447,663.0,0.0009954975293817025,0.502539822157317,1.4823972858474737,7.368139067671873e-05,0.25
FJR,Fujairah International Airport,United Arab Emirates,1,1,0.00010683891546697168,0.00010288831730746276,2.5124621887596407e-05,0.0,1,2,2658,2243,2058,1655,1725,0.2351635804030926,798.0,0.0002947263040949605,0.34242902216556637,1.3862943611198906,7.368157602374013e-05,0.0
XSB,Sir Bani Yas Airport,United Arab Emirates,2,2,0.00012331893856686317,0.00011235995331927737,7.062896825679239e-05,0.0,2,4,1914,2003,1917,1032,1725,0.5727341564693857,282.5,0.001969859826060482,0.0585737279259444,3.31136816197492,4.6534919256620076e-05,0.5
ZDY,,,1,1,0.00010683891546697168,0.00010288831730746276,2.5124621887596407e-05,0.0,1,2,2658,2243,2058,1655,1725,0.2351635804030926,798.0,0.0002947263040949605,0.34242902216556637,1.3862943611198906,7.368157602374013e-05,0.0
AZN,Andizhan Airport,Uzbekistan,3,3,9.578269116558452e-05,7.53439943629038e-05,5.950722252460664e-05,0.0,3,6,1507,2457,2653,1113,1725,0.6212732363275679,-748.0,0.0024651444803300195,-0.44407687825799336,4.661759549562203,2.022475112187499e-05,0.3333333333333333
BMW,Bordj Badji Mokhtar Airport,Algeria,1,1,7.358184458020155e-05,6.934099504379015e-05,6.1368250668681735e-06,0.0,1,2,2658,2913,2754,2669,1725,0.08340134855112603,128.5,0.00020733366164532525,-0.0304948966172649,1.791759469228055,3.455561027422088e-05,0.0
AZS,Samaná El Catey International Airport,Dominican Republic,5,4,0.00012904515703345768,0.00010063672583780894,3.5764733337704586e-05,1.50943463753971e-06,5,9,1107,1898,2106,1440,1341,0.27714897761278884,-710.0,0.0018915967075077713,-0.46090706863478026,4.228301208578053,1.9961313221072652e-05,0.4
IXE,Mangalore International Airport,India,8,7,0.0001876228277386205,0.00020273395705926086,0.0036710144532502665,9.948377447496771e-08,10,15,703,1269,1028,61,1630,19.56592647865002,-543.0,0.001437376442005664,-0.37638066147266613,4.0175383901140425,2.1090184119741365e-05,0.125
NJF,Al Najaf International Airport,Iraq,8,9,0.00017379603199411508,0.00013624829111099604,0.00045087516880266173,1.658963565688859e-07,9,17,750,1404,1581,330,1591,2.594277692242875,-615.0,0.0019122717463439056,-0.4529319919869401,4.38393554068996,1.905683180519555e-05,0.25
SKT,Sialkot Airport,Pakistan,9,9,0.00020055052448456252,0.0001624227252178835,0.0006547782125820489,9.948377447496771e-08,9,18,750,1193,1314,250,1630,3.264904014910471,-404.0,0.0015526453166574141,-0.3823583178182499,4.207728777609716,2.0436725330739117e-05,0.1111111111111111
BAL,Batman Airport,Turkey,3,3,9.7716335614508e-05,7.775633168603899e-05,5.222645570562196e-05,1.91386936334932e-08,3,6,1507,2407,2577,1189,1698,0.5344700594551139,-700.0,0.002427834277906174,-0.42409012328412743,4.590372537281846,2.0983043063846613e-05,0.3333333333333333
BAV,Baotou Airport,China,17,17,0.00031064288064297247,0.00025110718247490837,0.00021880069006280432,1.3797379905845445e-05,17,34,514,678,779,550,1056,0.7043479947453744,-155.0,0.0014274346588445232,-0.33685095687010413,4.154158931855281,1.843829100405985e-05,0.17647058823529413
CGO,Zhengzhou Xinzheng International Airport,China,55,55,0.0009212774321754585,0.0012936644925837398,0.0007797973952191889,0.00010216719470913483,55,110,165,216,142,221,823,0.8464305843005557,-48.0,0.0009910795085570964,0.02645222429583427,3.663446335244218,1.8760809776324568e-05,0.10909090909090909
CIF,Chifeng Airport,China,10,10,0.00020728118708987985,0.0001589185568108576,0.00011190675160456215,7.006083926208073e-06,10,20,703,1142,1339,790,1135,0.5398789594737217,-416.0,0.0010970822947313867,-0.41430025592699593,3.7863454061583113,1.9184895454349387e-05,0.1
CSX,Changsha Huanghua International Airport,China,70,70,0.0011927648494137004,0.001443902265364272,0.0010126352721574416,0.0005684550812444908,70,140,121,150,120,185,474,0.8489814842005103,-28.5,0.0009176781371128999,0.13605021674367546,3.510333300641508,1.9303449991218253e-05,0.1
NKG,Nanjing Lukou Airport,China,54,54,0.000910574268811152,0.001233259693865146,0.000789679380247159,0.00044300601396609203,54,108,172,218,152,217,502,0.8672322591304567,-45.0,0.0011656996148761759,0.02607823183278235,3.8212689957693233,1.887504779146036e-05,0.14814814814814814
SHE,Taoxian Airport,China,62,62,0.00108229233482469,0.0010785026927046333,0.0008211390489264589,0.00042015044171458385,62,124,140,178,183,211,517,0.7587035614175973,-37.0,0.0009410630141161706,0.11367331024960148,3.4189352217137414,1.9697965080717362e-05,0.0967741935483871
SJW,Shijiazhuang Daguocun International Airport,China,35,35,0.0006303691087324002,0.0006680970177495259,0.00044792609591129835,0.0003361099082109671,35,70,277,345,312,336,545,0.7105774850103714,-63.5,0.001009310194723058,-0.07436648971894488,3.6728427078246146,1.9702841456669014e-05,0.05714285714285714
TSN,Tianjin Binhai International Airport,China,52,52,0.0008886754648086346,0.0011231766511553046,0.0007249204268666722,0.00013451769103682855,52,104,176,223,173,232,781,0.8157313390246179,-45.5,0.0009756462646096475,0.02500080126496851,3.6098413273264436,1.91055631138274e-05,0.09615384615384616
TYN,Taiyuan Wusu Airport,China,47,47,0.0007798406739808294,0.0008331471080888276,0.0006233117078622669,5.100966687494331e-05,47,94,202,270,244,257,924,0.7992808385852282,-64.5,0.001037001632562174,-0.04331857254013549,3.762508773518164,1.8413794711915146e-05,0.0851063829787234
XIY,Xi'an Xianyang International Airport,China,86,86,0.0015656669855057923,0.0021914858658176393,0.0011110030714459947,0.0031993314299451976,86,172,86,107,74,169,194,0.7096036907791619,-20.0,0.0007213819948498566,0.2811857325773772,3.0793254620013677,2.081337087281521e-05,0.05813953488372093
BAX,Barnaul Airport,Russia,2,2,7.802557620497437e-05,7.629695550313637e-05,2.975074885496703e-05,3.852414018934615e-08,2,4,1914,2796,2621,1562,1672,0.38129483051571916,-511.5,0.0033566261964862202,-0.3991635949039498,5.105780157317822,1.9891764928947226e-05,1.0
BAY,Tautii Magheraus Airport,Romania,1,1,5.7938760142114306e-05,6.082518228124286e-05,1.1022319305042826e-05,0.0,1,2,2658,3397,3069,2310,1725,0.1902408556552967,-356.5,0.001066030780778097,-0.2695066219076576,4.189654742026425,1.6151981526940865e-05,0.0
BAZ,Barcelos Airport,Brazil,1,1,8.265552799386667e-05,6.658575217412385e-05,2.480115001615152e-06,0.0,1,2,2658,2677,2837,3031,1725,0.030005434141067797,362.5,0.0008141495744260254,0.08578849138576672,2.8903717578961645,4.523053191255697e-05,0.0
MAO,Eduardo Gomes International Airport,Brazil,18,18,0.0008141495744260254,0.0008437767063750125,5.252008280297307e-05,0.005709696834569803,18,36,488,251,237,1184,132,0.06450913253869803,249.5,0.0008579584145022609,0.5914125233395184,2.353173026813051,5.032287573968445e-05,0.1111111111111111
BBA,Balmaceda Airport,Chile,3,3,0.00017932459286322967,0.000146021466623381,8.212671674875084e-06,0.0,3,6,1507,1342,1477,2476,1725,0.04579779908458437,368.0,0.0006312554581749263,0.1830386614826658,2.228203909222642,5.298628117616941e-05,0.0
PMC,El Tepual Airport,Chile,5,5,0.0003119396729954393,0.0003308479747658346,1.2638298894538855e-05,0.0002897068847989093,5,10,1107,674,588,2216,591,0.040515202100387,514.0,0.0004207913160275818,0.42174034706540553,1.5120160930043653,6.299531697188619e-05,0.0
PUQ,Pdte. Carlos Ibañez del Campo Airport,Chile,4,4,0.0002534455172941638,0.00024110066371732617,9.60435517666627e-06,7.546012409012638e-05,5,8,1107,852,830,2390,872,0.03789514716695063,336.0,0.00047760826317409116,0.3516415572189313,1.5992324138040366,6.153998277380753e-05,0.0
BBI,Biju Patnaik Airport,India,6,7,0.0001741874920001391,0.00012728649689450634,0.005109444233324461,6.271068999890103e-06,7,13,912,1400,1697,36,1152,29.333014527359865,-446.5,0.0012311490431553029,-0.27333366371384926,3.639754399589617,2.5485865929131365e-05,0.16666666666666666
IXZ,Vir Savarkar International Airport,India,3,3,0.00010675988477541885,0.00015804357910552484,0.003577279954333527,0.0,4,6,1270,2247,1350,65,1725,33.50771651598097,-859.0,0.0006796875275274762,-0.33557662489269724,3.0819025052711577,2.4529532925097544e-05,0.0
VTZ,Vishakhapatnam Airport,India,9,8,0.00022916891996891395,0.00022793052142588852,0.006029340817382722,1.568955907256271e-06,9,17,750,989,898,25,1338,26.30959214801284,-200.0,0.0012434603681847126,-0.24896515184591728,3.574233149487193,2.4177692058281117e-05,0.2222222222222222
BBK,Kasane Airport,Botswana,3,3,0.00013801799651294545,0.00011896606106400708,5.363064639141782e-05,0.0,3,6,1507,1770,1819,1167,1725,0.3885771982379669,-60.0,0.0010591006407461563,-0.07877478397364435,2.75521672186011,3.6787615963973084e-05,0.3333333333333333
GBE,Sir Seretse Khama International Airport,Botswana,8,8,0.0003024899106588592,0.00022396066807895754,0.00015387376951564344,1.4691686569348639e-05,8,16,829,701,922,656,1049,0.5086905846892148,169.0,0.0008266025738004374,0.1012335500371151,2.570076552888988,3.798240219917224e-05,0.125
MUB,Maun Airport,Botswana,6,6,0.00024014946577959197,0.00018040714006793473,9.804012584269202e-05,0.0,6,12,996,918,1180,862,1725,0.4082462791429767,133.0,0.0007496073253453008,0.04779558055103017,2.467056960528606,3.8419586281390724e-05,0.16666666666666666
BBN,Bario Airport,Malaysia,2,2,0.00013517367278081098,0.00011627199395936621,3.019389086250218e-05,0.0,2,4,1914,1804,1841,1554,1725,0.22337109173220934,480.0,0.0006102997685325133,0.150360148784495,2.393745871391023,5.3508292315684004e-05,0.0
MUR,Marudi Airport,Malaysia,6,6,0.0003941709238124287,0.0003441678110540838,7.982717754824718e-05,0.0002892199824715162,6,12,996,537,574,967,599,0.20251919338990607,514.0,0.000244528960183976,0.5433187089801601,0.9613868326322953,6.861987215871099e-05,0.0
MYY,Miri Airport,Malaysia,20,20,0.0008264286132525978,0.0006590669366020404,0.0004443539014824931,0.0023438193603544473,20,40,440,244,320,339,234,0.5376797152916055,206.5,0.0006177798392349423,0.5414299691421691,1.9526460561586163,4.601288456444076e-05,0.15
BSA,Bosaso Airport,Somalia,2,2,0.0001167045150822504,0.00016025852863223768,5.666592978479794e-05,4.727312704322576e-05,2,4,1914,2091,1329,1146,933,0.4855504497393372,194.5,0.0001792148988156157,0.003444960285063914,1.4451858789480823,4.2644081917086985e-05,0.0
BCD,Bacolod-Silay Airport,Philippines,4,4,0.0001685715944386726,0.0001310923618840731,6.831675548641484e-05,0.0,4,8,1270,1438,1647,1049,1725,0.4052684897114674,-50.0,0.001028955041219377,-0.05614676843462796,2.8826667866115967,3.657706429447664e-05,0.25
CEB,Mactan Cebu International Airport,Philippines,29,29,0.0010684859267028083,0.000806078665678692,0.0005715326612146116,0.0012438935225598626,29,58,339,182,254,274,336,0.5348995685682806,163.0,0.0007212927972477614,0.5692551465625524,2.010525062991189,4.1552793143986176e-05,0.1724137931034483
CGY,Laguindingan Airport,Philippines,5,5,0.0001996279416347351,0.00014744792087599431,8.777907822714532e-05,1.4607069821793748e-07,5,10,1107,1199,1463,923,1600,0.4397133863542869,-11.0,0.000871864073585258,-0.02461412403467733,2.6773930273624025,3.6569027248246636e-05,0.2
DVO,Francisco Bangoy International Airport,Philippines,9,9,0.00033603693579486874,0.0002590247926098036,0.00018396071364668308,2.322562577847634e-05,9,18,750,633,748,610,1007,0.5474419447717513,156.0,0.0008449932368195605,0.13379655662066892,2.413537419048255,3.814736731981562e-05,0.2222222222222222
BCI,Barcaldine Airport,Australia,1,1,7.647080407366974e-05,6.192379855982829e-05,1.1962681719915284e-05,0.0,2,2,1914,2840,3019,2251,1725,0.15643462710802394,-556.5,0.0022772631660361747,0.008015806868353792,4.0943445622221,3.795438610060291e-05,1.0
LRE,Longreach Airport,Australia,4,2,0.00029595051093084544,0.00027883973115633753,4.5266247482137725e-05,0.0020272282477463745,4,6,1270,717,698,1272,262,0.15295208425139384,671.0,0.0006601860993334708,0.5066849267478197,1.1968729356955115,7.404145145578173e-05,0.25
BJL,Banjul International Airport,Gambia,7,7,0.00017440305576155754,0.0001821822349310531,6.584364800078751e-05,5.304326253539847e-06,7,14,912,1399,1163,1068,1181,0.37753723817092066,-445.5,0.000983977799715616,-0.36712674028501624,3.4415793635650074,2.1881257148595138e-05,0.14285714285714285
BJZ,Badajoz Airport,Spain,2,2,7.120301528464616e-05,5.992571392420051e-05,1.7723059405789447e-05,0.0,2,4,1914,3007,3118,1933,1725,0.24890883251135507,-722.0,0.002546538504680501,-0.4906651008851668,5.078172616916865,1.5878493797723657e-05,1.0
CLJ,Cluj-Napoca International Airport,Romania,18,18,0.00026998732090432277,0.00021072897027589216,0.00016102818931482946,1.061779660658565e-05,18,36,488,790,980,639,1083,0.5964287092277718,-289.5,0.0012339297459975152,-0.5123565798666299,4.224576492254852,1.475671538599633e-05,0.16666666666666666
EAS,San Sebastian Airport,Spain,2,2,7.120301528464616e-05,6.748040679992184e-05,1.7723059405789447e-05,0.0,2,4,1914,3007,2801,1933,1725,0.24890883251135507,-722.0,0.002546538504680501,-0.4906651008851668,5.078172616916865,1.5878493797723657e-05,1.0
FEZ,Saïss Airport,Morocco,16,16,0.00026523769920728434,0.00020593755193617347,0.00011930970299096133,1.9122468108344422e-05,16,32,533,807,1011,760,1026,0.44982181397117427,-265.5,0.0010864877755169602,-0.45749502448820323,3.891680082124902,1.6252067917320442e-05,0.125
GOA,Genoa Cristoforo Colombo Airport,Italy,17,17,0.0002667954177456488,0.0002029005554912417,0.00017839180755653642,3.461220925964505e-05,17,34,514,804,1027,616,963,0.6686464447699302,-281.0,0.0017813644921783368,-0.4890127764748309,4.386897405225489,1.540386451348072e-05,0.4117647058823529
GRX,Federico Garcia Lorca Airport,Spain,5,5,0.00012036958592576145,0.00012302571898064013,3.9044289543124754e-05,9.909774217999566e-07,5,10,1107,2044,1761,1365,1405,0.32437005779188705,-856.0,0.0015242121476035317,-0.5305025738908142,3.986853912678902,1.792000239024867e-05,0.4
LCG,A Coruña Airport,Spain,6,6,0.00012456824874016784,0.00013664445896288083,6.629061151792816e-05,1.597895543336907e-07,6,12,996,1977,1573,1062,1593,0.5321629884690859,-926.0,0.0018015183040945941,-0.6086121746698012,4.520945333296971,1.5756602546023543e-05,0.5
LEI,Almería International Airport,Spain,14,15,0.00022727175796097017,0.00018730886255763997,0.00011862230472151479,5.796393014823451e-06,15,29,551,994,1129,763,1164,0.521940366835575,-432.0,0.0015893747326146998,-0.5296563529847926,4.398846056424796,1.5383376670223703e-05,0.21428571428571427
LEN,Leon Airport,Spain,1,1,5.70399806230078e-05,5.172762628400938e-05,9.060540442407465e-06,0.0,1,2,2658,3407,3410,2418,1725,0.15884543338629364,-367.0,0.002460418798538636,-0.2851407786257667,5.093750200806762,1.5094593856065251e-05,1.0
MAH,Menorca Airport,Spain,25,23,0.0003531550664813071,0.0003091801254144659,0.00023393482398758328,3.9616927971654346e-06,26,48,362,606,633,529,1211,0.6624138974372203,-236.5,0.001584930957672031,-0.4463384752122517,4.556756950784632,1.4538611346448004e-05,0.2
POZ,Poznań-Ławica Airport,Poland,19,19,0.00027913619661933375,0.00020867171746304872,0.00015993777938887993,1.3711465435992195e-05,19,38,462,759,994,642,1058,0.5729739866270077,-284.5,0.0013857706120701011,-0.5123627790337917,4.284140727400224,1.4546540008194398e-05,0.15789473684210525
RGS,Burgos Airport,Spain,1,1,5.70399806230078e-05,5.172762628400938e-05,9.060540442407465e-06,0.0,1,2,2658,3407,3410,2418,1725,0.15884543338629364,-367.0,0.002460418798538636,-0.2851407786257667,5.093750200806762,1.5094593856065251e-05,1.0
RNS,Rennes-Saint-Jacques Airport,France,9,9,0.00016775485631308375,0.00015459296936604203,8.118884425758688e-05,3.287759133241302e-06,9,18,750,1446,1388,958,1245,0.4839731381967432,-657.0,0.0014064707634578965,-0.560920800123645,4.184463068897184,1.6149709885694584e-05,0.2222222222222222
SLM,Salamanca Airport,Spain,1,1,5.70399806230078e-05,5.172762628400938e-05,9.060540442407465e-06,0.0,1,2,2658,3407,3410,2418,1725,0.15884543338629364,-367.0,0.002460418798538636,-0.2851407786257667,5.093750200806762,1.5094593856065251e-05,1.0
TSR,Timişoara Traian Vuia Airport,Romania,12,12,0.00019284628357219816,0.00014641936626408683,0.00010079740536378998,1.129841628020921e-06,12,24,624,1231,1473,843,1388,0.5226826438999187,-589.5,0.0012836279093424296,-0.5988795625277996,4.298686397125055,1.4572226269732003e-05,0.25
VGO,Vigo Airport,Spain,5,5,0.00010942611046779803,0.00013004545683328948,5.042277693985912e-05,2.4345116369656244e-08,5,10,1107,2201,1663,1216,1688,0.4607929197547194,-1013.0,0.00213972029397683,-0.625819935029865,4.719718808850975,1.534506698735853e-05,0.6
VLL,Valladolid Airport,Spain,1,2,5.70399806230078e-05,6.683701203545203e-05,9.060540442407465e-06,0.0,2,3,1914,3407,2832,2418,1725,0.15884543338629364,-1123.0,0.002460418798538636,-0.2851407786257667,5.093750200806762,1.5094593856065251e-05,1.0
XRY,Jerez Airport,Spain,15,15,0.00022872283423283027,0.00019984529251041068,0.00013833954118261263,3.927886788708235e-06,16,30,533,990,1040,692,1212,0.6048348502090909,-448.5,0.0016979835046116102,-0.5658241817327472,4.6160235896002195,1.4471628130413066e-05,0.26666666666666666
BCV,,,5,5,0.00023277848572860095,0.00017141588119059316,8.889587034683504e-06,1.4607069821793748e-07,5,10,1107,966,1239,2435,1600,0.03818904056729698,222.0,0.0003226430812127206,0.1290178300669904,1.901198122815428,4.4369155256135085e-05,0.0
CUK,,,4,4,0.00019112338827863095,0.00018935988161782004,7.298818829323829e-06,0.0,4,8,1270,1246,1105,2558,1725,0.03818904057248703,141.5,0.0003659367788087355,0.06941191060398388,2.085709951067865,4.320994482177004e-05,0.0
SPR,San Pedro Airport,Belize,7,7,0.00035852530444040745,0.0003745361903324678,1.1042080521482764e-05,0.0005785860356412503,7,14,912,600,536,2309,452,0.030798608591149332,353.5,0.0002560954088358014,0.35350346858689896,1.5079732483679738,5.282617286306549e-05,0.0
SQS,,,4,4,0.00019112338827863095,0.0001432829672240979,7.298818829323829e-06,0.0,4,8,1270,1246,1502,2558,1725,0.03818904057248703,141.5,0.0003659367788087355,0.06941191060398388,2.085709951067865,4.320994482177004e-05,0.0
TZA,,,6,6,0.00026952013074616594,0.0002529785605759679,1.0088725049144828e-05,1.996299542311812e-06,6,12,996,793,770,2359,1308,0.03743217629501074,258.0,0.0002974037846436943,0.16317716117636039,1.8221844949528812,4.417854016643226e-05,0.0
BDB,Bundaberg Airport,Australia,1,1,7.647080407366974e-05,7.967466371136851e-05,1.1962681719915284e-05,0.0,1,2,2658,2840,2511,2251,1725,0.15643462710802394,199.5,0.0022772631660361747,0.008015806868353792,4.0943445622221,3.795438610060291e-05,1.0
BDH,Bandar Lengeh Airport,Iran,2,2,8.522964608641192e-05,6.991737035707021e-05,7.906145900632533e-05,0.0,2,4,1914,2629,2744,973,1725,0.9276286202827496,-343.5,0.002197815042066848,-0.31085093583747536,4.247269250425716,2.412945309297486e-05,0.5
BDJ,Syamsudin Noor Airport,Indonesia,8,8,0.00028400710478578565,0.00024910297700117545,0.00015989860327349668,2.7523923654914537e-05,8,16,829,742,793,643,984,0.5630091662463913,128.0,0.0005483478329049447,0.03818488101595108,2.432640174970638,3.526434249889108e-05,0.0
BDO,Husein Sastranegara International Airport,Indonesia,9,9,0.00027641609827850516,0.0002935836565444168,0.00024758892582474296,1.4200415422150169e-05,9,18,750,764,678,507,1052,0.8957109494226448,25.0,0.0010484813299058342,-0.06151719237800002,3.15686434375443,3.0353793790322233e-05,0.2222222222222222
BPN,Sultan Aji Muhamad Sulaiman Airport,Indonesia,14,14,0.0004811597595668474,0.0005928842643675772,0.00031997351301556794,0.0003217138450514124,14,28,574,449,355,424,554,0.6650047238023739,133.5,0.000936687237946174,0.22039652936905352,2.784913860001164,3.671850284210498e-05,0.14285714285714285
JOG,Adi Sutjipto International Airport,Indonesia,13,13,0.00039616604020017103,0.00041509745176123694,0.0003265609130457683,1.4582475733421358e-05,13,26,592,535,496,415,1050,0.8243031454204574,72.5,0.0010015325849211559,0.07171621144280849,3.076708557657449,3.185126375092261e-05,0.15384615384615385
KBU,,,2,2,0.00011369185572368865,7.829621848011076e-05,3.168507805634103e-05,1.8989190768331873e-07,2,4,1914,2137,2552,1512,1584,0.2786925928392528,148.5,0.0007431621699076704,-0.02270849923787388,2.668769039850659,4.087192933814151e-05,0.0
PKN,Iskandar Airport,Indonesia,6,6,0.00023049146679248356,0.00014725017493464617,0.00012673376726950105,0.00015406296278756997,6,12,996,978,1465,731,750,0.5498414715005575,73.0,0.00057128167504669,0.0067479182990730635,2.288977761487294,3.652586097733219e-05,0.0
SRG,Achmad Yani Airport,Indonesia,9,9,0.00028362873883210847,0.0002576482937514118,0.00023770831063060234,2.5082399927774712e-05,9,18,750,744,752,522,994,0.8380967020810669,45.0,0.001220464729109058,-0.03575839994069163,3.3339680910764447,3.129662262066725e-05,0.2222222222222222
BTH,Hang Nadim International Airport,Indonesia,17,17,0.0006180359755613842,0.0004719183168865169,0.0003490670004251003,0.0003294277187655843,17,34,514,353,432,395,550,0.5648004553586549,170.0,0.00041660010080002977,0.3510517531434596,1.9514579565512562,3.971116953997688e-05,0.0
JHB,Senai International Airport,Malaysia,12,12,0.0003698670846040032,0.0002928724877457104,0.00029828000550742866,5.930972452094862e-06,12,24,624,582,680,444,1160,0.8064518794008962,59.5,0.0007695092165571562,0.05237073438321538,2.8464346496458375,3.1927206751316033e-05,0.08333333333333333
PKU,Sultan Syarif Kasim Ii (Simpang Tiga) Airport,Indonesia,7,7,0.00022035826371135801,0.0002612998416385038,0.00021473028430930955,7.498410250199194e-06,7,14,912,1043,739,557,1127,0.9744598668220565,-89.5,0.0012843814212503998,-0.1332410799291388,3.397998517228434,2.9604821498456493e-05,0.2857142857142857
BDP,Bhadrapur Airport,Nepal,1,1,7.219024195901455e-05,6.101706638165709e-05,0.00013342338437691124,0.0,1,2,2658,2955,3053,707,1725,1.8482191049125634,82.5,0.0010533897829782739,-0.04958833118034356,3.4657359027997265,3.291843071807106e-05,0.0
BDQ,Vadodara Airport,India,2,2,8.616565979970424e-05,9.582037505415719e-05,0.003015442883210801,0.0,2,4,1914,2609,2214,74,1725,34.99587759462792,-326.5,0.002216814907883757,-0.29992854780755174,4.4967757931499905,2.4680049393160956e-05,0.5
BDS,Brindisi – Salento Airport,Italy,19,19,0.0002736283706255467,0.00020993301804657567,0.00017405169920697275,2.796082735462128e-06,19,38,462,776,987,621,1270,0.6360879129933422,-301.5,0.0012164132698699013,-0.5322917274904029,4.303295320421772,1.4205498151360116e-05,0.10526315789473684
BDU,Bardufoss Airport,Norway,1,1,5.976162255486711e-05,5.4046112402472804e-05,8.843020864763018e-06,0.0,1,2,2658,3369,3312,2436,1725,0.1479715658095502,-329.0,0.0019028386562884993,-0.23852952338107158,4.6443908991413725,1.829652554123557e-05,0.0
BEB,Benbecula Airport,United Kingdom,2,2,8.26393624037241e-05,7.244769933740161e-05,1.3425790950175453e-05,0.0,2,4,1914,2682,2696,2168,1725,0.16246242177650716,-396.5,0.0006172100422219911,-0.3417141584752166,2.8762863194128165,2.260575681023958e-05,0.0
BNX,Banja Luka International Airport,Bosnia and Herzegovina,3,3,8.480904953423441e-05,6.927750300976244e-05,3.732175379742825e-05,3.576052578178712e-09,3,6,1507,2644,2755,1399,1722,0.4400680588026491,-934.0,0.001015557714275077,-0.5657566168326831,3.8120580006236966,1.592136224596716e-05,0.0
SKP,Skopje Alexander the Great Airport,Macedonia,23,23,0.0003562522962777446,0.00025222510105309424,0.00025807621244637005,0.00026735381707451825,23,46,393,602,775,489,701,0.7244197866030493,-201.5,0.0012065548308469434,-0.3862039657630625,3.9899544677135883,1.5961264495352732e-05,0.13043478260869565
TGD,Podgorica Airport,Montenegro,12,12,0.00020875764124943399,0.0001733347116752085,0.0001597743786931142,9.77747040951011e-06,12,24,624,1133,1223,644,1098,0.7653582294609654,-491.5,0.0024661846222959597,-0.5195990080674884,4.83245213920998,1.6132163295482117e-05,0.4166666666666667
TIV,Tivat Airport,Montenegro,6,6,0.00013248435451076952,0.00015010402950237295,7.861605621501765e-05,1.3449883869567534e-06,6,12,996,1838,1436,977,1353,0.5933987941846146,-787.0,0.0026301005495014316,-0.5470013637389126,4.908513889362922,1.7308780149364436e-05,0.5
VAR,Varna Airport,Bulgaria,9,9,0.00016880447084243247,0.00012085079683741751,0.0001050599448099704,2.8007318734428356e-06,9,18,750,1437,1788,820,1268,0.62237655368759,-648.0,0.001616656051698919,-0.5546834574173438,4.28994380259009,1.6286914399593996e-05,0.2222222222222222
BEJ,Kalimarau Airport,Indonesia,1,1,7.342284697297671e-05,8.616890210714749e-05,1.9426963242418767e-05,0.0,1,2,2658,2916,2389,1868,1725,0.26459016564106896,125.5,0.0004811597595668474,-0.03265806117404857,2.6390573296152584,3.4368554254774814e-05,0.0
BVS,Breves Airport,Brazil,1,0,7.35373410816027e-05,6.0900112332530596e-05,2.41566117306111e-06,0.0,1,1,2658,2914,3067,3043,1725,0.03284944951137826,127.0,0.0006210585576838394,-0.031099895887157558,2.8903717578961645,3.4503253204657746e-05,0.0
CAY,Cayenne-Rochambeau Airport,French Guiana,4,4,0.00013288699712381445,0.00012705735341157374,2.040156175088003e-05,0.00010050919433099969,4,8,1270,1835,1700,1828,828,0.15352564353509573,-447.0,0.0008302558561695842,-0.2940081994140975,3.0033251682153446,2.6081594501088792e-05,0.25
CKS,Carajás Airport,Brazil,4,3,0.00020838582355769573,0.00018029482985065115,6.909611500900448e-06,0.003946279370643962,4,7,1270,1134,1181,2586,166,0.03315778099937487,254.0,0.0004871935009663867,0.1558839616136165,2.1165802152606203,4.8287131680955874e-05,0.0
CNF,Tancredo Neves International Airport,Brazil,33,33,0.0010271578180693574,0.0010097528042749093,0.00010589642333634118,0.004009599971273288,35,66,277,193,195,816,163,0.10309654609394277,88.5,0.0007243462488649351,0.4501524673627495,2.6408515912285155,3.504271809157394e-05,0.06060606060606061
FOR,Pinto Martins International Airport,Brazil,19,19,0.00054389557849717,0.0005911346859963461,8.734037531866558e-05,0.0005001452882503169,19,38,462,400,357,926,486,0.16058298462361933,74.5,0.0008886058495390609,0.15469467546917848,3.0416479805685626,3.0940309771860613e-05,0.05263157894736842
IMP,Prefeito Renato Moreira Airport,Brazil,5,5,0.00017582883338737213,0.00015632853724694497,1.2113231560648945e-05,0.0002892199824715162,6,10,996,1382,1368,2238,599,0.06889217955488583,-331.0,0.0007079690105311918,-0.15155848201969313,2.8659904073281153,3.096923707253288e-05,0.0
MCP,Alberto Alcolumbre Airport,Brazil,1,1,7.35373410816027e-05,9.435447018101567e-05,2.41566117306111e-06,0.0,1,2,2658,2914,2232,3043,1725,0.03284944951137826,127.0,0.0006210585576838394,-0.031099895887157558,2.8903717578961645,3.4503253204657746e-05,0.0
MEU,Monte Dourado Airport,Brazil,2,3,0.00010556079699762112,8.171289291192564e-05,3.292437206935998e-06,6.872967911907716e-05,3,5,1507,2268,2464,2966,884,0.031189961620033953,-558.5,0.0004612278949410449,-0.09691320611734078,2.484906649788,3.608895361471952e-05,0.0
SLZ,Marechal Cunha Machado International Airport,Brazil,8,8,0.00025422334912638734,0.00027370602443324224,2.905212363601877e-05,2.2910356795377862e-05,8,16,829,848,704,1582,1011,0.11427795179260063,22.0,0.000951529065200017,-0.0726011657776553,3.135558108637053,3.088437843096247e-05,0.125
SFA,Sfax Thyna International Airport,Tunisia,5,5,0.00013446693688906594,0.00015461526255422007,8.885915553646896e-05,2.901579675195971e-06,5,10,1107,1811,1387,917,1266,0.6608253120971811,-623.0,0.0012228696335482615,-0.41975111982809743,3.4424194654137494,2.123702614567432e-05,0.2
BIA,Bastia-Poretta Airport,France,23,23,0.0003600563897736982,0.0003590332936685498,0.0002161440114120339,0.0002528286121789175,23,46,393,595,561,554,706,0.6003060008124955,-194.5,0.0013903488619484003,-0.3755824855731271,4.12538950502195,1.615584728185979e-05,0.17391304347826086
CYF,Chefornak Airport,United States,2,2,0.0002697806407505166,0.00024067462654424234,3.8010911018358606e-07,0.0,2,4,1914,791,833,3301,1725,0.0014089562139304771,1494.5,0.0013263601190001725,0.8414089192141905,1.8920948169591307,0.00013268886044308983,0.5
EEK,Eek Airport,United States,2,2,0.00023601084522475925,0.0002714845465054075,3.090434709413906e-07,0.0,2,4,1914,943,707,3326,1725,0.0013094460580702573,1342.5,0.0013464061034307569,0.7076774904021033,2.094827371013213,0.00011282427507415454,0.5
GNU,,,1,1,0.00013439308054982954,0.0001101677016996092,1.89350962454684e-07,0.0002892199824715162,2,2,1914,1815,1943,3358,599,0.0014089338653449311,468.5,0.0023341612758507845,0.5718757277365487,3.091042453358316,0.0001060982398113993,1.0
HPB,Hooper Bay Airport,United States,2,2,0.00023372709812286935,0.00019159600398262525,3.2930942732878655e-07,0.0001443178498393222,3,4,1507,958,1094,3321,770,0.0014089484273478207,751.5,0.0012839441869868268,0.6979539195140578,1.8920948169591307,0.00011148089443641698,0.5
KKH,Kongiganak Airport,United States,3,2,0.0002610192484112136,0.0002369842417159773,3.677622017533941e-07,0.0,3,5,1507,824,857,3306,1725,0.0014089466734423205,886.0,0.0009046268728270032,0.5584352831629946,1.6276006408621237,8.502340025992643e-05,0.3333333333333333
KPN,Kipnuk Airport,United States,3,2,0.0003185589621495607,0.0002303063361258033,4.4883588578526264e-07,0.0,3,5,1507,663,882,3282,1725,0.0014089570193116653,1047.0,0.0009497560595605656,0.7576487122248459,1.6276006408621237,0.00010758799362670762,0.3333333333333333
KWK,Kwigillingok Airport,United States,2,3,0.0002453262620803956,0.00024445877306686413,3.4565204712264364e-07,0.0,3,5,1507,888,813,3310,1725,0.0014089484109506807,822.0,0.0012975902621309991,0.7463887386936712,1.8920948169591307,0.00011830393200850306,0.5
KWN,Quinhagak Airport,United States,3,3,0.00035865093101072936,0.00044857447367603934,4.224370834287587e-07,0.0022611744084136717,3,6,1507,599,459,3289,248,0.0011778502351528013,1111.0,0.0009053331538717829,0.8761907083021567,1.2613965446394204,0.0001233103343211947,0.3333333333333333
KWT,Kwethluk Airport,United States,2,2,0.00024358818983254257,0.00025022974105277663,2.76081788181413e-07,0.0002892199824715162,2,4,1914,900,784,3337,599,0.0011333956230439928,1385.0,0.0012955454712876408,0.7392787849466096,1.8920948169591307,0.00011728153658682397,0.5
MLL,Marshall Don Hunter Sr Airport,United States,1,2,0.00013439308054982954,0.00017616246999093034,1.89350962454684e-07,1.4636342506807364e-06,3,3,1507,1815,1200,3358,1344,0.0014089338653449311,-107.0,0.0023341612758507845,0.5718757277365487,3.091042453358316,0.0001060982398113993,1.0
NME,Nightmute Airport,United States,1,2,0.00013439308054982954,0.00017616246999093034,1.89350962454684e-07,0.0002886356996786444,3,3,1507,1815,1200,3358,682,0.0014089338653449311,-107.0,0.0023341612758507845,0.5718757277365487,3.091042453358316,0.0001060982398113993,1.0
OOK,Toksook Bay Airport,United States,2,2,0.00019151014021247682,0.00020999310213196056,2.6982608498950845e-07,0.000578428255869027,4,4,1270,1241,985,3340,465,0.0014089388932102581,147.0,0.001234277178200307,0.4987404908101656,1.8920948169591307,8.664739004315703e-05,0.5
PQS,,,3,2,0.00029787949010537536,0.00025977331718966855,6.370523635250032e-07,0.0006617002629272567,3,5,1507,710,745,3235,432,0.0021386244595075843,1000.0,0.0009062783925376101,0.6905301389535339,1.492445604826069,9.947839689747411e-05,0.3333333333333333
VAK,Chevak Airport,United States,2,2,0.00023372709812286935,0.00019159600398262525,3.2930942732878655e-07,0.00014460706396725675,3,4,1507,958,1094,3321,767,0.0014089484273478207,751.5,0.0012839441869868268,0.6979539195140578,1.8920948169591307,0.00011148089443641698,0.5
WNA,Napakiak Airport,United States,1,1,0.00013439308054982954,0.0001101677016996092,1.89350962454684e-07,0.0002892199824715162,2,2,1914,1815,1943,3358,599,0.0014089338653449311,468.5,0.0023341612758507845,0.5718757277365487,3.091042453358316,0.0001060982398113993,1.0
WTL,,,1,2,0.00013439308054982954,0.00017616246999093034,1.89350962454684e-07,0.0,2,3,1914,1815,1200,3358,1725,0.0014089338653449311,468.5,0.0023341612758507845,0.5718757277365487,3.091042453358316,0.0001060982398113993,1.0
BEU,Bedourie Airport,Australia,2,2,0.00022442505548955327,0.00020864060573420429,7.782213714709064e-06,0.00017210008742490364,2,4,1914,1015,995,2514,737,0.0346762249773458,1270.5,0.00021201821120510656,0.6573415549849866,0.6931471805599453,0.00010600910560255328,0.0
BQL,Boulia Airport,Australia,2,2,0.0001866405092356767,0.00016144186843225348,1.2074783994503686e-05,0.0004601954710634954,2,4,1914,1280,1321,2244,499,0.06469540853672064,1005.5,0.00036130227030099717,0.47298408823765925,1.4451858789480825,8.37829019341906e-05,0.0
BVI,Birdsville Airport,Australia,2,2,0.00023739591317453642,0.0002255408899425291,6.236307223193056e-06,1.1685655857434998e-06,2,4,1914,940,915,2660,1375,0.026269648621154003,1345.5,0.00022727804375247522,0.7135289991829943,0.6931471805599453,0.00011363902187623761,0.0
UEL,Quelimane Airport,Mozambique,3,3,0.00014671705768989196,0.00011552447579777515,4.0850492131010934e-05,0.0,3,6,1507,1678,1853,1333,1725,0.27843042093547465,32.0,0.0003495463599194057,-0.01765291574824346,2.0971897131861064,4.019901250523945e-05,0.0
BFD,Bradford Regional Airport,United States,2,2,0.00010734219132199671,9.374282943942617e-05,6.776047955273339e-06,0.0,2,4,1914,2232,2251,2602,1725,0.06312567194521938,52.0,0.000630543044028422,-0.080178486594086,2.3592494356475475,3.71368326227746e-05,0.0
JHW,Chautauqua County-Jamestown Airport,United States,2,2,0.00010734219132199671,9.374282943942617e-05,6.776047955273339e-06,0.0,2,4,1914,2232,2251,2602,1725,0.06312567194521938,52.0,0.000630543044028422,-0.080178486594086,2.3592494356475475,3.71368326227746e-05,0.0
BFF,Western Neb. Rgnl/William B. Heilig Airport,United States,1,1,6.564031625125899e-05,5.536753653525833e-05,3.6699106447686035e-06,0.0,1,2,2658,3132,3242,2924,1725,0.05590939919790856,-97.0,0.004260935440547963,-0.14470313084707165,5.1298987149230735,2.5212635742887355e-05,1.0
BFI,Boeing Field King County International Airport,United States,2,2,0.00045617417829884276,0.0004557960856500783,1.499686812579625e-10,0.0,3,4,1507,470,449,3380,1725,3.2875311315783643e-07,1240.0,0.00024233211924718347,1.3666744386261982,0.0,0.00024233211924718347,0.0
CLM,William R Fairchild International Airport,United States,1,1,0.00023808360149871937,0.00023788626971212663,7.498434062898057e-11,0.0,1,2,2658,932,848,3398,1725,3.149496233968214e-07,2109.0,0.00045617417829884276,1.143728663770169,0.6931471805599453,0.00022808708914942138,0.0
ESD,Orcas Island Airport,United States,1,1,0.00023808360149871937,0.00023788626971212663,7.498434062898057e-11,0.0,2,2,1914,932,848,3398,1725,3.149496233968214e-07,1353.0,0.00045617417829884276,1.143728663770169,0.6931471805599453,0.00022808708914942138,0.0
BFJ,Bijie Feixiong Airport,China,7,7,0.00015568223003525642,0.0001034457061889319,9.827336512797856e-05,5.89085236628834e-07,7,14,912,1585,2052,860,1460,0.6312433031420682,-631.5,0.001539417973693567,-0.48067883035850834,4.324609848013606,1.8734899876446376e-05,0.14285714285714285
KMG,Kunming Changshui International Airport,China,95,95,0.0019286214056921495,0.002354790884894524,0.002466697539364763,0.002661064834349184,95,190,70,78,63,109,215,1.2789952097827655,-7.5,0.0007960944812329546,0.4283218761865699,3.0594917112574973,2.33363694254942e-05,0.09473684210526316
SZX,Shenzhen Bao'an International Airport,China,86,86,0.00150919959505324,0.0018240623379040955,0.0012470486109280921,0.0008780969029595474,86,172,86,111,91,157,386,0.8262980026072032,-24.0,0.0007731967501099009,0.2444532513454929,3.227060218803194,2.004090315074435e-05,0.06976744186046512
BFL,Meadows Field,United States,5,5,0.00013796781263092248,0.00010206767157839783,2.488189964147296e-05,0.0,5,10,1107,1771,2075,1662,1725,0.18034568474340096,-583.0,0.0030409542706928997,-0.39404905011739544,4.883798828289966,2.206076158929131e-05,0.6
BFN,Bram Fischer International Airport,South Africa,3,3,0.00012855694211452828,0.00010864926396003078,5.7603260606673574e-05,0.0,3,6,1507,1905,1979,1134,1725,0.4480758460741561,-195.5,0.0012742737293148481,-0.14978693466394155,3.3649642426877087,3.3077398551440753e-05,0.3333333333333333
DUR,King Shaka International Airport,South Africa,13,13,0.00044988814219708637,0.0004107119716299434,0.0002871059454723379,0.00011530317598054408,13,26,592,477,501,453,808,0.638171844383849,130.5,0.0007743969140781814,0.19888177360212023,2.3869871716424864,3.6712992450749136e-05,0.15384615384615385
BFQ,,,1,1,0.00012756191695454977,0.00012556734962664327,5.39963793150146e-07,0.0002892199824715162,2,2,1914,1919,1717,3253,599,0.004232954521548424,363.0,0.0009806157774369666,0.5197086548717387,2.302585092994046,9.806157774369666e-05,0.0
JQE,Jaqué Airport,Panama,1,1,0.00015263720528477348,0.00015090518059988743,4.589692227735215e-07,0.0,2,2,1914,1620,1421,3274,1725,0.003006928893366646,663.0,0.00012756191695454977,0.6991706833164066,0.0,0.00012756191695454977,0.0
MJV,San Javier Airport,Spain,17,17,0.00025355093498985,0.00019562904909611802,0.00013537767186189113,1.634272430555056e-05,17,34,514,851,1070,701,1038,0.5339269282020612,-328.0,0.0012885182191803139,-0.539930185672655,4.272973477118574,1.4487291312508183e-05,0.11764705882352941
NBE,Enfidha - Hammamet International Airport,Tunisia,25,25,0.0003653820177327562,0.0003876406856262148,0.00026161671311976305,2.383721909415427e-05,28,50,352,591,519,485,1004,0.716008726272654,-236.0,0.0015755671730215293,-0.4123022873273765,4.411752265521123,1.5113997287299017e-05,0.2
REU,Reus Air Base,Spain,16,16,0.00023565714661732853,0.00019405233057750429,0.00012928975023661544,1.3312641047532788e-06,16,32,533,946,1084,720,1356,0.5486349643644052,-404.5,0.0012017362780863676,-0.5757434464070741,4.284082478922652,1.4077027285205925e-05,0.0
BFV,Buri Ram Airport,Thailand,1,1,7.270424699873832e-05,6.166351865226883e-05,2.319845573433575e-05,0.0,1,2,2658,2932,3025,1704,1725,0.31907978821014854,104.0,0.0016091108412187335,-0.042493414050253975,3.871201010907891,3.3523142525390284e-05,0.0
DMK,Don Mueang International Airport,Thailand,48,48,0.0016091108412187335,0.001378669661174484,0.0013100304441681894,0.011763530797573628,48,96,197,100,128,153,70,0.8141331290614996,99.0,0.0007573835309037316,0.6680499511948303,2.380016899457274,3.8355423185164646e-05,0.08333333333333333
BGA,Palonegro Airport,Colombia,3,3,0.0001222806104061048,0.00012409920471542752,1.1487528407603958e-05,0.0,3,6,1507,2012,1748,2277,1725,0.09394398972537718,-302.5,0.0017062809130044098,-0.19984038126021808,3.823700990038797,3.061609198404431e-05,0.3333333333333333
BGF,Bangui M'Poko International Airport,Central African Republic,2,3,7.824120892237204e-05,7.666376000588831e-05,2.935107123981226e-05,0.0,4,5,1270,2793,2601,1575,1725,0.3751357071812794,-1405.0,0.002226611253035668,-0.3964037908408393,4.256291289429277,2.0018607701699106e-05,0.5
NSI,Yaoundé Nsimalen International Airport,Cameroon,12,7,0.0003773283629357334,0.0003844130704150339,0.0001997554514627438,0.0001336525158078008,12,19,624,572,522,582,784,0.5293942122680191,69.5,0.0012934905644779438,0.07234282166023664,2.858958599072217,3.2658704637849694e-05,0.16666666666666666
BGG,Bingöl Çeltiksuyu Airport,Turkey,2,2,8.226398983627022e-05,6.804166978649299e-05,3.791469365013096e-05,0.0,2,4,1914,2684,2787,1384,1725,0.46089052725977026,-400.0,0.0027509691296181645,-0.34626680353311023,4.593075066587483,2.2384949419840368e-05,0.5
FDF,Martinique Aimé Césaire International Airport,Martinique,10,11,0.000246176526932029,0.00030567914019640624,6.573870996366024e-05,0.00011529677584291785,11,21,660,883,642,1069,809,0.2670389040861363,-202.0,0.0013926374781081188,-0.24232765140856216,3.5507039232626285,2.376081778353253e-05,0.3
GND,Point Salines International Airport,Grenada,8,8,0.00021882620742503584,0.00021220273738986644,4.6924173979469306e-05,7.204825783730275e-05,8,16,829,1054,973,1253,880,0.21443580516078864,-184.0,0.0013320475536014276,-0.22253653231491732,3.4105358057203383,2.5678916414272877e-05,0.375
OGL,Eugene F. Correira International Airport,Guyana,1,1,6.613755929061746e-05,5.6378847347907756e-05,5.3914865670291736e-06,0.0,1,2,2658,3118,3207,2711,1725,0.08151928533283555,-76.5,0.00043855966870020067,-0.1371564103180276,2.833213344056216,2.579762757060004e-05,0.0
POS,Piarco International Airport,Trinidad and Tobago,21,21,0.0004868512585822207,0.00045478458207946315,0.00011839881573173085,0.00026590798600799564,21,42,421,444,452,766,702,0.24319299507723333,-14.0,0.001329679455274706,-0.017802775718999797,3.422416059963829,2.4797853381812552e-05,0.2857142857142857
SVD,Argyle International Airport,Saint Vincent and the Grenadines,5,4,0.00015656573916810615,0.00010503885136401888,2.3341084687849987e-05,0.0,5,9,1107,1578,2031,1700,1725,0.14908168806196123,-390.0,0.000306452197585392,-0.2675934859021414,2.365675666873473,2.6436744315646385e-05,0.0
BGM,Greater Binghamton/Edwin A Link field,United States,3,3,9.327517470289584e-05,7.905929051379976e-05,1.742562225795832e-05,0.0,3,6,1507,2492,2531,1950,1725,0.18681950812167517,-782.0,0.0024592293146475674,-0.47060487804953866,4.8485259100410545,1.924141131246414e-05,1.0
BNN,Brønnøysund Airport,Norway,5,5,0.00015717006167853426,0.00012830149262510216,3.104267068868663e-05,9.750611092906593e-06,6,10,996,1564,1686,1522,1099,0.19751007511964555,-513.0,0.0008216065787105279,-0.2637410517444483,3.212908592791849,2.657893786487713e-05,0.0
FAE,Vagar Airport,Faroe Islands,4,4,9.884207380461216e-05,7.868690933056767e-05,3.215083351709554e-05,0.0,4,8,1270,2391,2539,1507,1725,0.3252747770210718,-1003.0,0.0009887431011962899,-0.5899839584657478,3.9905226006203094,1.6068381768611017e-05,0.0
FDE,,,3,2,9.446530932660061e-05,7.981464371525691e-05,2.0977611315963432e-05,0.0,3,5,1507,2479,2509,1812,1725,0.2220668250123045,-769.0,0.0009648472310928797,-0.45792620011230234,3.381883036562033,1.9708130791563498e-05,0.0
FRO,Florø Airport,Norway,4,5,0.00011464345884649444,9.469878133159398e-05,2.9007513826002337e-05,3.9030246684819634e-07,6,9,996,2129,2227,1583,1508,0.25302371472272905,-1078.0,0.000870753646746765,-0.4416803663564366,3.383355867754028,2.071584795923433e-05,0.0
HOV,"Ørsta-Volda Airport, Hovden",Norway,4,4,0.00012407129975906383,0.00010529063181413839,2.694124941612688e-05,1.9515123342409817e-07,4,8,1270,1988,2025,1627,1577,0.21714328348654807,-600.0,0.0007584660003237497,-0.36265092238280516,2.8829858677014975,2.3488742344695107e-05,0.0
SKE,Skien Airport,Norway,1,1,5.9423874649155576e-05,5.3842671900604894e-05,7.203313131724722e-06,0.0,1,2,2658,3378,3335,2565,1725,0.12121917620238994,-336.5,0.0008770595781436455,-0.2441971392861202,3.8918202981106265,1.7899175064156032e-05,0.0
SOG,Sogndal Airport,Norway,4,4,0.00013932230801635975,0.00011988700285358462,2.8064179480131916e-05,2.9214139643587495e-07,4,8,1270,1750,1803,1606,1537,0.20143349532249002,-362.0,0.0007483342867946348,-0.24671730914018042,2.6539131847329585,2.797433300970568e-05,0.0
BGR,Bangor International Airport,United States,6,6,0.00014660064340450896,0.00011985584985004633,2.345959236820572e-05,6.2990666956664095e-06,6,12,996,1679,1804,1689,1151,0.16002380223853901,-628.0,0.00161992089271349,-0.44575374474251817,4.299076345722278,2.0076679910994366e-05,0.3333333333333333
CAG,Cagliari Elmas Airport,Italy,38,38,0.0005314682612374663,0.00039961770714501426,0.0003092425619982062,0.0001606748301238632,38,76,252,412,508,438,746,0.5818645901415982,-153.5,0.000921065110227454,-0.2957261740093706,3.796008923932256,1.5085408239986192e-05,0.07894736842105263
CRA,Craiova Airport,Romania,2,2,6.87168684616178e-05,6.029605737930818e-05,1.4265419555671622e-05,0.0,2,4,1914,3053,3089,2116,1725,0.2075970554979474,-767.5,0.0011888411790492268,-0.526205560806245,4.412338945582099,1.4416054493386812e-05,0.0
LBC,Lübeck Blankensee Airport,Germany,4,4,9.254770999742045e-05,7.554367960589957e-05,2.834490781531655e-05,1.692429896428363e-08,4,8,1270,2504,2643,1597,1712,0.30627346496316976,-1116.0,0.0011324060683638045,-0.6557830254932124,4.310710853307763,1.4217098298936222e-05,0.0
LDE,Tarbes-Lourdes-Pyrénées Airport,France,5,5,0.00011249400372013428,8.700640825765927e-05,4.507023825487288e-05,1.2896793472299117e-06,5,10,1107,2148,2378,1275,1358,0.4006456945651955,-960.0,0.0021112450859803243,-0.5981695463060976,4.847557940782631,1.606692422454117e-05,0.4
LPP,Lappeenranta Airport,Finland,3,3,8.037427652757513e-05,6.922542917345731e-05,1.9133891212655995e-05,0.0,3,6,1507,2755,2756,1897,1725,0.2380598873084906,-1045.0,0.0007951475365996276,-0.6194646888372208,3.970477697503631,1.4182235579340182e-05,0.0
LWO,Lviv International Airport,Ukraine,16,16,0.0002568170794141357,0.00018324802525516054,0.00019182386711112125,8.905528536233817e-06,16,32,533,840,1157,596,1106,0.7469279985144278,-298.5,0.0014666302239418295,-0.48975734834439777,4.349036264348626,1.5632904696292387e-05,0.1875
OMO,Mostar International Airport,Bosnia and Herzegovina,1,1,5.66275498255475e-05,5.27857123793357e-05,6.620086644162047e-06,0.0,1,2,2658,3415,3389,2611,1725,0.11690575814345754,-374.0,0.001168750492436873,-0.29239760220178823,4.382026634673881,1.4609381155460913e-05,0.0
PSR,Pescara International Airport,Italy,9,9,0.00015258800618162563,0.0001169627910003295,6.0478218326358876e-05,8.421460912202107e-08,9,18,750,1628,1833,1103,1643,0.39634975146324153,-839.0,0.0009191275446738202,-0.6556830059510084,4.046943376500952,1.416711509905435e-05,0.0
BHB,Hancock County-Bar Harbor Airport,United States,1,1,6.200316057489005e-05,5.360011930995451e-05,5.2911942075172145e-06,0.0,1,2,2658,3287,3351,2718,1725,0.08533749180618438,-248.5,0.0021561637946558116,-0.20170785426274662,4.634728988229636,2.0933629074328268e-05,0.0
IOM,Isle of Man Airport,Isle of Man,10,10,0.0002131170755283573,0.00017334528204706137,8.232021622229868e-05,0.002261859027905666,10,20,703,1102,1222,953,241,0.38626757625221436,-376.0,0.0010206803024643445,-0.386534854076654,3.585978025559767,1.987147057238548e-05,0.1
BHH,Bisha Airport,Saudi Arabia,3,3,9.764893272471152e-05,7.449827165973658e-05,0.00021980900971039092,0.0,3,6,1507,2416,2669,545,1725,2.251012925354431,-707.0,0.0016459929485579214,-0.4247801424778537,4.314858509270305,2.095661055383432e-05,0.0
BHJ,Bhuj Airport,India,1,1,6.572063309994935e-05,6.47460695628037e-05,0.002607513154883051,0.0,1,2,2658,3126,2900,89,1725,39.67571570586499,-87.0,0.0021004914728552848,-0.1434802886082558,4.418840607796598,2.5307126178979334e-05,0.0
BHK,Bukhara Airport,Uzbekistan,4,3,0.00011981667593094668,0.0001236379551485442,7.80006672745634e-05,0.0,4,7,1270,2054,1752,982,1725,0.6510000938393343,-666.0,0.0018842024555258338,-0.39754444671453903,3.8986791402801773,2.2237382397070064e-05,0.25
BHO,Raja Bhoj International Airport,India,3,2,0.00010717902826514871,0.00012743460752124338,0.0036585041199366447,0.0,3,5,1507,2238,1695,62,1725,34.13451473814376,-528.0,0.0015355603618681737,-0.3316582724990269,3.6464872451184314,2.4693902921012418e-05,0.3333333333333333
DBO,Dubbo City Regional Airport,Australia,2,2,0.00011822158294129363,0.00010454972722296046,3.097857581244833e-05,0.0,2,4,1914,2075,2037,1527,1725,0.2620382424403135,210.5,0.0016633324877029074,0.01636041718944803,2.9144728088051037,4.353647473880298e-05,0.5
BHR,Bharatpur Airport,Nepal,1,1,7.219024195901455e-05,6.101706638165709e-05,0.00013342338437691124,0.0,1,2,2658,2955,3053,707,1725,1.8482191049125634,82.5,0.0010533897829782739,-0.04958833118034356,3.4657359027997265,3.291843071807106e-05,0.0
BHS,Bathurst Airport,Australia,2,2,0.0001312419290990132,0.00010522672045306626,3.0547069811420083e-05,0.0,2,4,1914,1861,2027,1536,1725,0.23275389215267,423.0,0.0016283476317538784,0.12084213909220054,2.567899218525131,5.1195501888922376e-05,0.5
PKE,Parkes Airport,Australia,2,2,0.0001312419290990132,0.00010522672045306626,3.0547069811420083e-05,0.0,2,4,1914,1861,2027,1536,1725,0.23275389215267,423.0,0.0016283476317538784,0.12084213909220054,2.567899218525131,5.1195501888922376e-05,0.5
BHU,Bhavnagar Airport,India,1,1,6.572063309994935e-05,6.47460695628037e-05,0.002607513154883051,0.0,1,2,2658,3126,2900,89,1725,39.67571570586499,-87.0,0.0021004914728552848,-0.1434802886082558,4.418840607796598,2.5307126178979334e-05,0.0
BHV,Bahawalpur Airport,Pakistan,4,3,0.0001270554890162516,0.00011721200079794301,0.0001970629701512678,0.0,4,7,1270,1937,1830,588,1725,1.5509992655733402,-549.0,0.0006373445192496847,-0.338883408372725,3.059465492004895,2.4366445064817405e-05,0.0
BVC,Rabil Airport,Cape Verde,13,6,0.0002223143613359131,0.0001746497901380319,0.0001362210608939159,9.627962886702833e-06,13,19,592,1026,1216,698,1100,0.6127407157834858,-418.5,0.001743177672191704,-0.5060247830836584,4.425880771195694,1.6118080154945124e-05,0.3076923076923077
BZG,Bydgoszcz Ignacy Jan Paderewski Airport,Poland,3,3,8.084784674063694e-05,6.698373491198655e-05,2.8189224369380995e-05,1.659260785054081e-08,3,6,1507,2744,2818,1602,1713,0.3486700698388806,-1034.0,0.0018089787664987463,-0.613589917242777,4.798233458546958,1.4367949386995846e-05,0.0
GIB,Gibraltar Airport,Gibraltar,5,5,0.00010802353672121023,8.902119230542857e-05,6.415761096724536e-05,1.37836619757487e-07,5,10,1107,2221,2332,1079,1609,0.5939225183195481,-1033.0,0.0019722618462908806,-0.6387203302804316,4.813663212654867,1.5015049635148042e-05,0.4
HRG,Hurghada International Airport,Egypt,25,26,0.0003891553805070734,0.00035528130762639174,0.0003425314138926446,1.933947612980842e-05,26,51,362,540,565,400,1025,0.8801919003312318,-170.5,0.0017362036108127942,-0.34926701789021664,4.426595266469064,1.6232743770659607e-05,0.24
LDY,City of Derry Airport,United Kingdom,5,5,0.0001045712151520321,8.307602008491404e-05,4.071071286414004e-05,6.334215163624356e-08,5,10,1107,2280,2439,1340,1651,0.3893108902383155,-1092.0,0.0010484972499813006,-0.6712011422565425,4.096749050217544,1.4202738680273757e-05,0.0
WAT,Waterford Airport,Ireland,2,2,6.87529449226261e-05,5.83944385673334e-05,2.3158022629892596e-05,8.592394012819852e-09,2,4,1914,3051,3153,1717,1719,0.33682953735224597,-765.5,0.0016370571227597342,-0.5256806970423629,4.689027888190388,1.4437275939226781e-05,0.0
BHY,Beihai Airport,China,15,15,0.00027558951136141737,0.00018581648646020182,0.00021222322606017572,8.930013299863321e-07,15,30,551,767,1139,561,1409,0.7700700400816743,-205.0,0.0015822679137648316,-0.37942264043820373,4.242130431750017,1.8147445936972574e-05,0.2
LYA,Luoyang Airport,China,9,9,0.00018425214622961797,0.00010816512969951109,0.000125652102314784,0.0,9,18,750,1302,1984,735,1725,0.6819573333935245,-513.0,0.001610234961955877,-0.46711934579553294,4.237336170376543,1.8306218364062825e-05,0.2222222222222222
EBU,Saint-Étienne-Bouthéon Airport,France,4,4,0.00010042707310612203,8.896891240850311e-05,3.6155874655027e-05,6.206018676455415e-07,4,8,1270,2352,2335,1421,1455,0.3600211928592285,-964.0,0.0008415517201076959,-0.5740754974374127,3.6509810702532035,1.6534558036234437e-05,0.0
BIK,Frans Kaisiepo Airport,Indonesia,2,2,0.00013703505379998864,0.0001445771647682453,2.3747245628262506e-05,0.0,2,4,1914,1783,1488,1685,1725,0.17329321928769495,502.5,0.000884494250812883,0.1640364923430706,2.727660557678851,5.4603222322152745e-05,0.0
DJJ,Sentani International Airport,Indonesia,9,9,0.0005666712665962111,0.0006038933194768549,9.583829126925425e-05,0.0032544771567316424,9,18,750,387,348,874,192,0.16912502348128597,402.0,0.0004567710934495304,0.6563548336041576,1.3240876990790467,6.829564585401503e-05,0.0
GDV,Dawson Community Airport,United States,1,1,8.189678867897069e-05,7.549760700333819e-05,2.8516817394562167e-06,0.0,1,2,2658,2703,2646,3000,1725,0.03482043417641926,336.5,0.0005320547690538377,0.07656656479839441,2.4849066497880004,4.4337897421153136e-05,0.0
GGW,Wokal Field Glasgow International Airport,United States,1,1,8.189678867897069e-05,7.549760700333819e-05,2.8516817394562167e-06,0.0,1,2,2658,2703,2646,3000,1725,0.03482043417641926,336.5,0.0005320547690538377,0.07656656479839441,2.4849066497880004,4.4337897421153136e-05,0.0
HVR,Havre City County Airport,United States,1,1,8.189678867897069e-05,7.549760700333819e-05,2.8516817394562167e-06,0.0,1,2,2658,2703,2646,3000,1725,0.03482043417641926,336.5,0.0005320547690538377,0.07656656479839441,2.4849066497880004,4.4337897421153136e-05,0.0
OLF,L M Clayton Airport,United States,1,1,8.189678867897069e-05,7.549760700333819e-05,2.8516817394562167e-06,0.0,1,2,2658,2703,2646,3000,1725,0.03482043417641926,336.5,0.0005320547690538377,0.07656656479839441,2.4849066497880004,4.4337897421153136e-05,0.0
SDY,Sidney - Richland Regional Airport,United States,1,1,8.189678867897069e-05,7.549760700333819e-05,2.8516817394562167e-06,0.0,1,2,2658,2703,2646,3000,1725,0.03482043417641926,336.5,0.0005320547690538377,0.07656656479839441,2.4849066497880004,4.4337897421153136e-05,0.0
BIM,South Bimini Airport,Bahamas,1,1,6.187787617612471e-05,6.328413345463364e-05,3.915101792774699e-06,0.0,1,2,2658,3307,2967,2876,1725,0.06327143132112414,-266.0,0.0020162648593271904,-0.20373051155984534,4.574710978503383,2.0786235663166913e-05,0.0
BIQ,Biarritz-Anglet-Bayonne Airport,France,13,13,0.00021446376737756115,0.00015748434623963998,0.00011340160414323398,1.7533989036095305e-05,13,26,592,1087,1355,784,1035,0.5287681249373545,-479.5,0.001560755176501408,-0.5419763979221983,4.420648464465841,1.5407619164385226e-05,0.15384615384615385
BIR,Biratnagar Airport,Nepal,1,1,7.219024195901455e-05,6.101706638165709e-05,0.00013342338437691124,0.0,1,2,2658,2955,3053,707,1725,1.8482191049125634,82.5,0.0010533897829782739,-0.04958833118034356,3.4657359027997265,3.291843071807106e-05,0.0
BJB,Bojnord Airport,Iran,1,1,8.213757467449816e-05,6.853852998746532e-05,2.2843704527563684e-05,0.0,1,2,2658,2690,2763,1725,1725,0.27811515762537037,346.5,0.0016509834785395317,0.07950236634080277,3.6109179126442243,4.462117509566302e-05,0.0
BJF,Båtsfjord Airport,Norway,3,5,0.00015638055401696877,0.0001480038282920639,4.444123230651585e-06,3.895218619144999e-07,5,8,1107,1579,1452,2800,1509,0.028418643600465542,-391.0,0.0002006852016719554,0.04613361530875082,1.4769389329477711,4.39886189055524e-05,0.0
BVG,Berlevåg Airport,Norway,4,4,0.0001959786747847981,0.0001859984744821995,5.5085351403393695e-06,2.9214139643587495e-07,5,8,1107,1223,1137,2699,1537,0.02810782931555297,-35.0,0.00022966508145648315,0.09449853039599176,1.565849565647906,4.463797029402974e-05,0.0
MEH,Mehamn Airport,Norway,5,5,0.00023164218672473924,0.00021849403269688422,7.228524412590747e-06,7.303534910896874e-07,6,10,996,972,951,2563,1429,0.031205561106105485,79.0,0.00023160654093659156,0.1241244162346753,1.5972329720665455,4.4101790813958883e-05,0.0
VAW,"Vardø Airport, Svartnes",Norway,3,3,0.0001310410394341017,0.0001206753569132055,5.277476006449092e-06,2.7289013760168178e-05,3,6,1507,1873,1790,2726,986,0.040273459591283575,-163.0,0.00020698090307355683,-0.13064831787964515,1.7823691769058227,3.405155436009114e-05,0.0
BJI,Bemidji Regional Airport,United States,1,1,6.309213312074077e-05,5.400893433676809e-05,3.967684888172414e-06,0.0,1,2,2658,3238,3316,2863,1725,0.06288715711322314,-197.5,0.0028879205208305514,-0.18429712645346719,4.867534450455582,2.2214773237158087e-05,1.0
OXB,Osvaldo Vieira International Airport,Guinea-Bissau,5,5,0.0001456405495337733,0.00012708226417118708,4.777213030110243e-05,1.4607069821793748e-07,5,10,1107,1689,1698,1244,1600,0.32801393879679314,-501.0,0.0006321462484487335,-0.3399278697306567,2.9266594429954176,2.3866111474387394e-05,0.0
RAI,Praia International Airport,Cape Verde,15,15,0.0004377521074786656,0.0003347886618049521,0.0001376728714671174,0.0006274257496067011,15,30,551,492,580,694,437,0.31449962002484944,70.0,0.0008807771324619401,0.08331766411336616,2.7002628957454755,3.0866080933608074e-05,0.06666666666666667
BJM,Bujumbura International Airport,Burundi,4,3,0.00012808127558335182,0.00019785132148733092,8.844402647290305e-05,3.96541424562464e-07,4,7,1270,1915,1055,919,1506,0.6905304937828018,-527.0,0.0012412061536450454,-0.3308422928875103,3.727702675215445,2.4668146998625286e-05,0.0
BKC,Buckland Airport,United States,2,2,0.00021773943656321895,0.00024174524724978268,5.449839058493258e-07,0.0,2,4,1914,1060,826,3249,1725,0.0025029177738828856,1224.0,0.0006805680640315109,0.6270988348812594,1.5890269151739729,0.00010207638795329651,0.0
DRG,Deering Airport,United States,2,2,0.00021773943656321895,0.00024174524724978268,5.449839058493258e-07,0.0,2,4,1914,1060,826,3249,1725,0.0025029177738828856,1224.0,0.0006805680640315109,0.6270988348812594,1.5890269151739729,0.00010207638795329651,0.0
BKG,Branson Airport,United States,4,4,0.00011352390003527689,8.041270767226684e-05,1.3641813450159047e-05,1.3980709594481054e-06,4,8,1270,2139,2495,2156,1349,0.12016688508692824,-751.0,0.001754026473646403,-0.4514939330446577,4.125959484146454,2.0386565930572368e-05,0.25
BKI,Kota Kinabalu International Airport,Malaysia,30,30,0.0008680424774571049,0.0007597208876795517,0.0006785595530880551,0.0019838111937880818,30,60,324,233,277,246,264,0.7817123824122844,98.0,0.0011607297661361325,0.34059847635455487,3.0382505224815026,3.230717262314139e-05,0.23333333333333334
BTU,Bintulu Airport,Malaysia,5,5,0.00018311481137492364,0.0001477823478013333,0.0001351047375839084,0.0,5,10,1107,1310,1459,702,1725,0.7378143612167143,-122.0,0.0009997887996290294,-0.11095612558416335,3.1092490650709106,3.268358483836358e-05,0.2
BWN,Brunei International Airport,Brunei,13,13,0.0003317290568498199,0.0003096538542754702,0.00042997482851566814,0.00015412741538817074,14,26,574,637,632,345,749,1.296162695540795,-54.5,0.002105967055257652,-0.1057986634627266,4.208762716250249,2.601986254464405e-05,0.5384615384615384
KBR,Sultan Ismail Petra Airport,Malaysia,7,7,0.00021624816798649754,0.00022026573902518234,0.00021776335906062934,1.313029441736796e-06,7,14,912,1071,942,552,1357,1.0070067232857502,-117.5,0.001162174040147195,-0.15206909913759503,3.3646589847149717,2.891404910868402e-05,0.2857142857142857
KCH,Kuching International Airport,Malaysia,14,14,0.0004869878317061893,0.00048301908912209485,0.00036268921612412275,0.0004481785279054037,14,28,574,443,427,394,501,0.7447603256398022,139.5,0.0006674119709691532,0.23243631047894997,2.274761609507631,3.7208256805862444e-05,0.14285714285714285
KUD,Kudat Airport,Malaysia,2,2,0.00010358201315482286,7.618983353982692e-05,4.3262818161699495e-05,0.0,2,4,1914,2288,2625,1296,1725,0.41766728454133295,-2.5,0.0005158515927264742,-0.11583657135452974,2.393745871391023,3.4924963123765534e-05,0.0
LBU,Labuan Airport,Malaysia,3,3,0.00012371166959412744,9.984633864107534e-05,9.084773653697347e-05,0.0,3,6,1507,1992,2120,905,1725,0.7343505817602027,-282.0,0.0014337829806988266,-0.18820525732662574,3.7051428421704133,3.1177291670955905e-05,0.3333333333333333
LDU,Lahad Datu Airport,Malaysia,1,1,6.88041127162043e-05,5.659144790951214e-05,1.9225853958038953e-05,0.0,1,2,2658,3050,3205,1895,1725,0.27942884805941265,-8.5,0.0008680424774571049,-0.0976296940184298,3.4011973816621555,2.8934749248570163e-05,0.0
LWY,Lawas Airport,Malaysia,3,3,0.0001863957869182961,0.00015474914856313595,5.020095889566621e-05,0.0002892199824715162,3,6,1507,1283,1386,1218,599,0.26932453638381365,427.0,0.0005971642687304215,0.22171342948403172,2.1323098850720488,5.575929846425387e-05,0.0
MZV,Mulu Airport,Malaysia,4,4,0.0001551844238956045,0.00013440287802881718,8.82450501105874e-05,0.0,4,8,1270,1590,1612,921,1725,0.5686463105984885,-202.0,0.000628296994816428,-0.1388930795815959,2.9002340855732354,3.263966119768729e-05,0.0
PEN,Penang International Airport,Malaysia,20,20,0.0005328598075355475,0.0005497804399597504,0.0005680125844981808,0.0001916296900900549,20,40,440,407,382,277,727,1.0659700290123462,43.5,0.0012141498460575468,0.10257479226854738,3.2826985201452183,2.874413128779082e-05,0.25
PPS,Puerto Princesa Airport,Philippines,5,5,0.00018840101467464126,0.00016749870783935313,9.248762168768261e-05,1.2794570638567132e-06,5,10,1107,1265,1273,892,1359,0.49090829923290974,-77.0,0.0010117582501889444,-0.0824967183903258,3.080373631470855,3.392739737602704e-05,0.2
SBW,Sibu Airport,Malaysia,6,6,0.00021060722434247724,0.00017315991341285093,0.00015696412553157152,1.6766375795450216e-07,6,12,996,1117,1224,652,1589,0.7452931684638014,-66.0,0.0008902197782969327,-0.0834710202972726,2.9748050697247663,3.262698991000945e-05,0.16666666666666666
SDK,Sandakan Airport,Malaysia,4,4,0.00016366070799584363,0.00013834154569016978,0.0001131151258858722,1.3771691250553916e-05,4,8,1270,1490,1559,786,1057,0.6911562785659274,-102.0,0.0009402872015058848,-0.08571188969049182,2.6055703364878235,3.5132685933154035e-05,0.25
TWU,Tawau Airport,Malaysia,5,5,0.00018264646402483447,0.00014031267193968637,0.00013391607346442151,2.458116176391412e-06,5,10,1107,1314,1535,705,1283,0.7331982810584985,-126.0,0.0008406086731963391,-0.11351707250532961,2.7200670352598477,3.257338546142515e-05,0.2
CEI,Chiang Rai International Airport,Thailand,3,3,0.00010826514555595293,0.00016250169209924029,9.756616703870048e-05,3.715051013680967e-06,3,6,1507,2219,1313,866,1222,0.9011779972001879,-509.0,0.0020478253729524433,-0.321575600289572,4.406956149368391,2.5119831267305317e-05,0.3333333333333333
CGP,Shah Amanat International Airport,Bangladesh,10,10,0.00022948950960611966,0.00020982725051700595,0.001221512642605845,3.6715540132009866e-06,11,20,660,982,989,159,1227,5.322738475943266,-301.0,0.0017474860499313773,-0.3125192004729005,4.262712833126399,2.179763928316654e-05,0.3
CNX,Chiang Mai International Airport,Thailand,26,26,0.0006720354295794533,0.0006157050501043931,0.0006608593675286334,0.0011038181030574284,26,52,362,327,341,249,356,0.9833698320670182,42.5,0.0013850365633390925,0.17288680346738694,3.3208889857505564,2.8408409685071366e-05,0.3076923076923077
CRK,Diosdado Macapagal International Airport,Philippines,8,8,0.0002021333550747538,0.0001669087945246099,0.00027951161085212585,3.799941884548476e-06,8,16,829,1182,1280,466,1218,1.3828079524468178,-312.0,0.0018716024535907244,-0.30188672046385356,4.153445557102627,2.3224085191324173e-05,0.5
FOC,Fuzhou Changle International Airport,China,47,47,0.0008014199069374603,0.0010087921649484406,0.0007733655437309726,0.0001484076260870017,47,94,202,256,196,222,758,0.9649941772550992,-50.5,0.001218928705005639,-0.01602316913686863,3.922031311900251,1.8953950730420852e-05,0.14893617021276595
HAN,Noi Bai International Airport,Vietnam,46,46,0.0011404465576416378,0.0010881067468549485,0.0009080425195796537,0.004262160749178266,46,92,210,161,181,198,159,0.7962166341730391,49.5,0.0013499919611630713,0.35002498601288945,3.2452601788918325,2.8036751466993735e-05,0.30434782608695654
HDY,Hat Yai International Airport,Thailand,5,5,0.0001521357370663185,0.0001195495739063759,0.00020377205532957167,3.722496005692352e-06,5,10,1107,1635,1809,575,1220,1.3394095250660536,-447.0,0.002068516772720512,-0.29629633689660473,4.2943801406247015,2.539439088539705e-05,0.6
IXB,Bagdogra Airport,India,5,5,0.0001649141146291298,0.0002279755111155378,0.004475905163980094,6.201597308505215e-06,5,10,1107,1479,897,51,1154,27.14082523527969,-291.0,0.0013086015642126843,-0.21564464527943095,3.4151527997932893,2.840106796439583e-05,0.4
KBV,Krabi Airport,Thailand,6,6,0.00017531758856340122,0.00021785122397225011,0.00023238949869719555,4.048926895321967e-06,6,12,996,1390,954,535,1208,1.3255344235650095,-339.0,0.0017692185880690706,-0.2668668020599245,3.962414299352926,2.5707453484695284e-05,0.5
KHH,Kaohsiung International Airport,Taiwan,37,37,0.0006797434504111445,0.000570378477953573,0.0006335396564038247,0.0019386269175895232,37,74,266,321,368,254,286,0.9320275995607264,-51.0,0.0013871099780969653,-0.033213931666253416,3.962856804679319,2.02077543722907e-05,0.21621621621621623
KKC,Khon Kaen Airport,Thailand,2,2,9.100905930823371e-05,7.116549636752754e-05,7.549571541914627e-05,3.722496005692352e-06,2,4,1914,2537,2712,998,1220,0.8295406632372045,-252.0,0.00210742735658259,-0.24524121351030992,4.333495778252316,2.752910792363087e-05,0.5
LPQ,Luang Phabang International Airport,Laos,7,7,0.0002050188448964742,0.0001952665314338901,0.0001647431818800207,7.989747685627703e-06,7,14,912,1158,1073,632,1118,0.8035514099360427,-204.5,0.0008380537766187007,-0.20539387193725211,3.0740195124982637,2.702676791988422e-05,0.14285714285714285
LPT,Lampang Airport,Thailand,1,1,6.251438817437088e-05,5.367491112354676e-05,5.229725968481051e-05,0.0,1,2,2658,3269,3343,1185,1725,0.8365635689969193,-228.5,0.0026057438719464467,-0.1934964739850571,4.795790545596741,2.153507332187146e-05,1.0
MDL,Mandalay International Airport,Burma,8,8,0.0002961615407144197,0.00033713880901866435,0.0002417037169730922,0.00012255459802894655,8,16,829,716,579,514,795,0.8161212167860794,154.0,0.0009570557896907462,0.08009067743218523,2.6544005231755747,3.7051759551856986e-05,0.125
MFM,Macau International Airport,Macau,38,38,0.0007073901546868428,0.0006808801356102895,0.0007052207139849658,0.00016600458367128123,38,76,252,303,305,240,742,0.9969331765681169,-44.5,0.0013122839625326916,-0.009787295486313852,3.9002532087584076,2.0531906479558696e-05,0.18421052631578946
NGB,Ningbo Lishe International Airport,China,38,38,0.0006569053522494241,0.0006612544351755848,0.0006185384701968062,0.00012594292325188795,38,76,252,336,318,261,791,0.9415945053252508,-77.5,0.0012706923142042908,-0.08382970695297942,3.985345589603448,1.896890950096528e-05,0.15789473684210525
NNG,Nanning Wuxu Airport,China,44,44,0.0007821978253938465,0.0008775115896898226,0.0007877518178356045,0.0002583965617166442,44,88,217,269,228,219,704,1.0071004958866532,-50.5,0.0012157655023550006,0.00036083178176227193,3.870528155716391,1.973230615250759e-05,0.1590909090909091
NYT,Naypyidaw Airport,Burma,2,2,7.97704744220901e-05,6.1006677604467794e-05,7.436771130436473e-05,0.0,2,4,1914,2768,3062,1003,1725,0.932271142213124,-482.5,0.002267182638819298,-0.37704682662965716,4.6748337185986415,2.091817563826283e-05,0.5
PNH,Phnom Penh International Airport,Cambodia,15,15,0.0003478104813419172,0.0003719332574036265,0.0004253094102500365,3.1488856537935516e-05,15,30,551,615,541,349,970,1.2228194176584732,-53.0,0.0018650717792757599,-0.14667738379972572,4.22743737496361,2.3811835738023626e-05,0.4666666666666667
PUS,Gimhae International Airport,South Korea,36,36,0.000707648773342341,0.0007670447315452276,0.0006206920880895828,8.58647182880155e-05,36,72,275,301,272,260,850,0.877118863865124,-25.5,0.0012909540785215354,0.023909256718433802,3.8643049334129205,2.1681019539080824e-05,0.19444444444444445
REP,Siem Reap International Airport,Cambodia,20,20,0.0004822704864848158,0.00047072664664602365,0.0004907344704553049,0.0003840251618374688,20,40,440,447,434,305,527,1.0175502839333619,3.5,0.0017733582779908149,0.002821559891887482,3.8773666112215954,2.576828887421295e-05,0.45
SWA,Jieyang Chaoshan International Airport,China,24,23,0.00041417229907436996,0.0002996145509526959,0.00042204990934953884,8.483269020699677e-06,24,47,386,517,658,353,1112,1.0190201283204465,-128.0,0.0014116526862892834,-0.2617979602182121,4.103404090579364,1.813542762378961e-05,0.25
TAO,Liuting Airport,China,54,54,0.0009659350360471716,0.0014670285495004688,0.0008189340798149809,0.000330538977568599,54,108,172,203,119,212,549,0.8478148625462926,-30.0,0.0010882339707052316,0.08509934821413445,3.587378467306707,2.0081164724922416e-05,0.12962962962962962
TDX,Trat Airport,Thailand,1,1,6.251438817437088e-05,5.367491112354676e-05,5.229725968481051e-05,0.0,1,2,2658,3269,3343,1185,1725,0.8365635689969193,-228.5,0.0026057438719464467,-0.1934964739850571,4.795790545596741,2.153507332187146e-05,1.0
THS,Sukhothai Airport,Thailand,1,1,6.251438817437088e-05,5.367491112354676e-05,5.229725968481051e-05,0.0,1,2,2658,3269,3343,1185,1725,0.8365635689969193,-228.5,0.0026057438719464467,-0.1934964739850571,4.795790545596741,2.153507332187146e-05,1.0
TNA,Yaoqiang Airport,China,41,41,0.0006950261974401854,0.0010131542715802022,0.0006040013177109968,0.00015316094903851458,41,82,228,310,194,266,753,0.8690338866873831,-76.0,0.0012329119176406186,-0.07426343379179823,3.94055187578214,1.8674795469603935e-05,0.14634146341463414
UBP,Ubon Ratchathani Airport,Thailand,2,2,9.100905930823371e-05,8.865608161150831e-05,7.549571541914627e-05,3.715051013680967e-06,2,4,1914,2537,2339,998,1222,0.8295406632372045,-252.0,0.00210742735658259,-0.24524121351030992,4.333495778252316,2.752910792363087e-05,0.5
ULN,Chinggis Khaan International Airport,Mongolia,14,15,0.0006095717069170374,0.0005615669752409226,0.00025316171052756757,0.002527807912840456,15,29,551,359,375,498,225,0.415310795522245,203.0,0.001258235124252858,0.4569537646957853,2.4554683840143743,4.750942279340848e-05,0.35714285714285715
URT,Surat Thani Airport,Thailand,3,3,0.00011079340013335993,9.861254997970328e-05,0.0001282325572345727,3.715051013680967e-06,3,6,1507,2174,2139,726,1222,1.1574024904030529,-464.0,0.0022739108548506526,-0.29849166318667564,4.461830142599909,2.611130364964313e-05,0.6666666666666666
USM,Samui Airport,Thailand,10,10,0.00027272766481186453,0.0002498278029118399,0.0003366758048623383,4.256211841069507e-05,10,20,703,782,786,402,942,1.234476176425252,-56.0,0.0013319659673521446,-0.13990278665717426,3.392233029636709,2.6884481066418098e-05,0.4
UTH,Udon Thani Airport,Thailand,4,4,0.00013117015335856695,0.0001178995092417463,0.0001175368805379696,3.715051013680967e-06,4,8,1270,1865,1825,773,1222,0.8960642152843306,-477.0,0.0013929291712684625,-0.3070119598115433,3.84770599933146,2.5576640454334105e-05,0.25
VTE,Wattay International Airport,Laos,17,17,0.000572509703122592,0.0004846355154838341,0.0004280246970554265,0.003179336655409656,17,34,514,386,426,347,196,0.7476287209123044,137.0,0.0011003741619794959,0.274534768468091,2.668623068070193,3.656056245496856e-05,0.29411764705882354
ZVK,Savannakhet Airport,Laos,3,3,0.00012081055627813884,9.059290711291152e-05,9.185086687683966e-05,3.3486425809937787e-06,3,6,1507,2034,2302,898,1244,0.7602884193776405,-324.0,0.0011175956681086588,-0.21193520205118688,3.079480600695686,3.0039600177803833e-05,0.3333333333333333
BKM,Bakalalan Airport,Malaysia,1,1,9.702171548156155e-05,8.801852549170444e-05,1.4223604970597678e-05,0.0,1,2,2658,2433,2356,2118,1725,0.14660228279823395,608.5,0.0001863957869182961,0.24604160936904762,1.0986122886681098,6.213192897276536e-05,0.0
NKC,Nouakchott–Oumtounsy International Airport,Mauritania,9,9,0.00022432639693520726,0.0001774398096417867,9.786711933093908e-05,5.063145147761366e-05,9,18,750,1017,1194,863,927,0.4362710794093763,-228.0,0.0010447049121034922,-0.27032240481431735,3.210397944714076,2.3544682516029103e-05,0.1111111111111111
BKQ,Blackall Airport,Australia,1,1,7.647080407366974e-05,7.967466371136851e-05,1.1962681719915284e-05,0.0,2,2,1914,2840,2511,2251,1725,0.15643462710802394,-556.5,0.0022772631660361747,0.008015806868353792,4.0943445622221,3.795438610060291e-05,1.0
BKS,Fatmawati Soekarno Airport,Indonesia,2,2,9.931765808882437e-05,0.00010605937957490526,3.8746439500237254e-05,0.0,2,4,1914,2377,2009,1372,1725,0.39012639087386175,-92.0,0.0012203133652733003,-0.15787688699990277,3.496048213707944,3.241651896630389e-05,0.0
BKW,Raleigh County Memorial Airport,United States,1,2,6.0490821061769896e-05,5.309972594456878e-05,7.575517437722072e-06,0.0,2,3,1914,3346,3377,2532,1725,0.12523416453525024,-1061.0,0.002413455170938205,-0.22640157948372597,4.836281906951478,1.9154406118557183e-05,1.0
SHD,Shenandoah Valley Regional Airport,United States,2,1,8.619942001129426e-05,7.566710946984312e-05,1.0795112341028836e-05,0.0,2,3,1914,2607,2640,2322,1725,0.1252341644481414,-321.5,0.0012369729959999876,-0.2995368186700862,2.7647145437557117,2.4699908324721064e-05,0.5
BKY,Bukavu Kavumu Airport,Congo (Kinshasa),2,2,0.00017585879946677662,0.00016119699515165022,1.2152462386943802e-05,0.0005790242477359042,3,4,1507,1381,1323,2237,449,0.06910352182427844,329.0,0.00019171867282605112,0.4134811293759366,0.8958797346140275,7.744071978464372e-05,0.0
KND,Kindu Airport,Congo (Kinshasa),2,2,0.00016241394611152021,0.00013627156669058138,2.177303519095808e-05,0.0008659070990359334,2,4,1914,1510,1580,1771,399,0.1340589014197574,775.5,0.000497005922247905,0.33394803120162386,1.7328679513998633,6.953198252385144e-05,0.0
KOO,Kongolo Airport,Congo (Kinshasa),1,1,0.00011894956562184719,0.00011268165634306379,5.164796481306799e-06,0.0002892199824715162,2,2,1914,2068,1911,2737,599,0.04342005331676632,217.5,0.00017585879946677662,0.4498063699484547,0.6931471805599453,8.792939973338831e-05,0.0
BKZ,Bukoba Airport,Tanzania,1,1,8.666888323907121e-05,6.946381084783375e-05,1.9655971623612856e-05,0.0,1,2,2658,2605,2753,1859,1725,0.2267938721373964,436.5,0.00019980850539304956,0.13320170283289023,1.3862943611198906,4.995212634826239e-05,0.0
MWZ,Mwanza Airport,Tanzania,4,4,0.00019980850539304956,0.000178523840809855,9.249869022537553e-05,0.0002892199824715162,4,8,1270,1197,1186,891,599,0.46293670053443653,191.0,0.0006967598296288706,0.11385211404641105,2.3617875285135517,4.576439106277512e-05,0.0
BLA,General José Antonio Anzoategui International Airport,Venezuela,6,6,0.00021108213135944168,0.00023119139801946364,2.2509591230317804e-05,3.7976196270210164e-05,6,12,996,1112,879,1747,952,0.10663901811748952,-61.0,0.001171026476607346,-0.08121861714162115,3.2091107945393187,3.2720108928779515e-05,0.16666666666666666
PMV,Del Caribe Santiago Mariño International Airport,Venezuela,14,14,0.0005092192961245985,0.00041426745809256476,5.2102228010803994e-05,0.00017379170793452688,14,28,574,428,498,1196,736,0.10231785874440891,154.5,0.00037488320410913444,0.2770759348849037,1.9017422502690366,3.9076447088661926e-05,0.0
PZO,General Manuel Carlos Piar International Airport,Venezuela,6,6,0.00030592124858088137,0.00031384923712714723,2.0835836045499882e-05,0.0005787970266497873,6,12,996,689,621,1817,450,0.0681084957065059,362.0,0.0004378214674520265,0.28986178822212416,1.7044790916014476,5.131601426724983e-05,0.0
BLD,,,1,1,0.00029473050457298235,0.00029448622191012943,9.373042578622613e-11,0.0,1,2,2658,719,670,3385,1725,3.1802078282336813e-07,2320.0,0.00029473050457298235,1.3571681799610449,0.0,0.00029473050457298235,0.0
GCW,,,1,1,0.00029473050457298235,0.00029448622191012943,9.373042578622613e-11,0.0,1,2,2658,719,670,3385,1725,3.1802078282336813e-07,2320.0,0.00029473050457298235,1.3571681799610449,0.0,0.00029473050457298235,0.0
BLE,Borlange Airport,Sweden,2,2,0.00010411881152653591,9.489449054816658e-05,1.661293706632794e-05,0.00011070484323787757,2,4,1914,2283,2226,1982,811,0.15955749804245448,2.5,0.0003248494684389167,-0.11066760230755257,2.0794415416798357,3.52407268845255e-05,0.0
ORB,Örebro Airport,Sweden,2,2,0.00010704717224878657,9.815098534095873e-05,1.3888294418627624e-05,2.2958968638129197e-07,2,4,1914,2241,2150,2143,1566,0.12973994666902613,44.5,0.00019419606450919507,-0.08293066846090014,1.629048269010741,3.696329201593606e-05,0.0
PSP,Palm Springs International Airport,United States,17,17,0.00037950979394259324,0.0002980964471011386,8.216583664584894e-05,3.818902016059173e-06,17,34,514,564,660,954,1216,0.21650518104488709,-41.0,0.0023816114085042765,-0.13661451150938486,4.431798465820369,2.3204167333927917e-05,0.4117647058823529
CCF,Carcassonne Airport,France,10,10,0.00016626729563363633,0.0001240077232195963,6.943937564040655e-05,2.4627415485864235e-06,10,20,703,1463,1750,1042,1282,0.4176370065789341,-737.0,0.0009794396956114963,-0.6347798111401719,4.011264978463516,1.4359731761887961e-05,0.0
ZAD,Zadar Airport,Croatia,24,24,0.0003481172244783121,0.00025426439369385646,0.00020271478387633613,3.824959253711397e-05,24,48,386,614,766,578,949,0.5823175919551932,-225.0,0.0011651500471707942,-0.43554075380138535,4.0147810550593155,1.4897433779373508e-05,0.08333333333333333
IAS,Iaşi Airport,Romania,7,7,0.00013395191938048363,0.00013502965849650016,8.159570804847317e-05,3.075172594061841e-08,7,14,912,1828,1601,956,1685,0.6091417609082905,-874.5,0.0013364522884771611,-0.6310148482053766,4.35773707078662,1.508274683255336e-05,0.14285714285714285
CJB,Coimbatore International Airport,India,8,8,0.00019732751498337503,0.0002127071719154341,0.00449615575955983,1.0892920922626143e-06,8,16,829,1214,969,50,1394,22.78524492612515,-344.0,0.0014694251668767053,-0.3259495127840353,3.989055089901955,2.2517344007089312e-05,0.25
HBX,Hubli Airport,India,2,2,8.571211957943253e-05,6.437312413383296e-05,0.003021223252492066,0.0,2,4,1914,2622,2923,72,1725,35.24849539734213,-336.5,0.0015206336540039417,-0.3052060336416247,4.053860030955267,2.441326102889715e-05,0.0
IDR,Devi Ahilyabai Holkar Airport,India,7,7,0.00018863466439276853,0.00020930826685970817,0.005575652146882099,0.0,7,14,912,1262,992,28,1725,29.557940290723398,-308.5,0.0009702917395938872,-0.2886836213874382,3.236917897676684,2.4273124142086947e-05,0.14285714285714285
IXG,Belgaum Airport,India,1,1,6.420106234435867e-05,5.4086556056575144e-05,0.002527144559770382,0.0,1,2,2658,3189,3303,100,1725,39.362971070718444,-148.0,0.0009407758351525987,-0.16687345704398382,3.6888794541139363,2.351939587881497e-05,0.0
LKO,Chaudhary Charan Singh International Airport,India,9,9,0.0002468949774012179,0.00023684533655912726,0.006098314200328846,1.4752794749235835e-05,9,18,750,880,859,24,1048,24.700033449521133,-91.0,0.001589524872071971,-0.1744614717615125,3.6734081231545557,2.6494823750883885e-05,0.2222222222222222
MYQ,Mysore Airport,India,1,1,6.420106234435867e-05,5.4086556056575144e-05,0.002527144559770382,0.0,1,2,2658,3189,3303,100,1725,39.362971070718444,-148.0,0.0009407758351525987,-0.16687345704398382,3.6888794541139363,2.351939587881497e-05,0.0
NAG,Dr. Babasaheb Ambedkar International Airport,India,7,8,0.00019104775773061275,0.00020084781453383056,0.005304830790776304,4.326406994649432e-06,8,15,829,1248,1035,31,1202,27.767040313848593,-378.0,0.0012107095043212535,-0.27597233590882553,3.582982082655864,2.467868604866751e-05,0.14285714285714285
VGA,Vijayawada Airport,India,2,2,8.427721075640997e-05,7.388450510413365e-05,0.0029664911870783016,0.0,2,4,1914,2653,2677,82,1725,35.19920937645264,-367.5,0.0008482918880021557,-0.32208877448578654,3.5773076784568314,2.3569197015215493e-05,0.0
BLV,Scott AFB/Midamerica Airport,United States,1,1,6.397712443816449e-05,5.7437295817561255e-05,3.2053131598926033e-06,0.0,1,2,2658,3193,3164,2970,1725,0.05010092572995555,-152.0,0.001139541035421571,-0.17036762621047963,3.8918202981106265,2.325593949839941e-05,0.0
BLZ,Chileka International Airport,Malawi,4,4,0.0001569517901092377,0.00012663931602898597,9.5122380914173e-05,2.651149317338862e-06,5,8,1107,1567,1705,876,1274,0.6060611404812157,-379.0,0.0012949495450574062,-0.12756863197182433,3.308865866289083,3.315947480100366e-05,0.25
THN,Trollhättan-Vänersborg Airport,Sweden,1,1,7.028771366374079e-05,6.118197577647489e-05,6.811957720241897e-06,0.0,1,2,2658,3030,3042,2598,1725,0.0969153407497443,11.5,0.00046020243211784134,-0.07629620155517003,2.70805020110221,3.068016214118942e-05,0.0
BME,Broome International Airport,Australia,7,8,0.00028095189223018246,0.0002545653180373518,0.00011817312516443319,0.0001081720621226042,8,15,829,752,765,769,814,0.42061693988383797,118.0,0.0014045817633087192,0.1096876794742272,3.1265282340467815,3.978862458866222e-05,0.2857142857142857
KNX,Kununurra Airport,Australia,3,3,0.00014108744140993497,0.00017938116476237187,4.773114909180225e-05,0.0,3,6,1507,1730,1183,1245,1725,0.3383089849444329,-20.0,0.0008513622483596658,-0.05677902013537661,2.9042533249867373,3.799131981497041e-05,0.0
KTA,Karratha Airport,Australia,5,5,0.00019807957911706196,0.00016063211463501265,8.46402679875223e-05,5.819824881595181e-07,6,10,996,1210,1327,940,1472,0.42730436102906505,-159.0,0.0017882416608049473,-0.032400601583509214,3.6522713410702226,3.6204706636438987e-05,0.4
PHE,Port Hedland International Airport,Australia,6,5,0.0002270016922182742,0.00017800106585166224,9.881220257301545e-05,3.535494684675934e-07,6,11,996,996,1188,853,1522,0.4352928015972774,55.0,0.0012205667298840661,-0.008508450869621598,3.194302163263043,3.58415914333994e-05,0.16666666666666666
BMU,Muhammad Salahuddin Airport,Indonesia,2,2,9.966766054860878e-05,8.372055724668553e-05,3.872371971190935e-05,0.0,2,4,1914,2363,2420,1374,1725,0.38852843037309437,-77.5,0.0008251062487849981,-0.1543590111773625,3.0201273556387074,3.262240276149629e-05,0.0
LOP,Lombok International Airport,Indonesia,10,10,0.00034064666699865374,0.00026546357576290216,0.0002514831238530398,6.293350464638372e-05,10,20,703,629,721,499,895,0.73825211932584,97.0,0.0012817046736263258,0.08246925378031911,3.260777984010604,3.487495190644069e-05,0.2
BMV,Buon Ma Thuot Airport,Vietnam,4,4,0.0001352460243691977,0.0001262854527077442,6.62217607118511e-05,0.0,4,8,1270,1803,1710,1065,1725,0.48963924093677913,-415.0,0.0007939604981381418,-0.2764117981846663,3.105698907260365,2.677542604569763e-05,0.0
DAD,Da Nang International Airport,Vietnam,20,20,0.0004682271582946091,0.0003885416276563459,0.0003805701205608276,0.000294080217979153,20,40,440,460,518,381,581,0.812789505732541,-9.5,0.0012723927870323406,-0.026730012908655176,3.3818783095397444,2.4942210746074545e-05,0.25
VII,Vinh Airport,Vietnam,5,5,0.0001646250339238288,0.0001314990522970454,8.69189057001758e-05,3.0763374321656533e-06,5,10,1107,1480,1637,929,1259,0.5279810951497981,-292.0,0.0007437945372241056,-0.21739910013386776,3.006573084356693,2.8333048970095334e-05,0.0
BMY,Île Art - Waala Airport,New Caledonia,1,2,0.0001352513941244296,0.00013513929311679168,2.9755690376630354e-11,0.0,2,3,1914,1802,1597,3406,1725,2.2000283671202302e-07,483.5,0.00021421604309713218,0.5782420104097401,0.6931471805599453,0.00010710802154856609,0.0
GEA,Nouméa Magenta Airport,New Caledonia,9,8,0.0010590552926395761,0.0010581775116880274,3.570682863746446e-10,3.5056967572304994e-06,9,17,750,187,184,3379,1233,3.371573598246151e-07,602.0,0.0002098055281211384,1.2817080311008278,0.4301334456564323,0.00013265957090927998,0.0
KOC,Koumac Airport,New Caledonia,2,2,0.00021421604309713218,0.00021403849352250525,5.951138202228286e-11,5.842827928717499e-07,2,4,1914,1089,966,3400,1465,2.7781010778589796e-07,1196.5,0.0005971533433820029,0.610784785044828,1.3862943611198906,0.00010000380432108091,0.0
MKL,McKellar-Sipes Regional Airport,United States,2,2,7.684794244572422e-05,6.147409661035435e-05,7.464683581578835e-06,0.0,2,4,1914,2830,3039,2545,1725,0.09713576374345942,-544.5,0.0007545820879396149,-0.4143715719241978,3.6579417522548923,1.9199039165397105e-05,0.0
BNB,Boende Airport,Congo (Kinshasa),1,1,8.76739563545485e-05,6.776284375580565e-05,1.6608238709651283e-05,0.0,2,2,1914,2582,2796,1983,1725,0.18943183814459688,-296.5,0.0008181530450290333,0.14473167736303516,2.772588722239781,5.113456531431458e-05,0.0
MDK,Mbandaka Airport,Congo (Kinshasa),3,2,0.0003127592306828389,0.0002550422767941125,4.810213906578911e-05,0.0002892199824715162,3,5,1507,671,762,1243,599,0.1537992626493197,1039.0,0.00036098641674261865,0.7392747933425348,0.9241962407465937,0.00010531359017104575,0.0
BNC,Beni Airport,Congo (Kinshasa),2,2,0.00013569938669830703,0.0001316501113554313,3.2957905855074997e-06,0.0005784399649430324,2,4,1914,1798,1634,2965,453,0.024287439064369903,487.5,0.00016145260737321967,0.1542417793799249,1.0986122886681098,5.381753579107323e-05,0.0
BUX,Bunia Airport,Congo (Kinshasa),1,3,0.00010188181520585734,0.00010012423073290863,1.4007109869587217e-06,0.0002892199824715162,3,4,1507,2337,2116,3140,599,0.013748390565367476,-627.0,0.00013569938669830703,0.2949202520267722,0.6931471805599453,6.784969334915352e-05,0.0
GOM,Goma International Airport,Congo (Kinshasa),3,3,0.00022102339954058203,0.00020861875026752794,1.0231491161816706e-05,0.0008676423838035406,4,6,1270,1036,996,2353,396,0.04629143874849371,352.0,0.0001499977104764909,0.39210970604459483,0.8283022165960001,6.933875439347558e-05,0.0
ZBR,Konarak Airport,Iran,6,5,0.0001961535780321404,0.00014016260036940988,0.00026039164108953005,6.1536196571339e-05,6,11,996,1222,1536,486,900,1.3274886122488372,-171.0,0.0013516070940547617,-0.1545680092342625,3.488453727835235,2.979294162437514e-05,0.16666666666666666
CNJ,Cloncurry Airport,Australia,3,3,0.00016407216888212326,0.0001487691508533974,3.200247432019951e-05,0.0,3,6,1507,1488,1445,1508,1725,0.19505120544357227,222.0,0.0010841713937440117,0.09414751504568564,2.8647180775174554,4.700493841084978e-05,0.3333333333333333
CTL,Charleville Airport,Australia,4,4,0.0002731815141967822,0.0002204628012846936,3.317648957967394e-05,0.0006958520013860811,4,8,1270,779,939,1486,426,0.12144485572979054,609.0,0.0007170931031795349,0.42662914061634716,1.7167333211154705,6.734468770641835e-05,0.25
EMD,Emerald Airport,Australia,1,1,7.647080407366974e-05,7.967466371136851e-05,1.1962681719915284e-05,0.0,1,2,2658,2840,2511,2251,1725,0.15643462710802394,199.5,0.0022772631660361747,0.008015806868353792,4.0943445622221,3.795438610060291e-05,1.0
GLT,Gladstone Airport,Australia,3,3,0.00015222936657237053,0.00012054384416312612,3.9670020220249416e-05,2.7542952420200886e-06,3,6,1507,1632,1792,1358,1271,0.2605937416246826,78.0,0.0018532631814691617,0.019229503929340197,3.2118693691268425,4.2360702216598855e-05,0.6666666666666666
HBA,Hobart International Airport,Australia,3,3,0.00013536010248408047,0.00018591276679535718,5.2675970653923706e-05,0.0,3,6,1507,1801,1138,1183,1725,0.3891543348980462,-91.0,0.002396949452228004,-0.09822021716239426,4.181443001314963,3.57453045413991e-05,0.6666666666666666
HTI,Hamilton Island Airport,Australia,4,4,0.00017269151522185378,0.0001602432970944381,6.357804915166067e-05,0.0,4,8,1270,1413,1330,1081,1725,0.36815965781516863,-25.0,0.002127106907296553,-0.03200046700824721,3.986381596401761,3.7788805676901e-05,0.5
HVB,Hervey Bay Airport,Australia,2,2,0.00010772533742838257,7.82562294152907e-05,2.952724689172064e-05,0.0,2,4,1914,2224,2554,1571,1725,0.27409751128745174,60.5,0.002701358250222459,-0.07661545210017096,4.268497909356208,3.736221266447053e-05,1.0
INU,Nauru International Airport,Nauru,3,3,0.00017821614097248816,0.00014780767479601335,2.2276485220820664e-05,2.1241132517439762e-05,3,6,1507,1352,1458,1756,1019,0.12499701261211554,358.0,0.0008985546756130753,0.1768382186402757,2.1930837373367003,5.2551594127748815e-05,0.3333333333333333
ISA,Mount Isa Airport,Australia,9,9,0.0004981794851124411,0.00043736095109515774,9.283069295328972e-05,0.005828681240365814,9,18,750,433,474,885,131,0.1863398548664393,356.0,0.00067964560146672,0.5275358987024479,2.104703067372215,5.93424717696256e-05,0.1111111111111111
LDH,Lord Howe Island Airport,Australia,3,3,0.0001503144243445406,0.00010051949749306254,4.1200809579746264e-05,0.0,3,6,1507,1649,2107,1325,1725,0.27409751099673935,60.5,0.001851010308263153,0.006570392367928335,3.2118693691268425,4.160974448126264e-05,0.6666666666666666
LST,Launceston Airport,Australia,5,5,0.00033095438175767056,0.0002980758464667554,7.905419414066186e-05,0.00033917190403977445,5,10,1107,640,661,974,543,0.23886734395481263,548.0,0.0015082396698650508,0.4809110801512677,2.7285882585225996,6.746936607759307e-05,0.4
MKY,Mackay Airport,Australia,5,5,0.0002204152117062341,0.0001753518563635772,7.409119339050212e-05,3.816851993534662e-06,5,10,1107,1041,1210,1005,1217,0.33614373897773303,147.0,0.0015649985861459995,0.0744436272633191,3.1891052771214086,4.146014959067894e-05,0.4
MOV,Moranbah Airport,Australia,2,2,0.00011702188415183545,0.00010242160813087899,2.3235131127964925e-05,0.0,2,4,1914,2088,2066,1702,1725,0.198553726051936,197.5,0.0013771673480597968,0.0061606934301448035,3.198464827608073,4.28307695544724e-05,0.5
NLK,Norfolk Island International Airport,Norfolk Island,2,3,0.00010772533742838257,7.82562294152907e-05,2.952724689172064e-05,0.0,3,5,1507,2224,2554,1571,1725,0.27409751128745174,-515.0,0.002701358250222459,-0.07661545210017096,4.268497909356208,3.736221266447053e-05,1.0
NTL,Newcastle Airport,Australia,5,5,0.00020347589930526892,0.00017942799441140653,8.648470363062098e-05,1.3339377393666073e-06,5,10,1107,1173,1182,932,1355,0.4250365961074855,15.0,0.0015547306885426784,-0.0055218993277765804,3.2415781300149065,3.747442903141289e-05,0.4
POM,Port Moresby Jacksons International Airport,Papua New Guinea,34,35,0.0016524447662086433,0.0016703511674183147,0.00033588093534227064,0.016602414428289518,35,69,277,98,106,403,48,0.20326303318017297,183.5,0.0007921378438145864,0.9072091783958163,2.0557453972570734,5.5648276418729804e-05,0.14705882352941177
PPP,Proserpine Whitsunday Coast Airport,Australia,2,2,0.00010772533742838257,9.600709456683092e-05,2.952724689172064e-05,0.0,2,4,1914,2224,2212,1571,1725,0.27409751128745174,60.5,0.002701358250222459,-0.07661545210017096,4.268497909356208,3.736221266447053e-05,1.0
PQQ,Port Macquarie Airport,Australia,3,3,0.0001503144243445406,0.00015715248056538455,4.1200809579746264e-05,0.0,3,6,1507,1649,1358,1325,1725,0.27409751099673935,60.5,0.001851010308263153,0.006570392367928335,3.2118693691268425,4.160974448126264e-05,0.6666666666666666
RMA,Roma Airport,Australia,2,2,0.0001345218758789817,0.00012652300899139288,1.901268573264413e-05,0.0,2,4,1914,1809,1707,1900,1725,0.1413352706272717,476.5,0.0012752223401164785,0.14552656384702267,2.7403194616709956,5.3124882324899234e-05,0.5
ROK,Rockhampton Airport,Australia,3,3,0.00015707304396256653,0.00014433382116004544,3.579802360371462e-05,3.895218619144999e-07,3,6,1507,1566,1489,1439,1509,0.22790685594815344,144.0,0.0008833025814382597,0.05055207518078397,2.2674649211081035,4.4260183544213295e-05,0.3333333333333333
SON,Santo Pekoa International Airport,Vanuatu,10,10,0.0007679234793829709,0.0006731584955008995,3.5650792888693096e-05,0.006302862356169914,10,20,703,279,309,1444,120,0.04642492884491385,447.0,0.0005220793834300436,0.8953135728120438,1.2688498794774465,8.514281196043448e-05,0.1
TSV,Townsville Airport,Australia,10,10,0.00047707153008341886,0.00042817777734095643,0.00013261705223070183,0.000302770576859082,10,20,703,450,485,716,568,0.27798148467906464,276.0,0.0010522382799927489,0.41928991874036736,2.523282779871935,5.0924935767117896e-05,0.2
TWB,Toowoomba Airport,Australia,4,4,0.00025652103446364874,0.00020993459427809022,4.18465720383111e-05,0.002848161220403156,4,8,1270,841,986,1316,207,0.16313115267840197,547.0,0.001472353694937401,0.3637033461580046,2.6541093400980635,6.244454660802204e-05,0.5
ZBL,,,1,1,7.647080407366974e-05,6.192379855982829e-05,1.1962681719915284e-05,0.0,1,2,2658,2840,3019,2251,1725,0.15643462710802394,199.5,0.0022772631660361747,0.008015806868353792,4.0943445622221,3.795438610060291e-05,1.0
BNK,Ballina Byron Gateway Airport,Australia,3,3,0.0001376897771693674,0.00012654465300748397,5.54156885203251e-05,0.0,3,6,1507,1774,1706,1156,1725,0.4024677042810534,-64.0,0.0017056870299843683,-0.08115570703754749,3.353140784718963,3.6658902461549386e-05,0.3333333333333333
MQN,"Mo i Rana Airport, Røssvoll",Norway,5,4,0.0001860828233451998,0.0001614580633936154,2.1648950931956774e-05,0.0,5,9,1107,1286,1320,1777,1725,0.11634040446493059,-98.0,0.00032562853552842153,-0.09487760485998642,2.0919051038247334,3.3381940609991837e-05,0.0
SSJ,Sandnessjøen Airport (Stokka),Norway,5,4,0.00016265808811632168,0.00013642833043944018,2.6484423920209875e-05,0.0,5,9,1107,1506,1579,1634,1725,0.16282266825409916,-318.0,0.0006786832442374332,-0.2294190874600215,2.801060825919386,2.7870238202009586e-05,0.0
BNS,Barinas Airport,Venezuela,1,1,7.189424469839704e-05,7.798244768915009e-05,4.622531167287081e-06,0.0,1,2,2658,2972,2573,2759,1725,0.06429626163650545,65.0,0.0015307993359976394,-0.05369699941912742,3.8501476017100584,3.257019863824765e-05,0.0
BNY,,,2,2,0.00017962195984712825,0.00015699124622206304,4.5812236390616345e-06,0.0,2,4,1914,1339,1359,2772,1725,0.025504808225901773,946.0,0.0008195368994832387,0.43465415134753016,1.8688348091416842,7.965434327414752e-05,0.0
RNL,Rennell/Tingoa Airport,Solomon Islands,2,2,0.00017962195984712825,0.00015699124622206304,4.5812236390616345e-06,0.0,2,4,1914,1339,1359,2772,1725,0.025504808225901773,946.0,0.0008195368994832387,0.43465415134753016,1.8688348091416842,7.965434327414752e-05,0.0
BOB,Bora Bora Airport,French Polynesia,5,7,0.00031448959587898465,0.00025282987276482817,1.0689113834618581e-05,7.806049336963927e-07,7,12,912,669,771,2328,1420,0.033988767751578476,284.5,0.0005706636607503252,0.4298815278628343,1.7179399764405971,6.359529870945819e-05,0.0
HUH,Huahine-Fare Airport,French Polynesia,4,4,0.00024352347202191758,0.00019577756870763888,8.277062706502858e-06,0.0,4,8,1270,902,1069,2471,1725,0.03398876764436862,486.0,0.0006804192760652372,0.31170601142076393,2.0126758453675744,5.86217340545332e-05,0.0
MAU,Maupiti Airport,French Polynesia,3,3,0.00020260732334774386,0.00016288355634908714,6.886373218115167e-06,0.0,3,6,1507,1176,1310,2594,1725,0.0339887675545458,534.0,0.0008430435075357005,0.30511086784886743,2.221469673450136,6.211676360155696e-05,0.0
MOZ,Moorea Airport,French Polynesia,3,4,0.00019254658165384757,0.0001547953522606994,6.544420994847377e-06,0.0,4,7,1270,1234,1384,2619,1725,0.033988767490106216,154.0,0.0008272619519715214,0.25417923692979194,2.221469673450136,5.817137471051219e-05,0.0
RFP,Raiatea Airport,French Polynesia,5,4,0.0002908681387144549,0.00023383970558940842,9.886249600641093e-06,1.9476093095724995e-07,5,9,1107,728,870,2370,1578,0.033988767708746606,460.0,0.0005753879521832311,0.35180056664632353,1.8298631340276816,5.8037308798849284e-05,0.0
RGI,Rangiroa Airport,French Polynesia,6,5,0.0004696273057593428,0.00037806540455890777,1.5872472168192467e-05,8.764241893076249e-07,6,11,996,456,528,2015,1410,0.03379801807420074,595.0,0.0005176788745110646,0.7184734906411139,1.4093614149297438,8.34152409982991e-05,0.0
TIH,Tikehau Airport,French Polynesia,3,2,0.00022063448589933524,0.00017746373768890214,7.483865465982224e-06,0.0,3,5,1507,1039,1193,2544,1725,0.03391974484621931,671.0,0.000902629896550663,0.3903485521986365,2.2958508572215393,6.918623909264191e-05,0.0
BOC,Bocas Del Toro International Airport,Panama,3,2,0.00026512022604291684,0.0002478710282649516,4.868222065461324e-06,0.006079170318434122,3,5,1507,809,799,2749,124,0.01836231862850506,901.0,0.0008034968108757371,0.574024536141577,1.980057084240144,8.663162751551807e-05,0.0
CLY,Calvi-Sainte-Catherine Airport,France,11,11,0.00018785099611833917,0.0002032139069881643,9.890630651158046e-05,1.6258610277528564e-05,11,22,660,1268,1026,851,1039,0.526514676820096,-587.0,0.0013899754965817706,-0.5714836699080461,4.235514610132313,1.5362718767176362e-05,0.18181818181818182
BUN,Gerardo Tobar López Airport,Colombia,1,1,7.72947729142569e-05,8.121619283686825e-05,3.7152910321227396e-06,0.0,1,2,2658,2805,2477,2901,1725,0.048066523673523334,230.0,0.002880358331885605,0.018733117511207098,4.30406509320417,3.892376124169736e-05,1.0
CUC,Camilo Daza International Airport,Colombia,3,3,0.0001222806104061048,0.00010557757500113742,1.1487528407603958e-05,0.0,3,6,1507,2012,2022,2277,1725,0.09394398972537718,-302.5,0.0017062809130044098,-0.19984038126021808,3.823700990038797,3.061609198404431e-05,0.3333333333333333
CZU,Las Brujas Airport,Colombia,1,1,7.72947729142569e-05,8.121619283686825e-05,3.7152910321227396e-06,0.0,1,2,2658,2805,2477,2901,1725,0.048066523673523334,230.0,0.002880358331885605,0.018733117511207098,4.30406509320417,3.892376124169736e-05,1.0
EJA,Yariguíes Airport,Colombia,1,1,7.72947729142569e-05,6.269456312257816e-05,3.7152910321227396e-06,0.0,1,2,2658,2805,2998,2901,1725,0.048066523673523334,230.0,0.002880358331885605,0.018733117511207098,4.30406509320417,3.892376124169736e-05,1.0
EYP,El Yopal Airport,Colombia,1,1,7.72947729142569e-05,8.121619283686825e-05,3.7152910321227396e-06,0.0,1,2,2658,2805,2477,2901,1725,0.048066523673523334,230.0,0.002880358331885605,0.018733117511207098,4.30406509320417,3.892376124169736e-05,1.0
FLA,Gustavo Artunduaga Paredes Airport,Colombia,1,1,7.72947729142569e-05,8.121619283686825e-05,3.7152910321227396e-06,0.0,1,2,2658,2805,2477,2901,1725,0.048066523673523334,230.0,0.002880358331885605,0.018733117511207098,4.30406509320417,3.892376124169736e-05,1.0
GYE,José Joaquín de Olmedo International Airport,Ecuador,18,19,0.000643780695431591,0.0007235640630534575,7.831792017338096e-05,0.002296936519879183,19,37,462,342,290,979,237,0.1216531044331433,132.5,0.0012137213243041017,0.35662655491626705,2.865378380203526,3.918765488146132e-05,0.2222222222222222
IBE,Perales Airport,Colombia,2,2,0.00012940435374416082,0.00011537975308802913,5.84354744981749e-06,0.0,2,4,1914,1892,1856,2681,1725,0.045157270839360546,392.5,0.0016854007228172198,0.10674175921816875,3.1917533174420027,5.011457523015084e-05,0.5
IPI,San Luis Airport,Colombia,1,1,7.72947729142569e-05,6.269456312257816e-05,3.7152910321227396e-06,0.0,1,2,2658,2805,2998,2901,1725,0.048066523673523334,230.0,0.002880358331885605,0.018733117511207098,4.30406509320417,3.892376124169736e-05,1.0
LET,Alfredo Vásquez Cobo International Airport,Colombia,4,4,0.0003793163856888233,0.0003210579665166813,7.959086017205265e-06,0.0028423777148219903,4,8,1270,565,609,2497,208,0.020982710785751806,823.0,0.0008353422012873325,0.7548633267773477,1.249303068441029,9.856082642287368e-05,0.25
MTR,Los Garzones Airport,Colombia,2,2,0.00012940435374416082,0.00011537975308802913,5.84354744981749e-06,0.0,2,4,1914,1892,1856,2681,1725,0.045157270839360546,392.5,0.0016854007228172198,0.10674175921816875,3.1917533174420027,5.011457523015084e-05,0.5
MVP,Fabio Alberto Leon Bentley Airport,Colombia,2,2,0.00013409639659666848,0.00012647822626878094,5.964823362892667e-06,0.0,2,4,1914,1821,1708,2672,1725,0.04448160811385187,463.5,0.0016072427650260634,0.14235865100012113,2.9567515028191353,5.2874600437500876e-05,0.5
MZL,La Nubia Airport,Colombia,1,1,7.72947729142569e-05,6.269456312257816e-05,3.7152910321227396e-06,0.0,1,2,2658,2805,2998,2901,1725,0.048066523673523334,230.0,0.002880358331885605,0.018733117511207098,4.30406509320417,3.892376124169736e-05,1.0
NVA,Benito Salas Airport,Colombia,1,1,7.72947729142569e-05,8.121619283686825e-05,3.7152910321227396e-06,0.0,1,2,2658,2805,2477,2901,1725,0.048066523673523334,230.0,0.002880358331885605,0.018733117511207098,4.30406509320417,3.892376124169736e-05,1.0
PCR,German Olano Airport,Colombia,2,2,0.00013409639659666848,0.00011310802440996964,5.964823362892667e-06,0.0,2,4,1914,1821,1902,2672,1725,0.04448160811385187,463.5,0.0016072427650260634,0.14235865100012113,2.9567515028191353,5.2874600437500876e-05,0.5
PDA,Obando Airport,Colombia,2,2,0.00013409639659666848,0.00011310802440996964,5.964823362892667e-06,0.0,2,4,1914,1821,1902,2672,1725,0.04448160811385187,463.5,0.0016072427650260634,0.14235865100012113,2.9567515028191353,5.2874600437500876e-05,0.5
PPN,Guillermo León Valencia Airport,Colombia,1,1,7.72947729142569e-05,6.269456312257816e-05,3.7152910321227396e-06,0.0,1,2,2658,2805,2998,2901,1725,0.048066523673523334,230.0,0.002880358331885605,0.018733117511207098,4.30406509320417,3.892376124169736e-05,1.0
PSO,Antonio Narino Airport,Colombia,2,2,0.0001086859663232501,9.717750502498649e-05,6.8431455614923745e-06,0.0,2,4,1914,2211,2176,2597,1725,0.06296254974758861,74.5,0.0017725565079897273,-0.06773758677931241,3.5972184255501674,3.7927288512344506e-05,0.5
PUU,Tres De Mayo Airport,Colombia,3,3,0.0001926640251990806,0.00016442349158609076,9.014022648155624e-06,0.0002892199824715162,3,6,1507,1232,1298,2431,599,0.046786226120010696,478.0,0.0012146369107703776,0.25478899972854485,2.3981456170334448,5.821743111878917e-05,0.3333333333333333
RCH,Almirante Padilla Airport,Colombia,1,1,7.72947729142569e-05,6.269456312257816e-05,3.7152910321227396e-06,0.0,1,2,2658,2805,2998,2901,1725,0.048066523673523334,230.0,0.002880358331885605,0.018733117511207098,4.30406509320417,3.892376124169736e-05,1.0
RVE,Los Colonizadores Airport,Colombia,2,2,0.00013442569201435888,0.00010903402281819636,6.461375675846299e-06,0.0,2,4,1914,1813,1965,2629,1725,0.04806652343776752,472.0,0.001507392011949982,0.14481130273143172,2.498606136882058,5.3068303624438404e-05,0.5
SJE,Jorge E. Gonzalez Torres Airport,Colombia,1,1,7.72947729142569e-05,8.121619283686825e-05,3.7152910321227396e-06,0.0,1,2,2658,2805,2477,2901,1725,0.048066523673523334,230.0,0.002880358331885605,0.018733117511207098,4.30406509320417,3.892376124169736e-05,1.0
SMR,Simón Bolívar International Airport,Colombia,2,2,0.00010204048687474066,0.0001131570234828154,7.441071966618785e-06,0.0,2,4,1914,2333,1899,2546,1725,0.07292274071323317,-47.5,0.0017021926079467584,-0.1308306032369817,3.5972184255501674,3.401818295440179e-05,0.5
TME,Gustavo Vargas Airport,Colombia,2,2,0.00013442569201435888,0.00010903402281819636,6.461375675846299e-06,0.0,2,4,1914,1813,1965,2629,1725,0.04806652343776752,472.0,0.001507392011949982,0.14481130273143172,2.498606136882058,5.3068303624438404e-05,0.5
UIB,El Caraño Airport,Colombia,3,3,0.00016079554715315404,0.00018402625524159837,8.971401979187126e-06,1.0224948875255623e-06,3,6,1507,1525,1149,2434,1401,0.0557938458994892,185.0,0.0013451853765760963,0.07397479438545673,3.09129279759339,4.5719988747764436e-05,0.3333333333333333
VGZ,Villa Garzón Airport,Colombia,1,1,7.72947729142569e-05,6.269456312257816e-05,3.7152910321227396e-06,0.0,1,2,2658,2805,2998,2901,1725,0.048066523673523334,230.0,0.002880358331885605,0.018733117511207098,4.30406509320417,3.892376124169736e-05,1.0
VUP,Alfonso López Pumarejo Airport,Colombia,1,1,7.72947729142569e-05,8.121619283686825e-05,3.7152910321227396e-06,0.0,1,2,2658,2805,2477,2901,1725,0.048066523673523334,230.0,0.002880358331885605,0.018733117511207098,4.30406509320417,3.892376124169736e-05,1.0
VVC,Vanguardia Airport,Colombia,5,5,0.00033412719816652196,0.00030015841482599617,1.3232543228395106e-05,0.0002892199824715162,5,10,1107,635,656,2176,599,0.039603310658356775,553.0,0.0006767317442445795,0.4904522870475905,1.2767013269768013,6.821591113679744e-05,0.2
BOI,Boise Air Terminal/Gowen Field,United States,16,16,0.00035508637114006373,0.0002530429312662871,7.330885140333169e-05,8.493410009194052e-05,16,32,533,603,769,1012,854,0.20645357682403145,-61.5,0.0019109285067866097,-0.16576036770151426,4.083724955413313,2.285858787995613e-05,0.3125
GEG,Spokane International Airport,United States,10,10,0.00023487451275044918,0.0001976867086633063,4.3086769246351724e-05,0.0,10,20,703,949,1056,1298,1725,0.1834459122098565,-223.0,0.002180515850191452,-0.2893251359258482,4.374420796141374,2.2431169035195854e-05,0.4
LWS,Lewiston Nez Perce County Airport,United States,4,4,0.00014573027567993613,0.00010935823999050027,1.697000440818031e-05,4.794827788756049e-07,4,8,1270,1688,1961,1970,1495,0.11644803613389931,-300.0,0.0012158220076322337,-0.20174983453583017,3.1163388108650643,2.9859029338485637e-05,0.0
BOJ,Burgas Airport,Bulgaria,11,11,0.0002071156262846544,0.00015482480494914143,0.0001257736594512751,2.985391537327523e-05,11,22,660,1144,1383,734,975,0.6072630139379972,-463.0,0.0018915653264280053,-0.47385552624436045,4.466947887405415,1.7423107019487967e-05,0.18181818181818182
DIU,Diu Airport,India,1,1,6.572063309994935e-05,6.47460695628037e-05,0.002607513154883051,0.0002892141279345135,2,2,1914,3126,2900,89,674,39.67571570586499,-843.0,0.0021004914728552848,-0.1434802886082558,4.418840607796598,2.5307126178979334e-05,0.0
GWL,Gwalior Airport,India,1,1,6.572063309994935e-05,5.4459501485545874e-05,0.002607513154883051,0.0,1,2,2658,3126,3290,89,1725,39.67571570586499,-87.0,0.0021004914728552848,-0.1434802886082558,4.418840607796598,2.5307126178979334e-05,0.0
IXC,Chandigarh Airport,India,3,3,0.00011602620159833392,0.0001403897626437168,0.004039203394099044,0.0,3,6,1507,2112,1533,57,1725,34.81285553139271,-402.0,0.001548136703647762,-0.2523428286944025,3.595103685176012,2.8163382660761352e-05,0.3333333333333333
IXD,Allahabad Airport,India,2,2,8.616565979970424e-05,6.485337019259371e-05,0.003015442883210801,0.0,2,4,1914,2609,2895,74,1725,34.99587759462792,-326.5,0.002216814907883757,-0.29992854780755174,4.4967757931499905,2.4680049393160956e-05,0.5
IXJ,Jammu Airport,India,4,4,0.00015195441451923338,0.00018673638431938758,0.005366780289373581,4.09386929125526e-07,4,8,1270,1636,1132,29,1502,35.31835719517244,-248.0,0.0011928038920935265,-0.15992674940956064,2.970980836049036,3.1689658448139336e-05,0.25
IXU,Aurangabad Airport,India,2,2,8.616565979970424e-05,9.582037505415719e-05,0.003015442883210801,0.0,2,4,1914,2609,2214,74,1725,34.99587759462792,-326.5,0.002216814907883757,-0.29992854780755174,4.4967757931499905,2.4680049393160956e-05,0.5
JDH,Jodhpur Airport,India,2,2,8.616565979970424e-05,0.00010621424376120504,0.003015442883210801,0.0,2,4,1914,2609,2006,74,1725,34.99587759462792,-326.5,0.002216814907883757,-0.29992854780755174,4.4967757931499905,2.4680049393160956e-05,0.5
JGA,Jamnagar Airport,India,1,1,6.572063309994935e-05,5.4459501485545874e-05,0.002607513154883051,0.0,1,2,2658,3126,3290,89,1725,39.67571570586499,-87.0,0.0021004914728552848,-0.1434802886082558,4.418840607796598,2.5307126178979334e-05,0.0
JLR,Jabalpur Airport,India,2,2,8.616565979970424e-05,7.524723889964154e-05,0.003015442883210801,0.0,2,4,1914,2609,2659,74,1725,34.99587759462792,-326.5,0.002216814907883757,-0.29992854780755174,4.4967757931499905,2.4680049393160956e-05,0.5
MRU,Sir Seewoosagur Ramgoolam International Airport,Mauritius,24,25,0.0006068803521680988,0.0006089878935167924,0.0016982293734210691,0.0012230574976217577,27,49,359,364,345,130,340,2.798293547243855,-4.0,0.00191021368557945,0.12025162943007572,3.906106778633454,2.758190081825664e-05,0.4583333333333333
PAT,Lok Nayak Jayaprakash Airport,India,5,4,0.0001590246401844023,0.0001846480810703551,0.005084686741601271,4.407846244760828e-07,5,9,1107,1539,1144,37,1500,31.974206863195253,-351.0,0.0011660177757045482,-0.25201030633770216,3.2375976874800627,2.701530927115551e-05,0.2
RAJ,Rajkot Airport,India,1,1,6.572063309994935e-05,7.503263764006152e-05,0.002607513154883051,0.0,1,2,2658,3126,2664,89,1725,39.67571570586499,-87.0,0.0021004914728552848,-0.1434802886082558,4.418840607796598,2.5307126178979334e-05,0.0
RPR,Raipur Airport,India,6,7,0.00017305126983700747,0.00014979080312085998,0.005295798420340066,1.3407005577972424e-06,8,13,829,1408,1441,32,1354,30.60248228937032,-538.0,0.001099438654322281,-0.2798780149973563,3.3492595154131792,2.526307726919208e-05,0.16666666666666666
STV,Surat Airport,India,2,2,8.616565979970424e-05,7.524723889964154e-05,0.003015442883210801,0.0,2,4,1914,2609,2659,74,1725,34.99587759462792,-326.5,0.002216814907883757,-0.29992854780755174,4.4967757931499905,2.4680049393160956e-05,0.5
UDR,Maharana Pratap Airport,India,2,2,8.616565979970424e-05,0.00011660811246825287,0.003015442883210801,0.0,2,4,1914,2609,1839,74,1725,34.99587759462792,-326.5,0.002216814907883757,-0.29992854780755174,4.4967757931499905,2.4680049393160956e-05,0.5
VNS,Lal Bahadur Shastri Airport,India,5,5,0.00021209641469491165,0.0002092728652418869,0.006912063980146524,4.8574877169876036e-06,6,10,996,1109,993,18,1188,32.589254231803615,-58.0,0.001320399231361176,0.035971491320232474,3.214041080348786,3.950278562706552e-05,0.2
LKN,Leknes Airport,Norway,3,3,0.00017058701264776542,0.0001549026413079216,8.213647165355845e-06,0.0,3,6,1507,1425,1380,2475,1725,0.04814931123927762,285.0,0.0002710925811972625,0.13308663451306302,1.499936556776755,4.955977915773569e-05,0.0
MJF,Mosjøen Airport (Kjærstad),Norway,4,5,0.00016793093221595943,0.00014691966343580469,1.7622073272113025e-05,0.0,5,9,1107,1444,1468,1938,1725,0.10493643451851392,-256.0,0.0003701393719399584,-0.05995454368773245,2.1567360138438394,3.638863424909176e-05,0.0
NVK,Narvik Framnes Airport,Norway,1,1,7.457539533739449e-05,6.790584876014312e-05,3.477786493039325e-06,0.0,1,2,2658,2885,2794,2955,1725,0.0466345029390069,156.5,0.0005358674028592023,-0.01708258343072444,2.70805020110221,3.572449352394682e-05,0.0
RET,Røst Airport,Norway,2,2,0.00012290838223039135,0.00011179493045564432,5.80498648317864e-06,0.0,2,4,1914,2006,1924,2686,1725,0.047230191935137604,279.5,0.0003532272077534838,0.055238950001083253,1.9033312448851598,4.629341553660098e-05,0.0
SKN,Stokmarknes Skagen Airport,Norway,3,4,0.00014867565313029157,0.0001296949507538042,1.0363936340904267e-05,4.355695597250607e-06,4,7,1270,1667,1667,2346,1201,0.06970836261820121,-279.0,0.00046796392776614245,-0.004391761552518858,2.2674649211081035,4.096708915162099e-05,0.0
SVJ,Svolvær Helle Airport,Norway,3,3,0.00015450195850219372,0.00013935510748424166,8.00732292435937e-06,0.0,3,6,1507,1598,1549,2494,1725,0.05182667586861481,112.0,0.00028504335621241976,0.03404790250469425,1.7309856169634035,4.3251914785258275e-05,0.0
ISP,Long Island Mac Arthur Airport,United States,10,10,0.0002088913103424735,0.00018378479501422284,4.113653939273337e-05,6.7044023504717685e-06,11,20,660,1132,1151,1329,1138,0.1969279589720164,-451.0,0.0014363854986373225,-0.4065624486659001,4.156315342739549,1.937432170508387e-05,0.1
LEB,Lebanon Municipal Airport,United States,2,2,8.273136863066903e-05,6.562473486250957e-05,8.726396417030331e-06,5.53487946988394e-07,2,4,1914,2675,2871,2448,1479,0.10547869038631379,-389.5,0.0012609778507756977,-0.3406014315027637,3.671389594665923,2.2659878100350256e-05,0.0
PBG,Plattsburgh International Airport,United States,5,5,0.0001381411898783222,0.00011799613226759503,1.9578373874210364e-05,7.2684250268851914e-06,5,10,1107,1763,1824,1862,1129,0.141727271145235,-575.0,0.001307694449800316,-0.3927931890725791,3.934148337051588,2.21015562400157e-05,0.0
PQI,Northern Maine Regional Airport at Presque Isle,United States,1,1,6.200316057489005e-05,6.302730521162097e-05,5.2911942075172145e-06,0.0,1,2,2658,3287,2990,2718,1725,0.08533749180618438,-248.5,0.0021561637946558116,-0.20170785426274662,4.634728988229636,2.0933629074328268e-05,0.0
PVC,Provincetown Municipal Airport,United States,1,1,6.200316057489005e-05,5.360011930995451e-05,5.2911942075172145e-06,0.0,1,2,2658,3287,3351,2718,1725,0.08533749180618438,-248.5,0.0021561637946558116,-0.20170785426274662,4.634728988229636,2.0933629074328268e-05,0.0
RKD,Knox County Regional Airport,United States,1,1,6.200316057489005e-05,5.360011930995451e-05,5.2911942075172145e-06,0.0,1,2,2658,3287,3351,2718,1725,0.08533749180618438,-248.5,0.0021561637946558116,-0.20170785426274662,4.634728988229636,2.0933629074328268e-05,0.0
RUT,Rutland - Southern Vermont Regional Airport,United States,1,1,6.200316057489005e-05,5.360011930995451e-05,5.2911942075172145e-06,0.0,1,2,2658,3287,3351,2718,1725,0.08533749180618438,-248.5,0.0021561637946558116,-0.20170785426274662,4.634728988229636,2.0933629074328268e-05,0.0
SLK,Adirondack Regional Airport,United States,1,1,6.200316057489005e-05,5.360011930995451e-05,5.2911942075172145e-06,0.0,1,2,2658,3287,3351,2718,1725,0.08533749180618438,-248.5,0.0021561637946558116,-0.20170785426274662,4.634728988229636,2.0933629074328268e-05,0.0
STI,Cibao International Airport,Dominican Republic,8,8,0.00018898802014560346,0.0001508929366134523,4.761395381505465e-05,5.119475170879975e-07,8,16,829,1257,1427,1249,1486,0.25194165100185223,-387.0,0.0020023703202737986,-0.3691307461059967,4.424620961559618,2.1290947693774107e-05,0.375
YHZ,Halifax / Stanfield International Airport,Canada,33,28,0.0008193093733732087,0.0007296968274342531,0.00021930792899891322,0.002511834444196482,33,61,293,247,287,549,226,0.2676741364449335,50.5,0.0011052790004529177,0.22406335802559418,2.9958020823376197,2.763279135589749e-05,0.18181818181818182
YOW,Ottawa Macdonald-Cartier International Airport,Canada,26,26,0.0006542398712177513,0.0006468743922591854,0.0001688237246355445,0.00796960226389037,26,52,362,337,325,629,98,0.2580456069137289,32.5,0.0017034409431943562,0.14604980151934743,3.8478105702091105,2.760318077074106e-05,0.34615384615384615
YTZ,Billy Bishop Toronto City Centre Airport,Canada,13,13,0.00040125311495861746,0.000295642122909716,6.694550540335621e-05,0.0002545177634677829,13,26,592,527,668,1058,705,0.16684108585739085,80.5,0.0010743334983166837,0.08447523218331554,3.1311849633510884,3.2311632476024796e-05,0.15384615384615385
BPL,Alashankou Bole (Bortala) airport,China,1,1,6.36036372833587e-05,5.2896031223063736e-05,1.4072079368740314e-05,0.0,1,2,2658,3201,3384,2130,1725,0.2212464564887729,-162.5,0.0012549098575257447,-0.17622255632220174,4.007333185232471,2.2816542864104448e-05,0.0
MDC,Sam Ratulangi Airport,Indonesia,11,11,0.0005540242346392339,0.0005000691161725129,0.00020797675070378837,0.0011825024725439302,11,22,660,394,415,568,344,0.37539287579940867,287.0,0.0007316913097661109,0.510075685979996,1.9715223137839113,5.452563196404923e-05,0.09090909090909091
PLW,Mutiara Airport,Indonesia,3,4,0.0001369356554122336,0.00015570747423588753,5.541590427838709e-05,0.0,4,7,1270,1784,1374,1155,1725,0.4046857198117031,-396.0,0.0011686892498605397,-0.08664772316689096,3.352012316998804,3.636316845982621e-05,0.0
TRK,Juwata Airport,Indonesia,5,5,0.00019459524453796712,0.0001479165674964982,9.875439134133827e-05,1.0711851202648749e-06,5,10,1107,1226,1455,856,1396,0.5074861493959606,-38.0,0.000894270432493398,-0.05014773392347038,2.976870137659742,3.53848632277734e-05,0.0
BPS,Porto Seguro Airport,Brazil,6,6,0.00020537313205179898,0.00020390857054622326,1.977592072742398e-05,6.610633419596145e-06,6,12,996,1155,1024,1853,1143,0.0962926383302959,-104.0,0.0012512249831705703,-0.1086374420179137,3.577647649523995,3.160069730167707e-05,0.16666666666666666
CGH,Congonhas Airport,Brazil,26,26,0.000848667115050008,0.0009322078372542486,7.214409880320342e-05,0.0005093419241193165,26,52,362,236,210,1018,483,0.08500871251380147,133.5,0.00046631025420582447,0.4062427605332344,2.265252803098481,3.6400793637809744e-05,0.0
BPT,Southeast Texas Regional Airport,United States,1,1,6.325296147933587e-05,6.365633497022433e-05,4.2075812106363475e-06,0.0,1,2,2658,3225,2950,2827,1725,0.06651990851070148,-188.5,0.004189544835300546,-0.18175126670370467,5.231108616854587,2.2403983076473507e-05,1.0
BPX,Qamdo Bangda Airport,China,2,2,8.222620258178778e-05,6.740822946198312e-05,3.7481555792773535e-05,0.0,2,4,1914,2688,2803,1391,1725,0.45583469278532995,-403.0,0.001220295720861612,-0.3467262504410584,3.695090714113215,2.236272161463627e-05,0.0
LXA,Lhasa Gonggar Airport,China,15,15,0.0003854445850061629,0.0003268167398627251,0.00033228098793155314,0.00043563471897015247,15,30,551,548,598,408,504,0.8620720094595188,14.0,0.0009574135476135581,-0.04393768707618939,2.929030772255518,2.6763530145228902e-05,0.06666666666666667
BQN,Rafael Hernandez Airport,Puerto Rico,4,4,0.00010930457365361423,7.859734556687726e-05,2.9057751742649087e-05,0.0,4,8,1270,2203,2544,1581,1725,0.26584204824523616,-815.0,0.0024357545887410707,-0.489369081534452,4.829429512103118,1.9145587589770826e-05,0.5
BQS,Ignatyevo Airport,Russia,5,5,0.00015571613975272821,0.00011265711585533992,6.012245169115861e-05,7.460841816670037e-07,5,10,1107,1584,1912,1106,1427,0.38610289072559184,-396.0,0.0012187286768791596,-0.2730347334987009,3.2836020450712744,2.6236838583509793e-05,0.2
HTA,Chita-Kadala Airport,Russia,9,9,0.0002331557926892322,0.00018848838932837098,0.00010826750404823221,1.8061658545445256e-05,9,18,750,964,1119,801,1031,0.4643569126010924,-175.0,0.0011171993506346037,-0.2317176569838022,3.226926159453315,2.469885189423689e-05,0.2222222222222222
KHV,Khabarovsk-Novy Airport,Russia,23,23,0.0006091415217627974,0.0005850989269856283,0.00031186209195391106,0.0011597804156599154,23,46,393,362,360,434,348,0.5119698474197129,38.5,0.001071791814490231,0.15020748154284647,2.8962429037896333,2.889677474607535e-05,0.21739130434782608
VVO,Vladivostok International Airport,Russia,15,15,0.0003606325580800905,0.0003620043498087798,0.00023646343144991205,0.00010701288692372568,15,30,551,594,555,525,816,0.6556907471382477,-32.0,0.001514846049605452,-0.11047552606028965,3.5963067204407126,2.4817488819664406e-05,0.3333333333333333
YKS,Yakutsk Airport,Russia,23,23,0.0007561323194339926,0.0007827683267634781,0.0002601412195060984,0.003723051166932807,23,46,393,285,267,487,172,0.3440419260227214,115.5,0.0008824808248310645,0.36637324355359624,2.421235987782356,3.6415485627023494e-05,0.13043478260869565
BRA,Barreiras Airport,Brazil,2,2,9.981249650572695e-05,0.0001405282877230296,6.461350687315786e-06,0.0,2,4,1914,2362,1531,2631,1725,0.0647348870483873,-76.5,0.0011939148228005264,-0.15290687694297844,3.5757427319523676,3.270760038727166e-05,0.0
BRD,Brainerd Lakes Regional Airport,United States,2,2,0.00010972544891368518,9.392858145777894e-05,6.900321542938255e-06,0.0,2,4,1914,2188,2242,2588,1725,0.06288715709303089,96.0,0.0014988229848721182,-0.058218941082254005,2.780340815507764,3.8538748847000335e-05,0.5
INL,Falls International Airport,United States,2,2,0.00010972544891368518,9.392858145777894e-05,6.900321542938255e-06,0.0,2,4,1914,2188,2242,2588,1725,0.06288715709303089,96.0,0.0014988229848721182,-0.058218941082254005,2.780340815507764,3.8538748847000335e-05,0.5
BZR,Béziers-Vias Airport,France,9,9,0.00015070138989735593,0.00011284793621757264,6.513107981932136e-05,3.8926148695936484e-07,9,18,750,1647,1907,1073,1513,0.43218632464957835,-858.0,0.0009315756665742434,-0.6681241967299236,4.073301457680609,1.392049859062076e-05,0.0
BRL,Southeast Iowa Regional Airport,United States,2,2,8.117898771579907e-05,6.262541466864444e-05,1.1012497514440002e-05,0.0,2,4,1914,2723,3008,2313,1725,0.13565699480010573,-438.0,0.0028254965223349984,-0.35954382620236913,4.71111036550584,2.1746712853560304e-05,0.5
BRM,Barquisimeto International Airport,Venezuela,3,3,0.00012395139881729486,0.0001242696281691529,1.2077644538368039e-05,3.3387588164099996e-08,3,6,1507,1990,1746,2242,1682,0.09743854973488894,-280.0,0.0008375219352916726,-0.1862693263896702,3.1445479701639187,3.127130312867188e-05,0.0
BRO,Brownsville South Padre Island International Airport,United States,2,2,8.100520771053582e-05,7.308360220257847e-05,9.034700948098127e-06,0.0,2,4,1914,2727,2686,2426,1725,0.1115323471594906,-443.0,0.0038595545431519105,-0.36168682258142404,5.18050366588883,2.1644489322270113e-05,1.0
BRQ,Brno-Tuřany Airport,Czech Republic,1,1,5.673112401821069e-05,5.247772861354078e-05,6.594614463040956e-06,0.0,1,2,2658,3412,3396,2615,1725,0.11624332458006799,-371.0,0.0022538786714142232,-0.29057023040970265,5.030437921392435,1.4731233146498191e-05,0.0
BRR,Barra Airport,United Kingdom,1,1,5.898730237906903e-05,5.2922795424510335e-05,7.489507612673269e-06,0.0,1,2,2658,3381,3380,2540,1725,0.12696813230317913,-341.0,0.0010952903194744817,-0.2515710081931122,4.143134726391533,1.7385560626579073e-05,0.0
CEG,Hawarden Airport,United Kingdom,2,2,7.021234426867625e-05,6.0434965307614845e-05,1.6033814270164927e-05,0.0,2,4,1914,3031,3086,2012,1725,0.2283617565710318,-745.5,0.0008852845765988204,-0.5046761280537293,4.059550418818743,1.5295746143309154e-05,0.0
EGC,Bergerac-Roumanière Airport,France,9,9,0.000178064349048692,0.0001573337275485493,6.208253028152578e-05,7.812239946282984e-06,9,18,750,1354,1356,1097,1122,0.34865221821887105,-565.0,0.0007857738528058659,-0.5012795287897696,3.532707383857986,1.7497355996345553e-05,0.0
RZE,Rzeszów-Jasionka Airport,Poland,11,11,0.00017832756896060719,0.00012707379010335178,0.00010172107364687099,1.8885078321202158e-06,11,22,660,1351,1699,839,1317,0.5704169817362413,-670.0,0.0016396484022381675,-0.6235106105265746,4.57112031795587,1.4344170407796537e-05,0.18181818181818182
DJE,Djerba Zarzis International Airport,Tunisia,23,24,0.00035088236978200255,0.00033198021971749783,0.0002476234105007868,4.238735411917957e-05,25,47,378,611,586,506,943,0.7057163078744342,-229.5,0.0015384250303630928,-0.40139210454561614,4.369654782768242,1.568658794677801e-05,0.21739130434782608
MIR,Monastir Habib Bourguiba International Airport,Tunisia,10,10,0.00018947225794166655,0.0001871206372980592,0.00011530443716719592,2.499192490659769e-06,10,20,703,1256,1130,778,1280,0.608555777082126,-530.0,0.0016439600583835448,-0.5041339014321853,4.446442673355648,1.7089727326106052e-05,0.2
OUD,Angads Airport,Morocco,9,9,0.0001656948278554375,0.00013074136521175269,7.809421553406015e-05,4.176006630152209e-06,9,18,750,1471,1651,980,1205,0.4713135379348981,-682.0,0.0013115323566080504,-0.5732768152245082,4.284661393852499,1.588042512082794e-05,0.1111111111111111
NUI,Nuiqsut Airport,United States,2,2,0.00017136736734717494,0.00016702162037835844,1.1773718110392433e-06,0.0,2,4,1914,1421,1278,3152,1725,0.006870455147122576,864.5,0.00044090032492508666,0.3876093312546196,1.7776740307447068,7.479870038231825e-05,0.0
PIZ,Point Lay LRRS Airport,United States,2,2,0.00017967294421494264,0.00014990018403950853,7.151547321389135e-07,5.842827928717499e-07,2,4,1914,1338,1439,3225,1465,0.003980313982518004,947.5,0.00037286664752329433,0.4349379536925131,1.5222612188617115,7.968433383210115e-05,0.0
GLK,Galcaio Airport,Somalia,3,3,0.00015329918537381235,0.00015077306623924766,9.187701626352175e-05,3.173532718101926e-05,4,6,1270,1615,1429,897,968,0.5993314057050223,-227.0,0.000707972100210768,0.02623260178659592,2.26598013765831,4.278023904938203e-05,0.0
CGR,Campo Grande Airport,Brazil,10,10,0.0003687725836807641,0.0003791109392007328,3.301974520275993e-05,0.00029639558406911384,10,20,703,586,527,1492,579,0.08953958798451292,140.0,0.0009694767112688487,0.16180363050721702,2.8591640483996996,3.818388328226697e-05,0.1
GYN,Santa Genoveva Airport,Brazil,11,11,0.0003588547168855812,0.0004238129760087643,3.4455858571849935e-05,2.814904202125471e-05,11,22,660,598,488,1469,979,0.0960161785551672,83.0,0.000987550982735208,0.07578487359218045,3.131428661170443,3.3651886749965774e-05,0.09090909090909091
IOS,Bahia - Jorge Amado Airport,Brazil,7,7,0.00023318449868800836,0.00019164211809871934,2.270430289628306e-05,6.610633419596145e-06,7,14,912,963,1093,1741,1143,0.09736626158268144,-9.5,0.0012781424447950512,-0.07666579308634702,3.6071536472946044,3.176049124085936e-05,0.14285714285714285
JDO,Orlando Bezerra de Menezes Airport,Brazil,5,5,0.00017083576258074057,0.00012128699358419943,1.958842259547545e-05,5.346945373964705e-06,5,10,1107,1424,1782,1860,1176,0.11466230664798624,-236.0,0.0013135246709355636,-0.18036682403641713,3.6145229161508468,2.9794396885144395e-05,0.2
JPA,Presidente Castro Pinto International Airport,Brazil,6,6,0.00019690512275403853,0.00020577127196375853,2.4732383582086873e-05,5.346945373964705e-06,6,12,996,1216,1013,1667,1176,0.12560558728063673,-165.0,0.0013791129783375423,-0.15074392068842712,3.7402264918258616,2.9940303322469943e-05,0.16666666666666666
NAT,Governador Aluízio Alves International Airport,Brazil,9,10,0.0002736983380137732,0.00028170900034734774,3.983479394101454e-05,5.615666718529149e-05,10,19,703,775,695,1355,910,0.14554269576532816,-49.0,0.0011812795492315278,-0.07139798152527987,3.4066229864045456,2.9998531011865206e-05,0.1111111111111111
OPS,Presidente João Batista Figueiredo Airport,Brazil,2,2,0.00010899887224091613,0.00010331848678790271,5.292804016274086e-06,0.0,2,4,1914,2206,2053,2716,1725,0.048558337416332156,79.5,0.001111354628125238,-0.06486273214783367,3.3372806959072125,3.811135081876932e-05,0.0
PNZ,Senador Nilo Coelho Airport,Brazil,4,4,0.00016518720248942436,0.00013642939822810195,1.3110539481600368e-05,2.2220960742674216e-05,5,8,1107,1475,1578,2181,1013,0.07936776750268976,-287.0,0.0007461423457643087,-0.07642792948163368,2.6837511005902113,3.558165489995192e-05,0.0
PVH,Governador Jorge Teixeira de Oliveira Airport,Brazil,4,4,0.0002045733804633353,0.0002497844315396312,9.629542919747424e-06,1.4653441472021664e-06,4,8,1270,1161,788,2384,1343,0.04707133889041482,227.0,0.0008096222571678013,0.1374194189940443,2.665886359594675,4.716582488708256e-05,0.0
RAO,Leite Lopes Airport,Brazil,12,12,0.0003832507239442725,0.00038387052340064793,3.7753854940520026e-05,9.114203144901191e-06,12,24,624,553,524,1389,1104,0.09850954631467237,88.5,0.0009577112437374739,0.08791643079483613,3.148490015355515,3.323932825294612e-05,0.08333333333333333
RBR,Plácido de Castro Airport,Brazil,3,3,0.00020163019799470397,0.00018829679650502092,6.552790315240446e-06,0.0002892199824715162,3,6,1507,1190,1123,2618,599,0.03249905212815673,520.0,0.0005818529089878583,0.3002764464775982,1.7234946650127172,6.173357731669678e-05,0.0
SJP,Prof. Eribelto Manoel Reino State Airport,Brazil,6,6,0.0002148433741381566,0.00018327356590339632,1.9089868042699586e-05,6.610633419596145e-06,6,12,996,1080,1156,1898,1143,0.08885481397449896,-29.0,0.001256737690767018,-0.06355665276181277,3.478529798232879,3.345760751431398e-05,0.16666666666666666
THE,Senador Petrônio Portela Airport,Brazil,7,7,0.00023932828462905575,0.0002251080435953081,2.5660069905293707e-05,5.726431680664343e-05,7,14,912,924,918,1651,908,0.10721703849198289,29.5,0.0009884928202816383,-0.05065958788201286,2.9778861861420016,3.27930603071646e-05,0.14285714285714285
UDI,Ten. Cel. Aviador César Bombonato Airport,Brazil,9,9,0.0003036623846817971,0.0003050229139034168,2.7372255051654745e-05,1.1649278885790888e-05,9,18,750,696,645,1620,1071,0.09014042052109182,93.0,0.0009837496071532015,0.03249198229251071,3.0829345418526497,3.391539985515346e-05,0.1111111111111111
VIX,Eurico de Aguiar Salles Airport,Brazil,9,9,0.00029478903774059396,0.00030350237865066826,3.0347778595842583e-05,0.00016839185291540835,9,18,750,718,649,1549,739,0.10294744617521284,71.0,0.0011494011008382325,0.0028354489501420943,3.360056457537885,3.275548522267352e-05,0.1111111111111111
BSC,José Celestino Mutis Airport,Colombia,1,1,9.63191566947794e-05,7.833649365944893e-05,2.12825641769475e-06,0.0,1,2,2658,2443,2549,3064,1725,0.022095878854492754,598.0,0.0004904431137488345,0.23877401125404418,2.0794415416798357,6.130538921860431e-05,0.0
BSD,Baoshan Yunduan Airport,China,1,1,6.14656621125947e-05,5.8836466370130134e-05,2.207045161955422e-05,0.0,1,2,2658,3317,3139,1760,1725,0.3590696148220918,-277.0,0.0019286214056921495,-0.21041453577266012,4.553876891600541,2.0301277954654204e-05,0.0
BSG,Bata Airport,Equatorial Guinea,2,2,9.351546285536227e-05,7.010655926622098e-05,2.7849227216223335e-05,0.0,2,4,1914,2487,2738,1610,1725,0.297803447321829,-201.5,0.00036136194053342337,-0.2180734671564366,2.484906649788,2.90034629615455e-05,0.0
PRN,Priština International Airport,Serbia,17,17,0.0002652217808362628,0.0002042115293871302,0.0002019597314095731,1.6800908529016307e-07,17,34,514,808,1023,580,1588,0.761474908933874,-285.0,0.001834805626657876,-0.4949285307130298,4.594926185486971,1.529496230415036e-05,0.23529411764705882
BSO,Basco Airport,Philippines,1,1,7.158033171149427e-05,7.037662379560633e-05,1.9268425537151766e-05,0.0,1,2,2658,2993,2723,1882,1725,0.26918603304066097,42.5,0.0025116693607450963,-0.05807287555921725,4.356708826689592,3.220088924032175e-05,1.0
BTC,Batticaloa Airport,Sri Lanka,1,1,0.00012002476417718455,0.00011495096501349193,5.853051201245268e-05,0.0,1,2,2658,2051,1863,1124,1725,0.48765363059616595,990.0,0.00026758301763683676,0.4588048746113653,1.0986122886681098,8.919433921227893e-05,0.0
GIU,Sigiriya Air Force Base,Sri Lanka,3,3,0.00026758301763683676,0.00024980481746383665,0.00020657827785099206,0.000578428255869027,3,6,1507,802,787,571,465,0.7720156520970242,908.0,0.0003908341767718796,0.5832709943521746,1.2378573555681027,8.759742816658865e-05,0.0
DJB,Sultan Thaha Airport,Indonesia,2,2,9.931765808882437e-05,0.00012091606731955033,3.8746439500237254e-05,0.0,2,4,1914,2377,1785,1372,1725,0.39012639087386175,-92.0,0.0012203133652733003,-0.15787688699990277,3.496048213707944,3.241651896630389e-05,0.0
NTX,Ranai Airport,Indonesia,1,1,7.511137463378511e-05,5.902962115293313e-05,1.7453349971914567e-05,0.0,1,2,2658,2882,3135,1949,1725,0.23236627018225342,159.5,0.0006180359755613842,-0.009921207884351801,2.833213344056216,3.635505738596378e-05,0.0
PDG,Minangkabau International Airport,Indonesia,3,3,0.00011910199891395059,0.00013087253568774528,9.148328131566373e-05,2.426653012221624e-06,3,6,1507,2065,1649,899,1284,0.76810869800564,-355.0,0.0016825015273111258,-0.22617861042950338,3.9035317662369935,2.9369577678091814e-05,0.3333333333333333
PGK,Pangkal Pinang (Depati Amir) Airport,Indonesia,4,4,0.00016759536850359925,0.00013883194846319054,7.593030365112466e-05,0.0,4,8,1270,1448,1557,995,1725,0.45305729107600007,-60.0,0.0006927877126081347,-0.061954767357352836,2.4411712874139173,3.628993902190234e-05,0.0
PLM,Sultan Mahmud Badaruddin II Airport,Indonesia,7,8,0.0002264942447679134,0.00020272152700128918,0.00020025266503466288,2.7400708832524627e-05,8,15,829,1000,1029,581,985,0.8841401919058031,-130.0,0.0013956639558113774,-0.1057762379878806,3.4611174818397257,3.0636078817671454e-05,0.2857142857142857
PNK,Supadio Airport,Indonesia,4,4,0.00017758994514027428,0.00014655602707037285,7.51876715439649e-05,0.0001362770288013261,4,8,1270,1359,1472,1001,778,0.423377976070525,29.0,0.0007605537398090999,-0.004030107042558129,2.581075234397773,3.922952038657087e-05,0.0
TKG,Radin Inten II (Branti) Airport,Indonesia,3,2,0.0001233826715876545,0.00012146672041665567,6.0023285119599484e-05,0.0,3,5,1507,1998,1779,1107,1725,0.486480673073749,-288.0,0.0008890403251048379,-0.19086819326693139,3.0238459896985748,3.104827284286565e-05,0.0
BTI,Barter Island LRRS Airport,United States,2,2,0.0002377101057394333,0.00019877778451588343,1.304175898501665e-06,2.2397507060083745e-06,2,4,1914,938,1051,3146,1295,0.005486413353966707,1347.5,0.0004966406499258327,0.7148516202325741,1.4978661367769954,0.00011382384026256554,0.0
FYU,Fort Yukon Airport,United States,5,4,0.0005798284110959601,0.0005940028371088169,2.8860274959923947e-06,0.0025690241970208606,5,9,1107,381,352,2998,221,0.004977381999163136,807.0,0.0005596730282853021,1.0416627505677205,1.0047761041692553,0.00012602796036270618,0.0
BTJ,Sultan Iskandar Muda International Airport,Indonesia,3,3,0.00011084674195411055,9.989729877714216e-05,9.817046613811657e-05,0.0,3,6,1507,2171,2118,861,1725,0.8856414217276514,-461.0,0.0016541094713025135,-0.2980103259949729,3.957704742736252,2.6132222008363014e-05,0.3333333333333333
BTK,Bratsk Airport,Russia,4,4,0.00012103874183338562,9.294438507935696e-05,5.503428956574687e-05,4.4789833792239943e-07,4,8,1270,2028,2259,1157,1498,0.4546832586999594,-640.0,0.0018640006763992888,-0.3873966460056426,4.207315084255111,2.2596813543261673e-05,0.25
BTM,Bert Mooney Airport,United States,1,1,6.46059468282801e-05,5.5151165569436695e-05,3.690146362295435e-06,0.0,1,2,2658,3171,3262,2916,1725,0.057117750663165566,-132.5,0.00215961574829728,-0.16058675230593522,4.499809670330265,2.3995730536636446e-05,0.0
KSC,Košice Airport,Slovakia,4,4,9.405559451706568e-05,8.27593332771439e-05,3.7416912387371786e-05,9.845173296371591e-08,4,8,1270,2483,2443,1396,1634,0.3978169781339564,-1095.0,0.001218634411659526,-0.6396212823205545,4.199074680621153,1.4660593745355008e-05,0.0
CXF,,,1,1,0.00010849558943235558,9.377843682107785e-05,3.4342950759823423e-07,0.0,2,2,1914,2214,2250,3311,1725,0.00316537759179929,71.5,0.00030252241479027857,0.35781630673831977,1.3862943611198906,7.563060369756964e-05,0.0
BUA,Buka Airport,Papua New Guinea,3,3,0.00017592433687906294,0.0001808528520833871,1.53023842430807e-05,0.0,4,6,1270,1379,1176,2040,1725,0.08698275926201239,9.0,0.0007330367425420293,0.16389512836429354,2.109312261243065,5.16528473948253e-05,0.0
LNV,,,3,2,0.00018110189352658055,0.00019599779086629905,1.786230350103104e-05,0.0,3,5,1507,1328,1067,1931,1725,0.09863123545093892,382.0,0.0007566447198116422,0.19290095038853572,2.2444672972791193,5.3683261758572704e-05,0.0
RAB,Tokua Airport,Papua New Guinea,8,8,0.00044156505634722045,0.00044953993875048424,5.05366548974582e-05,2.4401639567732158e-05,8,16,829,487,457,1215,999,0.11444894511244837,383.0,0.0005553601470468073,0.4795109884997677,1.8440239974357704,5.84346294080886e-05,0.0
BUC,Burketown Airport,Australia,2,2,0.00018639923443482172,0.0001687073551122431,9.061223443215357e-06,0.0,2,4,1914,1282,1262,2417,1725,0.04861191340559823,1003.5,0.00025092292676260984,0.4716905272238918,1.0986122886681098,8.364097558753661e-05,0.0
DMD,Doomadgee Airport,Australia,3,3,0.0002436383328333471,0.00020961401969378068,1.6893184362445512e-05,0.00027745750130956883,3,6,1507,898,991,1972,695,0.06933713659090233,812.0,0.0003142620800797118,0.4895260130564356,1.3296613488547582,7.820735563499098e-05,0.0
ONG,Mornington Island Airport,Australia,3,3,0.0002582075206918726,0.0002299192333600982,1.5087604489903569e-05,2.4393949436063865e-05,3,6,1507,831,884,2047,1000,0.05843208768464996,879.0,0.00019491245114540675,0.5476047352351099,0.8283022165960001,8.392076263751744e-05,0.0
BUL,Bulolo Airport,Papua New Guinea,1,1,8.434037738531906e-05,7.147675058169529e-05,8.15710841297954e-06,0.0,1,2,2658,2649,2707,2484,1725,0.0967165273130427,391.0,0.0016524447662086433,0.105967507856505,3.5553480614894135,4.721270760596124e-05,0.0
BUQ,Joshua Mqabuko Nkomo International Airport,Zimbabwe,3,3,0.0001433950297090468,0.00011568501320848278,5.946939759349865e-05,0.0,3,6,1507,1702,1852,1117,1725,0.41472426006789775,8.0,0.0011009021453518412,-0.040555602904955634,2.8005941133016368,3.8896256435782475e-05,0.3333333333333333
VFA,Victoria Falls International Airport,Zimbabwe,5,5,0.000214782410888379,0.0001771055710162788,8.796478907073886e-05,1.0224948875255623e-06,5,10,1107,1081,1195,922,1401,0.40955303884941296,107.0,0.0007881778217839894,0.048556007022767744,2.433524567030995,4.0134784736926576e-05,0.2
BUR,Bob Hope Airport,United States,12,12,0.00028206071880709495,0.00023779360847874686,5.842269812931697e-05,0.00028296202804810414,12,24,624,751,850,1128,692,0.2071280906338221,-109.5,0.0018084113378600396,-0.2186506132362629,4.018731103155691,2.3318739496497694e-05,0.25
IPL,Imperial County Airport,United States,2,2,8.089825076629549e-05,6.386007228708261e-05,8.812988248994773e-06,0.0,2,4,1914,2743,2946,2440,1725,0.10893916945688169,-457.5,0.0006816277528849374,-0.36300806625102844,3.246119917510236,2.1581573468139074e-05,0.0
BUS,Batumi International Airport,Georgia,5,5,0.0001258782757979327,0.00010522697413892141,8.033078558126264e-05,6.619043422307371e-07,5,10,1107,1953,2026,962,1441,0.638162423754631,-765.0,0.0019642300400743084,-0.4857540913505236,3.951109501385904,1.9216164713878296e-05,0.4
DNK,Dnipropetrovsk International Airport,Ukraine,9,9,0.00018656650057168815,0.00017822153691439033,0.0001409018635935006,1.0897122264544196e-06,9,18,750,1281,1187,684,1393,0.7552366751894941,-492.0,0.001843709155984319,-0.45463677830447047,4.148563644411757,1.8608748350977875e-05,0.3333333333333333
BUW,Betoambari Airport,Indonesia,1,1,8.351610084909312e-05,6.418038312519044e-05,1.4695851507645645e-05,0.0,1,2,2658,2660,2925,2077,1725,0.17596429141489575,379.5,0.0012023172350295551,0.0961462227856753,3.258096538021482,4.624297057805981e-05,0.0
IRP,Matari Airport,Congo (Kinshasa),1,1,7.307609017125819e-05,7.254146544884954e-05,3.9686810893303347e-07,0.0,2,2,1914,2924,2694,3295,1725,0.0054308886532236375,-638.5,0.00010188181520585734,-0.03739198561127921,1.0986122886681098,3.396060506861911e-05,0.0
BUZ,Bushehr Airport,Iran,4,4,0.0001471007068921607,0.00013469745268810505,0.00013657152633744248,0.00019553732510391037,4,8,1270,1676,1609,696,723,0.9284219581457407,-288.0,0.0017862943961380168,-0.19238988767977538,3.9422545149063253,3.0262097383729078e-05,0.25
RBA,Rabat-Salé Airport,Morocco,9,9,0.00016696427162256236,0.000140544888350093,7.932939268964356e-05,3.6627521668563616e-06,9,18,750,1451,1529,970,1228,0.4751279535359202,-662.0,0.0018720831208853832,-0.5656446781138662,4.627630039265233,1.604636548184248e-05,0.3333333333333333
TGM,Transilvania Târgu Mureş International Airport,Romania,2,4,6.776791358416449e-05,5.941368659764057e-05,1.4060854849131494e-05,0.0,4,6,1270,3079,3127,2138,1725,0.20748543234503727,-1691.0,0.001002508360568119,-0.5401114359530972,4.260094350198019,1.3857845741712777e-05,0.0
BVB,Atlas Brasil Cantanhede Airport,Brazil,1,1,8.265552799386667e-05,0.00011141138970579543,2.480115001615152e-06,0.0,1,2,2658,2677,1929,3031,1725,0.030005434141067797,362.5,0.0008141495744260254,0.08578849138576672,2.8903717578961645,4.523053191255697e-05,0.0
SID,Amílcar Cabral International Airport,Cape Verde,9,15,0.00023990377619812056,0.00022698292507976358,9.636759202352265e-05,0.0001508996347750667,16,24,533,919,903,870,755,0.40169268508695366,-377.5,0.0013402566849448775,-0.20318661482258626,3.43496968481948,2.5580941246261175e-05,0.2222222222222222
BVH,Brigadeiro Camarão Airport,Brazil,1,1,8.118750560470674e-05,6.569909037961043e-05,2.3644218474150113e-06,0.0,1,2,2658,2718,2865,3046,1725,0.029122976864532923,321.5,0.0007830620417085398,0.06786814844201672,2.8903717578961645,4.3503446761585544e-05,0.0
WNR,Windorah Airport,Australia,2,2,0.00023013103201539718,0.0002181075272049533,6.891450457353176e-06,0.00011858060202879196,2,4,1914,981,953,2593,802,0.029945767839306848,1304.5,0.0002187311247569357,0.6824485832081759,0.6931471805599453,0.00010936556237846784,0.0
BVV,,,1,1,7.4140835108222e-05,6.41802143802557e-05,1.1159890883728236e-05,0.0,1,2,2658,2889,2929,2301,1725,0.1505228645919398,151.5,0.00042255895423475796,-0.022926753427666924,2.4849066497880004,3.521324618622983e-05,0.0
UUS,Yuzhno-Sakhalinsk Airport,Russia,12,12,0.00042255895423475796,0.00037660764200726494,0.00015755140132770278,0.0010031170718914038,12,24,624,508,531,649,365,0.372850698698419,133.5,0.0012306252254142781,0.18555599779698717,2.827461595570698,3.709307632804738e-05,0.25
BWA,Gautam Buddha Airport,Nepal,1,1,7.219024195901455e-05,6.101706638165709e-05,0.00013342338437691124,0.0,1,2,2658,2955,3053,707,1725,1.8482191049125634,82.5,0.0010533897829782739,-0.04958833118034356,3.4657359027997265,3.291843071807106e-05,0.0
BWK,Bol Airport,Croatia,1,1,5.8677091759447995e-05,5.293201487210086e-05,1.0290266256570267e-05,0.0,1,2,2658,3389,3379,2347,1725,0.1753711022140657,-347.5,0.0004595563878904542,-0.2568438239945845,3.295836866004329,1.7020606958905712e-05,0.0
BWT,Wynyard Airport,Australia,3,3,0.0001803586138162116,0.00013075398677220927,5.2781973608954195e-05,2.9272685013614727e-07,3,6,1507,1335,1650,1181,1535,0.2926501401410187,375.0,0.0007473440620582426,0.18878829773123584,2.1033060927421725,5.339177957859082e-05,0.0
KNS,King Island Airport,Australia,2,2,0.00012294594817796424,9.55300989526622e-05,3.8103616251672234e-05,0.0,2,4,1914,2004,2218,1383,1725,0.309921691738204,281.5,0.0009842452350276522,0.05554454517040952,2.5529727369502906,4.631551311699672e-05,0.0
BXB,Babo Airport,Indonesia,1,1,9.707402378351219e-05,7.708750633893577e-05,9.246559046051528e-06,0.0,1,2,2658,2432,2590,2400,1725,0.09525266065690825,609.5,0.00037316080887721053,0.24658060423225336,1.791759469228055,6.219346814620176e-05,0.0
BXR,Bam Airport,Iran,1,1,8.213757467449816e-05,6.853852998746532e-05,2.2843704527563684e-05,0.0,1,2,2658,2690,2763,1725,1725,0.27811515762537037,346.5,0.0016509834785395317,0.07950236634080277,3.6109179126442243,4.462117509566302e-05,0.0
BXU,Bancasi Airport,Philippines,2,2,0.00010289802266115236,9.74614662432355e-05,3.6020244875264465e-05,0.0,2,4,1914,2307,2166,1424,1725,0.3500576973561551,-25.5,0.0017900776437239523,-0.12246184137543459,3.8620023283380327,3.4522615770209297e-05,0.5
BYC,Yacuiba Airport,Bolivia,2,2,0.00014861223075892098,0.00016967048943133397,3.0641871195167818e-06,0.0,2,4,1914,1668,1254,2982,1725,0.020618673872727953,617.5,0.0002746796576713976,0.24514016757444246,1.4978661367769954,6.141332640493795e-05,0.0
SRZ,El Trompillo Airport,Bolivia,4,4,0.00025909579482633765,0.0002824555605143015,5.392728643339504e-06,0.0003399331439511815,4,8,1270,830,693,2710,542,0.020813647890171476,558.0,0.00040082678431757867,0.37369053671422314,1.5261983081037462,6.320182910262878e-05,0.0
TJA,Capitan Oriel Lea Plaza Airport,Bolivia,5,5,0.00029026352051645754,0.0002677703793414221,1.1283719458730766e-05,0.00023850682099185063,5,10,1107,730,713,2297,711,0.038874052924921354,458.0,0.00040793297966461984,0.349719735541866,1.8257392765871345,5.7895045799515155e-05,0.0
BYN,Bayankhongor Airport,Mongolia,2,2,0.00018212150612502518,0.0001635225340679963,2.245922527885454e-05,0.0002892199824715162,2,4,1914,1319,1300,1750,599,0.12332000627886547,966.5,0.0003655914614357392,0.4484738124820531,1.354025100551105,8.112466487445506e-05,0.0
LTI,Altai Airport,Mongolia,1,1,0.00012161121595444096,0.00011367001037847916,9.545170702138162e-06,0.0,1,2,2658,2024,1893,2391,1725,0.07848923002064263,1017.5,0.00018212150612502518,0.47193598672307857,0.6931471805599453,9.106075306251259e-05,0.0
BYO,Bonito Airport,Brazil,1,1,7.383684937512604e-05,6.41012639436601e-05,2.465702680310587e-06,0.0,1,2,2658,2905,2932,3036,1725,0.03339393136594512,135.5,0.001777636411135624,-0.027035294006152455,3.9318256327243257,3.485561590462008e-05,0.0
DGA,,,4,5,0.000207948946816128,0.00024901458061538854,6.571436851172392e-06,0.0012750998149771155,5,9,1107,1137,794,2617,331,0.03160120285188541,51.0,0.00034176038606416353,0.1537852807778748,1.8738854859710639,4.815863850471821e-05,0.0
FRS,Mundo Maya International Airport,Guatemala,2,2,9.227122403402752e-05,9.047645830398067e-05,7.795597941065036e-06,2.587538082717749e-07,2,4,1914,2505,2303,2509,1556,0.08448568903984842,-219.5,0.0005522326770683449,-0.23146794062187048,2.9700856263602153,2.827155774791319e-05,0.0
MID,Licenciado Manuel Crescencio Rejon Int Airport,Mexico,8,8,0.0002049274896511929,0.00020800021428535862,3.091801234429369e-05,8.336000281501313e-06,8,16,829,1159,998,1528,1114,0.15087293752985137,-289.0,0.0015993366395669036,-0.2881581661336501,3.8987073608823697,2.3634987323328852e-05,0.375
PLJ,,,5,5,0.0003547327541378755,0.0003668116367603565,8.287918942715248e-06,0.001561885285811666,5,10,1107,604,550,2470,308,0.023363838963384665,584.0,0.00028893296737483154,0.5502952344652465,1.4180153671552183,7.30642772212408e-05,0.0
BZL,Barisal Airport,Bangladesh,1,1,6.857319111397127e-05,5.61348307976133e-05,0.00010698262408414076,0.0,1,2,2658,3055,3208,805,1725,1.5601231668850228,-15.0,0.0009458815339147613,-0.10099155676120652,3.4965075614664802,2.8663076785295797e-05,0.0
BZO,Bolzano Airport,Italy,1,1,5.749712634107828e-05,5.91957114487507e-05,1.5222246584040192e-05,0.0,1,2,2658,3405,3129,2045,1725,0.264747954423677,-363.5,0.0024542887383718175,-0.27715824514537957,5.056245805348308,1.5632412346317307e-05,1.0
BZV,Maya-Maya Airport,Congo (Brazzaville),12,13,0.0003704988029565025,0.0004553191590109043,0.00019885181058125834,0.00031846399147531,13,25,592,581,450,586,556,0.5367137734169793,26.5,0.0011832844491432705,0.05407723792806607,3.210058697996091,3.198913993467978e-05,0.16666666666666666
OLL,Oyo Ollombo Airport,Congo (Brazzaville),1,1,6.843449757748722e-05,5.965378480614411e-05,1.3001849113263716e-05,0.0,1,2,2658,3059,3125,2188,1725,0.18998969194654997,-17.5,0.0003704988029565025,-0.10301616698833627,2.5649493574615367,2.849990791973096e-05,0.0
CAB,Cabinda Airport,Angola,2,2,0.00012574856947435706,9.418035800353998e-05,1.9834862168797113e-05,0.0,2,4,1914,1955,2237,1849,1725,0.1577342967137442,329.0,0.0006578452602253617,0.07808416505585747,2.1383330595080277,4.7964113909927684e-05,0.0
SZA,Soyo Airport,Angola,2,2,0.00012574856947435706,0.0001090673727926112,1.9834862168797113e-05,0.0,2,4,1914,1955,1963,1849,1725,0.1577342967137442,329.0,0.0006578452602253617,0.07808416505585747,2.1383330595080277,4.7964113909927684e-05,0.0
CAC,Cascavel Airport,Brazil,3,3,0.00012469551241724237,9.399017754065087e-05,1.1530019301209802e-05,5.346945373964705e-06,3,6,1507,1973,2241,2273,1176,0.09246539091662996,-263.0,0.0016283113261526246,-0.1802840051348582,3.8630361419008388,3.156311238351038e-05,0.3333333333333333
PEG,Perugia San Francesco d'Assisi – Umbria International Airport,Italy,5,5,0.00010692816454967056,8.601347885403446e-05,3.706572136032049e-05,1.3934509413441214e-07,5,10,1107,2242,2390,1403,1608,0.34664133174288814,-1054.0,0.001085703465605822,-0.6489122166141605,4.12174478822341,1.4757315009626014e-05,0.0
CAH,Cà Mau Airport,Vietnam,1,1,6.628664541344824e-05,5.579794370456043e-05,1.849227020018412e-05,0.0,1,2,2658,3112,3221,1914,1725,0.27897429542319857,-71.5,0.0014025432426924913,-0.13490476476498614,3.9889840465642745,2.5973023012823913e-05,0.0
ELQ,Gassim Airport,Saudi Arabia,10,9,0.00022530265813782628,0.00017610364409163332,0.0005681921236962158,1.2398041708026035e-07,10,19,703,1010,1203,276,1616,2.521905992554384,-284.0,0.0019707767013568077,-0.3309318735679785,4.348744262848928,2.1305068525120115e-05,0.2
HMB,Sohag International Airport,Egypt,5,5,0.00013041823821139422,0.00013107281530990377,0.0003283209230070454,0.0,5,10,1107,1880,1648,411,1725,2.5174463902423816,-692.5,0.001642894784940236,-0.450322962967725,4.373516753219921,2.028439116157074e-05,0.0
LXR,Luxor International Airport,Egypt,7,7,0.00015799863088565287,0.00013617477211462443,0.0003339713935951704,4.5511439025900025e-08,7,14,912,1549,1584,407,1664,2.1137613137728577,-595.5,0.0022441557952242687,-0.4659094054662134,4.69631268973631,1.9124210947845924e-05,0.2857142857142857
PZU,Port Sudan New International Airport,Sudan,4,3,0.00011747849958953533,9.835647802918833e-05,0.0001709844449362908,0.0,4,7,1270,2082,2146,626,1725,1.455453087447515,-694.0,0.0019934777557350175,-0.41725198617256254,4.353320363272462,2.15496834693325e-05,0.25
RMF,Marsa Alam International Airport,Egypt,4,4,9.84473769568252e-05,9.039738970105443e-05,7.100335136785316e-05,1.5217241688186957e-08,4,8,1270,2399,2305,1030,1714,0.721231520459831,-1011.0,0.001950787163562086,-0.5939851594710941,4.806210898276856,1.595229446085269e-05,0.0
TAI,Ta'izz International Airport,Yemen,6,6,0.00016268557139550337,0.0001224138301014693,0.0003418775032438854,4.653132870262621e-07,6,12,996,1505,1770,401,1496,2.101461735735311,-454.0,0.0012439010840252479,-0.3416465950016896,3.8191622976049455,2.3230587381132302e-05,0.0
YNB,Prince Abdulmohsin Bin Abdulaziz Airport,Saudi Arabia,8,7,0.00018016188387739513,0.0001413322490490248,0.000449282962396539,1.2398041708026035e-07,8,15,829,1336,1521,334,1616,2.493773670252515,-466.0,0.002067691609283065,-0.41695857209635,4.425205990900965,1.9992986493683793e-05,0.25
CAJ,Canaima Airport,Venezuela,1,1,8.754841940649709e-05,6.842491991081683e-05,2.951743419025205e-06,0.0,1,2,2658,2583,2777,2992,1725,0.0337155535078244,458.0,0.00030592124858088137,0.1432987899365834,1.791759469228055,5.098687476348023e-05,0.0
CAL,Campbeltown Airport,United Kingdom,1,1,5.898730237906903e-05,5.2922795424510335e-05,7.489507612673269e-06,0.0,1,2,2658,3381,3380,2540,1725,0.12696813230317913,-341.0,0.0010952903194744817,-0.2515710081931122,4.143134726391533,1.7385560626579073e-05,0.0
CGD,Changde Airport,China,8,8,0.0001677361907789273,9.956855553866812e-05,0.00011506036277691732,0.0,8,16,829,1447,2123,780,1725,0.6859602703662467,-577.0,0.0018457500506528924,-0.4884219214652479,4.4900034806408495,1.816567867961937e-05,0.25
CGQ,Longjia Airport,China,29,29,0.0005035136797746346,0.0005183399033069805,0.0003946523771994999,2.648196881806326e-05,29,58,339,429,405,373,989,0.7837967329430663,-84.0,0.0012619164149627843,-0.1831318758783249,3.9509441515059005,1.863302654293339e-05,0.13793103448275862
CIH,Changzhi Airport,China,11,11,0.00021606461342638605,0.00016064783646768565,0.00014430970017947748,7.095026233438508e-06,11,22,660,1074,1326,676,1133,0.6679006705031053,-393.0,0.0014194154071392778,-0.43155524546156165,4.069583932148238,1.838021793688137e-05,0.18181818181818182
CZX,Changzhou Benniu Airport,China,18,18,0.0003215506904404797,0.00030567830601142755,0.00023816822121216897,8.172643947391272e-06,18,36,488,658,643,521,1115,0.7406863934451879,-157.5,0.001380896711557825,-0.3375763783443073,4.152832083338939,1.8126870249503823e-05,0.1111111111111111
DAX,Dachuan Airport,China,5,5,0.00012465119865137992,0.00010995175235234616,8.453234731676856e-05,0.0,5,10,1107,1975,1949,941,1725,0.6781510986764407,-787.0,0.0026070434540227186,-0.49555004020503723,4.874123234317233,1.8927440671016045e-05,0.6
DIG,Diqing Airport,China,5,5,0.00013635556847946912,9.832049659685318e-05,9.108866431050815e-05,1.6438141255839493e-06,5,10,1107,1791,2147,903,1337,0.6680230615167231,-603.0,0.0014895633044082878,-0.4058035182068398,3.8303836382518894,2.168141004297745e-05,0.2
DLC,Zhoushuizi Airport,China,59,59,0.0010608483210847904,0.0011523251561721827,0.000782365515122519,0.00035739152886967416,59,118,148,186,165,220,538,0.7374904588834118,-37.0,0.0008461079061874196,0.12423609031317895,3.248254992406406,2.027195904247e-05,0.0847457627118644
DOY,Dongying Shengli Airport,China,6,6,0.00013920245210795085,8.818671877523632e-05,8.433840908124355e-05,4.901963086280728e-08,6,12,996,1751,2346,945,1662,0.6058687027714103,-700.0,0.0022270289711108595,-0.49753655956608966,4.664834801319398,1.8626054180740245e-05,0.5
DYG,Dayong Airport,China,12,12,0.00022676370230392465,0.0001917209781704339,0.0001618562048872719,2.4627890452938993e-07,12,24,624,997,1092,637,1559,0.7137659300973171,-355.5,0.0016918124021698033,-0.43686445962248843,4.36030785841685,1.7897463391725797e-05,0.25
FUG,Fuyang Xiguan Airport,China,9,9,0.00018099362878140195,0.00012014882356430486,0.00011626772571828533,1.608724752770594e-07,9,18,750,1329,1801,776,1592,0.6423857375593568,-540.0,0.001609475394957301,-0.48496269471828235,4.3417969267240055,1.7880268370859066e-05,0.2222222222222222
GYS,Guangyuan Airport,China,4,4,0.00010600764824881056,0.00010039204692106042,5.886677041592265e-05,0.0,4,8,1270,2261,2110,1120,1725,0.5553068235016067,-873.0,0.002364638251072446,-0.5199960759969589,4.76738121953885,1.8175903657930885e-05,0.5
HDG,Handan Airport,China,6,6,0.00013877382353246092,8.670838596655002e-05,8.855275512560408e-05,1.0029917518613482e-07,6,12,996,1755,2384,918,1629,0.6381084910072431,-704.0,0.0019492048890152175,-0.5006204840068484,4.581252245849263,1.8542009361977776e-05,0.3333333333333333
HET,Baita International Airport,China,37,37,0.0007204719101439177,0.0007818709560993258,0.00044355397645356515,0.0003597207938458981,37,74,266,294,268,340,533,0.6156436777180712,-24.0,0.0009764662332872963,0.02497704822290281,3.3975075797216734,2.150277694071956e-05,0.08108108108108109
HFE,Hefei Luogang International Airport,China,35,35,0.0005821093857316788,0.0005806677845258155,0.0004984991989337398,2.4769444346899973e-05,35,70,277,380,362,301,997,0.856366880783333,-98.5,0.0012370259335612022,-0.15401364635263892,4.015843560076315,1.808066589325531e-05,0.14285714285714285
HIA,Lianshui Airport,China,12,12,0.00022941092308601853,0.00012841678513447361,0.0001724838485291911,5.97900080218955e-07,12,24,624,984,1684,624,1457,0.7518554313323503,-342.5,0.0016398743386165273,-0.42525815646083753,4.355563625745652,1.8156994841172546e-05,0.25
HJJ,Zhijiang Airport,China,2,2,7.489849373615388e-05,6.459322993572767e-05,3.018090649310757e-05,0.0,2,4,1914,2884,2915,1558,1725,0.4029574559860487,-598.5,0.002026265782870372,-0.4400664879206033,4.629565268072808,1.805230464547372e-05,0.5
HRB,Taiping Airport,China,57,58,0.001100259451028002,0.0011681538898470503,0.0006931506515399491,0.003054905861863003,58,115,151,168,161,243,201,0.6299883640102522,-15.5,0.0008210381310824037,0.18197303875645332,3.2618011559251148,2.179669506622734e-05,0.07017543859649122
HYN,Huangyan Luqiao Airport,China,7,7,0.00015025852732655583,0.0001410601405291584,9.459930010920076e-05,6.669505498828489e-08,7,14,912,1652,1525,882,1649,0.6295769151497722,-698.5,0.0018076207059012138,-0.5161384471168198,4.4458346420870605,1.782335320260625e-05,0.2857142857142857
HZH,Liping Airport,China,2,2,7.523931729972525e-05,6.451354720384202e-05,3.0307179313682236e-05,0.0,2,4,1914,2879,2917,1551,1725,0.40281039756049075,-593.5,0.0018484545600933257,-0.4355263371528739,4.440918152502073,1.825278909462772e-05,0.5
JDZ,Jingdezhen Airport,China,8,8,0.00016732380742952432,0.0001545572229520437,0.00011317536853491527,0.0,8,16,829,1450,1389,785,1725,0.6763853289830497,-580.0,0.0018844868270119727,-0.490883471992527,4.5326054528292685,1.8105034069420188e-05,0.25
JGS,Jinggangshan Airport,China,7,7,0.00015283004316827208,0.00010743592880259121,9.918897045173931e-05,0.0,7,14,912,1619,1991,850,1725,0.6490148690367654,-665.5,0.002039210672736903,-0.49916929817583977,4.630099431560585,1.8255540739101916e-05,0.2857142857142857
JIQ,Qianjiang Wulingshan Airport,China,6,6,0.0001402867107131094,9.440671495261586e-05,9.781796926352826e-05,0.0,6,12,996,1740,2230,865,1725,0.6972718140321145,-689.0,0.0022474448882594186,-0.48977766091242714,4.711308095122283,1.8838653907689032e-05,0.3333333333333333
JIU,Jiujiang Lushan Airport,China,4,4,0.00010626415310130545,8.696390533089487e-05,5.723034592254396e-05,0.0,4,8,1270,2250,2379,1141,1725,0.538566809712248,-862.0,0.002286115317970557,-0.5175793162039817,4.7049675503232145,1.8251346261719623e-05,0.5
JJN,Quanzhou Jinjiang International Airport,China,18,18,0.0003253911566396717,0.0003589880118800114,0.0002711618820303056,1.2624989336040219e-05,18,36,488,648,562,476,1062,0.8333412770974045,-147.5,0.0015090347198310522,-0.325703560624099,4.156539936725771,1.8377881111711117e-05,0.2222222222222222
JNG,Jining Qufu Airport,China,9,9,0.00018669115759470216,0.00011523552052598075,0.00012871359076749428,4.246123956673621e-07,9,18,750,1278,1859,723,1501,0.6894466370331557,-489.0,0.0018544518485350697,-0.4539688374066948,4.499852704083589,1.862504337925195e-05,0.2222222222222222
JUH,Jiuhuashan Airport,China,5,5,0.00012426830191815023,9.658690626322032e-05,7.024230287828218e-05,0.0,5,10,1107,1984,2190,1037,1725,0.5652471450406358,-796.0,0.0016399338945403922,-0.49862651299526206,4.372600942748287,1.8837347322512947e-05,0.2
JZH,Jiuzhai Huanglong Airport,China,5,5,0.00012364198804514976,0.0001575628710956746,7.718298127210226e-05,0.0,5,10,1107,1994,1354,987,1725,0.6242457153302786,-806.0,0.0021984463329651426,-0.503679269825918,4.731926141610479,1.8689979351898477e-05,0.4
KHN,Nanchang Changbei International Airport,China,38,38,0.0006438620174925451,0.0006619330941927338,0.0005334096312376315,9.103022532321099e-05,38,76,252,341,316,288,846,0.8284533281135931,-82.5,0.0012504120697359705,-0.10388520996095707,4.015226560943798,1.8565091087555893e-05,0.13157894736842105
KOW,Ganzhou Airport,China,10,10,0.0001984974172880726,0.00013508980844551026,0.0001468561890373078,6.656166487830831e-08,10,20,703,1207,1599,669,1650,0.7398392938492514,-481.0,0.001705685736951349,-0.45760043025213193,4.382567527667573,1.8151510771510227e-05,0.2
LHW,Lanzhou Zhongchuan Airport,China,33,33,0.0006102375906781887,0.0006971146275151271,0.00043060800142319226,0.0009015564038202901,33,66,293,356,300,344,379,0.7056399146841074,-58.5,0.001114659113230797,-0.07055002551638179,3.6542950345624376,2.017925188093175e-05,0.09090909090909091
LJG,Lijiang Airport,China,28,28,0.0004890094528464917,0.0005016573448991498,0.00044879997431269194,5.092622804573165e-05,28,56,352,441,414,335,925,0.9177736170543471,-86.0,0.001368896786117672,-0.190728058686366,4.041190642801074,1.8689070476761773e-05,0.17857142857142858
LLB,Libo Airport,China,1,1,6.041492057820459e-05,5.160574926294321e-05,1.7884621094244286e-05,0.0,1,2,2658,3349,3413,1930,1725,0.2960298701558896,-307.5,0.002859766716327044,-0.22765711114841558,5.0106352940962555,1.906511144218029e-05,1.0
LUM,Mangshi Airport,China,4,4,0.00010964772031448337,8.823227171641215e-05,7.39663347012303e-05,0.0,4,8,1270,2194,2345,1006,1725,0.6745816008676296,-806.0,0.0026682958026714395,-0.48623463671458467,4.893629895402649,1.9246513089210657e-05,0.5
LYG,Lianyungang Airport,China,13,13,0.0002509238460266706,0.00016337445682627696,0.00019219327909185733,2.0817543464951526e-05,13,26,592,861,1301,595,1021,0.7659426640201792,-253.5,0.001484262001712283,-0.38496771455569956,4.089383545414734,1.870717378585022e-05,0.23076923076923078
LYI,Shubuling Airport,China,14,14,0.0002607129309595296,0.0001738486398108317,0.00017851348501256761,1.080910543883315e-05,14,28,574,826,1217,615,1079,0.6847128155690836,-243.5,0.0015199671590350806,-0.39238290543372223,4.229979390919173,1.8193559267382754e-05,0.21428571428571427
LZH,Liuzhou Bailian Airport,China,13,13,0.00024397650988270986,0.00014153119798082224,0.00018799171875402812,1.3598269474528124e-07,13,26,592,896,1517,601,1611,0.7705320436151986,-288.5,0.0017441829918356333,-0.41304525568116546,4.428897072253215,1.8078455582967438e-05,0.23076923076923078
LZO,Luzhou Airport,China,11,11,0.00021324352562816345,0.0001336310878886439,0.0001612009153437357,1.9476093095724995e-08,11,22,660,1098,1622,638,1690,0.7559475246382139,-417.0,0.0017537253583942056,-0.44469791921331847,4.422100148496148,1.807849731647658e-05,0.2727272727272727
MIG,Mianyang Airport,China,15,16,0.00028229382388347623,0.00019214384484870584,0.00021172674208778084,2.191325566790173e-06,16,31,533,749,1088,562,1299,0.7500225799313849,-207.5,0.0014342370054955269,-0.3553866642120429,4.117758472985795,1.8673274370132417e-05,0.2
MXZ,Meixian Airport,China,5,5,0.0001236114295148289,8.1865458891528e-05,8.714175553657426e-05,3.3553044482267674e-07,5,10,1107,1995,2461,927,1525,0.7049651951975882,-807.0,0.0016034090629790197,-0.5039264537134294,4.178404663232564,1.8682789109039517e-05,0.4
NAO,Nanchong Airport,China,6,6,0.0001401258141920341,8.750002512052759e-05,9.551319157850144e-05,0.0,6,12,996,1746,2366,875,1725,0.6816245252827311,-695.0,0.0024334807092698976,-0.4909252311843826,4.804160577973279,1.880710556985018e-05,0.5
NNY,Nanyang Jiangying Airport,China,7,7,0.0001535727640293544,0.00010274313506471399,9.500939218517992e-05,2.0080815124441874e-07,7,14,912,1613,2062,878,1574,0.6186604297036649,-659.5,0.001520407852995938,-0.49432128570122025,4.332097885032487,1.838036777460645e-05,0.14285714285714285
NTG,,,10,9,0.00019685012335414665,0.00016916580998841042,0.00013067426218794296,6.856197689002e-08,10,19,703,1217,1258,718,1648,0.663826163587671,-491.0,0.0015454294914464127,-0.4659338751216531,4.238863818723421,1.795771148493882e-05,0.2
RMQ,Taichung Ching Chuang Kang Airport,Taiwan,23,23,0.0004466180203397022,0.0002934364819943184,0.00033564965664841895,0.0005412491741488219,23,46,393,482,679,404,477,0.7515363047669246,-81.5,0.0010872084440291438,-0.16013945435854104,3.6471372273533516,2.0583552161997165e-05,0.13043478260869565
SPN,Saipan International Airport,Northern Mariana Islands,9,10,0.0002203890963900068,0.0001501051241391004,0.00014569408398577125,0.0001530460541968567,10,19,703,1042,1435,671,754,0.6610766429567226,-316.0,0.0018683102220372427,-0.2880299211215043,4.0151638512422165,2.3030002694820402e-05,0.4444444444444444
SYX,Sanya Phoenix International Airport,China,41,41,0.0006742380454481899,0.0007986343067724008,0.0005686976121727113,0.00023596549546942938,41,82,228,324,257,275,712,0.843467104848226,-90.0,0.0011388581599164783,-0.10462974108935441,3.8185452180255472,1.807829182593728e-05,0.12195121951219512
TEN,Tongren Fenghuang Airport,China,5,5,0.00012044134464419265,7.882273481925233e-05,7.028790724864756e-05,0.0,5,10,1107,2043,2537,1036,1725,0.58358620502197,-855.0,0.002045704359320619,-0.5299065982813573,4.582511002419319,1.7936886787290957e-05,0.4
TVS,,,5,5,0.00012137253181243766,8.728874462642601e-05,6.819968433888698e-05,0.0,5,10,1107,2027,2369,1050,1725,0.5619037793846055,-839.0,0.0016477612282433441,-0.5222048750817994,4.303509784409545,1.8155989649942502e-05,0.4
TXN,Tunxi International Airport,China,18,18,0.00031942792791439436,0.00022575714817528588,0.0002485838111577279,5.257201136949087e-07,18,36,488,661,914,505,1485,0.77821564564119,-160.5,0.0015131211364097555,-0.344199907510367,4.294562217476098,1.798812760021724e-05,0.16666666666666666
WEF,Weifang Airport,China,7,7,0.00015216810054654963,9.369721240410194e-05,9.979876993774776e-05,5.77670301729893e-08,7,14,912,1634,2255,847,1654,0.6558455391063938,-680.5,0.0019510543912124435,-0.503509938764493,4.497330870203624,1.8144289877754265e-05,0.42857142857142855
WNZ,Wenzhou Longwan International Airport,China,33,33,0.0005656880503742655,0.0006219686909471246,0.0004518204891939091,5.131230308727787e-05,33,66,293,388,339,329,922,0.7987096225472319,-90.5,0.0012039584257269346,-0.14635562124934154,3.9340035710480654,1.8591032974893258e-05,0.12121212121212122
WUS,Nanping Wuyishan Airport,China,9,9,0.00018383342819122624,0.00014887525567112232,0.00013957501863408992,0.0,9,18,750,1305,1443,687,1725,0.7592472163925591,-516.0,0.0018511769441687089,-0.4693944592370869,4.4839732343076495,1.8251483979652127e-05,0.3333333333333333
WUX,Sunan Shuofang International Airport,China,19,19,0.00034117822517108824,0.00037578525650611995,0.0003215846310972097,2.28717339641512e-06,19,38,462,625,534,421,1291,0.9425707954719177,-150.5,0.0016267542882935449,-0.3116576064618739,4.364431293715007,1.8388151674786602e-05,0.21052631578947367
WXN,Wanxian Airport,China,8,8,0.0001710248240294793,0.00012941040701110862,0.00012707300356572455,0.0,8,16,829,1422,1672,730,1725,0.7430091174590021,-552.0,0.0022379076377819418,-0.46900565795411175,4.722970101747492,1.8649301216271534e-05,0.375
XFN,Xiangyang Liuji Airport,China,9,9,0.0001846570834569948,0.00013855361189737736,0.00012377131164931752,1.0073962174079584e-05,9,18,750,1301,1558,751,1091,0.670276543591911,-512.0,0.0019099790753557154,-0.46492402316643044,4.52636023154336,1.8359151334819193e-05,0.3333333333333333
XUZ,Xuzhou Guanyin Airport,China,18,18,0.0003250004688616821,0.0001866312093040513,0.00026795120340147264,1.7357097434142961e-06,18,36,488,649,1133,480,1332,0.8244640518211399,-148.5,0.0013650275701413601,-0.3269049531687216,4.165232540440104,1.8352345962943853e-05,0.1111111111111111
YBP,Yibin Caiba Airport,China,7,7,0.0001541039199986357,0.00011543006942287219,0.00010730326397724643,0.0,7,14,912,1609,1854,804,1725,0.6963045714748619,-655.5,0.002182160328723939,-0.490868593154028,4.6483622192205685,1.8469637685126595e-05,0.42857142857142855
YCU,Yuncheng Guangong Airport,China,18,18,0.00032359841233088805,0.0002486165351505814,0.0002497191159755047,1.8160195815387534e-06,18,36,488,652,796,502,1323,0.7716945030007138,-151.5,0.0015263375340211667,-0.33122829924687913,4.295189728272448,1.8260708281641956e-05,0.16666666666666666
YIH,Yichang Sanxia Airport,China,14,14,0.00026093788782360834,0.0002114028444756432,0.00021855670933904894,3.819811340259615e-08,14,28,574,825,975,551,1678,0.837581353792483,-242.5,0.0017086302417150488,-0.39152042474770177,4.417327411916655,1.8212463205454622e-05,0.21428571428571427
YIW,Yiwu Airport,China,14,14,0.0002655514485031058,0.00017484495272923563,0.00019598303354266273,2.2445319960360212e-06,14,28,574,806,1214,592,1294,0.7380228375608751,-223.5,0.001382908815003884,-0.37399422448003605,4.040992674859953,1.8600157380669174e-05,0.14285714285714285
YNT,Yantai Laishan Airport,China,23,23,0.00039938599082519716,0.0004468612491662398,0.0003315917728172167,2.7106272314442736e-06,23,46,393,529,461,409,1273,0.8302538908089729,-128.5,0.0015380716707830877,-0.27191479820084385,4.291867819897642,1.8167591573169788e-05,0.21739130434782608
YNZ,Yancheng Airport,China,12,12,0.00023029647364839964,0.00016699955631892092,0.00017553217292580695,1.125775706271009e-06,13,24,592,980,1279,620,1389,0.7622008715330876,-372.5,0.0017422670566945055,-0.42140548119813115,4.4585467031308985,1.8243813523497304e-05,0.25
YTY,Yangzhou Taizhou Airport,China,13,13,0.00024164662915779925,0.00016679229207022936,0.0001710626795345493,3.7716181786820596e-07,13,26,592,908,1281,625,1516,0.7079042655415754,-300.5,0.001597106481651585,-0.4226407564482919,4.3839750355176905,1.786760664869925e-05,0.15384615384615385
ZHA,Zhanjiang Airport,China,13,13,0.0002485312157426488,0.00018383292597218682,0.0002109915823363579,1.5244137648298108e-05,13,26,592,875,1150,563,1044,0.8489540507251099,-267.5,0.001777600234657832,-0.39454875104932974,4.373520002706725,1.8490646158316212e-05,0.3076923076923077
ZYI,Zunyi Xinzhou Airport,China,13,13,0.00024142192893112583,0.00014743076854493414,0.000182842352603608,1.9476093095724995e-08,13,26,592,909,1464,612,1690,0.7573560256648031,-301.5,0.0015954917251752168,-0.4235710601872391,4.364835782276568,1.7847271786503107e-05,0.15384615384615385
CAP,Cap Haitien International Airport,Haiti,2,2,8.775862159340772e-05,8.159334206377534e-05,9.089177168974418e-06,0.0,2,4,1914,2579,2468,2414,1725,0.10357019064275254,-293.5,0.0004102801766808315,-0.28161015861352645,2.7403194616709956,2.561708572870622e-05,0.0
CAW,Bartolomeu Lisandro Airport,Brazil,3,3,0.0001404591974090559,0.00010387869438628244,7.214297592484689e-06,1.9476093095724995e-07,3,6,1507,1737,2049,2564,1578,0.051362229925568104,-27.0,0.0003447278254818046,-0.061241833445643934,2.062069541300165,3.774494963466968e-05,0.0
MEA,Macaé Airport,Brazil,3,3,0.0001418509532172309,0.00012164202156391684,6.902238070315626e-06,1.8741700245772975e-06,3,6,1507,1718,1775,2587,1319,0.048658383421262746,-8.0,0.000838546364677423,-0.051381989014201324,2.6402698930962,3.8290736226390474e-05,0.0
CBB,Jorge Wilsterman International Airport,Bolivia,8,6,0.0004364709420049999,0.00035942536411436135,2.0151831905367944e-05,0.0005727823740213994,8,14,829,495,559,1837,472,0.04616992786002487,375.0,0.0006146648157105621,0.4679074289447689,2.013402591600752,5.768549501996121e-05,0.125
CIJ,Capitán Aníbal Arab Airport,Bolivia,3,2,0.0002155803214853274,0.0001534010872916413,6.458261165489532e-06,0.0,3,5,1507,1078,1404,2632,1725,0.029957563477931298,632.0,0.0005972994720822804,0.367174691467671,2.1700861135077165,6.72042139657039e-05,0.0
SRE,Juana Azurduy De Padilla Airport,Bolivia,4,4,0.0002279984502503009,0.00019630162698093117,9.81416268320808e-06,0.0,4,8,1270,992,1064,2371,1725,0.04304486575427996,396.0,0.0004883294344575838,0.24583151098676836,2.1646731884224844,5.40555512897079e-05,0.0
TDD,Teniente Av. Jorge Henrich Arauz Airport,Bolivia,7,7,0.0005494628876322545,0.0004442966072711747,1.29840761854737e-05,0.0005841851558397513,7,14,912,398,464,2190,445,0.02363048802335801,555.5,0.0002989598173852031,0.7804454599570567,1.0481338448153739,8.491652298099853e-05,0.0
CBH,Béchar Boudghene Ben Ali Lotfi Airport,Algeria,1,1,6.314721453121112e-05,5.5964334333608875e-05,1.0157974985917737e-05,0.0,1,2,2658,3236,3211,2357,1725,0.16086180619886342,-194.5,0.0005124302232904934,-0.18342447596864986,3.1354942159291497,2.227957492567363e-05,0.0
CBO,Awang Airport,Philippines,1,1,7.158033171149427e-05,8.347846898926548e-05,1.9268425537151766e-05,0.0,1,2,2658,2993,2427,1882,1725,0.26918603304066097,42.5,0.0025116693607450963,-0.05807287555921725,4.356708826689592,3.220088924032175e-05,1.0
CBS,,,1,1,7.189424469839704e-05,6.107769054871908e-05,4.622531167287081e-06,0.0,1,2,2658,2972,3045,2759,1725,0.06429626163650545,65.0,0.0015307993359976394,-0.05369699941912742,3.8501476017100584,3.257019863824765e-05,0.0
CBT,Catumbela Airport,Angola,2,2,0.00011531482291284884,0.00010044683692401275,1.860106762733753e-05,0.0,2,4,1914,2114,2108,1911,1725,0.1613068221194391,171.0,0.0007467688418388044,-0.008534289376219917,2.6876392038420827,4.182661593310864e-05,0.0
VPE,Ngjiva Pereira Airport,Angola,6,6,0.00030359573270124265,0.0002623687144455943,5.079544857584885e-05,0.0,6,12,996,697,734,1212,1725,0.16731278837122118,354.0,0.00031515764212835097,0.2822310667321446,1.3776083609300551,5.0860030775256615e-05,0.0
CCC,Jardines Del Rey Airport,Cuba,5,5,0.00014141048321705696,0.0001277123784083967,3.481667047858937e-05,1.3697115993189064e-05,8,10,829,1727,1693,1462,1059,0.24620996751102095,-857.0,0.00168848497463411,-0.3694025768157676,3.916362503374831,2.2870801737748147e-05,0.2
SLL,Salalah Airport,Oman,6,6,0.00014485507724553077,0.00011107789580362843,0.0005934482912966145,9.948377447496771e-08,6,12,996,1692,1932,269,1630,4.096841495522549,-641.0,0.0018405061131422807,-0.4577321476813836,4.319574111219247,1.9734412055386646e-05,0.16666666666666666
CCK,Cocos (Keeling) Islands Airport,Cocos (Keeling) Islands,1,1,0.00012049736092726309,0.00010919281548314421,1.2913614305602184e-05,0.0,1,2,2658,2041,1962,2193,1725,0.10716927081413298,1000.5,0.00017950067073059598,0.4627346366494063,0.6931471805599453,8.975033536529799e-05,0.0
XCH,Christmas Island Airport,Christmas Island,2,2,0.00017950067073059598,0.00015298795783563437,3.0384974933059216e-05,0.002261174408413672,2,4,1914,1341,1406,1548,244,0.1692749938448006,944.5,0.0007949527080189031,0.4339786766722149,1.8187930798631928,7.958299697824395e-05,0.0
CCM,Diomício Freitas Airport,Brazil,2,2,0.00010483890716763352,8.236069199075748e-05,5.213934483920169e-06,0.0,2,4,1914,2278,2451,2734,1725,0.04973281985459159,7.5,0.0011076562606278824,-0.10377531332016332,3.208366141256163,3.566431254064924e-05,0.0
CCP,Carriel Sur Airport,Chile,4,4,0.00024556596547076307,0.00018601430084615287,1.139284821782316e-05,0.0001447073717012367,4,8,1270,887,1136,2285,764,0.04639424765554324,501.0,0.00048072641726812327,0.32005828880008913,1.6711529319169818,5.922246753147654e-05,0.0
ZAL,Pichoy Airport,Chile,2,2,0.00015796436815074526,0.00012195064084567879,5.840730318363468e-06,0.0,3,4,1507,1551,1772,2684,1725,0.03697498611072634,159.0,0.00015900182074960975,0.3061692216508547,0.6931471805599453,6.69145836980736e-05,0.0
ZCO,La Araucanía Airport,Chile,2,2,0.00012462044369113256,0.00010318069604157436,6.444215649167745e-06,0.0,2,4,1914,1976,2055,2633,1725,0.05171074230115493,309.5,0.0007869735748529695,0.06907239955243227,2.5375869076169133,4.7300510486785084e-05,0.0
CUM,Cumaná (Antonio José de Sucre) Airport,Venezuela,1,1,7.189424469839704e-05,6.107769054871908e-05,4.622531167287081e-06,0.0,1,2,2658,2972,3045,2759,1725,0.06429626163650545,65.0,0.0015307993359976394,-0.05369699941912742,3.8501476017100584,3.257019863824765e-05,0.0
CZE,José Leonardo Chirinos Airport,Venezuela,1,1,7.189424469839704e-05,6.107769054871908e-05,4.622531167287081e-06,0.0,1,2,2658,2972,3045,2759,1725,0.06429626163650545,65.0,0.0015307993359976394,-0.05369699941912742,3.8501476017100584,3.257019863824765e-05,0.0
LFR,La Fria Airport,Venezuela,1,1,7.189424469839704e-05,6.107769054871908e-05,4.622531167287081e-06,0.0,1,2,2658,2972,3045,2759,1725,0.06429626163650545,65.0,0.0015307993359976394,-0.05369699941912742,3.8501476017100584,3.257019863824765e-05,0.0
MRD,Alberto Carnevalli Airport,Venezuela,1,1,7.189424469839704e-05,7.798244768915009e-05,4.622531167287081e-06,0.0,1,2,2658,2972,2573,2759,1725,0.06429626163650545,65.0,0.0015307993359976394,-0.05369699941912742,3.8501476017100584,3.257019863824765e-05,0.0
MUN,Maturín Airport,Venezuela,2,2,0.00010281113052572563,0.00011249357179563181,7.785880704043608e-06,0.0,2,4,1914,2316,1913,2511,1725,0.07572993959146677,-31.5,0.001020009316061119,-0.12330664715338457,3.244602465662658,3.44715027521452e-05,0.0
PYH,Cacique Aramare Airport,Venezuela,1,1,7.189424469839704e-05,6.107769054871908e-05,4.622531167287081e-06,0.0,1,2,2658,2972,3045,2759,1725,0.06429626163650545,65.0,0.0015307993359976394,-0.05369699941912742,3.8501476017100584,3.257019863824765e-05,0.0
SOM,San Tomé Airport,Venezuela,1,1,7.189424469839704e-05,6.107769054871908e-05,4.622531167287081e-06,0.0,1,2,2658,2972,3045,2759,1725,0.06429626163650545,65.0,0.0015307993359976394,-0.05369699941912742,3.8501476017100584,3.257019863824765e-05,0.0
STD,Mayor Buenaventura Vivas International Airport,Venezuela,2,2,0.00010281113052572563,0.00011249357179563181,7.785880704043608e-06,0.0,2,4,1914,2316,1913,2511,1725,0.07572993959146677,-31.5,0.001020009316061119,-0.12330664715338457,3.244602465662658,3.44715027521452e-05,0.0
SVZ,San Antonio Del Tachira Airport,Venezuela,1,1,7.189424469839704e-05,6.107769054871908e-05,4.622531167287081e-06,0.0,1,2,2658,2972,3045,2759,1725,0.06429626163650545,65.0,0.0015307993359976394,-0.05369699941912742,3.8501476017100584,3.257019863824765e-05,0.0
VIG,Juan Pablo Pérez Alfonso Airport,Venezuela,2,2,0.00010281113052572563,9.55888146552008e-05,7.785880704043608e-06,0.0,2,4,1914,2316,2217,2511,1725,0.07572993959146677,-31.5,0.001020009316061119,-0.12330664715338457,3.244602465662658,3.44715027521452e-05,0.0
VLV,Dr. Antonio Nicolás Briceño Airport,Venezuela,1,1,7.189424469839704e-05,7.798244768915009e-05,4.622531167287081e-06,0.0,1,2,2658,2972,2573,2759,1725,0.06429626163650545,65.0,0.0015307993359976394,-0.05369699941912742,3.8501476017100584,3.257019863824765e-05,0.0
DIB,Dibrugarh Airport,India,4,3,0.00016532809458682222,0.00013484046944780135,0.005860812208858519,1.6077320582671888e-05,4,7,1270,1474,1604,26,1040,35.44958419502444,-86.0,0.000968847047139521,-0.07557536920876196,2.840920680373888,3.562309376354753e-05,0.25
DMU,Dimapur Airport,India,2,2,0.00011465753555286837,7.445204025734138e-05,0.004374325084682405,0.0,2,4,1914,2128,2672,52,1725,38.15122192876204,157.5,0.0005964199208889502,-0.014250534181710961,2.354765100656167,4.1439976312097554e-05,0.0
IXA,Agartala Airport,India,3,3,0.00013150172983208503,0.00014213456780495662,0.004914949566167858,0.0,3,6,1507,1853,1512,43,1725,37.375550667232844,-144.0,0.0005451741318977238,-0.1271388639944515,2.568420824955442,3.423221726348349e-05,0.0
IXR,Birsa Munda Airport,India,3,4,0.0001220523381629305,0.0001558308761367598,0.004202187286428453,0.0,4,7,1270,2015,1372,55,1725,34.429387832118834,-627.0,0.0011732249100959034,-0.2017089160683767,3.1906410840891657,3.052657347178806e-05,0.3333333333333333
IXS,Silchar Airport,India,3,3,0.00013150172983208503,0.0001329202218596682,0.004914949566167858,0.0,3,6,1507,1853,1625,43,1725,37.375550667232844,-144.0,0.0005451741318977238,-0.1271388639944515,2.568420824955442,3.423221726348349e-05,0.0
PBH,Paro Airport,Bhutan,5,5,0.00017653329611175885,0.00010940593790590793,0.002481669743715933,2.6292725679228745e-07,5,10,1107,1368,1959,108,1555,14.05779985065735,-180.0,0.0007183555483230303,-0.14755996115721004,2.9335011878265065,3.113499301992124e-05,0.0
SHL,Shillong Airport,India,1,1,6.78145754452466e-05,5.5349640428893634e-05,0.002713761625551787,0.0,1,2,2658,3078,3256,87,1725,40.01737985874253,-36.5,0.0010275117471910782,-0.11211606611228397,3.6109179126442243,2.7770587761921033e-05,0.0
CCV,Craig Cove Airport,Vanuatu,4,3,0.0002977842250873935,0.00024977561057540305,1.2742085408572746e-05,0.0001447657999805239,4,7,1270,711,789,2199,763,0.042789658870724966,677.0,0.0005130073341950175,0.5128618265504148,1.5992324138040366,7.458077899350372e-05,0.0
LNB,Lamen Bay Airport,Vanuatu,2,2,0.00018324132134405656,0.00015279698332334855,8.132206271158334e-06,0.0,2,4,1914,1308,1407,2488,1725,0.044379762225623696,977.5,0.0007919456185045506,0.4546037120849764,2.04717228111105,8.178337947927495e-05,0.0
NUS,Norsup Airport,Vanuatu,5,5,0.00038872422349150526,0.0003209081463313731,1.754083025126173e-05,1.7723244717109746e-06,5,10,1107,543,610,1947,1327,0.04512409876006878,645.0,0.00053634384015567,0.6418006888993295,1.5566448032672073,8.106226981799719e-05,0.0
ULB,Uléi Airport,Vanuatu,2,3,0.00019395678002280049,0.00017031275557919957,6.289439158510738e-06,0.0,3,5,1507,1228,1251,2651,1725,0.032427013676817,482.0,0.0002258038851160028,0.5114350829459582,0.8958797346140275,8.808659046738527e-05,0.0
KFP,False Pass Airport,United States,1,1,0.0001426286253945878,0.00011488470873344225,8.311820446883774e-07,0.0,1,2,2658,1709,1867,3198,1725,0.005827596265398191,1331.5,0.000463148466699672,0.6313510119043713,1.3862943611198906,0.000115787116674918,0.0
KVC,King Cove Airport,United States,1,1,0.0001426286253945878,0.00011488470873344225,8.311820446883774e-07,0.0,1,2,2658,1709,1867,3198,1725,0.005827596265398191,1331.5,0.000463148466699672,0.6313510119043713,1.3862943611198906,0.000115787116674918,0.0
NLG,Nelson Lagoon Airport,United States,1,1,0.0001426286253945878,0.00011488470873344225,8.311820446883774e-07,0.0,1,2,2658,1709,1867,3198,1725,0.005827596265398191,1331.5,0.000463148466699672,0.6313510119043713,1.3862943611198906,0.000115787116674918,0.0
CDC,Cedar City Regional Airport,United States,1,1,6.46059468282801e-05,5.5151165569436695e-05,3.690146362295435e-06,0.0,1,2,2658,3171,3262,2916,1725,0.057117750663165566,-132.5,0.00215961574829728,-0.16058675230593522,4.499809670330265,2.3995730536636446e-05,0.0
OSR,Ostrava Leos Janáček Airport,Czech Republic,3,3,8.315758876897343e-05,7.526214619957506e-05,3.2884216175936614e-05,5.538870795511919e-07,3,6,1507,2669,2658,1494,1478,0.3954445608962378,-959.0,0.002522634833970905,-0.5854214026550082,5.013930948265857,1.527373057332508e-05,0.3333333333333333
PUF,Pau Pyrénées Airport,France,4,4,0.00010251089698341386,8.707391838160107e-05,4.135438368989056e-05,3.1721644412235703e-07,4,8,1270,2326,2375,1323,1529,0.40341451403533857,-938.0,0.0022250315538601797,-0.5535382158357223,4.761334088088463,1.714744741044761e-05,0.5
RUN,Roland Garros Airport,Reunion,13,13,0.0004131043047456558,0.0004104895020227711,0.0004835754375215685,0.00150191040208177,13,26,592,519,502,310,313,1.1705891997889033,88.5,0.0010668295907689117,0.11358290957072903,2.986629394726073,3.338413838616571e-05,0.23076923076923078
UGC,Urgench Airport,Uzbekistan,6,5,0.00014137638111327643,0.0001250496983448597,0.00010878496941408628,8.520082240474039e-06,7,11,912,1728,1732,798,1111,0.7694706043361189,-774.5,0.002205790381821343,-0.4820402194928821,4.404792119546282,1.9052314777362585e-05,0.3333333333333333
YQB,Quebec Jean Lesage International Airport,Canada,18,18,0.0005514211812109092,0.0005592986817239173,9.863299393042099e-05,0.0019496514264288878,20,36,440,397,376,858,284,0.1788705209216393,53.5,0.001311020959402297,0.20176733321587914,3.0938008405765642,3.3151085304538174e-05,0.2777777777777778
CDJ,Conceição do Araguaia Airport,Brazil,1,1,9.964774494526622e-05,9.749202559135732e-05,8.11550223497107e-07,0.0002892199824715162,2,2,1914,2364,2165,3205,599,0.008144190557878348,-78.5,6.522137539262293e-05,0.2727482016283691,0.0,6.522137539262293e-05,0.0
CMP,Santana do Araguaia Airport,Brazil,1,0,0.00012891015906534538,0.0001270411551610118,6.898176807511536e-07,0.0,1,1,2658,1901,1701,3228,1725,0.0053511506443916544,1140.5,9.964774494526622e-05,0.5302225053569138,0.0,9.964774494526622e-05,0.0
YAK,Yakutat Airport,United States,2,2,0.00020211693958088457,0.000154785383155551,2.194117349414699e-06,8.764241893076249e-07,2,4,1914,1183,1385,3059,1410,0.010855682625931715,1102.5,0.0007443780664446724,0.5526461708045609,1.666102255087602,9.288668413886994e-05,0.0
CGM,Camiguin Airport,Philippines,1,1,7.552726681453356e-05,5.815593066225808e-05,1.6751819338112703e-05,0.0,1,2,2658,2864,3157,1976,1725,0.22179829940422502,177.0,0.0010684859267028083,-0.004399474105472478,3.367295829986474,3.684434230009684e-05,0.0
DGT,Sibulan Airport,Philippines,2,2,0.00010289802266115236,9.74614662432355e-05,3.6020244875264465e-05,0.0,2,4,1914,2307,2166,1424,1725,0.3500576973561551,-25.5,0.0017900776437239523,-0.12246184137543459,3.8620023283380327,3.4522615770209297e-05,0.5
DPL,Dipolog Airport,Philippines,3,3,0.00013463484436775428,0.00010008612630675652,5.33943122313574e-05,0.0,3,6,1507,1808,2117,1172,1725,0.39658613252830116,-98.0,0.0013053974077475914,-0.10359261297340616,3.3070764113374285,3.546088961698652e-05,0.3333333333333333
GES,General Santos International Airport,Philippines,3,3,0.00013206965611671054,0.00011314999769363059,5.588770037355072e-05,0.0,3,6,1507,1845,1900,1153,1725,0.42316836445884676,-135.0,0.001284903945897583,-0.12282938888567685,3.267815399451967,3.445493344034136e-05,0.3333333333333333
IAO,Siargao Airport,Philippines,1,1,7.552726681453356e-05,5.815593066225808e-05,1.6751819338112703e-05,0.0,1,2,2658,2864,3157,1976,1725,0.22179829940422502,177.0,0.0010684859267028083,-0.004399474105472478,3.367295829986474,3.684434230009684e-05,0.0
ILO,Iloilo International Airport,Philippines,8,8,0.0002745565502448438,0.00018457095833971217,0.00018698781686612658,7.971929778705134e-05,8,16,829,773,1145,604,867,0.681053927503732,97.0,0.0012463674908248562,0.004342877869291328,2.9946725266340812,3.3874555065248126e-05,0.375
KLO,Kalibo International Airport,Philippines,8,8,0.0002132497057242826,0.00023476007181528813,0.0002248718815387791,5.2909119104549e-07,8,16,829,1097,864,539,1483,1.0545003134940931,-227.0,0.001813474180782146,-0.24835056726933225,4.055463007105025,2.485884263811635e-05,0.5
LGP,Legazpi City International Airport,Philippines,2,2,0.00010289802266115236,9.74614662432355e-05,3.6020244875264465e-05,0.0,2,4,1914,2307,2166,1424,1725,0.3500576973561551,-25.5,0.0017900776437239523,-0.12246184137543459,3.8620023283380327,3.4522615770209297e-05,0.5
MPH,Godofredo P. Ramos Airport,Philippines,2,2,0.00010289802266115236,9.74614662432355e-05,3.6020244875264465e-05,0.0,2,4,1914,2307,2166,1424,1725,0.3500576973561551,-25.5,0.0017900776437239523,-0.12246184137543459,3.8620023283380327,3.4522615770209297e-05,0.5
OZC,Labo Airport,Philippines,2,2,0.00010289802266115236,9.74614662432355e-05,3.6020244875264465e-05,0.0,2,4,1914,2307,2166,1424,1725,0.3500576973561551,-25.5,0.0017900776437239523,-0.12246184137543459,3.8620023283380327,3.4522615770209297e-05,0.5
PAG,Pagadian Airport,Philippines,2,2,0.00010289802266115236,7.125777585591722e-05,3.6020244875264465e-05,0.0,2,4,1914,2307,2711,1424,1725,0.3500576973561551,-25.5,0.0017900776437239523,-0.12246184137543459,3.8620023283380327,3.4522615770209297e-05,0.5
SUG,Surigao Airport,Philippines,2,2,0.00010289802266115236,8.435962104957637e-05,3.6020244875264465e-05,0.0,2,4,1914,2307,2414,1424,1725,0.3500576973561551,-25.5,0.0017900776437239523,-0.12246184137543459,3.8620023283380327,3.4522615770209297e-05,0.5
TAC,Daniel Z. Romualdez Airport,Philippines,2,2,0.00010289802266115236,0.00011056331143689464,3.6020244875264465e-05,0.0,2,4,1914,2307,1935,1424,1725,0.3500576973561551,-25.5,0.0017900776437239523,-0.12246184137543459,3.8620023283380327,3.4522615770209297e-05,0.5
USU,Francisco B. Reyes Airport,Philippines,2,2,0.00010289802266115236,8.435962104957637e-05,3.6020244875264465e-05,0.0,2,4,1914,2307,2414,1424,1725,0.3500576973561551,-25.5,0.0017900776437239523,-0.12246184137543459,3.8620023283380327,3.4522615770209297e-05,0.5
ZAM,Zamboanga International Airport,Philippines,4,4,0.00021017602909634324,0.00017137087433288388,6.516468302054419e-05,0.0002892199824715162,4,8,1270,1122,1240,1072,599,0.31004812157086264,266.0,0.0010012660513209915,0.16443809259106779,2.4803073085030714,4.881366272303807e-05,0.25
CEE,Cherepovets Airport,Russia,7,7,0.0002222538115809686,0.00017223045821616157,8.436903922821287e-05,0.0002963481239861677,7,14,912,1027,1231,944,580,0.3796067146298485,-73.5,0.0014475433932766666,-0.12467574895739197,3.2336646134232256,2.9923400984758552e-05,0.14285714285714285
KGD,Khrabrovo Airport,Russia,10,10,0.0002083500211030587,0.00019760290216337657,0.00014522638725383288,6.823018222634495e-06,10,20,703,1135,1058,674,1137,0.6970308257468224,-409.0,0.0014629777394765395,-0.40915705999648466,3.98497887138088,1.931064063989909e-05,0.2
VUS,Velikiy Ustyug Airport,Russia,1,1,7.119753867863032e-05,6.508663189724459e-05,1.0244811863108752e-05,0.0,1,2,2658,3009,2888,2352,1725,0.1438927813130104,32.5,0.0002222538115809686,-0.06343496632286616,1.9459101490553132,3.1750544511566945e-05,0.0
CEK,Chelyabinsk Balandino Airport,Russia,14,14,0.000275335459742376,0.000245238274495311,0.000256921419170418,6.647278109225351e-06,14,28,574,769,809,492,1139,0.9331214345250427,-186.5,0.0011406500945715002,-0.33781261820357855,3.7055994751001826,1.942234320672463e-05,0.14285714285714285
NMA,Namangan Airport,Uzbekistan,9,9,0.00019962873756867257,0.00017381638604592144,0.00014734527499714588,4.173448520512499e-08,9,18,750,1198,1219,668,1669,0.7380965125146819,-409.0,0.0012996094952551231,-0.3869651959530227,3.820619452684385,2.0316230312004202e-05,0.1111111111111111
OSS,Osh Airport,Kyrgyzstan,13,13,0.0002797038482090903,0.00035932796751139055,0.0001988914021892247,2.725853455435575e-05,13,26,592,756,560,585,987,0.7110785334656715,-148.5,0.0013585643426917784,-0.2763858469092728,3.729908046763027,2.131169887830565e-05,0.15384615384615385
CEM,Central Airport,United States,1,1,0.00012748826667315321,0.00010567026938091762,7.310084146172122e-07,0.0002892199824715162,2,2,1914,1929,2015,3215,599,0.0057339270012300644,354.0,0.0018615236638223195,0.5191311192479944,2.9444389791664403,9.797492967485893e-05,0.0
IRC,Circle City /New/ Airport,United States,1,1,0.00015257460313548683,0.0001339926628265386,6.213583147065978e-07,0.0,2,2,1914,1629,1616,3241,1725,0.004072488487188325,656.0,0.00012748826667315321,0.6987604622932508,0.0,0.00012748826667315321,0.0
CEN,Ciudad Obregón International Airport,Mexico,4,4,0.00012765072017434153,9.820560175590061e-05,1.3954195885081815e-05,0.0,4,8,1270,1917,2148,2142,1725,0.10931544973677855,-529.0,0.0011317947857131124,-0.334209535336381,3.5718880273088938,2.4541513033168947e-05,0.25
HMO,General Ignacio P. Garcia International Airport,Mexico,13,13,0.0003290669182908746,0.000303494321265537,4.6693417169283555e-05,0.00011593372924529577,13,26,592,643,650,1254,807,0.14189641855158924,-35.5,0.000975812959033704,-0.11385607622452198,3.0149578897865528,2.577894501621005e-05,0.15384615384615385
CEZ,Cortez Municipal Airport,United States,1,1,6.564031625125899e-05,5.536753653525833e-05,3.6699106447686035e-06,0.0,1,2,2658,3132,3242,2924,1725,0.05590939919790856,-97.0,0.004260935440547963,-0.14470313084707165,5.1298987149230735,2.5212635742887355e-05,1.0
CFB,Cabo Frio Airport,Brazil,3,3,0.00014172589352005638,0.00011122591814158962,7.1234857445540184e-06,0.0,3,6,1507,1722,1931,2571,1725,0.0502624154812327,-12.0,0.0009784170458636407,-0.052264005347486986,3.1023680134694973,3.824169320782063e-05,0.0
PLU,Pampulha - Carlos Drummond de Andrade Airport,Brazil,11,12,0.000560071240967709,0.00044951532549283445,3.198068694610567e-05,0.0011177890843081868,12,23,624,392,458,1509,354,0.05710110537161025,249.5,0.000515186898364163,0.5209312470050174,1.6459598851339623,5.5172370609512724e-05,0.09090909090909091
CFC,Caçador Airport,Brazil,2,2,0.0001316653011724747,0.0001084678958118915,5.136605119848388e-06,4.102154795376461e-06,2,4,1914,1851,1982,2738,1206,0.039012595377119916,434.5,0.0005017836021001153,0.12406283742743263,2.11705325229863,5.144454430865836e-05,0.0
JCB,Santa Terezinha Airport,Brazil,3,3,0.0002044322750997081,0.00016793086402231366,8.367746289197774e-06,0.0,3,6,1507,1166,1271,2468,1725,0.040931630218939544,544.0,0.0002472415594229549,0.3140778773840065,1.290400336969297,6.28324310836801e-05,0.0
CFK,Ech Cheliff Airport,Algeria,1,1,5.811166655917106e-05,5.25559882045374e-05,8.174854889456946e-06,0.0,1,2,2658,3394,3394,2482,1725,0.14067493454404825,-353.0,0.0014065644722938329,-0.26652676996027047,4.454347296253507,1.6355400840625962e-05,0.0
CFN,Donegal Airport,Ireland,2,2,7.079118236162136e-05,6.026449190690289e-05,1.523453503336979e-05,0.0,2,4,1914,3026,3090,2044,1725,0.2152038506087874,-740.5,0.0015475032304896725,-0.49646581788123,4.556474012983767,1.56362391379592e-05,0.0
CFS,Coffs Harbour Airport,Australia,2,2,0.00010309887427528618,0.00010748042860407563,4.071328893400843e-05,0.0,2,4,1914,2297,1989,1336,1725,0.3948955720437755,-13.0,0.002456792595323918,-0.12051179571194481,4.2249922208613935,3.4640763761797195e-05,0.5
CGA,,,4,3,0.0003783120318611663,0.0003142381260928229,2.6872672128225822e-06,0.0,4,7,1270,568,619,3016,1725,0.007103308873371388,820.0,0.0005204459695620652,0.752212015414865,1.3638302788394254,9.826542779843944e-05,0.0
HYL,,,3,3,0.00029941295843915414,0.0003112831097931713,2.1268224956833456e-06,0.0,3,6,1507,708,627,3066,1725,0.007103308109209817,1002.0,0.000640812897182258,0.6956648822664526,1.5873913115992522,0.0001000797574242263,0.0
KLW,Klawock Airport,United States,2,2,0.00023824426012349927,0.00020362294512599579,1.6923221541059136e-06,0.0,2,4,1914,930,1025,3114,1725,0.0071033071404476246,1355.5,0.0008532745845042624,0.7170961825126412,1.8317808230648231,0.00011413804904663126,0.0
KTN,Ketchikan International Airport,United States,13,13,0.0013282371371473585,0.0013616459570008062,1.4237730656082254e-05,0.004179239865907458,15,26,551,127,131,2117,160,0.01071926861393176,435.0,0.0004523052565228158,1.2814906758566833,0.9626265698176684,0.00011620158883000923,0.0
JPR,Ji-Paraná Airport,Brazil,1,1,8.118750560470674e-05,8.72252473509328e-05,2.3644218474150113e-06,0.0,1,2,2658,2718,2370,3046,1725,0.029122976864532923,321.5,0.0007830620417085398,0.06786814844201672,2.8903717578961645,4.3503446761585544e-05,0.0
LDB,Governador José Richa Airport,Brazil,7,7,0.00024750891162025147,0.00024995984112402927,2.1402888662040066e-05,6.623881181960066e-06,7,14,912,877,785,1791,1140,0.08647320422497812,76.5,0.0010998140646385328,-0.01704918526796284,3.3018364470434753,3.4167955598618254e-05,0.14285714285714285
MGF,Regional de Maringá - Sílvio Nane Junior Airport,Brazil,8,8,0.00027923998624077695,0.00022256449328232917,2.4233662532540345e-05,7.551977919222855e-06,8,16,829,758,927,1678,1125,0.08678435656290526,112.0,0.001004467495191246,0.021257204144676578,3.1602386037092316,3.4563295653007163e-05,0.125
OAL,Cacoal Airport,Brazil,1,1,8.118750560470674e-05,6.569909037961043e-05,2.3644218474150113e-06,0.0,1,2,2658,2718,2865,3046,1725,0.029122976864532923,321.5,0.0007830620417085398,0.06786814844201672,2.8903717578961645,4.3503446761585544e-05,0.0
ROO,Maestro Marinho Franco Airport,Brazil,1,1,8.118750560470674e-05,6.569909037961043e-05,2.3644218474150113e-06,0.0,1,2,2658,2718,2865,3046,1725,0.029122976864532923,321.5,0.0007830620417085398,0.06786814844201672,2.8903717578961645,4.3503446761585544e-05,0.0
CLV,Nelson Ribeiro Guimarães Airport,Brazil,2,2,0.00010158173582056122,8.096034185029143e-05,4.824259734581347e-06,5.7117388405731964e-08,2,4,1914,2343,2487,2752,1657,0.047491408722362724,-58.0,0.001313151763092816,-0.13533651447087713,3.594961085372904,3.3748329395579426e-05,0.0
CXJ,Hugo Cantergiani Regional Airport,Brazil,3,3,0.0001311149831923956,9.76748927815849e-05,7.590003433026025e-06,5.723185210995187e-08,3,6,1507,1866,2160,2531,1655,0.05788814709214889,-156.0,0.001141812818428718,-0.13008419763160362,3.441805462224986,3.408055190285762e-05,0.0
IGU,Cataratas International Airport,Brazil,7,7,0.00023232590160263903,0.0002327989891516474,2.5894086104988912e-05,4.1879649788724736e-05,7,14,912,969,877,1647,945,0.11145587266148707,-15.5,0.0014117533479508324,-0.08035463895725492,3.7254161993819292,3.1616189209010205e-05,0.14285714285714285
JOI,Lauro Carneiro de Loyola Airport,Brazil,4,4,0.00015132848597846152,0.00012948313583401773,1.3697896494015492e-05,6.623881181960066e-06,4,8,1270,1641,1671,2155,1140,0.0905176339104133,-253.0,0.0014593153738549725,-0.16405444291586235,3.7518869034497944,3.150556180780778e-05,0.25
JTC,Bauru - Arealva Airport,Brazil,3,3,0.0001511652071554527,0.00012301663176738492,6.6760966470711945e-06,5.7117388405731964e-08,3,6,1507,1642,1762,2610,1657,0.04416424104923657,68.0,0.0009143235058600953,0.012214455717639794,2.6276897837685844,4.1943384829495264e-05,0.0
NVT,Ministro Victor Konder International Airport,Brazil,5,5,0.0001731362524399515,0.00015501050037502198,1.929732123094546e-05,6.623881181960066e-06,5,10,1107,1407,1378,1881,1140,0.11145742707835445,-219.0,0.001418883018397914,-0.1669905953920967,3.7798735823819607,3.0335688615918387e-05,0.2
PPB,Presidente Prudente Airport,Brazil,2,2,0.00010158173582056122,8.096034185029143e-05,4.824259734581347e-06,5.7117388405731964e-08,2,4,1914,2343,2487,2752,1657,0.047491408722362724,-58.0,0.001313151763092816,-0.13533651447087713,3.594961085372904,3.3748329395579426e-05,0.0
CGI,Cape Girardeau Regional Airport,United States,1,1,6.347227965468632e-05,5.369675731631453e-05,3.931529073983958e-06,0.0,1,2,2658,3210,3337,2868,1725,0.06194088341198697,-171.0,0.0013597202675329513,-0.1782899453070499,4.0943445622221,2.2662004458882524e-05,0.0
KDI,Wolter Monginsidi Airport,Indonesia,2,2,0.00010772238430413236,0.00011595272216448823,3.598894103596833e-05,0.0,2,4,1914,2227,1847,1433,1725,0.3340897183853713,58.5,0.001512453995007386,-0.07664286593612779,3.708489810690577,3.736047556235191e-05,0.0
MLG,Abdul Rachman Saleh Airport,Indonesia,2,2,9.49189773157617e-05,8.041024831155576e-05,3.864074375911789e-05,0.0,2,4,1914,2471,2496,1376,1725,0.40709186773656303,-185.5,0.0015660782927782793,-0.20317661057054792,3.94827635082152,2.9829059684885603e-05,0.0
PKY,Tjilik Riwut Airport,Indonesia,2,2,9.502554957168692e-05,8.063262138845618e-05,4.1865844150062324e-05,0.0,2,4,1914,2468,2492,1315,1725,0.44057460692167727,-182.5,0.0013026143519228766,-0.2020544696080826,3.688879454113936,2.989174925053274e-05,0.0
SOC,Adi Sumarmo Wiryokusumo Airport,Indonesia,4,4,0.00014022510583288288,0.0001403639030533461,0.00014591836201503883,1.0698688762245481e-05,4,8,1270,1744,1534,670,1081,1.04060083355502,-356.0,0.0018771939856589066,-0.240258290666457,3.8743637902962806,2.8239861767373697e-05,0.5
TJQ,Buluh Tumbang (H A S Hanandjoeddin) Airport,Indonesia,2,2,0.00010402987511802479,9.630341738638623e-05,3.742827900777489e-05,0.0,2,4,1914,2284,2198,1394,1725,0.3597839463453308,1.5,0.0009950930617444078,-0.11152214926969783,2.772588722239781,3.518841133627191e-05,0.0
TNJ,Raja Haji Fisabilillah International Airport,Indonesia,1,1,6.841585931991473e-05,7.944525222476715e-05,2.1293089528322687e-05,0.0,1,2,2658,3061,2516,1798,1725,0.31123031618671226,-19.5,0.0018225907549852165,-0.10328855586784336,4.1588830833596715,2.8477980546644008e-05,0.0
TTE,Sultan Khairun Babullah Airport,Indonesia,3,3,0.0001505333478819028,0.0001884328401344532,5.205987172012695e-05,0.0,3,6,1507,1648,1121,1197,1725,0.34583613832178384,62.0,0.0011929774082180017,0.0080257701118569,3.271624964726508,4.169559687912049e-05,0.0
HDF,Heringsdorf Airport,Germany,5,5,0.00010751825869054298,8.213272111866197e-05,5.180753020702589e-05,5.973734884716326e-07,5,10,1107,2230,2455,1199,1458,0.48184867238351897,-1042.0,0.0017720137883925253,-0.6434087848353389,4.540583172121675,1.4896160687849946e-05,0.2
KLU,Klagenfurt Airport,Austria,4,4,9.30525800540126e-05,9.424282071054272e-05,4.081116021169676e-05,0.0,4,8,1270,2496,2236,1334,1725,0.438581715713931,-1108.0,0.001534213283365005,-0.650342610483964,4.649756375940223,1.4365589491096337e-05,0.0
RJK,Rijeka Airport,Croatia,7,7,0.00013273998993456468,9.753337472053447e-05,7.650596409993342e-05,1.21940572248819e-06,8,14,829,1836,2163,990,1368,0.5763595743652511,-966.0,0.0011424146601380584,-0.6401035212853827,4.136397574867707,1.4879061211364783e-05,0.14285714285714285
CJU,Jeju International Airport,South Korea,33,33,0.0007878960023529496,0.0007270842191617064,0.0004383037489594829,0.0032879902195236785,33,66,293,262,289,342,191,0.5562964498494032,35.5,0.0009873874970407189,0.18496770467260504,3.1008899485815418,2.6512885094288713e-05,0.12121212121212122
DSN,Ordos Ejin Horo Airport,China,19,19,0.00034104901506992736,0.00022049563592415342,0.0002439421361794725,1.0601767457132877e-05,19,38,462,626,938,511,1084,0.7152700210245602,-151.5,0.0012753638003483547,-0.3120363955077652,4.128249707775688,1.8380151050527213e-05,0.05263157894736842
HMI,Hami Airport,China,6,6,0.00014751909944014097,0.00012795863593404106,8.109229494709292e-05,7.2051496414571376e-06,6,12,996,1674,1688,959,1130,0.549707090504561,-623.0,0.0017682857738050642,-0.4395082679024611,4.071701378131401,2.0256769344837475e-05,0.3333333333333333
INC,,,30,29,0.0005354075514487942,0.0005286993077649268,0.00041015162702831543,9.161075391190037e-05,30,59,324,405,400,363,843,0.7660549910408612,-74.0,0.00115462376836034,-0.142613938971909,3.8159293164013426,1.9262665725030166e-05,0.1
KRL,Korla Airport,China,5,5,0.00013023081458223202,0.0001277450765013302,6.903625252865425e-05,1.3411784853123142e-07,5,10,1107,1883,1692,1044,1612,0.5301068932887806,-695.0,0.0011965046062085132,-0.45176109335382186,3.795438687309871,2.0240291479553102e-05,0.0
UYN,Yulin Yuyang Airport,China,7,7,0.00015531266941071973,0.00013018887107241265,0.00010068225210924977,7.028616524022665e-06,7,14,912,1589,1660,844,1134,0.6482552420948903,-635.5,0.0017169637075572532,-0.4830554661113595,4.380812563099384,1.8672788847370784e-05,0.14285714285714285
XNN,Xining Caojiabu Airport,China,19,19,0.0004199274544280696,0.0004674884026345036,0.00025732682871259025,0.0003881130542602148,19,38,462,512,438,491,524,0.6127887710106089,-37.5,0.0011822187788988834,-0.10398063286371251,3.52785382733626,2.326426494260709e-05,0.10526315789473684
ZUH,Zhuhai Jinwan Airport,China,30,30,0.0005156277617162712,0.00046893578375600397,0.0004005308228799644,8.2039883383573e-05,30,60,324,423,437,368,862,0.7767828899413683,-92.0,0.0009607029773279074,-0.1802570611405745,3.610495583651302,1.8486987696255566e-05,0.06666666666666667
NBS,Changbaishan Airport,China,4,4,0.00010413398663026692,7.86764565266479e-05,5.0033571547875285e-05,9.10343920004719e-08,4,8,1270,2282,2540,1221,1640,0.48047302486864407,-894.0,0.0015760324278393657,-0.5378289178608924,4.193387525600643,1.7624826711380474e-05,0.25
YNJ,Yanji Chaoyangchuan Airport,China,6,6,0.00013858263736300636,0.00015008061514490867,8.926265870603263e-05,3.392894046087839e-08,6,12,996,1759,1437,914,1680,0.6441114154308962,-708.0,0.0019829464426684255,-0.501999115671806,4.443461888882246,1.850452187716834e-05,0.5
CMG,Corumbá International Airport,Brazil,1,1,7.55552454695693e-05,6.312848036705541e-05,2.8066783198793222e-06,0.0,1,2,2658,2863,2984,3008,1725,0.03714736551295757,178.5,0.0003687725836807641,-0.004029098276626897,2.302585092994046,3.687725836807641e-05,0.0
DOU,Dourados Airport,Brazil,3,3,0.00012650793465010182,9.623117356812476e-05,1.1570953922644444e-05,5.346945373964705e-06,3,6,1507,1949,2203,2265,1176,0.0914642544331122,-239.0,0.001484857211012705,-0.1658538394351563,3.5853997675891374,3.227386620039784e-05,0.3333333333333333
HKK,Hokitika Airfield,New Zealand,1,1,8.497963253580761e-05,6.724453667687081e-05,1.2827031353287861e-05,0.0,1,2,2658,2632,2805,2195,1725,0.15094241961899488,409.5,0.0009592954504387011,0.11351839552881948,2.995732273553991,4.796477252193506e-05,0.0
IVC,Invercargill Airport,New Zealand,2,2,0.0001277165283850623,9.15211855004294e-05,2.2910282750407712e-05,0.0,2,4,1914,1916,2280,1723,1725,0.1793838514098485,369.5,0.001007574085357329,0.09361291811619488,3.020127355638707,4.912173674372841e-05,0.0
CHG,Chaoyang Airport,China,2,2,7.529493044177343e-05,6.635761198970312e-05,2.663032967083337e-05,0.0,2,4,1914,2878,2845,1631,1725,0.35368024798730585,-592.5,0.002445248276517147,-0.43478746018085346,4.702706806347651,1.82855027080997e-05,0.5
CKD,,,1,2,0.0001620648587240346,0.00013507375456663068,3.917291640381225e-07,0.0008676599474145486,3,3,1507,1512,1600,3297,388,0.0024171135378901736,198.0,0.00013865327330619937,0.7591034025798375,0.0,0.00013865327330619937,0.0
CHX,Cap Manuel Niño International Airport,Panama,1,1,0.00012756191695454977,0.00012556734962664327,5.39963793150146e-07,0.0,2,2,1914,1919,1717,3253,1725,0.004232954521548424,363.0,0.0009806157774369666,0.5197086548717387,2.302585092994046,9.806157774369666e-05,0.0
CHY,Choiseul Bay Airport,Solomon Islands,2,1,0.00020747565109603482,0.00018133562823136583,5.2916270200590234e-06,0.0,2,3,1914,1140,1171,2717,1725,0.025504809803487127,1145.5,0.0009748859759785997,0.5788137207600599,2.2154083994216567,9.603886741709673e-05,0.0
GZO,Nusatupe Airport,Solomon Islands,5,4,0.0004903201128378502,0.0004285442899303006,1.250552156451294e-05,0.0009882458460596332,5,9,1107,437,484,2226,366,0.025504810504578545,751.0,0.0004960328285044647,0.8739890030438975,1.30205166810463,0.00010496718478800364,0.0
CIY,Comiso Airport,Italy,8,8,0.00014019364322623128,0.00010738150927063457,5.571275853122397e-05,6.109990121301319e-08,8,16,829,1745,1992,1154,1652,0.39739860702043367,-875.0,0.001047168129184634,-0.667789740865544,4.099574530803975,1.4115304048345452e-05,0.0
CIC,Chico Municipal Airport,United States,1,1,6.189010243505379e-05,5.312154856874509e-05,6.195736984745438e-06,0.0,1,2,2658,3304,3369,2664,1725,0.1001086884812821,-263.5,0.0021632644274062088,-0.2035329441582281,4.6443908991413725,2.0800619494290468e-05,0.0
HLD,Dongshan Airport,China,9,9,0.00023770050796802976,0.00022408372773935535,9.246093914281405e-05,0.0004129617000541972,9,18,750,939,921,893,519,0.3889808226882286,-150.0,0.0008155100437202284,-0.21241301388478817,2.8293991483822754,2.529293231841019e-05,0.1111111111111111
DAT,Datong Airport,China,7,7,0.00015501648633682043,0.00012626419129060226,8.663267166428718e-05,1.1239901125676979e-05,7,14,912,1593,1711,931,1073,0.5588610199566217,-639.5,0.0016016005338330042,-0.4849642984485474,4.124308671365261,1.862301017910881e-05,0.2857142857142857
CIK,Chalkyitsik Airport,United States,2,2,0.00025070180497104364,0.0001898206718932795,1.3442910871226198e-06,0.0,2,4,1914,865,1100,3144,1725,0.005362111721843754,1420.5,0.00122067603745914,0.7680639369534354,2.1653666701431655,0.00012146601622442448,0.0
CIP,Chipata Airport,Zambia,1,1,7.25823415045639e-05,6.303608789076088e-05,1.4795943800645197e-05,0.0,1,2,2658,2945,2987,2058,1725,0.2038504613372778,95.5,0.0006008350374261923,-0.04417155274204809,2.8903717578961645,3.337972430145513e-05,0.0
CIU,Chippewa County International Airport,United States,1,1,6.11254768050888e-05,5.3164948357179456e-05,4.552846832052294e-06,0.0,1,2,2658,3329,3366,2774,1725,0.07448362074246039,-288.5,0.0026866430907223535,-0.21596446676604586,4.90527477843843,1.9901059931276692e-05,1.0
CIX,Capitan FAP Jose A Quinones Gonzales International Airport,Peru,1,1,7.38659776557286e-05,6.0248389415322765e-05,3.831021175598769e-06,0.0,1,2,2658,2894,3091,2886,1725,0.051864488864605963,142.5,0.001988723414565733,-0.026640876626801813,4.04305126783455,3.488988446606549e-05,0.0
CIZ,Coari Airport,Brazil,1,1,8.265552799386667e-05,6.658575217412385e-05,2.480115001615152e-06,0.0,1,2,2658,2677,2837,3031,1725,0.030005434141067797,362.5,0.0008141495744260254,0.08578849138576672,2.8903717578961645,4.523053191255697e-05,0.0
CJA,Mayor General FAP Armando Revoredo Iglesias Airport,Peru,1,1,7.38659776557286e-05,7.632384542235747e-05,3.831021175598769e-06,0.0,1,2,2658,2894,2617,2886,1725,0.051864488864605963,142.5,0.001988723414565733,-0.026640876626801813,4.04305126783455,3.488988446606549e-05,0.0
CPO,Desierto de Atacama Airport,Chile,3,3,0.00015978311216529939,0.0001288433620182155,9.166820150438403e-06,0.0,3,6,1507,1534,1681,2410,1725,0.057370394318988556,176.0,0.000579806176921654,0.06765847653695722,2.153822725451239,4.532295541277528e-05,0.0
CJJ,Cheongju International Airport/Cheongju Air Base (K-59/G-513),South Korea,4,4,0.00011001796565141715,0.00012091509064123308,5.120386231524818e-05,9.500229427029001e-08,4,8,1270,2183,1786,1206,1639,0.46541364414502445,-795.0,0.001739943757521785,-0.4828636442364882,4.307046058579302,1.935540877622636e-05,0.25
CJL,Chitral Airport,Pakistan,2,2,8.343496403994033e-05,6.696566263836088e-05,9.599798326831994e-05,0.0,2,4,1914,2665,2819,872,1725,1.1505725971472307,-379.5,0.0006114067548059459,-0.332132813305968,3.2220656283502205,2.3073757771253394e-05,0.0
CJM,Chumphon Airport,Thailand,1,1,7.270424699873832e-05,6.166351865226883e-05,2.319845573433575e-05,0.0,1,2,2658,2932,3025,1704,1725,0.31907978821014854,104.0,0.0016091108412187335,-0.042493414050253975,3.871201010907891,3.3523142525390284e-05,0.0
CJS,Abraham González International Airport,Mexico,6,6,0.00016740945393219347,0.0001717009903265893,2.0273775676111735e-05,0.0,6,12,996,1449,1235,1833,1725,0.12110293176347917,-398.0,0.0009136303521990169,-0.3130232914658677,3.342645517504891,2.4156838837745403e-05,0.16666666666666666
CUU,General Roberto Fierro Villalobos International Airport,Mexico,10,10,0.0002464529173908361,0.00022031011302887146,3.705804561355099e-05,1.0520018672304147e-05,10,20,703,882,941,1404,1086,0.15036561955070174,-156.0,0.0014823641905038212,-0.2412055484121094,3.605452310895866,2.379333429852626e-05,0.3
GMP,Gimpo International Airport,South Korea,13,13,0.0003843203322479589,0.0005122032168273463,0.00015001921174076434,0.0007566326670462018,13,26,592,550,408,666,412,0.39034940166520704,57.5,0.0009062431005097481,0.04135919803236199,2.699534653641201,3.077925398570372e-05,0.15384615384615385
HIN,Sacheon Air Base/Airport,South Korea,2,2,8.963250391826444e-05,7.628622110363302e-05,2.109859038475922e-05,0.0,2,4,1914,2551,2623,1803,1725,0.23538994742352562,-267.5,0.0005861081673004542,-0.2604822467680581,3.0307284594640085,2.6719369457775045e-05,0.0
KPO,Pohang Airport (G-815/K-3),South Korea,2,2,8.963250391826444e-05,7.697468240689726e-05,2.109859038475922e-05,0.0,2,4,1914,2551,2593,1803,1725,0.23538994742352562,-267.5,0.0005861081673004542,-0.2604822467680581,3.0307284594640085,2.6719369457775045e-05,0.0
KUV,Kunsan Air Base,South Korea,1,1,6.450386682208166e-05,6.512281766967522e-05,1.1289641971776679e-05,0.0,1,2,2658,3178,2880,2292,1725,0.17502271612516548,-137.0,0.0007878960023529496,-0.16216804228820791,3.4965075614664802,2.3875636434937867e-05,0.0
KWJ,Gwangju Airport,South Korea,2,2,8.963250391826444e-05,8.744962453759084e-05,2.109859038475922e-05,0.0,2,4,1914,2551,2367,1803,1725,0.23538994742352562,-267.5,0.0005861081673004542,-0.2604822467680581,3.0307284594640085,2.6719369457775045e-05,0.0
MWX,Muan International Airport,South Korea,5,5,0.0001269171777050382,9.14662792559329e-05,7.116577076058199e-05,1.4275661725468666e-07,5,10,1107,1938,2281,1027,1605,0.5607260738650741,-750.0,0.001824318234977917,-0.47753473659924595,4.28741882588203,1.946061221276836e-05,0.4
RSU,Yeosu Airport,South Korea,2,2,8.963250391826444e-05,7.697468240689726e-05,2.109859038475922e-05,0.0,2,4,1914,2551,2593,1803,1725,0.23538994742352562,-267.5,0.0005861081673004542,-0.2604822467680581,3.0307284594640085,2.6719369457775045e-05,0.0
TAE,Daegu Airport,South Korea,4,4,0.0001136308277893783,9.942091873662957e-05,6.482290693354179e-05,0.0,4,8,1270,2138,2124,1077,1725,0.5704693716893009,-750.0,0.002538819405364226,-0.45055247993889935,4.680865393575872,2.0418015286238065e-05,0.75
USN,Ulsan Airport,South Korea,2,2,8.963250391826444e-05,7.697468240689726e-05,2.109859038475922e-05,0.0,2,4,1914,2551,2593,1803,1725,0.23538994742352562,-267.5,0.0005861081673004542,-0.2604822467680581,3.0307284594640085,2.6719369457775045e-05,0.0
WJU,Wonju/Hoengseong Air Base (K-38/K-46),South Korea,1,1,6.450386682208166e-05,5.464787553898164e-05,1.1289641971776679e-05,0.0,1,2,2658,3178,3280,2292,1725,0.17502271612516548,-137.0,0.0007878960023529496,-0.16216804228820791,3.4965075614664802,2.3875636434937867e-05,0.0
CKB,North Central West Virginia Airport,United States,2,3,0.00010196387310692937,9.095747532993298e-05,7.304490449032682e-06,5.017395417525272e-06,3,5,1507,2334,2292,2556,1185,0.07163802459104779,-624.0,0.0006144608102647441,-0.131581702590152,2.2924837393352857,3.397311602617903e-05,0.0
MGW,Morgantown Municipal Walter L. Bill Hart Field,United States,2,2,8.938058510791729e-05,7.887101062079729e-05,9.645123058654477e-06,5.749405691518164e-05,2,4,1914,2561,2536,2383,907,0.10791071737792994,-275.5,0.0012577095220225672,-0.26329677813017405,2.967447097809794,2.6571181910433487e-05,0.5
RDV,,,1,1,0.00011308714110195587,0.00010157927929750964,1.6648548994849323e-07,0.0,2,2,1914,2144,2090,3364,1725,0.0014721876274013776,141.5,0.0001620648587240346,0.3992654666924871,0.6931471805599453,8.10324293620173e-05,0.0
SLQ,Sleetmute Airport,United States,2,2,0.00020921121132298835,0.00018792166690303905,3.0799876173847393e-07,0.0002892199824715162,4,4,1270,1131,1124,3327,599,0.0014721905188100726,257.0,0.00013757599991299523,0.5871440542550399,0.34657359027997264,9.705978523198659e-05,0.0
ENY,Yan'an Ershilipu Airport,China,4,4,0.0001084334138301387,8.95346991359775e-05,4.88308096040073e-05,6.348176205332196e-06,4,8,1270,2215,2327,1233,1148,0.450329911041083,-827.0,0.001957173644672908,-0.4973710336236703,4.489934822222291,1.8889364123605255e-05,0.25
JHG,Xishuangbanna Gasa Airport,China,9,9,0.00021883695829902193,0.0002392064771503707,0.00014455096786099983,2.109905595204107e-06,9,18,750,1053,842,675,1304,0.6605418435010568,-264.0,0.0008782273810254931,-0.29509755536301796,3.0734946557085947,2.282710883091929e-05,0.0
PZI,Bao'anying Airport,China,2,2,7.570029015222848e-05,7.176783598760281e-05,3.142468384925707e-05,0.0,2,4,1914,2858,2703,1516,1725,0.4151197278909239,-572.5,0.0018294083209506114,-0.4294182745513435,4.58538379842818,1.852394959673886e-05,0.0
TSA,Taipei Songshan Airport,Taiwan,19,19,0.0004185408566473332,0.00044349602733113826,0.00023665507337214698,0.0006060538419027477,19,38,462,515,465,524,440,0.5654288455082772,-40.5,0.0009960811034553313,-0.10728809010795537,3.4023265146314436,2.317840749419725e-05,0.10526315789473684
XIC,Xichang Qingshan Airport,China,3,3,9.29563763999477e-05,7.909960246852384e-05,5.3495135468811294e-05,0.0,3,6,1507,2498,2529,1171,1725,0.5754864544057399,-788.0,0.0018624793491977907,-0.4740285580056156,4.5748814961523,1.911639238271064e-05,0.0
ZAT,Zhaotong Airport,China,2,2,7.678160948577074e-05,6.546813629693696e-05,3.484283560941519e-05,0.0,2,4,1914,2831,2873,1461,1725,0.4537914201430266,-545.5,0.0017661455954381554,-0.4152351162519867,4.52125663066634,1.916001979296846e-05,0.0
CKH,Chokurdakh Airport,Russia,1,1,7.215359634606548e-05,7.919151642797137e-05,9.61391458762667e-06,0.0,1,2,2658,2964,2521,2385,1725,0.1332423479145252,75.5,0.0007561323194339926,-0.05009608563895718,3.1354942159291497,3.2875318236260545e-05,0.0
CKX,,,1,1,0.00029473050457298235,0.00029448622191012943,9.373042578622613e-11,0.0,1,2,2658,719,670,3385,1725,3.1802078282336813e-07,2320.0,0.00029473050457298235,1.3571681799610449,0.0,0.00029473050457298235,0.0
TKJ,Tok Junction Airport,United States,1,1,0.00029473050457298235,0.00029448622191012943,9.373042578622613e-11,0.0,1,2,2658,719,670,3385,1725,3.1802078282336813e-07,2320.0,0.00029473050457298235,1.3571681799610449,0.0,0.00029473050457298235,0.0
CKZ,Çanakkale Airport,Turkey,1,1,6.57405783464817e-05,5.829155669573848e-05,1.6464685887854596e-05,0.0,1,2,2658,3123,3154,1990,1725,0.2504493617485151,-82.5,0.001089215420798704,-0.14317684934330543,3.7612001156935624,2.5330591181365207e-05,0.0
CLD,Mc Clellan-Palomar Airport,United States,1,1,6.327744318588984e-05,5.3940455536655464e-05,6.2379723535630866e-06,0.0,1,2,2658,3216,3319,2654,1725,0.09858129594834963,-177.0,0.0033424849769630493,-0.18136429715398705,5.003946305945459,2.243278508028892e-05,1.0
DUJ,DuBois Regional Airport,United States,2,2,0.00010734219132199671,9.374282943942617e-05,6.776047955273339e-06,0.0,2,4,1914,2232,2251,2602,1725,0.06312567194521938,52.0,0.000630543044028422,-0.080178486594086,2.3592494356475475,3.71368326227746e-05,0.0
ERI,Erie International Tom Ridge Field,United States,3,3,9.450611365196628e-05,7.986169149751353e-05,1.3746332404588999e-05,0.0,3,6,1507,2477,2508,2147,1725,0.1454544248344826,-767.0,0.0020393255565797816,-0.45749434300548053,4.578215837968945,1.9724132467795362e-05,0.6666666666666666
FKL,Venango Regional Airport,United States,2,2,0.00010734219132199671,9.374282943942617e-05,6.776047955273339e-06,0.0,2,4,1914,2232,2251,2602,1725,0.06312567194521938,52.0,0.000630543044028422,-0.080178486594086,2.3592494356475475,3.71368326227746e-05,0.0
PKB,Mid Ohio Valley Regional Airport,United States,1,1,6.172176001084033e-05,5.390212692828256e-05,3.896227584352754e-06,0.0,1,2,2658,3313,3332,2879,1725,0.06312567210767242,-271.5,0.0011537438967348472,-0.20625667188072683,4.02535169073515,2.0602569584550844e-05,0.0
CLL,Easterwood Field,United States,2,2,8.100520771053582e-05,7.308360220257847e-05,9.034700948098127e-06,0.0,2,4,1914,2727,2686,2426,1725,0.1115323471594906,-443.0,0.0038595545431519105,-0.36168682258142404,5.18050366588883,2.1644489322270113e-05,1.0
ESM,General Rivadeneira Airport,Ecuador,3,3,0.00013678851917132097,9.677332720052433e-05,1.0639291022546742e-05,0.0,3,6,1507,1786,2184,2329,1725,0.07777912274363864,-76.0,0.0007282968110342195,-0.0877227926619959,2.9901016509972513,3.6305467971061085e-05,0.0
GPI,Juan Casiano Airport,Colombia,1,1,7.560076927386867e-05,7.609555778452455e-05,3.1278545293696357e-06,0.0,1,2,2658,2860,2631,2975,1725,0.04137331616347422,181.0,0.0006647546840938496,-0.0034267563089187547,2.8903717578961645,3.693081578299165e-05,0.0
TCO,La Florida Airport,Colombia,1,1,7.560076927386867e-05,6.013424559640631e-05,3.1278545293696357e-06,0.0,1,2,2658,2860,3104,2975,1725,0.04137331616347422,181.0,0.0006647546840938496,-0.0034267563089187547,2.8903717578961645,3.693081578299165e-05,0.0
CLQ,Licenciado Miguel de la Madrid Airport,Mexico,2,2,8.771970652132977e-05,7.860046581980653e-05,7.63285334605427e-06,0.0,2,4,1914,2580,2542,2526,1725,0.08701412315142981,-295.0,0.0016549272356099075,-0.2820536899958235,4.004515342534865,2.5594194505954467e-05,0.5
FLO,Florence Regional Airport,United States,1,1,6.114544562963741e-05,6.192642341465131e-05,4.087878943132768e-06,0.0,1,2,2658,3326,3016,2848,1725,0.0668550028712418,-285.5,0.0028093619259862046,-0.21563783432836559,4.948759890378168,1.9924552666568828e-05,1.0
HHH,Hilton Head Airport,United States,2,2,7.67399810870871e-05,7.816272312071684e-05,7.79142335259869e-06,0.0,2,4,1914,2832,2559,2510,1725,0.10153017035222776,-546.5,0.00223944727279466,-0.415777429545491,4.729809698447509,1.9135532484949884e-05,0.5
HTS,Tri-State/Milton J. Ferguson Field,United States,4,4,0.00011961517462182035,9.778405042427978e-05,1.4459956817051222e-05,1.7274173284494013e-06,4,8,1270,2057,2156,2097,1333,0.12088731101859226,-669.0,0.0012938513802511955,-0.399227609219718,3.852515402225773,2.217811728228804e-05,0.25
LUK,Cincinnati Municipal Airport Lunken Field,United States,3,3,0.00011704393197646188,9.50092919264486e-05,1.0879797555650453e-05,3.890821149135302e-06,3,6,1507,2087,2224,2318,1213,0.09295481937362148,-377.0,0.0014416551691396678,-0.24360951884389515,3.315324054714095,2.8562492593504342e-05,0.3333333333333333
LYH,Lynchburg Regional Preston Glenn Field,United States,1,1,6.114544562963741e-05,6.192642341465131e-05,4.087878943132768e-06,0.0,1,2,2658,3326,3016,2848,1725,0.0668550028712418,-285.5,0.0028093619259862046,-0.21563783432836559,4.948759890378168,1.9924552666568828e-05,1.0
PGV,Pitt Greenville Airport,United States,1,1,6.114544562963741e-05,6.192642341465131e-05,4.087878943132768e-06,0.0,1,2,2658,3326,3016,2848,1725,0.0668550028712418,-285.5,0.0028093619259862046,-0.21563783432836559,4.948759890378168,1.9924552666568828e-05,1.0
SBY,Salisbury Ocean City Wicomico Regional Airport,United States,2,2,7.701389833055005e-05,7.889397303499087e-05,9.38513693131672e-06,0.0,2,4,1914,2828,2535,2397,1725,0.12186289922677246,-542.5,0.002543475804134174,-0.41221436454457105,4.876390467555712,1.929666027706369e-05,1.0
CMA,Cunnamulla Airport,Australia,2,2,0.00027010933964365504,0.000260743556055943,8.249426372004154e-06,0.0002892199824715162,2,4,1914,788,742,2473,599,0.03054106304834667,1497.5,0.0001862614051822311,0.8426265707568668,0.34657359027997264,0.00013288221390525534,0.0
SGO,St George Airport,Australia,2,2,0.0002135167651079031,0.00019960004601680953,1.2398402722006341e-05,0.000578428255869027,2,4,1914,1095,1041,2228,465,0.05806758413439183,1190.5,0.0002633151870536519,0.6075150867714711,1.0397207708399179,9.959246421886985e-05,0.0
XTG,Thargomindah Airport,Australia,1,1,0.0001590060452565591,0.00015498894473290942,3.5060061879309033e-06,0.0,1,2,2658,1542,1379,2948,1725,0.0220495150500341,1499.5,0.00027010933964365504,0.7400490069560668,0.6931471805599453,0.00013505466982182752,0.0
GAN,Gan International Airport,Maldives,3,3,0.0001255346262404401,0.0001021413373336806,0.00020897930996456037,1.7595721943373766e-06,3,6,1507,1962,2070,566,1329,1.6647144793683957,-252.0,0.0005681449018729259,-0.17357724332734215,2.5913383590835757,3.189217663627953e-05,0.0
HRI,Mattala Rajapaksa International Airport,Sri Lanka,3,4,0.00010104589079988486,0.00010640039262457974,0.0004040136683183533,0.0,6,7,996,2348,2002,364,1725,3.998318636415185,-1297.0,0.0008141031092877174,-0.39058409213803635,3.589915783601573,2.228875097340008e-05,0.0
IXM,Madurai Airport,India,3,3,0.00010141103801539916,0.00012149012508176652,0.0029029433117582926,1.9476093095724995e-07,3,6,1507,2345,1778,83,1578,28.62551620187029,-635.0,0.0008418747620680646,-0.38697692874204037,3.62272914120599,2.243194596059771e-05,0.0
KCT,Koggala Airport,Sri Lanka,2,2,0.00015830772293601888,0.0001439298165794864,0.00016763429736399478,0.002261174408413672,2,4,1914,1546,1494,631,244,1.0589142099640034,739.5,0.0005219716800283704,0.3083404844959947,1.856786033352154,6.711655712043392e-05,0.0
TRZ,Tiruchirapally Civil Airport Airport,India,4,4,0.00012049117833016145,0.00013216354946588216,0.0025702680066227823,0.0,4,8,1270,2042,1630,97,1725,21.33158661275529,-654.0,0.0018063775165526022,-0.3919307794242872,4.23731603235391,2.243576544690349e-05,0.5
CME,Ciudad del Carmen International Airport,Mexico,2,2,8.488201756781734e-05,7.642490505132963e-05,9.236624836021275e-06,0.0,2,4,1914,2634,2615,2401,1725,0.10881721595085297,-349.5,0.0030321341105568034,-0.31493800423748475,4.836596748596539,2.3924965710152145e-05,1.0
RNO,Reno Tahoe International Airport,United States,14,13,0.0003012046787373275,0.0003222750430040117,6.60746881773886e-05,3.9969780211855664e-07,14,27,574,706,608,1066,1505,0.2193680671043313,-123.5,0.002302263410150082,-0.24801279660032982,4.494680711436471,2.1596227125586467e-05,0.35714285714285715
CMI,University of Illinois Willard Airport,United States,2,2,8.095966954044863e-05,8.151364967488414e-05,1.1288549651092393e-05,0.0,2,4,1914,2733,2470,2294,1725,0.1394342357765241,-448.5,0.004240408806218796,-0.36224914414224685,5.279492392822084,2.1617702162355796e-05,1.0
GLN,,,2,2,7.383193746528924e-05,6.138429954650953e-05,1.9732200193731093e-05,0.0002892199824715162,3,4,1507,2908,3040,1854,599,0.2672583284572186,-1198.0,0.0014620898655369982,-0.45440887293346854,4.4239673766642325,1.7424918612688095e-05,0.0
OUZ,Tazadit Airport,Mauritania,3,3,0.00011326227047170406,8.694498724840888e-05,2.8386487987711653e-05,2.2657412241932495e-06,3,6,1507,2141,2381,1594,1293,0.25062616058719533,-431.0,0.0006758597869213337,-0.27645276311248246,2.5872483282196375,2.707948810522777e-05,0.0
OZZ,Ouarzazate Airport,Morocco,2,2,7.684933528301395e-05,6.380570856211103e-05,2.0275305353449152e-05,0.0,2,4,1914,2829,2948,1832,1725,0.2638318897460992,-543.5,0.001973485440805494,-0.4143534475005204,4.622515805883056,1.9199858504610897e-05,0.5
TTU,Saniat R'mel Airport,Morocco,1,1,6.074726728630862e-05,5.390540321994429e-05,1.2076795157251044e-05,0.0002892199824715162,2,2,1914,3338,3331,2243,599,0.19880392479766648,-1052.5,0.0016926813592599132,-0.22217111675543677,4.465908118654584,1.945610757770015e-05,0.0
CMU,Chimbu Airport,Papua New Guinea,1,1,8.434037738531906e-05,7.147675058169529e-05,8.15710841297954e-06,0.0,1,2,2658,2649,2707,2484,1725,0.0967165273130427,391.0,0.0016524447662086433,0.105967507856505,3.5553480614894135,4.721270760596124e-05,0.0
CMW,Ignacio Agramonte International Airport,Cuba,3,3,0.00010021089906025022,7.572876190557238e-05,2.082805559603731e-05,3.7765577559951476e-07,3,6,1507,2355,2638,1818,1515,0.20784221867438563,-645.0,0.001944848392488753,-0.3988819143505715,4.319006428139047,2.1961303218512123e-05,0.3333333333333333
CMX,Houghton County Memorial Airport,United States,1,1,6.191628392598824e-05,5.3101590760617954e-05,7.080968440456045e-06,0.0,1,2,2658,3296,3372,2575,1725,0.11436358888915711,-258.0,0.004291272777137045,-0.20311000165753335,5.327876168789581,2.0831421248238085e-05,1.0
CND,Mihail Kogălniceanu International Airport,Romania,1,1,6.0732987354664e-05,5.3923046499042564e-05,2.145000776227637e-05,0.0,1,2,2658,3339,3324,1783,1725,0.3531854548338649,-300.0,0.004412722838437625,-0.22240621556639262,5.424950017481403,1.943930765831553e-05,1.0
CPV,Presidente João Suassuna Airport,Brazil,2,2,9.845822517482201e-05,7.580341601959222e-05,6.260603643012611e-06,3.3201053998125793e-07,3,4,1507,2398,2637,2652,1526,0.06358639546768499,-688.0,0.000987670124564237,-0.16656791959211859,3.431901695726477,3.191097019277023e-05,0.0
IPN,Usiminas Airport,Brazil,3,3,0.000131663799734383,0.00010234395335003983,1.1291506683878377e-05,5.854537002722945e-07,3,6,1507,1852,2067,2291,1462,0.08576014596766711,-142.0,0.0012984638990862646,-0.1259071683156563,3.5010675961011732,3.4295774076474336e-05,0.3333333333333333
IZA,Zona da Mata Regional Airport,Brazil,2,2,0.00010029394468043048,7.970653455368701e-05,5.193337804866486e-06,0.0,2,4,1914,2354,2510,2736,1725,0.05178117005382698,-68.5,0.0014023971146024908,-0.14809494684387303,3.714166597095403,3.299080519578515e-05,0.0
MOC,Mário Ribeiro Airport,Brazil,2,2,0.00011033838406410105,0.00010477486129436941,4.992933761423841e-06,5.842827928717499e-07,2,4,1914,2179,2036,2744,1465,0.045251104624871044,106.5,0.0007936145295185332,-0.05264840523259906,2.9907071056272403,3.8899298950462985e-05,0.0
UBA,Mário de Almeida Franco Airport,Brazil,4,4,0.0001502985855625977,0.00011016552900600666,1.4077068126822694e-05,5.3576606953554165e-06,4,8,1270,1651,1945,2129,1173,0.09366068266131321,-263.0,0.0013541548130271263,-0.1708834348432795,3.5368365871440166,3.120264992117787e-05,0.25
VDC,Vitória da Conquista Airport,Brazil,4,4,0.00015945535373902508,0.0001504195893538716,1.4824475202335087e-05,1.3633265167007497e-06,4,8,1270,1537,1431,2053,1350,0.0929694416319052,-149.0,0.0012108935320794775,-0.1117433516169779,3.4676246545724987,3.389581703200331e-05,0.25
CNP,Neerlerit Inaat Airport,Greenland,2,2,0.00025082329126268547,0.00024965073229467696,1.4506497711434066e-06,0.0002892199824715162,2,4,1914,863,790,3138,599,0.005783552890326087,1422.5,0.00030606844231299683,0.7685484044105202,0.8047189562170501,0.00012153747823882033,0.0
OBY,Ittoqqortoormiit Heliport,Greenland,1,1,0.00015080947444055242,0.000150274494491844,6.165274484420954e-07,0.0,1,2,2658,1645,1433,3243,1725,0.004088121457416286,1396.5,0.00025082329126268547,0.6871240664324816,0.6931471805599453,0.00012541164563134274,0.0
EDR,Pormpuraaw Airport,Australia,2,2,0.00014181041499504646,0.00011035878229523229,1.8960136459786967e-05,0.0,2,4,1914,1719,1940,1901,1725,0.1337005921634829,566.0,0.0007296948437486239,0.19829079197508825,2.04717228111105,5.741225829046497e-05,0.0
GOV,Gove Airport,Australia,3,3,0.00016144099190071285,0.00016379839119709506,3.721246077341983e-05,0.0,3,6,1507,1517,1299,1401,1725,0.23050193346374945,192.5,0.0007609156873803954,0.0779808305267693,2.498513981294752,4.59731043124082e-05,0.0
GTE,Groote Eylandt Airport,Australia,3,3,0.00016144099190071285,0.00013340374416640377,3.721246077341983e-05,0.0,3,6,1507,1517,1624,1401,1725,0.23050193346374945,192.5,0.0007609156873803954,0.0779808305267693,2.498513981294752,4.59731043124082e-05,0.0
GUM,Antonio B. Won Pat International Airport,Guam,19,19,0.0005128660536791747,0.00047006808008044247,0.0002813356551439928,0.002983938409605767,19,38,462,425,435,463,204,0.5485558132104087,49.5,0.001069382951057097,0.09595210546818045,3.1685840470535664,2.901897696153725e-05,0.15789473684210525
HID,Horn Island Airport,Australia,1,1,8.15409886026488e-05,6.345629982163208e-05,1.0902078497736948e-05,0.0,1,2,2658,2711,2964,2315,1725,0.13370059260457387,329.5,0.0013175792725022015,0.07221260643805216,3.4011973816621555,4.3919309083406714e-05,0.0
IRG,Lockhart River Airport,Australia,2,2,0.00021301142083609659,0.00016576836767310624,2.8479753023082925e-05,0.0019725387087350275,3,4,1507,1103,1288,1592,277,0.1337005917865639,607.0,0.0007361251845957893,0.6051455153109515,1.7005986908310777,9.929520288639187e-05,0.0
KWM,Kowanyama Airport,Australia,2,2,0.00014181041499504646,0.00011035878229523229,1.8960136459786967e-05,0.0,2,4,1914,1719,1940,1901,1725,0.1337005921634829,566.0,0.0007296948437486239,0.19829079197508825,2.04717228111105,5.741225829046497e-05,0.0
NTN,Normanton Airport,Australia,2,2,0.00015469978616805145,0.00012860008260993415,1.5176899737161906e-05,0.00030098246363346364,2,4,1914,1595,1682,2046,571,0.09810549912897186,690.5,0.000787893396597037,0.2852861074319719,2.2499048351651325,6.499424132368212e-05,0.0
WEI,Weipa Airport,Australia,1,1,8.15409886026488e-05,8.273966623497609e-05,1.0902078497736948e-05,0.0,1,2,2658,2711,2444,2315,1725,0.13370059260457387,329.5,0.0013175792725022015,0.07221260643805216,3.4011973816621555,4.3919309083406714e-05,0.0
HGN,Mae Hong Son Airport,Thailand,1,1,6.617996489614667e-05,5.5076043661523e-05,2.160501773801632e-05,0.0,1,2,2658,3116,3269,1778,1725,0.32645858564476626,-75.0,0.0006720354295794533,-0.13651544295952256,3.258096538021482,2.5847516522286665e-05,0.0
NNT,Nan Airport,Thailand,2,2,9.46746360300095e-05,7.256662890550377e-05,4.4803473472352075e-05,0.0,2,4,1914,2475,2693,1279,1725,0.4732362895818315,-190.0,0.0011405731353990934,-0.20575413854437308,3.5646487744646866,2.9685329523838474e-05,0.0
PHS,Phitsanulok Airport,Thailand,2,2,9.46746360300095e-05,9.005721414948454e-05,4.4803473472352075e-05,0.0,2,4,1914,2475,2315,1279,1725,0.4732362895818315,-190.0,0.0011405731353990934,-0.20575413854437308,3.5646487744646866,2.9685329523838474e-05,0.0
PYY,Mae Hong Son Airport,Thailand,1,1,6.617996489614667e-05,5.5076043661523e-05,2.160501773801632e-05,0.0,1,2,2658,3116,3269,1778,1725,0.32645858564476626,-75.0,0.0006720354295794533,-0.13651544295952256,3.258096538021482,2.5847516522286665e-05,0.0
CNY,Canyonlands Field,United States,1,1,6.46059468282801e-05,5.5151165569436695e-05,3.690146362295435e-06,0.0,1,2,2658,3171,3262,2916,1725,0.057117750663165566,-132.5,0.00215961574829728,-0.16058675230593522,4.499809670330265,2.3995730536636446e-05,0.0
COD,Yellowstone Regional Airport,United States,2,2,8.603668721466361e-05,6.634576869640697e-05,7.360057007064039e-06,0.0,2,4,1914,2617,2846,2549,1725,0.08554556486700284,-332.5,0.0032102755944226216,-0.30142646710298493,4.814854192626669,2.46041831397619e-05,0.5
COQ,Choibalsan Airport,Mongolia,3,3,0.0001224749689944503,0.00011389296670904501,3.3083575449038004e-05,1.2135104159644036e-06,3,6,1507,2009,1891,1491,1369,0.2701251996278286,-299.0,0.0003658495776294208,-0.198252195775952,2.4026199571441587,3.069231104893066e-05,0.0
NZH,Manzhouli Xijiao Airport,China,10,10,0.0002502765180031952,0.0001770109393470753,0.00011770968577584252,0.0001044900980860484,10,20,703,869,1196,772,821,0.4703185369325769,-143.0,0.0009658987894942799,-0.22581014052346227,3.297118411551132,2.4243169683305718e-05,0.1
COU,Columbia Regional Airport,United States,2,2,8.095966954044863e-05,8.151364967488414e-05,1.1288549651092393e-05,0.0,2,4,1914,2733,2470,2294,1725,0.1394342357765241,-448.5,0.004240408806218796,-0.36224914414224685,5.279492392822084,2.1617702162355796e-05,1.0
CPE,Ingeniero Alberto Acuña Ongay International Airport,Mexico,1,1,6.712977133661738e-05,6.699763781897549e-05,4.409505098559498e-06,0.0,1,2,2658,3093,2809,2802,1725,0.06568628211838162,-56.5,0.0025347039701103316,-0.1222655833551638,4.543294782270004,2.696493585223757e-05,1.0
GZP,Gazipaşa Airport,Turkey,6,6,0.0001449775043846537,0.00010603011401889731,8.558964624167044e-05,9.179314224828387e-06,6,12,996,1691,2011,935,1103,0.5903650128683714,-640.0,0.0021654309347737886,-0.4568873348193119,4.614772645176976,1.9758417379495775e-05,0.16666666666666666
KRP,Karup Airport,Denmark,1,1,5.7691538121780426e-05,5.210460008169205e-05,9.794242150490631e-06,0.0,1,2,2658,3402,3403,2372,1725,0.16976912853001205,-361.5,0.0019191969820693247,-0.27378270526553017,4.795790545596741,1.586113208321756e-05,0.0
PLQ,Palanga International Airport,Lithuania,3,3,8.566020213115524e-05,6.963873437306128e-05,2.7995036018913352e-05,0.0,3,6,1507,2624,2750,1607,1725,0.3268149656715712,-914.0,0.0016051216751734778,-0.5557705382666427,4.553229716638074,1.6255147576595207e-05,0.0
RNN,Bornholm Airport,Denmark,1,1,5.7691538121780426e-05,5.210460008169205e-05,9.794242150490631e-06,0.0,1,2,2658,3402,3403,2372,1725,0.16976912853001205,-361.5,0.0019191969820693247,-0.27378270526553017,4.795790545596741,1.586113208321756e-05,0.0
SFJ,Kangerlussuaq Airport,Greenland,8,8,0.0005176982077045742,0.0005059740049221501,1.8443028593992123e-05,0.01830530702622208,8,16,829,419,411,1917,42,0.03562505784164639,451.0,0.0005450483697785751,0.6385780881833467,1.8389625772664284,6.963068057591359e-05,0.0
SGD,Sønderborg Airport,Denmark,1,1,5.7691538121780426e-05,5.210460008169205e-05,9.794242150490631e-06,0.0,1,2,2658,3402,3403,2372,1725,0.16976912853001205,-361.5,0.0019191969820693247,-0.27378270526553017,4.795790545596741,1.586113208321756e-05,0.0
CPR,Casper-Natrona County International Airport,United States,3,3,0.00010337161615807035,7.570809868107832e-05,1.1380631073762164e-05,0.0,3,6,1507,2290,2639,2286,1725,0.11009435178375765,-580.0,0.0030443192389792615,-0.36782845099259553,4.840019171158364,2.3200800108444124e-05,0.6666666666666666
ELS,Ben Schoeman Airport,South Africa,4,4,0.00016324691059683695,0.0001269005494412456,7.314699754087258e-05,0.0,4,8,1270,1497,1704,1013,1725,0.44807584580586773,-109.5,0.0009965170246353453,-0.0882434771878291,2.870296772295754,3.501098082588288e-05,0.25
GRJ,George Airport,South Africa,3,3,0.00012855694211452828,0.00012439150855896622,5.7603260606673574e-05,0.0,3,6,1507,1905,1743,1134,1725,0.4480758460741561,-195.5,0.0012742737293148481,-0.14978693466394155,3.3649642426877087,3.3077398551440753e-05,0.3333333333333333
HDS,Hoedspruit Air Force Base Airport,South Africa,2,2,9.914117899050096e-05,7.6032747067578e-05,3.8830948830878104e-05,0.0,2,4,1914,2380,2634,1367,1725,0.3916732605590521,-95.5,0.0016864665228737289,-0.1596553832103833,3.7649716853007944,3.231270774265781e-05,0.5
HLA,Lanseria Airport,South Africa,2,2,0.00010090924875152795,0.00010877437211383715,3.421071996379855e-05,0.0,2,4,1914,2351,1974,1475,1725,0.3390246224906172,-65.5,0.0005940793210722629,-0.14197868219872234,2.850221786695343,3.3352748779012876e-05,0.0
KIM,Kimberley Airport,South Africa,2,2,9.914117899050096e-05,7.6032747067578e-05,3.8830948830878104e-05,0.0,2,4,1914,2380,2634,1367,1725,0.3916732605590521,-95.5,0.0016864665228737289,-0.1596553832103833,3.7649716853007944,3.231270774265781e-05,0.5
MQP,Kruger Mpumalanga International Airport,South Africa,4,4,0.0001619782416673785,0.00011187167257056032,7.620364777171003e-05,0.0,4,8,1270,1513,1923,992,1725,0.47045607476215123,-125.0,0.0009950244729531401,-0.09604530528006805,2.870296772295754,3.4637842905331586e-05,0.25
PBZ,Plettenberg Bay Airport,South Africa,1,2,7.149348562750064e-05,6.016539431483621e-05,1.5438408188003072e-05,0.0,2,3,1914,3006,3103,2025,1725,0.21594146728893776,-720.5,0.0007382704999474394,-0.05928687957861101,3.1354942159291497,3.20987173890191e-05,0.0
PLZ,Port Elizabeth Airport,South Africa,4,4,0.00016324691059683695,0.00019457357975448272,7.314699754087258e-05,0.0,4,8,1270,1497,1082,1013,1725,0.44807584580586773,-109.5,0.0009965170246353453,-0.0882434771878291,2.870296772295754,3.501098082588288e-05,0.25
UTN,Pierre Van Ryneveld Airport,South Africa,2,2,9.914117899050096e-05,7.6032747067578e-05,3.8830948830878104e-05,0.0,2,4,1914,2380,2634,1367,1725,0.3916732605590521,-95.5,0.0016864665228737289,-0.1596553832103833,3.7649716853007944,3.231270774265781e-05,0.5
WVB,Walvis Bay Airport,Namibia,3,3,0.00013239180397246877,9.660198201137462e-05,5.1541674017763227e-05,0.0,3,6,1507,1840,2189,1201,1725,0.38931166787697413,-130.0,0.0012807845446705407,-0.12039313208676283,3.338283340129863,3.458126594688755e-05,0.3333333333333333
CPX,Benjamin Rivera Noriega Airport,Puerto Rico,1,1,6.284038732259983e-05,5.419488592251064e-05,4.351342409468052e-06,0.0,1,2,2658,3244,3298,2818,1725,0.06924436011397946,-203.0,0.0010740114842966914,-0.18829523802304138,3.8918202981106265,2.191860172034064e-05,0.0
FNI,Nîmes-Arles-Camargue Airport,France,4,4,9.415256221127851e-05,7.719282495847336e-05,2.736980434629385e-05,5.503376819335783e-08,4,8,1270,2482,2589,1621,1661,0.29069633054569416,-1094.0,0.0008261137477880733,-0.6385908519239312,3.876320399358647,1.4689113656107967e-05,0.0
LRH,La Rochelle-Île de Ré Airport,France,8,8,0.00015496666761591116,0.00013884037501513602,5.612491620336038e-05,3.5038606433629753e-06,8,16,829,1594,1556,1151,1234,0.362174118259208,-724.0,0.0012373298076498516,-0.5676043275297928,4.01213407278096,1.628780763466397e-05,0.125
PGF,Perpignan-Rivesaltes (Llabanère) Airport,France,5,5,0.00010877868240297177,8.500116649521701e-05,3.699826024783338e-05,6.432768583868608e-07,5,10,1107,2210,2399,1405,1444,0.34012418086452767,-1022.0,0.0016921384501916818,-0.631754084836496,4.641109701421807,1.5192730974271099e-05,0.2
RDZ,Rodez-Marcillac Airport,France,4,4,9.649772032350884e-05,7.770522620868472e-05,2.909430189180936e-05,6.28295248313226e-07,4,8,1270,2440,2583,1578,1453,0.3015024789629293,-1052.0,0.0019165104405343375,-0.6139879363214504,4.799553830469142,1.5378866041379514e-05,0.25
VOL,Nea Anchialos Airport,Greece,4,4,9.487106461056273e-05,8.482110965627078e-05,3.551024761246088e-05,1.1707019667188879e-07,5,8,1107,2472,2403,1446,1621,0.37430008568183865,-1284.0,0.0010071603492025228,-0.6309885656718457,3.8728885570822067,1.4900437889878173e-05,0.0
CRM,Catarman National Airport,Philippines,1,1,7.158033171149427e-05,7.037662379560633e-05,1.9268425537151766e-05,0.0,1,2,2658,2993,2723,1882,1725,0.26918603304066097,42.5,0.0025116693607450963,-0.05807287555921725,4.356708826689592,3.220088924032175e-05,1.0
CRP,Corpus Christi International Airport,United States,3,4,9.603314961887075e-05,8.81269233089607e-05,1.249238046452588e-05,3.82803811856669e-07,4,7,1270,2454,2351,2227,1514,0.13008404404213247,-1066.0,0.002861808579160692,-0.4414654297498952,4.750942543296095,2.0322970100413103e-05,0.6666666666666666
CSK,Cap Skirring Airport,Senegal,1,1,7.068988882019206e-05,6.746255855981221e-05,4.337536313576255e-06,0.0,2,2,1914,3028,2802,2822,1725,0.061360066990758494,-742.5,6.230661874021299e-05,-0.07059066762113808,0.6931471805599453,3.1153309370106496e-05,0.0
LLF,Lingling Airport,China,3,3,9.08657428826795e-05,6.462430768186565e-05,4.669221742648387e-05,0.0,3,6,1507,2540,2913,1255,1725,0.5138594143974601,-830.0,0.0015435286167196968,-0.49677580596788395,4.4189064766344694,1.8296536101346806e-05,0.0
CSY,Cheboksary Airport,Russia,2,2,7.963356338923068e-05,6.579490565961123e-05,2.7626462215227087e-05,0.0,2,4,1914,2769,2860,1614,1725,0.3469198292709224,-485.0,0.003156245964999794,-0.3787646133106666,4.97111369042603,2.083763974429959e-05,0.5
LMP,Lampedusa Airport,Italy,3,3,8.121227234364199e-05,6.593484100008322e-05,2.7015156876747796e-05,0.0,3,6,1507,2717,2858,1626,1725,0.3326487007091211,-1007.0,0.000769906745510172,-0.6090924971578442,3.9347228963293652,1.45108613877963e-05,0.0
ULP,Quilpie Airport,Australia,2,2,0.00020006633633933496,0.00018371697776956621,9.978870433652802e-06,0.0004066320189145648,2,4,1914,1196,1154,2366,522,0.049877808612077135,1089.5,0.00025165627310608967,0.5424487253406589,1.0397207708399179,9.168044727844707e-05,0.0
CTM,Chetumal International Airport,Mexico,1,1,6.712977133661738e-05,5.558528561363177e-05,4.409505098559498e-06,0.0,1,2,2658,3093,3239,2802,1725,0.06568628211838162,-56.5,0.0025347039701103316,-0.1222655833551638,4.543294782270004,2.696493585223757e-05,1.0
FKS,Fukushima Airport,Japan,2,2,8.913446717915771e-05,9.030094480849327e-05,2.2219973710417565e-05,0.0,2,4,1914,2563,2307,1757,1725,0.24928598794174714,-277.5,0.0007633136715531387,-0.2660541712076441,3.35098018300127,2.6426406667686038e-05,0.0
FSZ,,,7,7,0.0001727586515887018,0.00013509100252626094,0.00010659680213671537,0.0,7,14,912,1412,1598,811,1725,0.6170272872382542,-458.5,0.0014602086438417101,-0.3766002302257814,3.9580407443076058,2.1604886688922368e-05,0.2857142857142857
HIJ,Hiroshima Airport,Japan,9,9,0.00021423038915022597,0.0002006604634153646,0.00013674799562784685,1.8391030637938923e-06,9,18,750,1088,1036,695,1321,0.6383221174655771,-299.0,0.001661301192277725,-0.31637250452766175,4.139138205624446,2.2224942925311815e-05,0.3333333333333333
HKD,Hakodate Airport,Japan,6,6,0.00016787137704753257,0.00014715451364203042,8.097990133872092e-05,2.3145095084029406e-07,6,12,996,1445,1466,960,1564,0.48239254816973093,-394.0,0.0013067475292724015,-0.31026784966950594,3.901311613583081,2.4247412008811413e-05,0.16666666666666666
HNA,Hanamaki Airport,Japan,4,4,0.00013942971295806433,9.898030424498031e-05,4.4788289304620366e-05,3.4035546249974694e-06,4,8,1270,1748,2133,1281,1239,0.3212248548348597,-360.0,0.0006447067786656381,-0.24594669627327193,3.0261594369687046,2.8005922686831555e-05,0.0
IBR,Hyakuri Airport,Japan,5,5,0.00014324966973623676,9.390689645586843e-05,6.769975383090272e-05,2.617656870778323e-06,5,10,1107,1704,2247,1053,1275,0.4725997201638032,-516.0,0.001159933715572002,-0.3564804161785986,3.612565501219586,2.3303551511861093e-05,0.2
KIJ,Niigata Airport,Japan,10,10,0.000245140792724977,0.00020972222106927212,0.00014077838625299168,0.00016749101440472226,10,20,703,891,990,686,740,0.5742756425322109,-165.0,0.001303119557381168,-0.24654380947944432,3.7902293111781398,2.3638966701960234e-05,0.2
KMQ,Komatsu Airport,Japan,9,9,0.00021806305633145328,0.00020465501287473425,0.00013931812674316453,1.277432527001955e-06,9,18,750,1058,1016,688,1360,0.6388891776853876,-269.0,0.0016358859908744987,-0.2986402550703726,4.087291591039835,2.272594517088377e-05,0.3333333333333333
KUH,Kushiro Airport,Japan,3,3,0.00010759181165941097,0.00010176226146481996,4.128212954094283e-05,4.386973793654999e-08,3,6,1507,2228,2084,1324,1667,0.3836921128498529,-518.0,0.001710992134349258,-0.32781432513001896,4.178702114007417,2.4855778755267173e-05,0.3333333333333333
MMB,Memanbetsu Airport,Japan,3,3,0.00011056794021806959,0.00011353065519147043,3.912886389624226e-05,0.0,3,6,1507,2176,1895,1362,1725,0.3538897787104441,-466.0,0.0013785316775466801,-0.30052869452100417,3.8796823240253278,2.602288799396048e-05,0.3333333333333333
MMJ,Matsumoto Airport,Japan,2,2,8.39446931894194e-05,6.38737596995061e-05,2.5919473330055252e-05,0.0,2,4,1914,2655,2945,1645,1725,0.3087684562926273,-369.5,0.0008648231422258566,-0.3260421003281575,3.6109179126442243,2.3373598438536662e-05,0.0
OKA,Naha Airport,Japan,32,32,0.00074149190114056,0.000719909036580332,0.0004519990179706422,0.0004612583940877231,32,64,303,290,292,328,498,0.6095805190527085,19.5,0.0008815883973046794,0.14323575979585979,2.9646746893402005,2.5635379618161356e-05,0.15625
OKJ,Okayama Airport,Japan,8,8,0.0001993799131403124,0.00017075739686819104,0.00011982339880931224,4.673079673180623e-06,8,16,829,1202,1244,758,1191,0.6009802939626483,-332.0,0.0015790572374636005,-0.31560225773818473,4.060368153470279,2.281916725859774e-05,0.375
SDJ,Sendai Airport,Japan,15,14,0.0003408058713095498,0.00035181996939724955,0.00021008043502335728,2.186530861778376e-05,15,29,551,628,567,565,1016,0.6164225816184481,-66.0,0.001152238719532635,-0.16702209855630556,3.6052017464209434,2.3262454554647142e-05,0.13333333333333333
SHB,Nakashibetsu Airport,Japan,2,2,9.164473684546102e-05,6.775035701511939e-05,2.4736624238600134e-05,0.0,2,4,1914,2514,2797,1665,1725,0.26991865643428153,-229.0,0.0016002830797881636,-0.23828072194564598,3.9506886768963074,2.7903035883039365e-05,0.5
TOY,Toyama Airport,Japan,6,6,0.00015620023405484034,0.0001250911481652783,9.072779991746995e-05,1.7682809070821651e-06,6,12,996,1580,1731,906,1328,0.5808429191317109,-529.0,0.0019552596852145027,-0.3823271871943543,4.418786938329233,2.1958952599398176e-05,0.5
UKB,Kobe Airport,Japan,8,8,0.00022701209925292723,0.00018759303271624568,9.877843594637844e-05,3.939482467089829e-07,8,16,829,995,1127,855,1507,0.4351241025101649,-125.0,0.0006527070308177264,-0.18581105694903677,2.786271236307016,2.6882724039689347e-05,0.125
WKJ,Wakkanai Airport,Japan,2,2,9.164473684546102e-05,6.775035701511939e-05,2.4736624238600134e-05,0.0,2,4,1914,2514,2797,1665,1725,0.26991865643428153,-229.0,0.0016002830797881636,-0.23828072194564598,3.9506886768963074,2.7903035883039365e-05,0.5
YGJ,Miho Yonago Airport,Japan,6,6,0.00017016641919536367,0.00013003042430769453,8.977861597936168e-05,5.77678007757492e-06,6,12,996,1426,1664,909,1166,0.5275930257208338,-375.0,0.0014894461787991686,-0.2966890283815147,3.8260801849504933,2.4697420272398166e-05,0.3333333333333333
DCY,Daocheng Yading Airport,China,1,1,6.038434277905244e-05,7.212391027829863e-05,1.8652299859396113e-05,0.0,1,2,2658,3350,2701,1908,1725,0.30889298452158803,-309.0,0.0020551468567170613,-0.22816336919925817,4.68213122712422,1.9029137562195013e-05,0.0
DLU,Dali Airport,China,4,4,0.00011313276068492533,9.655366814891207e-05,6.679734550232439e-05,1.5632127353147694e-07,4,8,1270,2143,2191,1061,1595,0.5904332670565244,-755.0,0.00125993690614196,-0.4549453183900667,3.8261084267422176,2.0271524963176146e-05,0.0
KGT,Kangding Airport,China,1,1,6.038434277905244e-05,5.11606776257907e-05,1.8652299859396113e-05,0.0,1,2,2658,3350,3417,1908,1725,0.30889298452158803,-309.0,0.0020551468567170613,-0.22816336919925817,4.68213122712422,1.9029137562195013e-05,0.0
KHG,Kashgar Airport,China,4,4,0.00013556840110022045,0.00017069064898460665,5.684112092291887e-05,3.539008614343911e-05,4,8,1270,1800,1245,1144,960,0.41928001261074427,-412.0,0.0012426458551587968,-0.27403100268059966,3.4592397222925357,2.6870242733403647e-05,0.0
LZY,Nyingchi Airport,China,2,2,8.222620258178778e-05,8.138371789698841e-05,3.7481555792773535e-05,0.0,2,4,1914,2688,2475,1391,1725,0.45583469278532995,-403.0,0.001220295720861612,-0.3467262504410584,3.695090714113215,2.236272161463627e-05,0.0
TCZ,Tengchong Tuofeng Airport,China,4,4,0.00011315329376870925,8.085624114238739e-05,6.799907216909114e-05,0.0,4,8,1270,2142,2489,1052,1725,0.6009464674363302,-754.0,0.001172903668388681,-0.4547638393865121,3.691359301559046,2.0277564105393893e-05,0.0
YIN,Yining Airport,China,2,2,7.977840419753565e-05,7.55946174728447e-05,3.272437922813643e-05,0.0,2,4,1914,2766,2642,1499,1725,0.4101909477545965,-481.0,0.001655028357121403,-0.3769474241704138,4.344732206178346,2.092284021314973e-05,0.0
CUE,Mariscal Lamar Airport,Ecuador,2,2,0.00010539732576232778,9.987882651654921e-05,7.511436493177107e-06,0.0,2,4,1914,2271,2119,2534,1725,0.0712678091104084,14.0,0.0007600678745044043,-0.09846300439838807,3.039966597547795,3.59927940650958e-05,0.0
CUL,Bachigualato Federal International Airport,Mexico,7,7,0.0001886184897275912,0.00021348137992343073,2.4021992395632775e-05,2.310159150463475e-07,7,14,912,1264,967,1681,1565,0.12735756940014786,-310.5,0.0008391712260271348,-0.2887693710492272,3.233727133517381,2.4270405691824918e-05,0.14285714285714285
LAP,Manuel Márquez de León International Airport,Mexico,6,6,0.00016960004318692713,0.0001508121445527037,2.0222926314673818e-05,0.0,6,12,996,1432,1428,1834,1725,0.11923892196409897,-381.0,0.0008875314898942628,-0.3000229450316212,3.2219122301608834,2.4586366142369473e-05,0.16666666666666666
OAX,Xoxocotlán International Airport,Mexico,5,5,0.00014108281494579596,0.00010644513461334279,2.0196221096813642e-05,2.3226774838942095e-07,5,10,1107,1731,2001,1835,1563,0.14315153198901676,-543.0,0.0018178546633671917,-0.37172240826196834,4.192274825896424,2.2793703315301967e-05,0.4
PBC,Hermanos Serdán International Airport,Mexico,6,6,0.00015562110485348364,0.00011239016077795107,2.3262608635210216e-05,5.417743409244441e-07,6,12,996,1586,1916,1701,1481,0.149482351105988,-535.0,0.0019387286558946552,-0.3860416851774726,4.227126671795168,2.1845397842163966e-05,0.3333333333333333
QRO,Querétaro Intercontinental Airport,Mexico,5,5,0.00013720600508851445,0.00011293379996373495,1.9994297208890493e-05,5.417743409244441e-07,5,10,1107,1780,1906,1844,1481,0.14572465101648982,-592.0,0.002148822836405234,-0.39958598306390947,4.32983759281334,2.1881512760149153e-05,0.4
REX,General Lucio Blanco International Airport,Mexico,5,5,0.00015749582695826915,0.00014285667432260789,1.840642769483919e-05,7.541878810021387e-06,5,10,1107,1559,1506,1918,1126,0.11686930409728408,-371.0,0.0010629877073773503,-0.261670503852967,3.181882508333646,2.6655588494555795e-05,0.2
SLP,Ponciano Arriaga International Airport,Mexico,6,6,0.00016592627912927015,0.00013137258942800395,2.4800446407181243e-05,6.593270437798235e-07,6,12,996,1470,1646,1664,1442,0.14946665794789302,-419.0,0.0021192391090310877,-0.3219223349459881,4.056030792661846,2.3866020249739716e-05,0.5
TAM,General Francisco Javier Mina International Airport,Mexico,5,5,0.00014253962020362653,0.00011634878927517098,2.010520641630962e-05,0.0,5,10,1107,1712,1840,1841,1725,0.14104995079675467,-524.0,0.0017095117782032435,-0.3614494686841958,3.9385725608037228,2.3136481023139787e-05,0.4
TGZ,Angel Albino Corzo International Airport,Mexico,5,5,0.0001417456684795652,0.00012700287761305122,1.863741278567159e-05,0.0,5,10,1107,1721,1702,1910,1725,0.13148488405738096,-533.0,0.0012895933638348883,-0.3670350815870016,3.9090094962526707,2.294966885213623e-05,0.2
TRC,Francisco Sarabia International Airport,Mexico,6,6,0.000160089627336881,0.00014618472496109175,2.442905342701717e-05,0.0,6,12,996,1531,1476,1675,1725,0.15259610402871665,-480.0,0.0021550380448014665,-0.35773209377708604,4.212861350072601,2.2721578721653436e-05,0.5
VER,General Heriberto Jara International Airport,Mexico,9,9,0.00023343607528974406,0.00021979321344968802,3.3165884952201124e-05,1.3597301388293532e-05,9,18,750,961,944,1487,1060,0.14207694723720476,-172.0,0.001165933152453757,-0.2305162531297711,3.330362618081607,2.4735490122683554e-05,0.2222222222222222
VSA,Carlos Rovirosa Pérez International Airport,Mexico,8,8,0.00021583185474419978,0.00019736378183487043,2.968823215722882e-05,3.958234412022797e-05,8,16,829,1076,1059,1565,947,0.1375525971011777,-206.0,0.0012196975413115044,-0.23631471940760385,3.3230610876338584,2.523857042524473e-05,0.25
YEG,Edmonton International Airport,Canada,37,38,0.001007907782764356,0.0011431477999865618,0.00019733783713017918,0.006988732143597451,38,75,252,195,168,587,114,0.19578957569803368,63.5,0.0014645716949441528,0.36070257925174154,3.2639781740376788,3.0642232320102835e-05,0.2702702702702703
PEM,Padre Aldamiz International Airport,Peru,2,2,0.0001173042218489576,0.00010157766025306342,6.034087926326032e-06,0.0,2,4,1914,2083,2091,2670,1725,0.0514396483878952,202.0,0.0011221212490348843,0.008570478994119668,2.8262445901343254,4.299685058343632e-05,0.0
MMU,Morristown Municipal Airport,United States,2,2,9.307924658330757e-05,7.960091194940099e-05,7.298840434087652e-06,5.5096842310274657e-08,2,4,1914,2495,2514,2557,1660,0.07841533641503061,-209.5,0.0004927804932493294,-0.22274902380043216,2.474379945189084,2.874686512929184e-05,0.0
CVM,General Pedro Jose Mendez International Airport,Mexico,1,1,6.712977133661738e-05,6.699763781897549e-05,4.409505098559498e-06,0.0,1,2,2658,3093,2809,2802,1725,0.06568628211838162,-56.5,0.0025347039701103316,-0.1222655833551638,4.543294782270004,2.696493585223757e-05,1.0
CVU,Corvo Airport,Portugal,2,2,0.00011973302947376897,0.00010197550314071849,9.211812003082592e-06,0.0,2,4,1914,2055,2082,2408,1725,0.07693626431711317,230.5,0.0001985206803842767,0.029064242044277933,1.4978661367769954,4.442556097137193e-05,0.0
FLW,Flores Airport,Portugal,4,4,0.00018885699578066365,0.00015339250748560966,2.071741290273164e-05,3.112413307722414e-05,4,8,1270,1258,1405,1821,971,0.10969894346298194,130.0,0.0002805252523474359,0.057482771788176734,1.8038099946825246,4.254335882330767e-05,0.0
HOR,Horta Airport,Portugal,5,5,0.00020818436498788972,0.000177929378177071,2.829036377881776e-05,0.00026918918758781656,5,10,1107,1136,1190,1598,700,0.1358909146729796,52.0,0.0005740652612159443,0.01735459097677783,2.325365083129105,3.8582303346993254e-05,0.0
CWA,Central Wisconsin Airport,United States,3,3,9.771474212206686e-05,8.978692134264918e-05,1.5601500160680754e-05,0.0,3,6,1507,2414,2320,2020,1725,0.15966372956489108,-704.5,0.003288612129563317,-0.42410643074617127,5.033561799227864,2.0982418138890954e-05,1.0
GPB,Tancredo Thomas de Faria Airport,Brazil,1,1,7.374282323670987e-05,6.088748433958152e-05,2.7657436984446787e-06,0.0,1,2,2658,2910,3068,3011,1725,0.03750525918389121,131.5,0.0007991349291005225,-0.028309536582716177,3.1354942159291497,3.474499691741402e-05,0.0
XAP,Serafin Enoss Bertaso Airport,Brazil,4,4,0.00016279348902708627,0.00013582402438054597,1.0554742019344456e-05,0.0,4,8,1270,1503,1589,2340,1725,0.06483516068378087,-115.0,0.0009793106953422046,-0.09102486171921242,3.212015841111451,3.4877621527571934e-05,0.0
VLY,Anglesey Airport,United Kingdom,1,1,5.790103543053204e-05,5.2740346032011225e-05,6.882302666090804e-06,0.0,1,2,2658,3401,3392,2595,1725,0.11886320537994503,-359.5,0.00032215199023925996,-0.27015794752040456,2.995732273553991,1.6107599511963e-05,0.0
CXB,Cox's Bazar Airport,Bangladesh,1,1,6.857319111397127e-05,8.00586255762638e-05,0.00010698262408414076,0.0,1,2,2658,3055,2500,805,1725,1.5601231668850228,-15.0,0.0009458815339147613,-0.10099155676120652,3.4965075614664802,2.8663076785295797e-05,0.0
CXH,Vancouver Harbour Water Aerodrome,Canada,1,1,0.00014370222193634685,0.00014358311647334025,1.0761947522668218e-12,0.0,1,2,2658,1698,1499,3414,1725,7.489061322541861e-09,1343.5,0.00023410033988146406,0.6388500402692294,0.6931471805599453,0.00011705016994073203,0.0
YWH,Victoria Harbour Seaplane Base,Canada,2,2,0.00023410033988146406,0.0002339063092741141,2.446761246372315e-12,1.1685655857434998e-06,2,4,1914,953,869,3413,1375,1.0451762896248781e-08,1332.5,0.00019139912996569356,0.699549558450407,0.5493061443340549,0.00011170045063401348,0.0
CXI,Cassidy International Airport,Kiribati,2,2,0.00010238227448604103,0.00010668430704461171,1.5827955983407276e-05,0.0,2,4,1914,2330,2000,2017,1725,0.15459664344109963,-44.5,0.0011719343866133914,-0.12748667101034528,3.5549397315361357,3.4219234453159915e-05,0.0
CXR,Cam Ranh Airport,Vietnam,4,4,0.00012585444591552207,0.00012180509296876524,6.680388712789879e-05,1.5025937057527575e-06,4,8,1270,1954,1773,1060,1342,0.5308027590279958,-566.0,0.0017864495377646055,-0.3483812727395339,4.01377618291675,2.4013197090815292e-05,0.25
CYB,Gerrard Smith International Airport,Cayman Islands,3,2,0.0001362649878271362,0.00011088953413335413,1.449750854106337e-05,1.5695649849358974e-05,3,5,1507,1793,1933,2094,1042,0.10639202903283344,-83.0,0.0011203591110463056,-0.09155744024783274,2.829597905631513,3.610016155965274e-05,0.3333333333333333
LYB,Edward Bodden Airfield,Cayman Islands,2,2,0.00012401015287895263,0.00010422778479716338,1.1336158016711859e-05,0.0,2,4,1914,1989,2045,2287,1725,0.09141314443646545,296.5,0.0002998873348420368,0.06416317239944291,1.791759469228055,4.694151589725453e-05,0.0
CYO,Vilo Acuña International Airport,Cuba,2,3,8.26839368018591e-05,6.630481349176852e-05,1.3060107713761913e-05,3.143665291414665e-06,4,5,1270,2676,2849,2184,1254,0.15795217570564762,-1288.0,0.0014017058520901357,-0.34117491930651767,3.9832933488192013,2.263197702747571e-05,0.0
SCU,Antonio Maceo International Airport,Cuba,5,4,0.0001362595540384844,0.00011460949532030272,3.2162824775754686e-05,1.7446891021045548e-06,7,9,912,1794,1873,1506,1331,0.23604087803392337,-840.5,0.0012557546182403719,-0.40650791379625417,3.534030977059216,2.1658818407151247e-05,0.4
CYP,Calbayog Airport,Philippines,1,1,7.158033171149427e-05,5.72747786019472e-05,1.9268425537151766e-05,0.0,1,2,2658,2993,3177,1882,1725,0.26918603304066097,42.5,0.0025116693607450963,-0.05807287555921725,4.356708826689592,3.220088924032175e-05,1.0
CYS,Cheyenne Regional Jerry Olson Field,United States,2,2,0.00016159445126758633,0.00018051465549254555,5.745456980052926e-06,0.0002892199824715162,2,4,1914,1516,1179,2688,599,0.03555479123809115,769.5,0.0021869113291034456,0.3288895413722237,2.5649493574615367,6.90499267009079e-05,0.5
WRL,Worland Municipal Airport,United States,1,1,0.00011288721765892844,0.00012089166199767623,2.4418192169153867e-06,0.0,1,2,2658,2146,1787,3039,1725,0.02163060856272472,895.5,0.00016159445126758633,0.39749603146730905,0.6931471805599453,8.079722563379316e-05,0.0
CYX,Cherskiy Airport,Russia,1,1,7.215359634606548e-05,7.919151642797137e-05,9.61391458762667e-06,0.0,1,2,2658,2964,2521,2385,1725,0.1332423479145252,75.5,0.0007561323194339926,-0.05009608563895718,3.1354942159291497,3.2875318236260545e-05,0.0
CYZ,Cauayan Airport,Philippines,1,1,7.158033171149427e-05,5.72747786019472e-05,1.9268425537151766e-05,0.0,1,2,2658,2993,3177,1882,1725,0.26918603304066097,42.5,0.0025116693607450963,-0.05807287555921725,4.356708826689592,3.220088924032175e-05,1.0
CZH,,,2,2,0.00015259963724940673,0.00015135507897856744,2.3318679413293422e-06,0.0,2,4,1914,1626,1418,3051,1725,0.015280953371587441,659.0,0.0002555624708449071,0.27161747380405465,1.3195286648076292,6.375885962952365e-05,0.0
ORZ,,,2,2,0.00015259963724940673,0.00011599830535285865,2.3318679413293422e-06,0.0,2,4,1914,1626,1845,3051,1725,0.015280953371587441,659.0,0.0002555624708449071,0.27161747380405465,1.3195286648076292,6.375885962952365e-05,0.0
CZS,Cruzeiro do Sul Airport,Brazil,1,1,0.00010133813195830344,7.618338881417038e-05,1.8566239018581866e-06,0.0,1,2,2658,2346,2626,3093,1725,0.018321078807946773,695.5,0.00020163019799470397,0.2895695514456751,1.0986122886681098,6.721006599823466e-05,0.0
JSR,Jessore Airport,Bangladesh,1,1,6.857319111397127e-05,8.00586255762638e-05,0.00010698262408414076,0.0,1,2,2658,3055,2500,805,1725,1.5601231668850228,-15.0,0.0009458815339147613,-0.10099155676120652,3.4965075614664802,2.8663076785295797e-05,0.0
SPD,Saidpur Airport,Bangladesh,1,2,6.857319111397127e-05,5.61348307976133e-05,0.00010698262408414076,0.0002892199824715162,2,3,1914,3055,3208,805,599,1.5601231668850228,-771.0,0.0009458815339147613,-0.10099155676120652,3.4965075614664802,2.8663076785295797e-05,0.0
DLI,Lien Khuong Airport,Vietnam,3,3,0.00010725976861516504,9.869270035605651e-05,5.144554678966116e-05,0.0,3,6,1507,2236,2138,1203,1725,0.47963507150795287,-526.5,0.0010037389862095794,-0.3309052338231311,3.604452572202453,2.4725565799341584e-05,0.0
HPH,Cat Bi International Airport,Vietnam,2,2,8.618629962810521e-05,8.905585469716774e-05,3.466650027732209e-05,0.0,2,4,1914,2608,2331,1464,1725,0.40222750514766736,-322.5,0.0009353852004935502,-0.2996890399009615,3.4923581600591325,2.4692190463777183e-05,0.0
PXU,Pleiku Airport,Vietnam,3,3,0.00010725976861516504,7.643676208220359e-05,5.144554678966116e-05,0.0,3,6,1507,2236,2614,1203,1725,0.47963507150795287,-526.5,0.0010037389862095794,-0.3309052338231311,3.604452572202453,2.4725565799341584e-05,0.0
ELD,South Arkansas Regional At Goodwin Field,United States,3,2,0.00012616906851845293,0.00010331585977911922,9.736922057032761e-06,5.8545370027229454e-08,3,5,1507,1951,2054,2377,1653,0.0771736065849506,-241.0,0.0004038018518030366,-0.16853604897980645,2.445645637902539,3.214097751063938e-05,0.0
MAF,Midland International Airport,United States,7,6,0.00017200126802260554,0.00013386608488710715,2.621142187075992e-05,3.048694660639859e-06,7,13,912,1418,1620,1641,1261,0.15239086416104236,-464.5,0.002310160047142478,-0.3809939241642297,4.177555538944159,2.147759531921309e-05,0.5714285714285714
DZA,Dzaoudzi Pamandzi International Airport,Mayotte,10,7,0.00033030949062221515,0.00031494650853008363,0.0001885823323350357,0.00013972679648670123,10,17,703,642,617,600,775,0.5709261698166673,84.0,0.0007897220247300395,0.05165354617246898,2.7727657724437234,3.3658813527518986e-05,0.1
HAH,Prince Said Ibrahim International Airport,Comoros,6,7,0.00021447103927389196,0.00021258731619896992,0.00014188415294344236,4.638177102099347e-06,7,13,912,1086,970,682,1192,0.6615539022135668,-132.5,0.0004548859439538558,-0.0652912088167028,2.5547592707871347,3.338460069521683e-05,0.0
MBI,Songwe Airport,Tanzania,1,1,6.832460373539435e-05,5.910797667071967e-05,1.9362118573212293e-05,0.0,1,2,2658,3066,3132,1877,1725,0.2833842790833793,-25.5,0.0006241536630104713,-0.10462328292710588,3.091042453358316,2.8370621045930514e-05,0.0
MYW,Mtwara Airport,Tanzania,1,1,6.832460373539435e-05,5.910797667071967e-05,1.9362118573212293e-05,0.0,1,2,2658,3066,3132,1877,1725,0.2833842790833793,-25.5,0.0006241536630104713,-0.10462328292710588,3.091042453358316,2.8370621045930514e-05,0.0
DAU,Daru Airport,Papua New Guinea,3,3,0.00016890467607152368,0.00015928352700205422,1.644255331168257e-05,0.0,3,6,1507,1435,1333,1995,1725,0.09734812377082962,275.0,0.0007737729258064395,0.12317563873234505,2.3796223333151745,4.8900039226106944e-05,0.0
LAE,Nadzab Airport,Papua New Guinea,9,9,0.00048766386765822635,0.0004133169083580664,4.8204510681211594e-05,3.2135553607946244e-06,9,18,750,442,499,1240,1248,0.09884782096465505,347.0,0.00045633210552771417,0.5062018474802032,1.804376945101611,5.796788119463455e-05,0.0
UNG,Kiunga Airport,Papua New Guinea,3,4,0.00018121014355244885,0.0001680284380883033,1.7566102083060457e-05,0.0,4,7,1270,1325,1266,1940,1725,0.09693774166663129,63.0,0.0006647793527038529,0.19349850176972616,1.9175242129418777,5.372571274675545e-05,0.0
DAV,Enrique Malek International Airport,Panama,2,2,0.00015669259662301886,0.00014113878107335225,4.409252842687802e-06,0.006079170318434122,2,4,1914,1575,1524,2813,124,0.028139509700613782,710.5,0.0011414642578363309,0.29808563479052275,2.970085626360216,6.616648279600221e-05,0.0
DBA,Dalbandin Airport,Pakistan,1,1,6.642434074436599e-05,6.045333591147942e-05,5.397591348657642e-05,0.0,2,2,1914,3110,3084,1163,1725,0.8125923852869337,-824.5,0.00015681010514340715,-0.1328296482382374,1.791759469228055,2.613501752390119e-05,0.0
DBQ,Dubuque Regional Airport,United States,1,1,6.191628392598824e-05,6.203024811294786e-05,7.080968440456045e-06,0.0,1,2,2658,3296,3012,2575,1725,0.11436358888915711,-258.0,0.004291272777137045,-0.20311000165753335,5.327876168789581,2.0831421248238085e-05,1.0
OSI,Osijek Airport,Croatia,4,4,9.604431789281382e-05,7.628562406753665e-05,3.47894627089681e-05,1.5719662866346648e-07,4,8,1270,2453,2624,1463,1594,0.36222301820908764,-1065.0,0.0009594486102902811,-0.618697591137261,3.9058414481392956,1.5245512385198929e-05,0.0
DCN,RAAF Base Curtin,Australia,1,1,7.707791393991571e-05,7.617519595179996e-05,1.940840281487554e-05,0.0,1,2,2658,2820,2627,1869,1725,0.25180238829510754,219.0,0.001469408055110543,0.01592356458562172,3.6375861597263857,3.866863302922482e-05,0.0
DDC,Dodge City Regional Airport,United States,2,2,0.00011415707175024076,9.629136789021661e-05,6.382453294756487e-06,0.0,2,4,1914,2133,2200,2639,1725,0.05590939918921866,152.0,0.0021875462561491018,-0.01862494547106941,2.9115229477415094,4.1145585809003865e-05,0.5
LBL,Liberal Mid-America Regional Airport,United States,2,2,0.00011415707175024076,9.629136789021661e-05,6.382453294756487e-06,0.0,2,4,1914,2133,2200,2639,1725,0.05590939918921866,152.0,0.0021875462561491018,-0.01862494547106941,2.9115229477415094,4.1145585809003865e-05,0.5
DDG,Dandong Airport,China,3,3,9.147779303998301e-05,8.043653644046751e-05,4.514242318146448e-05,0.0,3,6,1507,2519,2494,1273,1725,0.49347958320041324,-809.0,0.0025678548630294435,-0.49006262633364095,4.780246912066711,1.853655577011735e-05,0.6666666666666666
DEA,Dera Ghazi Khan Airport,Pakistan,3,2,0.00010164733107846934,7.700046251099928e-05,0.0002200683220518862,0.0,3,5,1507,2342,2591,544,1725,2.1650182028094633,-632.0,0.00106120115683276,-0.3846495864041515,3.7914049898769497,2.2524609909390194e-05,0.0
DEB,Debrecen International Airport,Hungary,2,2,6.772473516289117e-05,5.912899364790866e-05,1.444638479247846e-05,0.0,2,4,1914,3083,3130,2098,1725,0.21331031797661656,-797.5,0.0010211730636141933,-0.5407487904241233,4.284892820767704,1.3832446670227375e-05,0.0
DEC,Decatur Airport,United States,2,2,8.117898771579907e-05,6.262541466864444e-05,1.1012497514440002e-05,0.0,2,4,1914,2723,3008,2313,1725,0.13565699480010573,-438.0,0.0028254965223349984,-0.35954382620236913,4.71111036550584,2.1746712853560304e-05,0.5
DED,Dehradun Airport,India,2,2,8.797246152341664e-05,9.693277134269538e-05,0.0030973160871495256,0.0,2,4,1914,2576,2179,70,1725,35.2077915465066,-290.5,0.0012900166601567237,-0.279176439640608,3.3859677779198014,2.5742873937072282e-05,0.5
DEE,Mendeleyevo Airport,Russia,1,1,7.4140835108222e-05,6.41802143802557e-05,1.1159890883728236e-05,0.0,1,2,2658,2889,2929,2301,1725,0.1505228645919398,151.5,0.00042255895423475796,-0.022926753427666924,2.4849066497880004,3.521324618622983e-05,0.0
DEF,Dezful Airport,Iran,1,1,8.213757467449816e-05,6.853852998746532e-05,2.2843704527563684e-05,0.0,1,2,2658,2690,2763,1725,1725,0.27811515762537037,346.5,0.0016509834785395317,0.07950236634080277,3.6109179126442243,4.462117509566302e-05,0.0
DHM,Kangra Airport,India,1,1,6.465460256463039e-05,6.496067082238373e-05,0.0025213641904891174,0.0,1,2,2658,3166,2892,102,1725,38.9974431900451,-126.5,0.0023331383429122297,-0.1598339203107617,4.574710978503383,2.4052972607342574e-05,1.0
GOP,Gorakhpur Airport,India,1,1,6.465460256463039e-05,6.496067082238373e-05,0.0025213641904891174,0.0,1,2,2658,3166,2892,102,1725,38.9974431900451,-126.5,0.0023331383429122297,-0.1598339203107617,4.574710978503383,2.4052972607342574e-05,1.0
HEA,Herat Airport,Afghanistan,4,4,0.0001244480782025506,0.00011464781861929215,0.0005413899460597867,3.18198369617341e-06,4,8,1270,1982,1872,284,1251,4.350327894807867,-594.0,0.001136623260928258,-0.35961873442822956,3.6393101845948657,2.359955953172418e-05,0.25
IXL,Leh Kushok Bakula Rimpochee Airport,India,3,3,0.0001268054574308199,0.00011247065088108183,0.0046855655128381565,0.0,3,6,1507,1939,1915,47,1725,36.950819055989115,-229.0,0.0008986243508690787,-0.1635047893901831,2.584254936283776,3.2390541811037686e-05,0.3333333333333333
KBL,Hamid Karzai International Airport,Afghanistan,13,15,0.00030392504995180113,0.0003616629536772547,0.0010436620652611534,6.424690950132505e-05,15,28,551,695,556,178,891,3.433945525143997,-133.0,0.0012566959495216138,-0.1933360805699902,3.4132068735634156,2.3503662834672818e-05,0.23076923076923078
KDH,Kandahar Airport,Afghanistan,4,4,0.0001223001071417261,0.00010204543518521847,0.0005472412878296607,1.9456749681748103e-06,4,8,1270,2011,2080,281,1311,4.4745773378227405,-623.0,0.0018451551906922183,-0.377029402047393,4.045691197141298,2.2967803336733227e-05,0.5
KNU,Kanpur Airport,India,1,1,6.465460256463039e-05,5.4566802115335895e-05,0.0025213641904891174,0.0,1,2,2658,3166,3286,102,1725,38.9974431900451,-126.5,0.0023331383429122297,-0.1598339203107617,4.574710978503383,2.4052972607342574e-05,1.0
KUU,Kullu Manali Airport,India,1,1,6.465460256463039e-05,5.4566802115335895e-05,0.0025213641904891174,0.0,1,2,2658,3166,3286,102,1725,38.9974431900451,-126.5,0.0023331383429122297,-0.1598339203107617,4.574710978503383,2.4052972607342574e-05,1.0
LUH,Ludhiana Airport,India,1,1,6.465460256463039e-05,5.4566802115335895e-05,0.0025213641904891174,0.0,1,2,2658,3166,3286,102,1725,38.9974431900451,-126.5,0.0023331383429122297,-0.1598339203107617,4.574710978503383,2.4052972607342574e-05,1.0
DIK,Dickinson Theodore Roosevelt Regional Airport,United States,2,2,8.452287350712429e-05,6.520353746373837e-05,7.637595532941017e-06,0.0,2,4,1914,2647,2877,2524,1725,0.09036128583935633,-362.0,0.003574427980689257,-0.31917807778528307,4.998716582689328,2.3713704490022723e-05,1.0
DRO,Durango La Plata County Airport,United States,3,3,0.00010251055812299025,9.340766861915552e-05,1.1828651776339005e-05,0.0,3,6,1507,2327,2256,2257,1725,0.1153895949151619,-617.0,0.00345300084446417,-0.37619307079071085,4.95728894609817,2.2863130293427985e-05,0.6666666666666666
EAR,,,1,1,6.564031625125899e-05,5.536753653525833e-05,3.6699106447686035e-06,0.0,1,2,2658,3132,3242,2924,1725,0.05590939919790856,-97.0,0.004260935440547963,-0.14470313084707165,5.1298987149230735,2.5212635742887355e-05,1.0
EGE,Eagle County Regional Airport,United States,1,1,6.564031625125899e-05,5.536753653525833e-05,3.6699106447686035e-06,0.0,1,2,2658,3132,3242,2924,1725,0.05590939919790856,-97.0,0.004260935440547963,-0.14470313084707165,5.1298987149230735,2.5212635742887355e-05,1.0
FAT,Fresno Yosemite International Airport,United States,11,11,0.0002519515082638908,0.00023937846066048952,4.974499794073394e-05,2.232461107473558e-06,11,22,660,854,840,1223,1296,0.19743877813436886,-173.0,0.00238212896595406,-0.27789610317604385,4.561284457457723,2.221838848386488e-05,0.36363636363636365
FCA,Glacier Park International Airport,United States,5,5,0.0001435243699728853,9.629143138478235e-05,2.0858997901008112e-05,0.0,5,10,1107,1701,2199,1815,1725,0.14533418892518954,-513.0,0.0028546033385683347,-0.3545646198886292,4.777480326852188,2.336818683488329e-05,0.6
GCC,Gillette Campbell County Airport,United States,3,3,0.00012005119147069625,9.257549120721787e-05,1.0269846989077728e-05,0.0,3,6,1507,2048,2264,2348,1725,0.08554556488166579,-338.5,0.0021802007934386466,-0.21824062273721268,3.5761068913071496,2.9741810034363074e-05,0.3333333333333333
GJT,Grand Junction Regional Airport,United States,6,6,0.00015799410426100156,0.00012317549799732965,2.4366491942794345e-05,0.0,6,12,996,1550,1759,1676,1725,0.15422405827588115,-499.0,0.003126764843464268,-0.37090820550232806,4.898654058628267,2.2310691838465946e-05,0.6666666666666666
GUC,Gunnison Crested Butte Regional Airport,United States,1,1,6.564031625125899e-05,5.536753653525833e-05,3.6699106447686035e-06,0.0,1,2,2658,3132,3242,2924,1725,0.05590939919790856,-97.0,0.004260935440547963,-0.14470313084707165,5.1298987149230735,2.5212635742887355e-05,1.0
HDN,Yampa Valley Airport,United States,1,1,6.564031625125899e-05,5.536753653525833e-05,3.6699106447686035e-06,0.0,1,2,2658,3132,3242,2924,1725,0.05590939919790856,-97.0,0.004260935440547963,-0.14470313084707165,5.1298987149230735,2.5212635742887355e-05,1.0
HLN,Helena Regional Airport,United States,4,5,0.00012764167715626488,9.159676593230824e-05,1.4520049003184023e-05,0.0,5,9,1107,1918,2279,2093,1725,0.11375633199654611,-730.0,0.0023738994064672093,-0.3342803797342153,4.110788246191058,2.453885331463626e-05,0.5
ILG,New Castle Airport,United States,6,6,0.0001459241420586958,9.741285522232084e-05,2.4090491287793357e-05,0.0,6,12,996,1685,2171,1680,1725,0.16508914116557435,-634.0,0.0020227891738088632,-0.4503790112872288,4.446704444415421,1.9944032587163302e-05,0.3333333333333333
ISN,Sloulin Field International Airport,United States,2,2,8.452287350712429e-05,6.520353746373837e-05,7.637595532941017e-06,0.0,2,4,1914,2647,2877,2524,1725,0.09036128583935633,-362.0,0.003574427980689257,-0.31917807778528307,4.998716582689328,2.3713704490022723e-05,1.0
JAC,Jackson Hole Airport,United States,2,2,8.603668721466361e-05,6.634576869640697e-05,7.360057007064039e-06,0.0,2,4,1914,2617,2846,2549,1725,0.08554556486700284,-332.5,0.0032102755944226216,-0.30142646710298493,4.814854192626669,2.46041831397619e-05,0.5
KOA,Ellison Onizuka Kona International At Keahole Airport,United States,11,11,0.0002831416559687848,0.0002755769338469864,5.697985715308454e-05,2.7779336447474816e-05,11,22,660,746,703,1142,981,0.20124151975492552,-65.0,0.0017563651655149034,-0.16118542111091294,3.879049528727606,2.5554233156653855e-05,0.18181818181818182
LAR,Laramie Regional Airport,United States,1,1,6.564031625125899e-05,5.536753653525833e-05,3.6699106447686035e-06,0.0,1,2,2658,3132,3242,2924,1725,0.05590939919790856,-97.0,0.004260935440547963,-0.14470313084707165,5.1298987149230735,2.5212635742887355e-05,1.0
LBF,North Platte Regional Airport Lee Bird Field,United States,1,1,6.564031625125899e-05,5.536753653525833e-05,3.6699106447686035e-06,0.0,1,2,2658,3132,3242,2924,1725,0.05590939919790856,-97.0,0.004260935440547963,-0.14470313084707165,5.1298987149230735,2.5212635742887355e-05,1.0
LIH,Lihue Airport,United States,11,11,0.00026237958751354945,0.00025593318863857727,5.6670651403727994e-05,6.746885507029644e-07,11,22,660,817,757,1145,1437,0.21598727225989517,-136.0,0.001846640318890886,-0.2373404820906515,4.180339165516017,2.3333691076854005e-05,0.18181818181818182
LNK,Lincoln Airport,United States,3,3,0.00010222958156823705,7.413219481606825e-05,1.4718563973397063e-05,0.0,3,6,1507,2331,2675,2074,1725,0.14397558659254214,-621.0,0.0038133762461718527,-0.3789377864245935,5.108436444722746,2.275294340942784e-05,1.0
MCK,Mc Cook Ben Nelson Regional Airport,United States,1,1,6.564031625125899e-05,5.536753653525833e-05,3.6699106447686035e-06,0.0,1,2,2658,3132,3242,2924,1725,0.05590939919790856,-97.0,0.004260935440547963,-0.14470313084707165,5.1298987149230735,2.5212635742887355e-05,1.0
MFR,Rogue Valley International Medford Airport,United States,7,7,0.00017995679264507875,0.0001346968900418653,3.3643231583855983e-05,0.0,7,14,912,1337,1610,1482,1725,0.18695171818387052,-383.5,0.0025908427131922256,-0.33577899195983996,4.673036522389533,2.2814658271027445e-05,0.42857142857142855
MRY,Monterey Peninsula Airport,United States,6,6,0.00015425986932524093,0.00013976329697045698,2.875006776969713e-05,0.0,6,12,996,1604,1542,1587,1725,0.18637425206863487,-553.0,0.0025781347362527573,-0.3948272796310146,4.69779628999683,2.1578488909980886e-05,0.5
MTJ,Montrose Regional Airport,United States,1,1,6.564031625125899e-05,5.536753653525833e-05,3.6699106447686035e-06,0.0,1,2,2658,3132,3242,2924,1725,0.05590939919790856,-97.0,0.004260935440547963,-0.14470313084707165,5.1298987149230735,2.5212635742887355e-05,1.0
OGG,Kahului Airport,United States,21,21,0.0005744502084145939,0.0005729248818881573,0.00010278745660226326,0.000975622074368688,21,42,421,385,367,831,372,0.1789318814696629,45.0,0.0014789104720781463,0.14765199581208943,3.2647433928618854,2.9705357558003412e-05,0.19047619047619047
ONT,Ontario International Airport,United States,15,14,0.00032196919695414035,0.0002965101902148011,6.442327680460887e-05,7.88050856694398e-06,15,29,551,657,667,1078,1121,0.20009142928596674,-95.0,0.0019796853944702474,-0.2238792420486071,4.314299634124849,2.1785068314820437e-05,0.26666666666666666
PGA,Page Municipal Airport,United States,4,4,0.00020291569702715097,0.00018882431735878637,1.4089613455258383e-05,0.0022794845696914342,4,8,1270,1174,1111,2128,238,0.06943579851968344,214.0,0.0015907959720973383,0.12928328640954412,2.583476350499967,4.6678270924149694e-05,0.25
PUB,Pueblo Memorial Airport,United States,1,1,6.564031625125899e-05,5.536753653525833e-05,3.6699106447686035e-06,0.0,1,2,2658,3132,3242,2924,1725,0.05590939919790856,-97.0,0.004260935440547963,-0.14470313084707165,5.1298987149230735,2.5212635742887355e-05,1.0
RDM,Roberts Field,United States,6,6,0.00016262186370167203,0.00012555731596883035,2.962265751715786e-05,0.0,6,12,996,1507,1725,1568,1725,0.18215667218954204,-456.0,0.0025705820773755067,-0.34203827184502167,4.6368177547508305,2.3218095641897255e-05,0.3333333333333333
RIW,Riverton Regional Airport,United States,1,1,6.564031625125899e-05,5.536753653525833e-05,3.6699106447686035e-06,0.0,1,2,2658,3132,3242,2924,1725,0.05590939919790856,-97.0,0.004260935440547963,-0.14470313084707165,5.1298987149230735,2.5212635742887355e-05,1.0
RKS,Southwest Wyoming Regional Airport,United States,3,3,0.00012005119147069625,9.257549120721787e-05,1.0269846989077728e-05,0.0,3,6,1507,2048,2264,2348,1725,0.08554556488166579,-338.5,0.0021802007934386466,-0.21824062273721268,3.5761068913071496,2.9741810034363074e-05,0.3333333333333333
SAF,Santa Fe Municipal Airport,United States,3,3,0.00010375156918673375,0.00010415350448229684,1.4115464208968038e-05,0.0,3,6,1507,2286,2046,2121,1725,0.1360506093509082,-576.0,0.003930988417603853,-0.36415958645452484,5.121651212574373,2.3349801299883264e-05,1.0
SBA,Santa Barbara Municipal Airport,United States,6,6,0.00016005234899553824,0.00012457261728824172,2.988367107579648e-05,0.0,6,12,996,1532,1741,1560,1725,0.18671185561062614,-481.0,0.00252873316224996,-0.3579649800854554,4.638659394115262,2.2714269229278367e-05,0.3333333333333333
SGU,St George Municipal Airport,United States,2,2,8.603668721466361e-05,6.634576869640697e-05,7.360057007064039e-06,0.0,2,4,1914,2617,2846,2549,1725,0.08554556486700284,-332.5,0.0032102755944226216,-0.30142646710298493,4.814854192626669,2.46041831397619e-05,0.5
SHR,Sheridan County Airport,United States,1,1,6.564031625125899e-05,5.536753653525833e-05,3.6699106447686035e-06,0.0,1,2,2658,3132,3242,2924,1725,0.05590939919790856,-97.0,0.004260935440547963,-0.14470313084707165,5.1298987149230735,2.5212635742887355e-05,1.0
YMM,Fort McMurray Airport,Canada,7,7,0.0002378674981699098,0.0002443927958053331,3.429313791548588e-05,0.0002921330208290605,7,14,912,937,814,1473,584,0.1441690780763589,16.5,0.001751594902388565,-0.05678198491391484,3.42067178401404,3.254754995674055e-05,0.2857142857142857
YQR,Regina International Airport,Canada,9,9,0.0002393856534363662,0.00024670825961009264,4.586648684597986e-05,0.0,9,18,750,922,804,1266,1725,0.19160081729029826,-133.5,0.0025328328270596955,-0.20534866110004124,4.4860218869184765,2.5513212742964664e-05,0.5555555555555556
YWG,Winnipeg / James Armstrong Richardson International Airport,Canada,23,23,0.0008834499496113484,0.0009157382494214384,8.679002014292849e-05,0.014022349046014442,23,46,393,225,216,930,60,0.09823988351701143,175.5,0.001240239709816474,0.5219914970093695,2.847977990989889,4.292789629048477e-05,0.21739130434782608
YXE,Saskatoon John G. Diefenbaker International Airport,Canada,9,9,0.0002393856534363662,0.00022835565384395892,4.586648684597986e-05,0.0,9,18,750,922,895,1266,1725,0.19160081729029826,-133.5,0.0025328328270596955,-0.20534866110004124,4.4860218869184765,2.5513212742964664e-05,0.5555555555555556
GCK,Garden City Regional Airport,United States,1,1,6.325296147933587e-05,6.365633497022433e-05,4.2075812106363475e-06,0.0,1,2,2658,3225,2950,2827,1725,0.06651990851070148,-188.5,0.004189544835300546,-0.18175126670370467,5.231108616854587,2.2403983076473507e-05,1.0
GGG,East Texas Regional Airport,United States,1,1,6.325296147933587e-05,6.365633497022433e-05,4.2075812106363475e-06,0.0,1,2,2658,3225,2950,2827,1725,0.06651990851070148,-188.5,0.004189544835300546,-0.18175126670370467,5.231108616854587,2.2403983076473507e-05,1.0
JLN,Joplin Regional Airport,United States,1,1,6.325296147933587e-05,6.365633497022433e-05,4.2075812106363475e-06,0.0,1,2,2658,3225,2950,2827,1725,0.06651990851070148,-188.5,0.004189544835300546,-0.18175126670370467,5.231108616854587,2.2403983076473507e-05,1.0
LAW,Lawton Fort Sill Regional Airport,United States,1,1,6.325296147933587e-05,6.365633497022433e-05,4.2075812106363475e-06,0.0,1,2,2658,3225,2950,2827,1725,0.06651990851070148,-188.5,0.004189544835300546,-0.18175126670370467,5.231108616854587,2.2403983076473507e-05,1.0
LCH,Lake Charles Regional Airport,United States,2,2,8.100520771053582e-05,7.308360220257847e-05,9.034700948098127e-06,0.0,2,4,1914,2727,2686,2426,1725,0.1115323471594906,-443.0,0.0038595545431519105,-0.36168682258142404,5.18050366588883,2.1644489322270113e-05,1.0
LRD,Laredo International Airport,United States,3,3,9.834013665394257e-05,8.244593218724981e-05,1.3055275014796251e-05,0.0,3,6,1507,2401,2450,2185,1725,0.13275632370471036,-691.0,0.0034771718714654543,-0.4177266185526367,5.083785486666471,2.1227670896782934e-05,1.0
MFE,Mc Allen Miller International Airport,United States,5,5,0.00014476655500083988,0.00010781662201822676,2.0978176675703786e-05,5.000242565373377e-06,5,10,1107,1693,1987,1811,1187,0.1449103812381394,-505.0,0.002626429172727193,-0.34594698674262503,4.3172821422994945,2.3660465679492946e-05,0.8
MHK,Manhattan Regional Airport,United States,2,2,8.095966954044863e-05,8.151364967488414e-05,1.1288549651092393e-05,0.0,2,4,1914,2733,2470,2294,1725,0.1394342357765241,-448.5,0.004240408806218796,-0.36224914414224685,5.279492392822084,2.1617702162355796e-05,1.0
MLM,General Francisco J. Mujica International Airport,Mexico,7,7,0.00017760353880783898,0.00014409819862105922,3.279117507056697e-05,2.5840156396304956e-06,7,14,912,1358,1491,1498,1276,0.18463131585483727,-404.5,0.002565319613820341,-0.3489420170955899,4.617491473591199,2.2419153436188424e-05,0.5714285714285714
MZT,General Rafael Buelna International Airport,Mexico,9,9,0.00023030817212559414,0.00020769128789959574,3.4254629122786894e-05,2.2179004732098345e-05,9,18,750,979,999,1474,1014,0.14873388471906585,-190.0,0.0016295351597832202,-0.24400623436828894,3.70393894061698,2.432661388993854e-05,0.3333333333333333
ROW,Roswell International Air Center Airport,United States,1,1,6.325296147933587e-05,6.365633497022433e-05,4.2075812106363475e-06,0.0,1,2,2658,3225,2950,2827,1725,0.06651990851070148,-188.5,0.004189544835300546,-0.18175126670370467,5.231108616854587,2.2403983076473507e-05,1.0
SJT,San Angelo Regional Mathis Field,United States,1,1,6.325296147933587e-05,6.365633497022433e-05,4.2075812106363475e-06,0.0,1,2,2658,3225,2950,2827,1725,0.06651990851070148,-188.5,0.004189544835300546,-0.18175126670370467,5.231108616854587,2.2403983076473507e-05,1.0
SPI,Abraham Lincoln Capital Airport,United States,4,0,0.00011886628934214772,9.767067740621542e-05,1.728006894931376e-05,0.0,4,4,1270,2070,2161,1954,1725,0.1453740084337484,-682.0,0.0025011200390560604,-0.40550807839184877,4.33529421041274,2.1957856905292722e-05,0.5
SPS,Sheppard Air Force Base-Wichita Falls Municipal Airport,United States,1,1,6.325296147933587e-05,6.365633497022433e-05,4.2075812106363475e-06,0.0,1,2,2658,3225,2950,2827,1725,0.06651990851070148,-188.5,0.004189544835300546,-0.18175126670370467,5.231108616854587,2.2403983076473507e-05,1.0
TXK,Texarkana Regional Webb Field,United States,1,1,6.325296147933587e-05,6.365633497022433e-05,4.2075812106363475e-06,0.0,1,2,2658,3225,2950,2827,1725,0.06651990851070148,-188.5,0.004189544835300546,-0.18175126670370467,5.231108616854587,2.2403983076473507e-05,1.0
TYR,Tyler Pounds Regional Airport,United States,2,2,8.100520771053582e-05,7.308360220257847e-05,9.034700948098127e-06,0.0,2,4,1914,2727,2686,2426,1725,0.1115323471594906,-443.0,0.0038595545431519105,-0.36168682258142404,5.18050366588883,2.1644489322270113e-05,1.0
ZCL,General Leobardo C. Ruiz International Airport,Mexico,5,5,0.0001421707660064607,0.00011598061544727992,2.1768318348359754e-05,2.1041690864792097e-06,5,10,1107,1714,1846,1772,1305,0.15311388522286312,-526.0,0.0024528817236665803,-0.3640405536701792,4.509630140214789,2.3049691798192356e-05,0.6
INB,,,4,2,0.00027327234144849136,0.00025542461997835514,4.687253492663786e-06,2.9214139643587495e-07,4,6,1270,778,758,2756,1537,0.017152315773410528,610.0,0.00023080051381094353,0.42696156485165027,1.2526588235240639,6.737140162338628e-05,0.0
SVK,,,2,3,0.000139865465052845,0.00011895183126268029,2.526090500397976e-06,0.0,3,5,1507,1747,1820,3028,1725,0.018060859408314624,-37.0,0.00028134085047700174,0.18448072876938504,1.6094379124341003,5.6268170095400354e-05,0.0
DGO,General Guadalupe Victoria International Airport,Mexico,4,4,0.00012453982007354407,9.779525518052807e-05,1.8697945437079134e-05,1.0090553789024883e-06,4,8,1270,1978,2155,1906,1403,0.15013628111906296,-590.5,0.002545475924796535,-0.3588818160817535,4.535718926484566,2.3626542415066144e-05,0.75
DHB,,,2,2,0.0002943730835913962,0.0002941290968309824,6.601118375779719e-12,1.170907400544589e-06,2,4,1914,726,676,3407,1374,2.2424327303451374e-08,1559.5,0.000294310015636928,0.9286476867467304,0.6931471805599453,0.000147155007818464,0.0
RCE,,,2,2,0.00026471195682495574,0.00026449255425324157,4.645134021482602e-12,0.001977797253870874,2,4,1914,812,726,3409,266,1.7547881392279753e-08,1473.5,0.0002594145576005762,0.8224420115344433,0.6931471805599453,0.0001297072788002881,0.0
WSX,,,2,2,0.00032390807444890025,0.00032363960805905685,6.229981381989609e-12,1.1685655857434998e-06,2,4,1914,651,603,3408,1375,1.923379462703839e-08,1634.5,0.00023812179395449266,1.0242594867893917,0.34657359027997264,0.00016452852305664362,0.0
DHI,Dhangarhi Airport,Nepal,1,1,7.219024195901455e-05,6.101706638165709e-05,0.00013342338437691124,0.0,1,2,2658,2955,3053,707,1725,1.8482191049125634,82.5,0.0010533897829782739,-0.04958833118034356,3.4657359027997265,3.291843071807106e-05,0.0
DIE,Arrachart Airport,Madagascar,5,5,0.00022515732825808366,0.00016527074664087653,0.00010401143949026935,1.240886895156605e-06,5,10,1107,1012,1292,827,1366,0.46195005197009437,176.0,0.0003684010515251653,0.095729928290341,2.008057718805655,4.257594177045452e-05,0.0
NOS,Fascene Airport,Madagascar,4,4,0.00018038305901116477,0.00012930346525289447,8.935603756803392e-05,0.0,4,8,1270,1334,1675,911,1725,0.4953682350098257,54.0,0.000432236397862337,0.011575374501758162,2.2912049641685934,4.005102448582477e-05,0.0
SVB,Sambava Airport,Madagascar,3,3,0.00015783393542339726,0.0001291281951521786,4.711478366476471e-05,0.0,3,6,1507,1555,1677,1252,1725,0.29850857826219057,155.0,0.00039842519012355795,0.05538456852895557,2.013418237092471,4.455857240516871e-05,0.0
DIJ,Dijon-Bourgogne Airport,France,1,1,5.877321718465039e-05,5.321305326133228e-05,8.802494973276148e-06,0.0,1,2,2658,3387,3364,2441,1725,0.14977051444403602,-346.0,0.0007881500019026958,-0.2552069539424018,3.828641396489095,1.7133695693536867e-05,0.0
DIL,Presidente Nicolau Lobato International Airport,East Timor,3,3,0.0001242430306744878,0.00010206956899425772,8.704898634598146e-05,0.0,3,6,1507,1986,2074,928,1725,0.700634762959434,-276.0,0.0016540361659269215,-0.18391929788979766,3.8539052097132203,3.138566855527e-05,0.3333333333333333
DIN,Dien Bien Phu Airport,Vietnam,1,1,6.528304485193531e-05,5.480386138586862e-05,1.677904651233907e-05,0.0,1,2,2658,3156,3278,1974,1725,0.257019974334755,-114.5,0.0011404465576416378,-0.15016086250236604,3.828641396489095,2.4792316470470387e-05,0.0
PBD,Porbandar Airport,India,1,1,0.00010007211398242852,9.92070925187409e-05,0.004329820643788152,0.0019725387087350275,2,2,1914,2358,2127,53,277,43.26700487758675,-72.5,6.572063309994935e-05,0.2769978508930837,0.0,6.572063309994935e-05,0.0
DIW,,,1,1,0.000111490358095471,0.0001053431054454299,7.12445763363425e-05,0.0,1,2,2658,2160,2024,1026,1725,0.6390200691196508,881.5,0.00015830772293601888,0.38504489765804983,0.6931471805599453,7.915386146800944e-05,0.0
TMR,Aguenar – Hadj Bey Akhamok Airport,Algeria,4,4,0.00021926315144194777,0.00020031211369341868,2.8615894406217454e-05,0.0008701775896902916,5,8,1107,1049,1038,1590,387,0.13050936383076575,139.0,0.0001216886738391798,0.20676529242828146,0.8664339756999316,5.1486345783435876e-05,0.0
MKQ,Mopah Airport,Indonesia,1,1,9.772852881577098e-05,0.0001347569312975168,9.051394120616861e-06,0.0,1,2,2658,2404,1607,2422,1725,0.0926177261675527,636.5,0.0005666712665962111,0.253300305656472,2.1972245773362196,6.296347406624568e-05,0.0
OKL,Oksibil Airport,Indonesia,1,1,9.772852881577098e-05,7.43675993713643e-05,9.051394120616861e-06,0.0,1,2,2658,2404,2673,2422,1725,0.0926177261675527,636.5,0.0005666712665962111,0.253300305656472,2.1972245773362196,6.296347406624568e-05,0.0
TIM,Moses Kilangin Airport,Indonesia,3,3,0.0001635381717958356,0.00013729215074362457,4.10948998590577e-05,1.0636663338568395e-05,3,6,1507,1492,1570,1330,1082,0.2512862863011665,218.0,0.001026184777399036,0.09088755958704375,3.064330244547023,4.679552782247756e-05,0.0
WMX,Wamena Airport,Indonesia,1,1,9.772852881577098e-05,7.43675993713643e-05,9.051394120616861e-06,0.0,1,2,2658,2404,2673,2422,1725,0.0926177261675527,636.5,0.0005666712665962111,0.253300305656472,2.1972245773362196,6.296347406624568e-05,0.0
ZIG,Ziguinchor Airport,Senegal,1,2,6.230661874021299e-05,5.479911801226797e-05,1.0205967840941393e-05,0.0002892199824715162,2,3,1914,3283,3279,2354,599,0.16380230619631445,-997.5,0.0006600097996435708,-0.19682555506174815,3.4339872044851463,2.1290638698179703e-05,0.0
GOU,Garoua International Airport,Cameroon,2,2,0.00010984402873787855,7.563006108395004e-05,3.732378745313111e-05,0.0,3,4,1507,2184,2641,1398,1725,0.3397889524081194,-474.0,0.0004334501732160493,-0.05713882888278121,2.495216293389368,3.860850172151346e-05,0.0
MVR,Salak Airport,Cameroon,1,1,6.402558470169105e-05,5.6409407573094816e-05,1.306776841822363e-05,0.0,2,2,1914,3192,3206,2183,1725,0.20410228940679215,-906.5,0.0004895719834963651,-0.1696104505824394,3.044522437723423,2.3312951595065007e-05,0.0
JMU,Jiamusi Airport,China,7,7,0.00016023532362805925,0.0001225032552182414,8.935492254929306e-05,1.534270876561924e-06,7,14,912,1530,1767,912,1340,0.5576480923563715,-576.5,0.0016508723168269445,-0.45185226579254945,4.248764255946645,1.9500125690633445e-05,0.2857142857142857
LDS,Lindu Airport,China,2,2,7.56174758081251e-05,5.8767792426600454e-05,2.1429609802234605e-05,0.0,2,4,1914,2859,3142,1790,1725,0.28339493712552616,-573.5,0.0010805538860563962,-0.4305128499549138,4.068990227226069,1.8475235276675914e-05,0.0
MDG,Mudanjiang Hailang International Airport,China,6,6,0.0001386623565673394,0.0001196664517433924,8.895281292098309e-05,0.0,6,12,996,1756,1807,916,1725,0.6415065712357515,-705.0,0.002079409551843434,-0.5014240343662806,4.5701016480586825,1.852015309369491e-05,0.5
SHP,Shanhaiguan Airport,China,4,4,0.00010626821852371345,9.39016075021902e-05,5.193303373357949e-05,0.0,4,8,1270,2249,2248,1198,1725,0.4886976977222101,-861.0,0.0013912834467390044,-0.5175410592327978,4.161437518201421,1.8252541973677015e-05,0.25
DLE,Dole-Tavaux Airport,France,3,3,8.414841729049794e-05,6.868645671329705e-05,2.28834244495833e-05,0.0,3,6,1507,2654,2761,1724,1725,0.27194123414805216,-944.0,0.0011392530267958733,-0.5735767578761521,4.212474383504524,1.5662290777552278e-05,0.0
DLY,Dillon's Bay Airport,Vanuatu,2,2,0.00016888862840060587,0.00014185828838132812,7.255201765445564e-06,0.0,2,4,1914,1436,1514,2562,1725,0.042958497763603935,849.5,0.0007666173369239319,0.3730392262282418,2.04717228111105,7.334061895240205e-05,0.0
IPA,Ipota Airport,Vanuatu,3,3,0.0002471276619261562,0.00021116845197337411,9.64677544258469e-06,1.1685655857434998e-06,3,6,1507,879,978,2382,1375,0.03903559547885509,831.0,0.0006349610379056379,0.5037461828681717,1.7661057888493454,7.95757198251028e-05,0.0
DOK,Donetsk International Airport,Ukraine,12,12,0.000224839353353977,0.00018284599485438193,0.0002815994044452795,1.123944545847422e-05,12,24,624,1013,1159,461,1074,1.2524471372319863,-371.5,0.0018377524511440733,-0.4453868138139834,4.337886604912177,1.7708801737631248e-05,0.3333333333333333
DYR,Ugolny Airport,Russia,2,2,8.53160050391941e-05,6.874805487174543e-05,2.688367847397211e-05,0.0,2,4,1914,2628,2760,1628,1725,0.31510709463742204,-342.5,0.002371861357096241,-0.3098381986660108,4.188620615494396,2.4180252477461632e-05,0.5
EGO,Belgorod International Airport,Russia,9,9,0.00019357925037010538,0.00016070387315898153,0.0001360215940716058,4.173448520512499e-08,9,18,750,1229,1325,700,1669,0.7026661887136418,-440.0,0.0010039246413197883,-0.41773753400366154,3.411284757506502,1.952544767179909e-05,0.1111111111111111
ESL,Elista Airport,Russia,1,1,6.28042531652325e-05,5.566031572472442e-05,1.5358340338237635e-05,0.0,1,2,2658,3248,3227,2027,1725,0.24454299771436153,-211.5,0.004134581192429684,-0.1888704182810006,5.241747015059643,2.1876090965236424e-05,1.0
FEG,Fergana International Airport,Uzbekistan,6,6,0.0001445049506649498,0.00011774416867181198,0.00010546932112977506,0.0,6,12,996,1695,1827,818,1725,0.7298664900022489,-644.0,0.001575686590852775,-0.4601521554065968,4.084567554934603,1.966575978851438e-05,0.16666666666666666
GBB,Gabala International Airport,Azerbaijan,1,1,6.28042531652325e-05,5.566031572472442e-05,1.5358340338237635e-05,0.0,1,2,2658,3248,3227,2027,1725,0.24454299771436153,-211.5,0.004134581192429684,-0.1888704182810006,5.241747015059643,2.1876090965236424e-05,1.0
GDX,Sokol Airport,Russia,4,4,0.0001374087494774747,0.00012793585453355787,4.9025179613376776e-05,0.0,4,8,1270,1778,1689,1232,1725,0.3567835367093085,-390.0,0.0015738356029192937,-0.2605472641605715,3.7112349892732865,2.7411521673248635e-05,0.25
GOJ,Nizhny Novgorod Strigino International Airport,Russia,15,15,0.0002892227973800474,0.0002258832507000593,0.00026894270193486043,8.047778493583372e-05,15,30,551,733,907,478,864,0.9298807160815254,-171.0,0.0012727035883592253,-0.3311378050913234,3.738128157147022,1.9216723279292365e-05,0.2
GRV,,,1,1,6.28042531652325e-05,5.566031572472442e-05,1.5358340338237635e-05,0.0,1,2,2658,3248,3227,2027,1725,0.24454299771436153,-211.5,0.004134581192429684,-0.1888704182810006,5.241747015059643,2.1876090965236424e-05,1.0
HMA,Khanty Mansiysk Airport,Russia,8,8,0.0002022363714824649,0.00015186063931563794,0.00010971365029810914,5.786321841722299e-06,8,16,829,1181,1414,795,1165,0.5425020706901971,-311.0,0.000996176399614515,-0.3013772045274514,3.1507594759632314,2.3239234674663588e-05,0.125
IJK,Izhevsk Airport,Russia,3,3,9.728019504872547e-05,8.846332799572464e-05,4.24869535579191e-05,0.0,3,6,1507,2423,2342,1307,1725,0.4367482357188772,-713.5,0.002553980078317177,-0.42856344690261317,4.705538216915898,2.081200754723533e-05,0.3333333333333333
KEJ,Kemerovo Airport,Russia,2,2,7.802557620497437e-05,7.629695550313637e-05,2.975074885496703e-05,3.852414018934615e-08,2,4,1914,2796,2621,1562,1672,0.38129483051571916,-511.5,0.0033566261964862202,-0.3991635949039498,5.105780157317822,1.9891764928947226e-05,1.0
KQT,Qurghonteppa International Airport,Tajikistan,5,4,0.00013674316171496134,0.00010123930464864682,7.134764476152632e-05,7.129448174578253e-06,7,9,912,1787,2099,1025,1132,0.5217638956619213,-833.5,0.0017727413104321548,-0.40296503195351185,3.9719235677114355,2.177260845978421e-05,0.2
KRO,Kurgan Airport,Russia,2,2,8.04508848247273e-05,6.684135574440147e-05,3.0218831680929648e-05,0.0,2,4,1914,2751,2830,1552,1725,0.375618388122956,-466.0,0.002742014748690814,-0.36855339608907833,4.70806714247764,2.1318417059171623e-05,0.5
KSQ,Karshi Khanabad Airport,Uzbekistan,3,3,9.578269116558452e-05,9.696596661422696e-05,5.950722252460664e-05,0.0,3,6,1507,2457,2178,1113,1725,0.6212732363275679,-748.0,0.0024651444803300195,-0.44407687825799336,4.661759549562203,2.022475112187499e-05,0.3333333333333333
KVD,Ganja Airport,Azerbaijan,5,4,0.00016293786836208822,0.00013033774470178788,8.619406337902449e-05,6.63230803838414e-07,5,9,1107,1501,1654,934,1439,0.5289995766207028,-313.0,0.0022962851550635383,-0.22770051381645828,3.8061478088926215,2.7936068846601974e-05,0.4
KVK,Kirovsk-Apatity Airport,Russia,1,1,6.28042531652325e-05,5.566031572472442e-05,1.5358340338237635e-05,0.0,1,2,2658,3248,3227,2027,1725,0.24454299771436153,-211.5,0.004134581192429684,-0.1888704182810006,5.241747015059643,2.1876090965236424e-05,1.0
LLK,Lankaran International Airport,Azerbaijan,2,2,7.963356338923068e-05,6.579490565961123e-05,2.7626462215227087e-05,0.0,2,4,1914,2769,2860,1614,1725,0.3469198292709224,-485.0,0.003156245964999794,-0.3787646133106666,4.97111369042603,2.083763974429959e-05,0.5
LWN,Gyumri Shirak Airport,Armenia,1,1,6.28042531652325e-05,5.566031572472442e-05,1.5358340338237635e-05,0.0,1,2,2658,3248,3227,2027,1725,0.24454299771436153,-211.5,0.004134581192429684,-0.1888704182810006,5.241747015059643,2.1876090965236424e-05,1.0
MCX,Uytash Airport,Russia,4,4,0.00011380734394196814,8.833001276749799e-05,5.4517929744951506e-05,8.877828291031092e-08,4,8,1270,2135,2343,1161,1641,0.4790370098853279,-747.0,0.0018250996888573281,-0.4490002674260474,4.0754503123811086,2.046993181157395e-05,0.25
MJZ,Mirny Airport,Russia,6,6,0.00018113064093945434,0.00016260555973462661,7.749785713708807e-05,1.4607069821793748e-07,6,12,996,1327,1312,985,1600,0.42785614148515544,-276.0,0.001266308595469459,-0.23424737897027725,3.4080302004212446,2.6847267685385596e-05,0.16666666666666666
NBC,Begishevo Airport,Russia,7,7,0.00016108623850177273,0.000115223316652934,0.0001281691666144374,7.004284824200831e-07,7,14,912,1522,1860,727,1435,0.7956555929700159,-568.5,0.002277914973146115,-0.44655590872777573,4.5108767136567005,1.9643136601373342e-05,0.42857142857142855
NCU,Nukus Airport,Uzbekistan,3,3,9.59799376429685e-05,8.78472023177737e-05,5.978449968062624e-05,4.4700254124655464e-07,3,6,1507,2455,2362,1111,1499,0.6228853773901786,-745.0,0.002233278233412094,-0.44201968340023967,4.529621125366121,2.0302102680826725e-05,0.3333333333333333
NJC,Nizhnevartovsk Airport,Russia,9,9,0.00021741183782123473,0.000222691994595144,0.00012380695710673026,4.51950791703465e-06,9,18,750,1066,926,749,1196,0.5694582150974208,-277.0,0.0011699307841376808,-0.3016311002575467,3.339789563513941,2.26408185810285e-05,0.2222222222222222
NOJ,Noyabrsk Airport,Russia,5,5,0.00014358123262056506,0.00011326374052859662,7.34462334861092e-05,0.0,5,10,1107,1699,1897,1011,1725,0.5115308745133975,-511.0,0.001307253776892127,-0.3541685102487637,3.4660773127395443,2.338156632052776e-05,0.2
NOZ,Spichenkovo Airport,Russia,2,2,7.802557620497437e-05,6.480957318670002e-05,2.975074885496703e-05,3.8601342875096346e-08,2,4,1914,2796,2898,1562,1671,0.38129483051571916,-511.5,0.0033566261964862202,-0.3991635949039498,5.105780157317822,1.9891764928947226e-05,1.0
NUX,Novy Urengoy Airport,Russia,10,10,0.00022524119437540395,0.00023642811187585142,0.00014342671451877495,5.000900330686233e-06,10,20,703,1011,860,679,1186,0.6367694635810232,-285.0,0.0012552053941944665,-0.33120471610022406,3.6789919400777693,2.1297837496046417e-05,0.2
NVI,Navoi Airport,Uzbekistan,3,3,9.578269116558452e-05,0.00010845334893066332,5.950722252460664e-05,0.0,3,6,1507,2457,1983,1113,1725,0.6212732363275679,-748.0,0.0024651444803300195,-0.44407687825799336,4.661759549562203,2.022475112187499e-05,0.3333333333333333
NYM,Nadym Airport,Russia,7,7,0.00018623493040817603,0.00015643895819995282,9.676117600534443e-05,5.142591871740775e-06,7,14,912,1285,1366,867,1183,0.5195651309519133,-331.5,0.001167046967163839,-0.3014868297488551,3.320555652762284,2.3869807510982677e-05,0.14285714285714285
ODS,Odessa International Airport,Ukraine,12,12,0.00022140807692634814,0.00021629997711655242,0.00028347415587962987,4.553003076259291e-06,12,24,624,1034,957,458,1195,1.2803243667299822,-392.5,0.00199436246018964,-0.4607654751582908,4.581833419812777,1.737240208740154e-05,0.3333333333333333
OGZ,Beslan Airport,Russia,1,1,6.28042531652325e-05,5.566031572472442e-05,1.5358340338237635e-05,0.0,1,2,2658,3248,3227,2027,1725,0.24454299771436153,-211.5,0.004134581192429684,-0.1888704182810006,5.241747015059643,2.1876090965236424e-05,1.0
OSW,Orsk Airport,Russia,1,1,6.28042531652325e-05,5.566031572472442e-05,1.5358340338237635e-05,0.0,1,2,2658,3248,3227,2027,1725,0.24454299771436153,-211.5,0.004134581192429684,-0.1888704182810006,5.241747015059643,2.1876090965236424e-05,1.0
PED,Pardubice Airport,Czech Republic,2,2,7.963356338923068e-05,6.579490565961123e-05,2.7626462215227087e-05,0.0,2,4,1914,2769,2860,1614,1725,0.3469198292709224,-485.0,0.003156245964999794,-0.3787646133106666,4.97111369042603,2.083763974429959e-05,0.5
PEE,Bolshoye Savino Airport,Russia,5,5,0.00012187848162845964,0.00010273235511917302,8.987531549348113e-05,2.1452759358201212e-07,5,10,1107,2016,2063,908,1572,0.7374174201436269,-828.0,0.002187721849450908,-0.5180449701467396,4.628842983362399,1.8275036673223598e-05,0.4
PES,Petrozavodsk Airport,Russia,1,1,6.28042531652325e-05,5.566031572472442e-05,1.5358340338237635e-05,0.0,1,2,2658,3248,3227,2027,1725,0.24454299771436153,-211.5,0.004134581192429684,-0.1888704182810006,5.241747015059643,2.1876090965236424e-05,1.0
PEZ,Penza Airport,Russia,1,1,6.28042531652325e-05,5.566031572472442e-05,1.5358340338237635e-05,0.0,1,2,2658,3248,3227,2027,1725,0.24454299771436153,-211.5,0.004134581192429684,-0.1888704182810006,5.241747015059643,2.1876090965236424e-05,1.0
PKC,Yelizovo Airport,Russia,4,4,0.00012097317302076365,0.00011465456664249042,5.4675681395319116e-05,3.852414018934615e-08,4,8,1270,2029,1871,1160,1672,0.4519653409928718,-641.0,0.0019207566182038321,-0.387938510353651,4.013776182916751,2.2577528596563497e-05,0.5
PYJ,Polyarny Airport,Russia,4,4,0.00013346765576846038,0.00011666671441162838,5.0554081616591257e-05,0.0,4,8,1270,1831,1837,1214,1725,0.3787740282506531,-443.0,0.0015288665727759432,-0.2896481511986728,3.5300611046995685,2.625237646596357e-05,0.25
REN,Orenburg Central Airport,Russia,6,6,0.00015814417890860075,0.00012830809462989034,0.00010064278311173998,3.381675983841172e-06,6,12,996,1547,1685,846,1242,0.6363989101989417,-496.0,0.0016686381162825763,-0.36995878136193205,3.7739952337294245,2.2340118269189265e-05,0.3333333333333333
RGK,Gorno-Altaysk Airport,Russia,1,1,6.28042531652325e-05,5.566031572472442e-05,1.5358340338237635e-05,0.0,1,2,2658,3248,3227,2027,1725,0.24454299771436153,-211.5,0.004134581192429684,-0.1888704182810006,5.241747015059643,2.1876090965236424e-05,1.0
RMI,Federico Fellini International Airport,Italy,2,2,7.802581382242532e-05,7.69362449170016e-05,2.8241741300336558e-05,0.0,2,4,1914,2795,2596,1601,1725,0.36195381908621155,-509.5,0.002371721809763725,-0.39916054952959,4.384053769837902,1.9891904704644184e-05,0.5
RTW,Saratov Central Airport,Russia,5,5,0.00012436578266517023,9.437409306375022e-05,7.350828139884165e-05,5.7155263594742343e-08,5,10,1107,1983,2231,1009,1656,0.5910651613615286,-795.0,0.0015465142540227572,-0.4978423827568186,4.045705070186309,1.8860283976992636e-05,0.2
SGC,Surgut Airport,Russia,12,12,0.0002580074056071229,0.00019892436353864164,0.0001864120784544691,5.816090773994041e-06,12,24,624,833,1049,605,1162,0.7225066971074677,-191.5,0.001011256657805273,-0.30778468750297794,3.398233366484321,2.096057156769797e-05,0.16666666666666666
SIP,Simferopol International Airport,Ukraine,5,5,0.00012368580087546063,0.00011587970690371997,7.376503894132444e-05,3.852414018934615e-08,5,10,1107,1993,1849,1007,1672,0.5963905187111861,-805.0,0.002056408665744834,-0.5033249802334687,4.426043503766293,1.8700288261316185e-05,0.4
SKD,Samarkand Airport,Uzbekistan,5,6,0.0001330367404942859,0.00012043942069178828,9.263526624431853e-05,0.0,6,11,996,1834,1795,888,1725,0.6963134086128435,-783.0,0.0017072391737103035,-0.4304441318733332,4.086199693614438,2.0900509348472386e-05,0.2
SKX,Saransk Airport,Russia,2,2,7.963356338923068e-05,6.579490565961123e-05,2.7626462215227087e-05,0.0,2,4,1914,2769,2860,1614,1725,0.3469198292709224,-485.0,0.003156245964999794,-0.3787646133106666,4.97111369042603,2.083763974429959e-05,0.5
SLY,Salekhard Airport,Russia,8,8,0.00024361084476288677,0.00019544408334895043,0.00010440899535720297,0.00028929404355819383,8,16,829,899,1071,823,598,0.42858927507446215,-29.0,0.0009479757481888515,-0.1152423201078232,2.7644603644895414,2.9323716039577915e-05,0.125
STW,Stavropol Shpakovskoye Airport,Russia,3,3,9.347792198321215e-05,8.601161740268238e-05,4.406251091045802e-05,7.360192643856995e-08,3,6,1507,2488,2391,1289,1646,0.4713681046351381,-778.0,0.002831605655818211,-0.46843359025224807,4.932175931102072,1.932092006991785e-05,0.6666666666666666
TGK,Taganrog Yuzhny Airport,Russia,1,1,6.28042531652325e-05,5.566031572472442e-05,1.5358340338237635e-05,0.0,1,2,2658,3248,3227,2027,1725,0.24454299771436153,-211.5,0.004134581192429684,-0.1888704182810006,5.241747015059643,2.1876090965236424e-05,1.0
TJM,Roshchino International Airport,Russia,19,18,0.0004310037643255015,0.00037108429914576587,0.0002907754117738942,6.026982046930485e-05,19,37,462,504,543,448,902,0.6746470352270417,-29.5,0.0007845614611716962,-0.07794577767030475,2.8676952944997374,2.3950104573266478e-05,0.10526315789473684
TJU,Kulob Airport,Tajikistan,3,4,9.728019504872547e-05,0.0001100853002470478,4.24869535579191e-05,2.877869029339937e-07,4,7,1270,2423,1946,1307,1549,0.4367482357188772,-1035.5,0.002553980078317177,-0.42856344690261317,4.705538216915898,2.081200754723533e-05,0.3333333333333333
TMJ,Termez Airport,Uzbekistan,2,2,7.895338094158634e-05,6.520940442801697e-05,4.723910064761719e-05,0.0,2,4,1914,2780,2876,1251,1725,0.5983163746029704,-494.5,0.002608761351710077,-0.3873427042924682,4.642399141447097,2.043753242113111e-05,0.5
TOF,Bogashevo Airport,Russia,4,4,0.00011711365924370649,0.00010135433902142297,5.760724741975972e-05,3.852414018934615e-08,4,8,1270,2086,2094,1133,1672,0.4918917894955575,-698.0,0.0019264551718532097,-0.4203624110204185,4.02441608652145,2.1442377488232634e-05,0.5
UFA,Ufa International Airport,Russia,19,19,0.00037762477799061883,0.00030628161155970223,0.0004113586075619047,7.544078062788213e-05,19,38,462,571,641,362,873,1.0893316104700204,-96.5,0.0012066662592991842,-0.21016154987277602,3.5699020830716237,2.064490418037967e-05,0.15789473684210525
UKS,Belbek Airport,Ukraine,2,2,7.650345438961644e-05,6.394397718175e-05,2.9473619263073577e-05,0.0,2,4,1914,2839,2938,1574,1725,0.3852586722812602,-553.5,0.0025669085239289876,-0.4188643726770014,4.684440700052367,1.8996399155427006e-05,0.5
ULV,Ulyanovsk Baratayevka Airport,Russia,2,2,8.04508848247273e-05,6.684135574440147e-05,3.0218831680929648e-05,0.0,2,4,1914,2751,2830,1552,1725,0.375618388122956,-466.0,0.002742014748690814,-0.36855339608907833,4.70806714247764,2.1318417059171623e-05,0.5
UUA,Bugulma Airport,Russia,3,3,0.00010016690360632575,9.283607641259028e-05,3.931934145200763e-05,3.262245593533937e-07,3,6,1507,2357,2262,1361,1528,0.3925382540179123,-647.0,0.0021766345892736075,-0.39932103938384245,4.04648398606276,2.194405011920842e-05,0.3333333333333333
UUD,Ulan-Ude Airport (Mukhino),Russia,10,10,0.00024959755890089963,0.00018189408154180233,0.00012826241108851704,2.1682592845204487e-05,10,20,703,874,1165,725,1017,0.5138768650355368,-148.0,0.0014965277181995778,-0.22852666274854627,3.6994880196032573,2.416329214383684e-05,0.3
VKT,Vorkuta Airport,Russia,2,2,9.655687099540062e-05,7.854471458344594e-05,2.4592296084600733e-05,5.38526745309313e-06,2,4,1914,2437,2545,1671,1172,0.2546923469151373,-151.5,0.002206271963841057,-0.18606809641569377,3.593828582057478,3.079252657207747e-05,0.5
VOG,Volgograd International Airport,Russia,10,10,0.00021384396104022875,0.00014839151709182053,0.000215565094254146,1.1922981803106751e-06,10,20,703,1092,1448,555,1371,1.0080485472002338,-366.0,0.0015942613593788808,-0.38312992410937596,3.9316079744629766,1.9956986514940613e-05,0.3
VOZ,Voronezh International Airport,Russia,6,6,0.0001393726351570749,0.00012493609770479805,8.364849828480058e-05,5.792318841833307e-07,6,12,996,1749,1733,947,1474,0.6001787810822946,-698.0,0.0019633242060785447,-0.49631474844172985,4.420238998030916,1.865942341391754e-05,0.3333333333333333
KOP,Nakhon Phanom Airport,Thailand,1,1,7.270424699873832e-05,7.91541038962496e-05,2.319845573433575e-05,0.0,1,2,2658,2932,2525,1704,1725,0.31907978821014854,104.0,0.0016091108412187335,-0.042493414050253975,3.871201010907891,3.3523142525390284e-05,0.0
LOE,Loei Airport,Thailand,1,1,7.270424699873832e-05,6.166351865226883e-05,2.319845573433575e-05,0.0,1,2,2658,2932,3025,1704,1725,0.31907978821014854,104.0,0.0016091108412187335,-0.042493414050253975,3.871201010907891,3.3523142525390284e-05,0.0
MAQ,Mae Sot Airport,Thailand,1,1,7.270424699873832e-05,6.166351865226883e-05,2.319845573433575e-05,0.0,1,2,2658,2932,3025,1704,1725,0.31907978821014854,104.0,0.0016091108412187335,-0.042493414050253975,3.871201010907891,3.3523142525390284e-05,0.0
NAW,Narathiwat Airport,Thailand,1,1,7.270424699873832e-05,6.166351865226883e-05,2.319845573433575e-05,0.0,1,2,2658,2932,3025,1704,1725,0.31907978821014854,104.0,0.0016091108412187335,-0.042493414050253975,3.871201010907891,3.3523142525390284e-05,0.0
NST,Nakhon Si Thammarat Airport,Thailand,1,1,7.270424699873832e-05,7.91541038962496e-05,2.319845573433575e-05,0.0,1,2,2658,2932,2525,1704,1725,0.31907978821014854,104.0,0.0016091108412187335,-0.042493414050253975,3.871201010907891,3.3523142525390284e-05,0.0
PRH,Phrae Airport,Thailand,1,1,7.270424699873832e-05,6.166351865226883e-05,2.319845573433575e-05,0.0,1,2,2658,2932,3025,1704,1725,0.31907978821014854,104.0,0.0016091108412187335,-0.042493414050253975,3.871201010907891,3.3523142525390284e-05,0.0
ROI,Roi Et Airport,Thailand,1,1,7.270424699873832e-05,6.166351865226883e-05,2.319845573433575e-05,0.0,1,2,2658,2932,3025,1704,1725,0.31907978821014854,104.0,0.0016091108412187335,-0.042493414050253975,3.871201010907891,3.3523142525390284e-05,0.0
SNO,Sakon Nakhon Airport,Thailand,1,1,7.270424699873832e-05,6.166351865226883e-05,2.319845573433575e-05,0.0,1,2,2658,2932,3025,1704,1725,0.31907978821014854,104.0,0.0016091108412187335,-0.042493414050253975,3.871201010907891,3.3523142525390284e-05,0.0
TST,Trang Airport,Thailand,1,1,7.270424699873832e-05,7.91541038962496e-05,2.319845573433575e-05,0.0,1,2,2658,2932,2525,1704,1725,0.31907978821014854,104.0,0.0016091108412187335,-0.042493414050253975,3.871201010907891,3.3523142525390284e-05,0.0
UNN,Ranong Airport,Thailand,1,1,7.270424699873832e-05,6.166351865226883e-05,2.319845573433575e-05,0.0,1,2,2658,2932,3025,1704,1725,0.31907978821014854,104.0,0.0016091108412187335,-0.042493414050253975,3.871201010907891,3.3523142525390284e-05,0.0
EAM,Nejran Airport,Saudi Arabia,3,3,9.764893272471152e-05,7.449827165973658e-05,0.00021980900971039092,0.0,3,6,1507,2416,2669,545,1725,2.251012925354431,-707.0,0.0016459929485579214,-0.4247801424778537,4.314858509270305,2.095661055383432e-05,0.0
GIZ,Jizan Regional Airport,Saudi Arabia,4,4,0.0001265697372539816,0.00011168949966053519,0.0002763177384774379,0.0,4,8,1270,1946,1928,470,1725,2.1831264287367835,-558.0,0.0014726660430761742,-0.34271388188947327,4.06919500949653,2.4223576903151927e-05,0.0
HAS,Ha'il Airport,Saudi Arabia,5,5,0.00013141975290066905,9.434186417320851e-05,0.0003631674971610008,9.948377447496771e-08,5,10,1107,1859,2234,393,1630,2.7634163749759413,-671.0,0.0020339314207253635,-0.44267304502286464,4.507545263466091,2.052004167616739e-05,0.2
DND,Dundee Airport,United Kingdom,1,1,5.673112401821069e-05,5.247772861354078e-05,6.594614463040956e-06,0.0,1,2,2658,3412,3396,2615,1725,0.11624332458006799,-371.0,0.0022538786714142232,-0.29057023040970265,5.030437921392435,1.4731233146498191e-05,0.0
DNH,Dunhuang Airport,China,4,4,0.00010967076726634817,9.529919859860403e-05,4.9442048585224614e-05,0.0,4,8,1270,2192,2221,1228,1725,0.4508224918783405,-804.0,0.0011726882236674304,-0.48602446791209175,4.058713540492128,1.9253291605401427e-05,0.0
DNR,Dinard-Pleurtuit-Saint-Malo Airport,France,3,3,8.484745598289544e-05,7.026406208238901e-05,2.159616321008619e-05,1.2736243607654957e-08,3,6,1507,2643,2728,1780,1715,0.25452929566255705,-933.0,0.001102509200146841,-0.5653038614349448,3.9041821729474147,1.593642360092235e-05,0.0
DNZ,Çardak Airport,Turkey,2,2,7.618533313290179e-05,6.363770839858858e-05,3.576176981776736e-05,1.91386936334932e-08,2,4,1914,2852,2961,1441,1698,0.46940491492480063,-567.5,0.003097143706459909,-0.42303130231445785,5.004958748075987,1.880926900508732e-05,0.5
DOB,Rar Gwamar Airport,Indonesia,1,1,0.00017872492565779087,0.00010681380957601965,1.120242938134018e-05,0.0,1,2,2658,1349,1999,2299,1725,0.06267972606568462,1692.5,0.00031650670540884406,0.856954680671274,0.6931471805599453,0.00015825335270442203,0.0
LRR,Lar Airport,Iran,6,6,0.00017328979544489412,0.00012243016640915052,0.00033521220137175834,0.0003576959598270399,6,12,996,1405,1769,405,537,1.9344024298208333,-354.0,0.0018269096209383821,-0.2785006117985507,4.209801116521027,2.5309846998524955e-05,0.16666666666666666
KUT,Kopitnari Airport,Georgia,8,8,0.00015913136978814644,0.00012008718535920737,0.0001036587845412551,2.2249194935354544e-06,9,16,750,1538,1802,828,1297,0.6514038349525761,-749.0,0.0006356327107268958,-0.5410842875168367,3.397085968721213,1.690026383562191e-05,0.0
DOL,Deauville-Saint-Gatien Airport,France,1,1,5.920484501509312e-05,6.266200899943168e-05,7.913369674078989e-06,0.0,1,2,2658,3379,3005,2498,1725,0.13366084603484105,-338.0,0.0006174522599805814,-0.24788983501061246,3.5553480614894135,1.7641493142302326e-05,0.0
EIS,Terrance B. Lettsome International Airport,British Virgin Islands,4,5,0.00012568142125743225,0.00016860058677065337,1.790983568561511e-05,0.0,5,9,1107,1959,1263,1927,1725,0.14250185513840216,-771.0,0.0006226696943438853,-0.3497570183723475,3.0895352897882766,2.396230747501719e-05,0.0
DPO,Devonport Airport,Australia,1,1,7.184434092057335e-05,5.848313603768842e-05,2.3148723762203072e-05,0.0,1,2,2658,2991,3152,1719,1725,0.3222066409906226,50.5,0.0017881318562390927,-0.05439136801352973,4.007333185232471,3.251148829525623e-05,0.0
KOE,El Tari Airport,Indonesia,6,6,0.0002789994900993588,0.0002534376599847476,9.659582499453942e-05,0.00017680130831253233,6,12,996,760,768,869,735,0.34622222771854955,291.0,0.0004653661094293165,0.1977440311895382,1.8897620129709083,4.603723809168283e-05,0.0
LBJ,Komodo Airport,Indonesia,2,2,0.00012973285479174625,0.00013022385646792499,2.8269751668218686e-05,0.00011903726717569797,2,4,1914,1890,1659,1599,801,0.21790741993305182,395.5,0.0007242183987388731,0.10927710507149335,2.2154083994216567,5.030781113816458e-05,0.0
MOF,Maumere(Wai Oti) Airport,Indonesia,2,2,0.00011023762161948094,7.843757019037497e-05,3.1032062724336274e-05,0.0,2,4,1914,2180,2547,1523,1725,0.281501562428959,105.0,0.0007942826603353505,-0.05356203544651983,2.7647145437557117,3.88400269198435e-05,0.0
TMC,Tambolaka Airport,Indonesia,2,2,0.00011023762161948094,9.11600058826566e-05,3.1032062724336274e-05,0.0,2,4,1914,2180,2285,1523,1725,0.281501562428959,105.0,0.0007942826603353505,-0.05356203544651983,2.7647145437557117,3.88400269198435e-05,0.0
WGP,Umbu Mehang Kunda Airport,Indonesia,1,1,7.071269386072244e-05,5.6895369100569705e-05,1.7347654230795198e-05,0.0,1,2,2658,3027,3195,1953,1725,0.24532588540557637,14.5,0.0013095658305713423,-0.07026811282340084,3.7376696182833684,3.11801388231272e-05,0.0
DQA,Saertu Airport,China,2,2,7.5216055401045e-05,8.03690534597e-05,2.8249591114596463e-05,0.0,2,4,1914,2880,2498,1600,1725,0.37557926913306305,-594.5,0.0023977916339983376,-0.43583555706902644,4.658430107676928,1.823910562526926e-05,0.5
DRK,Drake Bay Airport,Costa Rica,1,1,7.334025553334455e-05,9.088722774841496e-05,3.869289049537656e-06,0.0,1,2,2658,2918,2293,2881,1725,0.0527580524692672,122.0,0.0013023127382356951,-0.033783568156939836,3.6375861597263857,3.427138784830777e-05,0.0
DRV,Dharavandhoo Airport,Maldives,2,2,0.00011083411875744987,9.621025607189026e-05,0.0001854164062430951,5.4323635803145324e-06,2,4,1914,2172,2205,608,1170,1.672918125950562,113.5,0.0003914388932710069,-0.04816560997376662,2.0302215052732095,3.9190907602847325e-05,0.0
HAQ,Hanimaadhoo Airport,Maldives,2,2,0.00011038480403134306,9.48987252700344e-05,0.00030956461236479523,1.9373634423383508e-07,2,4,1914,2178,2225,437,1583,2.804413298382052,107.5,0.00024612433666246973,-0.052227788184367796,1.7631802623080808,3.89266048237004e-05,0.0
MCV,McArthur River Mine Airport,Australia,1,1,7.836796477695348e-05,6.174307651841322e-05,1.5766851758203652e-05,0.0,1,2,2658,2792,3023,2019,1725,0.20119001179982643,249.5,0.0008037267977382719,0.03252201628974305,2.995732273553991,4.0186339886913595e-05,0.0
MNG,Maningrida Airport,Australia,3,3,0.00029618825170744305,0.0002639943343514633,3.041836324413597e-05,0.0005784399649430324,3,6,1507,715,730,1541,453,0.10269942534446437,995.0,0.00035332865293230304,0.6848363675267439,0.9985774245179969,9.881516698185027e-05,0.0
DSA,Robin Hood Doncaster Sheffield Airport,United Kingdom,8,8,0.00014232350275213536,0.00011541100820014424,6.272376723344303e-05,1.1924217976355712e-06,8,16,829,1713,1855,1089,1370,0.4407126442263026,-843.0,0.0007270950824274381,-0.6527117188236478,3.7434050203947864,1.4428518683955292e-05,0.0
DSK,Dera Ismael Khan Airport,Pakistan,2,2,0.00011518989365723895,9.878053825601712e-05,9.266523209875121e-05,0.00011730973188879085,2,4,1914,2117,2136,887,806,0.8044562691800679,168.5,0.00026524796831797434,-0.009618252166232466,1.7631802623080808,4.175312813507606e-05,0.0
PZH,Zhob Airport,Pakistan,2,2,0.00011854805599421833,0.00010096433207108304,8.545941993762985e-05,1.017404296204902e-07,2,4,1914,2073,2101,936,1626,0.720884195197581,212.5,0.0001770433014785566,0.01911814627411168,1.3862943611198906,4.3728517745551874e-05,0.0
ONQ,Zonguldak Airport,Turkey,2,2,7.005644570489994e-05,6.033814467734077e-05,1.6706821001349098e-05,4.0019369374777385e-09,2,4,1914,3033,3088,1981,1720,0.23847657175934314,-747.5,0.0012998172895199024,-0.5068989835869964,4.16131854847697,1.5204041106263984e-05,0.0
ELM,Elmira Corning Regional Airport,United States,5,5,0.00013351531439123398,0.00010442750521997318,2.3140375072265816e-05,1.2590209920532078e-05,5,10,1107,1830,2039,1720,1063,0.17331626096807595,-642.0,0.002217941311413725,-0.4268532804624172,4.4725958989114085,2.1013114948613965e-05,0.6
ESC,Delta County Airport,United States,1,1,6.11254768050888e-05,5.3164948357179456e-05,4.552846832052294e-06,0.0,1,2,2658,3329,3366,2774,1725,0.07448362074246039,-288.5,0.0026866430907223535,-0.21596446676604586,4.90527477843843,1.9901059931276692e-05,1.0
ITH,Ithaca Tompkins Regional Airport,United States,3,3,9.222433015358945e-05,7.82063999528267e-05,2.027644424814658e-05,0.0,3,6,1507,2506,2557,1831,1725,0.21986003275251118,-796.0,0.0025685682968061446,-0.48193488986204613,4.913244581521375,1.8829315411101807e-05,1.0
MQT,Sawyer International Airport,United States,2,2,7.883218486620155e-05,7.102226306183925e-05,1.1633815272508337e-05,0.0,2,4,1914,2782,2713,2264,1725,0.14757697369740427,-496.5,0.003488957933929699,-0.38887891704550626,5.116575473614006,2.0366240589757387e-05,1.0
PLN,Pellston Regional Airport of Emmet County Airport,United States,1,1,6.11254768050888e-05,5.3164948357179456e-05,4.552846832052294e-06,0.0,1,2,2658,3329,3366,2774,1725,0.07448362074246039,-288.5,0.0026866430907223535,-0.21596446676604586,4.90527477843843,1.9901059931276692e-05,1.0
SCE,University Park Airport,United States,4,4,0.00011098188276400861,8.798794786612964e-05,2.4506590698414365e-05,0.0,4,8,1270,2168,2358,1674,1725,0.22081613762604005,-780.0,0.0029172401802699368,-0.4741403511482609,4.968363474728187,1.963891379640763e-05,1.0
SWF,Stewart International Airport,United States,5,5,0.00013001454000719222,0.00010028140947521385,2.0887338241827913e-05,4.03541851586819e-06,5,10,1107,1886,2113,1814,1209,0.16065386410375682,-698.0,0.0019263558873536236,-0.4534231758541569,4.468593363888897,2.0189403329823613e-05,0.4
TVC,Cherry Capital Airport,United States,3,3,9.771474212206686e-05,8.978692134264918e-05,1.5601500160680754e-05,0.0,3,6,1507,2414,2320,2020,1725,0.15966372956489108,-704.5,0.003288612129563317,-0.42410643074617127,5.033561799227864,2.0982418138890954e-05,1.0
SZZ,"Szczecin-Goleniów ""Solidarność"" Airport",Poland,7,7,0.00013396817289179999,0.00010175457559912613,5.4409870027924013e-05,5.958940031622092e-07,7,14,912,1827,2085,1162,1459,0.4061402708826103,-873.5,0.0012809499240830486,-0.6308935171682126,4.269238178859096,1.5085478515671672e-05,0.0
TUF,Tours-Val-de-Loire Airport,France,5,5,0.0001077893364683773,8.414219081742322e-05,3.741805874539976e-05,0.0,5,10,1107,2222,2418,1395,1725,0.347140635348259,-1034.0,0.0014620731399406673,-0.6408907322708952,4.4914585359011765,1.495994369499454e-05,0.0
GPA,Araxos Airport,Greece,3,3,8.338927390298112e-05,6.70707245626668e-05,3.5162139574172905e-05,1.8354411668041602e-07,3,6,1507,2666,2807,1457,1585,0.42166261832525537,-956.0,0.0021328093138378366,-0.5826391793246799,4.561923987859482,1.5364587487909744e-05,0.3333333333333333
GWT,Westerland Sylt Airport,Germany,7,7,0.0001314822219791808,0.00010213415575695622,8.51717635520884e-05,0.0,7,14,912,1856,2071,938,1725,0.6477815956409279,-902.5,0.0021075546079863546,-0.6496241247713535,4.8826333040203735,1.4667671637914408e-05,0.2857142857142857
NQY,Newquay Cornwall Airport,United Kingdom,5,5,0.00014205634820511502,0.00012326125637458475,3.9063995397043086e-05,0.00043595806078260016,5,10,1107,1715,1757,1363,503,0.27498943828007333,-527.0,0.0014466699656123761,-0.3648456690290267,3.8246071900444405,2.3022769985564794e-05,0.2
IKO,Nikolski Air Station,United States,1,1,0.0002044525214637805,0.00020428306407803426,9.373042578622591e-11,0.0,1,2,2658,1163,1019,3391,1725,4.584459272752505e-07,1877.5,0.0005655644539005873,0.9914425646233109,1.0986122886681098,0.00018852148463352911,0.0
KQA,Akutan Seaplane Base,United States,1,1,0.0002044525214637805,0.00020428306407803426,9.373042578622591e-11,0.0,1,2,2658,1163,1019,3391,1725,4.584459272752505e-07,1877.5,0.0005655644539005873,0.9914425646233109,1.0986122886681098,0.00018852148463352911,0.0
DWD,King Salman Abdulaziz Airport,Saudi Arabia,2,2,8.00279427064024e-05,6.465700817060906e-05,0.00012506325822768066,0.0,2,4,1914,2758,2905,739,1725,1.5627448863267521,-475.5,0.001971455586502079,-0.3738244103913235,4.536687258451512,2.106962757377641e-05,0.0
GSM,,,5,5,0.00017570285832285514,0.0001694907659435608,0.0001704232217898575,0.00019553732510391037,5,10,1107,1385,1256,627,723,0.9699513338405897,-197.0,0.0014828748608227335,-0.1522752030032084,3.5696919202610276,3.093959589602327e-05,0.2
HRK,Kharkiv International Airport,Ukraine,8,9,0.00016411951388398366,0.0001260158341323252,0.00022062787127612087,1.1732535108886814e-05,9,17,750,1487,1713,543,1069,1.3443122396285128,-698.0,0.0017388865809256971,-0.5102194680688648,4.328899655876095,1.7633814437271264e-05,0.25
LFM,Lamerd Airport,Iran,3,3,0.00010185102982804433,7.906230506351153e-05,0.00015211392323015083,0.0,3,6,1507,2339,2530,662,1725,1.493494209012571,-629.0,0.001836746841497027,-0.38264761629784694,4.179196589561994,2.260449177167555e-05,0.3333333333333333
MUX,Multan International Airport,Pakistan,8,8,0.00020781772636973124,0.00019042359786497216,0.00046098040885696553,5.0612793054290684e-05,8,16,829,1139,1099,323,928,2.2181958050913773,-269.0,0.0013725142370264007,-0.27415299370143487,3.790571097398651,2.406002215569359e-05,0.125
ZAH,Zahedan International Airport,Iran,7,7,0.00024727580951273677,0.0002574001762187626,0.00023453931550071266,0.0006661357772576646,7,14,912,878,753,527,429,0.9484927618390101,75.5,0.0010936886497275662,-0.017991421819758102,2.8787206706141686,3.412877878836192e-05,0.14285714285714285
MJN,Amborovy Airport,Madagascar,2,2,0.00011509564717742177,0.00010069040311263797,4.005569896548754e-05,0.0,2,4,1914,2119,2105,1350,1725,0.3480209716683816,166.5,0.0005453419792228043,-0.010436770643229565,2.495216293389368,4.169768904023902e-05,0.0
EAE,Siwo Airport,Vanuatu,1,1,9.886912401175675e-05,8.202722695734561e-05,4.521948658737241e-06,0.0,1,2,2658,2388,2457,2788,1725,0.04573671208212107,652.5,0.0012861070119217076,0.2649037808464456,2.995732273553991,6.430535059608538e-05,0.0
EAT,Pangborn Memorial Airport,United States,1,1,6.547977242382514e-05,5.492026518351205e-05,5.510681939073534e-06,0.0,1,2,2658,3153,3272,2696,1725,0.08415853835601367,-112.5,0.0022521384550733387,-0.14715193803265514,4.499809670330265,2.5023760611925986e-05,0.0
EAU,Chippewa Valley Regional Airport,United States,1,1,6.191628392598824e-05,5.3101590760617954e-05,7.080968440456045e-06,0.0,1,2,2658,3296,3372,2575,1725,0.11436358888915711,-258.0,0.004291272777137045,-0.20311000165753335,5.327876168789581,2.0831421248238085e-05,1.0
KSE,Kasese Airport,Uganda,1,1,6.71388942165494e-05,5.8664067392333704e-05,1.965843308801473e-05,0.0,1,2,2658,3090,3146,1856,1725,0.29280245552761913,-49.5,0.000539513373360071,-0.12212969342271407,2.995732273553991,2.6975668668003548e-05,0.0
PAF,,,1,1,6.71388942165494e-05,5.8664067392333704e-05,1.965843308801473e-05,0.0,1,2,2658,3090,3146,1856,1725,0.29280245552761913,-49.5,0.000539513373360071,-0.12212969342271407,2.995732273553991,2.6975668668003548e-05,0.0
RUA,Arua Airport,Uganda,1,1,6.71388942165494e-05,5.8664067392333704e-05,1.965843308801473e-05,0.0,1,2,2658,3090,3146,1856,1725,0.29280245552761913,-49.5,0.000539513373360071,-0.12212969342271407,2.995732273553991,2.6975668668003548e-05,0.0
EDA,,,2,1,0.00020967020823625134,0.00018448533112718147,6.814992434273333e-07,0.0,3,3,1507,1128,1147,3230,1725,0.0032503389449560537,582.0,0.0001300937461610841,0.5893355914086946,0.34657359027997264,9.73297835142949e-05,0.0
EDL,Eldoret International Airport,Kenya,3,2,0.00023804555894362488,0.00018368243648227546,0.00011806662057886697,0.0,3,5,1507,935,1155,771,1725,0.49598329455424994,775.0,0.0006461559476377685,0.4663032093427262,1.617343421306539,7.601411105253915e-05,0.0
LOK,Lodwar Airport,Kenya,2,1,0.000168005231027478,0.00010944848311814212,8.33277879939381e-05,0.0,2,3,1914,1442,1956,948,1725,0.4959832945934253,843.5,0.0009708361511495149,0.3677948480769935,2.4260151319598084,7.282097366837032e-05,0.0
EDO,Balıkesir Körfez Airport,Turkey,1,1,5.9661921643113265e-05,5.388759530783407e-05,1.4311762055490994e-05,0.0,1,2,2658,3373,3334,2114,1725,0.2398810105564709,-331.5,0.0017815645744821925,-0.2401992265470021,4.584967478670572,1.8179230351859108e-05,0.0
PGX,Périgueux-Bassillac Airport,France,2,2,7.712883236126163e-05,6.623084496216078e-05,1.4061860237678494e-05,1.8093556529177518e-06,2,4,1914,2819,2851,2137,1324,0.1823165190912593,-533.5,0.0012161769356998837,-0.41072309665933737,3.4881740352238744,1.9364268551799264e-05,0.5
EGM,Sege Airport,Solomon Islands,3,4,0.00028240663697075866,0.0002468259991624534,7.202727703088908e-06,1.1685655857434998e-06,5,7,1107,748,803,2566,1375,0.025504810298897836,440.0,0.0007674627849077695,0.6371891372216538,1.9390370533210681,9.341061184190693e-05,0.0
RBV,Ramata Airport,Solomon Islands,2,2,0.00016329403728823042,0.0001427204914070181,4.164783241945455e-06,0.0,3,4,1507,1496,1508,2842,1725,0.02550480906166949,214.0,0.0008709292380450539,0.33935221754953915,2.2154083994216567,7.00496829337103e-05,0.0
VAO,Suavanao Airport,Solomon Islands,3,1,0.0002071891537376747,0.00018108522720391973,5.284319772884706e-06,0.0,3,4,1507,1143,1173,2725,1725,0.02550480890314974,567.0,0.0006150470342618183,0.32747329204692655,1.7079879931344195,6.391355973836469e-05,0.0
EGN,Geneina Airport,Sudan,1,1,6.776156364508138e-05,6.970972903838663e-05,3.995972836252987e-05,0.0,1,2,2658,3080,2747,1351,1725,0.589710836246773,-39.5,0.0006095808607155242,-0.11289808871925011,3.091042453358316,2.7708220941614738e-05,0.0
EGS,Egilsstaðir Airport,Iceland,1,1,0.0001321356729211874,0.00013147623012496645,7.912127981043159e-07,0.0,1,2,2658,1841,1643,3208,1725,0.005987881853647776,1199.5,0.0005172123349796181,0.5549360048733529,1.6094379124341003,0.00010344246699592362,0.0
EGX,Egegik Airport,United States,1,1,0.00018606190561266223,0.00016290946427925342,5.355662078878666e-07,0.0,2,2,1914,1288,1305,3261,1725,0.0028784301984028445,996.0,0.0001668850932966821,0.8971862291905754,0.0,0.0001668850932966821,0.0
EJH,Al Wajh Domestic Airport,Saudi Arabia,1,1,6.096837402214456e-05,5.391411284794869e-05,5.3169310730439614e-05,0.0,1,2,2658,3335,3330,1174,1725,0.8720801822782379,-293.5,0.0021490694127859534,-0.21853794394912462,4.6913478822291435,1.971623314482526e-05,0.0
EKO,Elko Regional Airport,United States,1,1,6.46059468282801e-05,5.5151165569436695e-05,3.690146362295435e-06,0.0,1,2,2658,3171,3262,2916,1725,0.057117750663165566,-132.5,0.00215961574829728,-0.16058675230593522,4.499809670330265,2.3995730536636446e-05,0.0
EKS,Shakhtyorsk Airport,Russia,1,1,7.4140835108222e-05,6.41802143802557e-05,1.1159890883728236e-05,0.0,1,2,2658,2889,2929,2301,1725,0.1505228645919398,151.5,0.00042255895423475796,-0.022926753427666924,2.4849066497880004,3.521324618622983e-05,0.0
ELC,Elcho Island Airport,Australia,1,1,0.00012812958052931862,0.00011897132813907144,8.618536214029082e-06,0.0,1,2,2658,1912,1817,2455,1725,0.0672642193818545,1129.0,0.00029618825170744305,0.524148884703461,1.0986122886681098,9.872941723581435e-05,0.0
HOT,Memorial Field,United States,2,2,0.00011457900864059802,9.67233793252444e-05,7.754948826769526e-06,1.5038174707880996e-05,2,4,1914,2131,2186,2517,1046,0.06768210790769372,154.5,0.00037833307363853094,-0.01493565108240702,2.0794415416798357,4.1393783985216496e-05,0.0
ELF,El Fasher Airport,Sudan,1,1,6.776156364508138e-05,6.970972903838663e-05,3.995972836252987e-05,0.0,1,2,2658,3080,2747,1351,1725,0.589710836246773,-39.5,0.0006095808607155242,-0.11289808871925011,3.091042453358316,2.7708220941614738e-05,0.0
ELG,El Golea Airport,Algeria,2,2,0.00013245765077496841,0.00012329088772167288,1.3745490918088351e-05,0.0,2,4,1914,1839,1756,2148,1725,0.10377272160322767,446.5,0.00023214526770581428,0.1300627096354141,1.4978661367769954,5.191063232721155e-05,0.0
ELH,North Eleuthera Airport,Bahamas,4,4,0.0001221163437690112,0.0001288479877552262,1.711037201798101e-05,1.2627263198804938e-06,4,8,1270,2014,1680,1966,1364,0.14011533173926402,-626.0,0.0016079333703838093,-0.3785330930359141,4.069760404750152,2.2913755269721197e-05,0.25
ELI,Elim Airport,United States,3,3,0.000226734364420045,0.00020524667736515845,6.477827625805743e-07,0.0,3,6,1507,998,1014,3234,1725,0.0028570118351380594,712.0,0.0005509525496501078,0.4176202613267215,1.752498457342594,7.157834783283035e-05,0.0
GLV,Golovin Airport,United States,3,3,0.0002451435196666215,0.00020735428574355423,6.759350389734561e-07,0.0,3,6,1507,890,1000,3231,1725,0.002757303313147669,820.0,0.0005233115042367972,0.4956849634493459,1.5214493971559453,7.87976243566379e-05,0.0
KKA,Koyuk Alfred Adams Airport,United States,3,4,0.00024020482060116926,0.00023003233377405177,7.898576233581093e-07,0.0,4,7,1270,917,883,3211,1725,0.0032882671604229433,471.0,0.0005467830766229707,0.47533310841608056,1.6566044331920002,7.686087961826158e-05,0.0
ELL,,,1,1,7.18572692278758e-05,6.0040286161029844e-05,2.339254064287503e-05,0.0,1,2,2658,2982,3106,1690,1725,0.3255417425993736,55.5,0.0026346625458000183,-0.05421143534159967,4.394449154672439,3.252669809629652e-05,1.0
ELV,Elfin Cove Seaplane Base,United States,1,1,0.00014905303173409675,0.00013027613741144677,8.808010319751702e-07,0.001972538708735028,2,2,1914,1664,1657,3188,273,0.005909313092983414,621.0,0.00012334524178132371,0.675408945277379,0.0,0.00012334524178132371,0.0
KOT,Kotlik Airport,United States,3,3,0.0002655882689818718,0.0002445002997841632,9.921469801153082e-07,3.116174895315999e-06,3,6,1507,805,812,3173,1256,0.003735658144535853,905.0,0.0003134158124799286,0.5757883784945381,1.290400336969297,8.681517304820863e-05,0.0
ENE,Ende (H Hasan Aroeboesman) Airport,Indonesia,2,2,0.00013887096690640393,0.00014260247457031935,2.5699052906234368e-05,0.0,2,4,1914,1754,1509,1650,1725,0.18505706036852887,531.5,0.00020436617244555254,0.17734493845024346,1.2424533248940002,5.568317120621647e-05,0.0
ENH,Enshi Airport,China,1,1,5.892575466062698e-05,7.022386412569165e-05,1.2613193824461107e-05,0.0,1,2,2658,3385,2730,2217,1725,0.21405230865696478,-343.5,0.0011426680016645768,-0.25261495914437937,4.189654742026425,1.7313151540372375e-05,0.0
NQU,Reyes Murillo Airport,Colombia,1,1,9.63191566947794e-05,7.833649365944893e-05,2.12825641769475e-06,0.0,1,2,2658,2443,2549,3064,1725,0.022095878854492754,598.0,0.0004904431137488345,0.23877401125404418,2.0794415416798357,6.130538921860431e-05,0.0
EOI,Eday Airport,United Kingdom,2,1,0.00010955578164107321,0.00010575576402960157,5.45619660749255e-06,0.0,2,3,1914,2195,2014,2707,1725,0.04980290885394025,90.5,0.0003101794658955381,-0.05976642698463941,1.8920948169591307,3.84389445945009e-05,0.0
EPR,Esperance Airport,Australia,1,2,7.707791393991571e-05,7.617519595179996e-05,1.940840281487554e-05,0.0,2,3,1914,2820,2627,1869,1725,0.25180238829510754,-537.0,0.001469408055110543,0.01592356458562172,3.6375861597263857,3.866863302922482e-05,0.0
RVT,Ravensthorpe Airport,Australia,2,1,0.00010983602736474187,9.775816813437121e-05,2.765697399136369e-05,0.0,2,3,1914,2185,2157,1613,1725,0.25180238811369987,100.5,0.0007732429845252294,-0.05721167457739895,2.1653666701431655,3.860379499959134e-05,0.0
ERC,Erzincan Airport,Turkey,3,3,9.7716335614508e-05,7.775633168603899e-05,5.222645570562196e-05,1.9177047728951104e-08,3,6,1507,2407,2577,1189,1693,0.5344700594551139,-700.0,0.002427834277906174,-0.42409012328412743,4.590372537281846,2.0983043063846613e-05,0.3333333333333333
ERL,Erenhot Saiwusu International Airport,China,2,2,7.65629041448395e-05,5.945538130215909e-05,2.5548715592099736e-05,0.0,2,4,1914,2838,3126,1652,1725,0.3336957483191522,-552.5,0.002275060071046711,-0.4180875885582491,4.469397040716903,1.9031369592743286e-05,0.5
ERM,Erechim Airport,Brazil,3,2,0.00017238326697624912,0.00013976387493832643,8.085782047549162e-06,3.355365548650923e-06,3,5,1507,1415,1541,2490,1243,0.04690584062699785,295.0,0.00043469136469921605,0.1435614240741696,1.9269145052641097,5.026419260261005e-05,0.0
PFB,Lauro Kurtz Airport,Brazil,4,4,0.00019684648798540884,0.0001736539802796996,1.4775796774005664e-05,5.4468697380573646e-05,4,8,1270,1218,1221,2061,915,0.07506253693030537,170.0,0.0012902444118365328,0.09891685536401873,3.1106495640844103,4.4893209458204225e-05,0.25
ERN,Eirunepé Airport,Brazil,1,1,0.00013805927871068658,0.00013149884189943325,9.99098422668246e-07,0.0,1,2,2658,1765,1638,3169,1725,0.007236735060465805,1275.0,0.0005520570760431056,0.5987899337761231,1.6094379124341003,0.00011041141520862113,0.0
TFF,Tefé Airport,Brazil,5,5,0.0005520570760431056,0.0005136818149588551,5.877049575797747e-06,0.003127081507449606,5,10,1107,396,406,2680,197,0.010645728187965218,792.0,0.00027327733785375435,0.9925819732960504,0.5780743515792329,0.00011949352935106067,0.0
ERS,Eros Airport,Namibia,3,3,0.00043235298862354837,0.00043199463977940686,1.4059563867932517e-10,0.0,3,6,1507,501,479,3381,1725,3.2518715581666165e-07,1209.0,0.00024885634322279355,1.0630834877498359,0.46209812037329684,0.0001522131031478543,0.0
MPA,Katima Mulilo Airport,Namibia,2,2,0.0002899297202248178,0.00028968941662144176,9.373042578622955e-11,0.0,2,4,1914,731,685,3383,1725,3.232867113918123e-07,1554.0,0.0003611413544241831,0.9134382816482631,0.8958797346140275,0.0001445412614934625,0.0
NDU,Rundu Airport,Namibia,2,2,0.0002899297202248178,0.00028968941662144176,9.373042578622955e-11,0.0,2,4,1914,731,685,3383,1725,3.232867113918123e-07,1554.0,0.0003611413544241831,0.9134382816482631,0.8958797346140275,0.0001445412614934625,0.0
OND,Ondangwa Airport,Namibia,1,1,0.0001667095892187451,0.0001665714146182272,4.6865212893119164e-11,0.0,1,2,2658,1457,1284,3401,1725,2.8111887932028786e-07,1584.5,0.00043235298862354837,0.7873600968871166,1.0986122886681098,0.00014411766287451613,0.0
ERZ,Erzurum International Airport,Turkey,3,3,9.7716335614508e-05,9.722110667633951e-05,5.222645570562196e-05,1.91386936334932e-08,3,6,1507,2407,2173,1189,1698,0.5344700594551139,-700.0,0.002427834277906174,-0.42409012328412743,4.590372537281846,2.0983043063846613e-05,0.3333333333333333
IGD,Iğdır Airport,Turkey,2,2,8.226398983627022e-05,6.804166978649299e-05,3.791469365013096e-05,0.0,2,4,1914,2684,2787,1384,1725,0.46089052725977026,-400.0,0.0027509691296181645,-0.34626680353311023,4.593075066587483,2.2384949419840368e-05,0.5
KCM,Kahramanmaraş Airport,Turkey,3,3,9.7716335614508e-05,7.775633168603899e-05,5.222645570562196e-05,1.91386936334932e-08,3,6,1507,2407,2577,1189,1698,0.5344700594551139,-700.0,0.002427834277906174,-0.42409012328412743,4.590372537281846,2.0983043063846613e-05,0.3333333333333333
KCO,Cengiz Topel Airport,Turkey,1,1,6.57405783464817e-05,5.829155669573848e-05,1.6464685887854596e-05,0.0,1,2,2658,3123,3154,1990,1725,0.2504493617485151,-82.5,0.001089215420798704,-0.14317684934330543,3.7612001156935624,2.5330591181365207e-05,0.0
KSY,Kars Airport,Turkey,3,3,9.7716335614508e-05,7.775633168603899e-05,5.222645570562196e-05,1.91386936334932e-08,3,6,1507,2407,2577,1189,1698,0.5344700594551139,-700.0,0.002427834277906174,-0.42409012328412743,4.590372537281846,2.0983043063846613e-05,0.3333333333333333
MLX,Malatya Erhaç Airport,Turkey,3,3,9.7716335614508e-05,8.75064447767935e-05,5.222645570562196e-05,1.9177047728951104e-08,3,6,1507,2407,2365,1189,1693,0.5344700594551139,-700.0,0.002427834277906174,-0.42409012328412743,4.590372537281846,2.0983043063846613e-05,0.3333333333333333
MSR,Muş Airport,Turkey,3,3,9.7716335614508e-05,7.775633168603899e-05,5.222645570562196e-05,1.9177047728951104e-08,3,6,1507,2407,2577,1189,1693,0.5344700594551139,-700.0,0.002427834277906174,-0.42409012328412743,4.590372537281846,2.0983043063846613e-05,0.3333333333333333
TEQ,Tekirdağ Çorlu Airport,Turkey,1,1,6.57405783464817e-05,5.829155669573848e-05,1.6464685887854596e-05,0.0,1,2,2658,3123,3154,1990,1725,0.2504493617485151,-82.5,0.001089215420798704,-0.14317684934330543,3.7612001156935624,2.5330591181365207e-05,0.0
FRD,Friday Harbor Airport,United States,1,1,0.00024658063699564757,0.00024637626256618605,7.49843406289806e-11,0.0,2,2,1914,881,806,3397,1725,3.040966295755987e-07,1404.5,0.00023808360149871937,1.1787958527366023,0.0,0.00023808360149871937,0.0
ESU,Mogador Airport,Morocco,2,2,7.42137345558764e-05,7.235659888887089e-05,1.6373365085655054e-05,0.0,2,4,1914,2888,2697,1997,1725,0.22062445965884325,-602.5,0.001830426997322454,-0.44925103303451586,4.616735394682518,1.76495051360738e-05,0.5
ETH,Eilat Airport,Israel,3,3,0.00021221361333370072,0.0002112860198833687,2.962409089838691e-05,0.0005784399649430324,3,6,1507,1108,977,1567,453,0.13959561987102,602.0,0.0005474796611876902,0.35143450729599657,1.918580737862304,6.588393628858878e-05,0.0
HFA,Haifa International Airport,Israel,2,2,0.00018145524567314894,0.00012842570286488537,1.4597377966934544e-05,0.0,2,4,1914,1323,1683,2091,1725,0.08044616132634963,962.0,0.00019683442950342483,0.44480877507591465,0.8958797346140275,8.073274697390402e-05,0.0
SDV,Sde Dov Airport,Israel,2,2,0.00018145524567314894,0.00017059110386035016,1.4597377966934544e-05,0.0,2,4,1914,1323,1247,2091,1725,0.08044616132634963,962.0,0.00019683442950342483,0.44480877507591465,0.8958797346140275,8.073274697390402e-05,0.0
ETR,Santa Rosa International Airport,Ecuador,1,1,7.659661044666804e-05,6.32397449124312e-05,4.007740083459057e-06,0.0,1,2,2658,2833,2972,2856,1725,0.05232268190574214,206.5,0.0008763550535772177,0.00965961070107646,3.1354942159291497,3.8102393633792075e-05,0.0
EUX,F. D. Roosevelt Airport,Netherlands Antilles,1,1,6.407421795173284e-05,5.4603737824775674e-05,4.974926618178863e-06,0.0,1,2,2658,3191,3285,2745,1725,0.07764318905814004,-149.5,0.0007712155165677287,-0.16885114804846246,3.4965075614664802,2.337016716871905e-05,0.0
YQM,Greater Moncton International Airport,Canada,7,7,0.00018796522462084564,0.00015841013367047204,4.577175249863771e-05,1.2218668643907744e-05,7,14,912,1266,1344,1268,1066,0.24351181230978375,-312.5,0.0016343858743272054,-0.29223880287610626,3.879291174846468,2.416061323482583e-05,0.2857142857142857
YYT,St. John's International Airport,Canada,12,13,0.0003831331526845345,0.0004051884427394269,8.753363655925576e-05,0.0033906290822218453,13,25,592,554,504,924,188,0.22846792543512806,53.5,0.001285045490748121,0.08760960998545908,3.1658694932692195,3.3227801644217484e-05,0.25
EXI,,,1,1,0.00012334524178132371,0.00010129788681736046,1.0362358598313869e-06,0.0,1,2,2658,1999,2095,3164,1725,0.008401101208820917,1041.0,0.0013034109623895093,0.4860940522698254,2.6390573296152584,9.310078302782209e-05,0.0
ISC,St. Mary's Airport,United Kingdom,3,3,0.00015954020259355728,0.00014353444129841487,1.7977334508241467e-05,0.002261174408413672,3,6,1507,1536,1500,1926,244,0.11268215920497676,174.0,0.00019026451438022355,0.06613707420039461,1.517958963866847,4.522769678105311e-05,0.0
EYK,Beloyarskiy Airport,Russia,4,4,0.00013599024763795604,0.00010985870828262194,4.924109809931828e-05,5.110201238186513e-06,4,8,1270,1796,1952,1229,1184,0.3620928629412589,-408.0,0.0007734038203197461,-0.27092414617633764,2.796625641050504,2.699431525190359e-05,0.0
NYA,Nyagan Airport,Russia,3,3,0.00011110709064080281,0.00010737364475162803,3.905528570771489e-05,0.0,3,6,1507,2166,1993,1364,1725,0.35151029049960814,-456.0,0.000638814105638467,-0.29566435338388786,2.8170177963038974,2.6234319545411605e-05,0.0
OVS,Sovetskiy Airport,Russia,5,5,0.00015074788887010988,0.00012080835171265393,6.335025606759533e-05,2.4146047225886064e-07,5,10,1107,1646,1789,1084,1560,0.4202397562076662,-458.0,0.0007169978488279411,-0.30546063493373055,2.9402057262342347,2.5067838378952723e-05,0.0
GAL,Edward G. Pitka Sr Airport,United States,6,5,0.00041028484643927573,0.0004635488488228658,1.6427069039083093e-06,0.0009158632778264727,6,11,996,524,441,3119,377,0.004003820560678295,527.0,0.0004823357374906634,0.5833857428566649,1.4238101563608028,7.177946438112851e-05,0.0
HKB,,,1,1,0.00012748826667315321,0.00010567026938091762,7.310084146172122e-07,0.0,1,2,2658,1929,2015,3215,1725,0.0057339270012300644,1110.0,0.0018615236638223195,0.5191311192479944,2.9444389791664403,9.797492967485893e-05,0.0
KBC,,,1,1,0.00012748826667315321,0.00010567026938091762,7.310084146172122e-07,0.0,2,2,1914,1929,2015,3215,1725,0.0057339270012300644,354.0,0.0018615236638223195,0.5191311192479944,2.9444389791664403,9.797492967485893e-05,0.0
LMA,Minchumina Airport,United States,1,1,0.00012748826667315321,0.00010567026938091762,7.310084146172122e-07,0.0,1,2,2658,1929,2015,3215,1725,0.0057339270012300644,1110.0,0.0018615236638223195,0.5191311192479944,2.9444389791664403,9.797492967485893e-05,0.0
MLY,Manley Hot Springs Airport,United States,1,1,0.00012748826667315321,0.00010567026938091762,7.310084146172122e-07,0.0002892199824715162,2,2,1914,1929,2015,3215,599,0.0057339270012300644,354.0,0.0018615236638223195,0.5191311192479944,2.9444389791664403,9.797492967485893e-05,0.0
RBY,Ruby Airport,United States,4,3,0.0003317156114120908,0.0003336045960314908,1.5752076999773236e-06,0.0,4,7,1270,639,581,3125,1725,0.004748669178612884,749.0,0.0007116946202406007,0.6207706889027804,1.8154817731756878,8.456059812415207e-05,0.0
RMP,,,1,1,0.00012748826667315321,0.00010567026938091762,7.310084146172122e-07,0.0,1,2,2658,1929,2015,3215,1725,0.0057339270012300644,1110.0,0.0018615236638223195,0.5191311192479944,2.9444389791664403,9.797492967485893e-05,0.0
SVS,,,2,2,0.00022171872570939452,0.00018377438232254395,1.2713210432590976e-06,0.0,2,4,1914,1030,1152,3150,1725,0.005733936270792982,1255.0,0.001041621194765857,0.6452093093286351,1.8187930798631928,0.0001044171462647781,0.0
TAL,,,4,3,0.00032412374545299556,0.00033196801138281676,1.5043525696084248e-06,0.00024101665205959543,4,7,1270,650,587,3131,710,0.004641290836331478,738.0,0.0006463187453294499,0.597618052489187,1.586409090207149,8.232769640322674e-05,0.0
WBQ,Beaver Airport,United States,2,2,0.00022171872570939452,0.00018377438232254395,1.2713210432590976e-06,0.0,2,4,1914,1030,1152,3150,1725,0.005733936270792982,1255.0,0.001041621194765857,0.6452093093286351,1.8187930798631928,0.0001044171462647781,0.0
FAV,Fakarava Airport,French Polynesia,2,2,0.00018244646346780331,0.00014676296742123206,6.185901615087404e-06,0.0,2,4,1914,1316,1470,2667,1725,0.0339052974637628,969.0,0.0011967000468865023,0.4502565112155761,2.470821211304652,8.131581607617825e-05,0.0
KGA,Kananga Airport,Congo (Kinshasa),3,3,0.0001913784569812648,0.00013533434612774328,5.177051602204914e-05,2.9272685013614727e-07,3,6,1507,1243,1595,1200,1535,0.2705138124669762,467.0,0.00042212970320529893,0.2480940475848854,1.752498457342594,5.771328674520809e-05,0.0
MJM,Mbuji Mayi Airport,Congo (Kinshasa),2,2,0.0001310718697101935,9.02386266980798e-05,3.847798168362401e-05,0.0,2,4,1914,1867,2314,1377,1725,0.2935639948426826,418.5,0.0005622456285726997,0.11954552859426393,2.282174095733918,5.10954670001878e-05,0.0
NLA,Simon Mwansa Kapwepwe International Airport,Zambia,6,7,0.00027287924441494197,0.00027911662788942143,0.00011817099759246227,0.000340546030628415,8,13,829,781,697,770,541,0.4330523482862283,89.0,0.0009039604264186341,0.17556344614931696,2.3214351076193798,4.483718993465567e-05,0.16666666666666666
FBS,,,2,2,0.0002244560316097562,0.0002242699945539246,3.959850774429856e-12,0.0019794189606206283,2,4,1914,1014,920,3410,265,1.7641988705006297e-08,1271.5,0.000251903997409998,0.6574795698006799,0.8958797346140275,0.00010602732887207898,0.0
LKE,,,2,3,0.00023909603799504028,0.0002388978667858826,2.817898240162428e-12,0.00394975167981303,3,5,1507,926,845,3412,165,1.178563335382781e-08,784.0,0.00022927818574561013,0.7206650359237994,0.6931471805599453,0.00011463909287280507,0.0
LUZ,Lublin Airport,Poland,6,6,0.00012011725322836177,9.124421450295742e-05,5.8650231877822217e-05,2.855687896663017e-07,6,12,996,2047,2284,1122,1550,0.4882748339767553,-996.0,0.001450137015626763,-0.6449975470723697,4.408918133510864,1.4883858330156531e-05,0.16666666666666666
REG,Reggio Calabria Airport,Italy,4,4,9.495071066038524e-05,8.889598385950988e-05,4.2650599953626004e-05,0.0,4,8,1270,2470,2336,1303,1725,0.4491867375924805,-1082.0,0.0011076362132734273,-0.6301493989915983,4.052627159487413,1.4923863197906194e-05,0.25
FEN,Fernando de Noronha Airport,Brazil,2,2,9.100389487993245e-05,8.70602856242616e-05,7.374389731371384e-06,0.0,2,4,1914,2539,2377,2548,1725,0.08103378147826433,-253.5,0.0003859899251475667,-0.24529796143054128,2.596478425445105,2.752607001961533e-05,0.0
FKI,Bangoka International Airport,Congo (Kinshasa),3,2,0.00021241192952530826,0.00018853173529366209,1.9844499074699632e-05,0.0031229915278995026,3,5,1507,1106,1117,1848,198,0.09342459775704462,604.0,0.00037075084491362446,0.3523685830215939,1.290400336969297,6.596170733303337e-05,0.0
TSH,Tshikapa Airport,Congo (Kinshasa),2,2,0.00014189785247049736,0.00010610757514966176,3.12765515234116e-05,0.0,2,4,1914,1717,2007,1520,1725,0.22041596105137992,568.5,0.000504765751005149,0.19890718203661528,1.9356005054539454,5.746369215403476e-05,0.0
KNG,Kaimana Airport,Indonesia,2,3,0.00016600172749359936,0.0001323555035084215,1.5244281356975648e-05,0.0,3,5,1507,1468,1627,2043,1725,0.09183206456428854,242.0,0.0002149273264207673,0.35579792698050383,1.0986122886681098,7.164244214025577e-05,0.0
FLG,Flagstaff Pulliam Airport,United States,1,1,6.203643212214635e-05,6.272966393024897e-05,3.9511599209340536e-06,0.0,1,2,2658,3284,2994,2866,1725,0.06369096006608561,-243.0,0.0019085222575440006,-0.20117138768250697,4.51085950651685,2.0972772060923082e-05,0.0
GHB,Governor's Harbour Airport,Bahamas,3,2,0.00010758078830408613,0.00011428805026106121,1.1967889662194037e-05,0.0,3,5,1507,2229,1883,2250,1725,0.11124560296366105,-519.0,0.001112691541061797,-0.32791678571595284,3.343344031287028,2.4851455861898763e-05,0.0
IAG,Niagara Falls International Airport,United States,5,5,0.00013848667639671772,0.00010140748311547731,1.7073385805021916e-05,4.605731763709686e-06,5,10,1107,1762,2092,1968,1194,0.12328540368831159,-574.0,0.0009532859925421692,-0.390295344566324,3.585276890984894,2.218284718476203e-05,0.0
LBE,Arnold Palmer Regional Airport,United States,3,3,9.783811028329865e-05,7.271113454463604e-05,1.2196020832255668e-05,7.244429721652883e-08,3,6,1507,2403,2692,2235,1647,0.12465511442260119,-693.0,0.0015015764267832029,-0.4228446933071002,4.111726002572268,2.1030797813090864e-05,0.0
MHH,Leonard M Thompson International Airport,Bahamas,6,6,0.00015444906987262326,0.00018066444636054795,2.5395792265753284e-05,1.4421529892282849e-06,6,12,996,1600,1178,1653,1348,0.1644282629004993,-549.0,0.001479768267765762,-0.39360152587368447,4.027018495051061,2.1615587063505812e-05,0.16666666666666666
ORH,Worcester Regional Airport,United States,2,2,7.81830581152355e-05,6.221985742513184e-05,8.033244769910741e-06,0.0,2,4,1914,2794,3010,2492,1725,0.10274917563432207,-508.5,0.0019864433461290556,-0.3971472919729404,4.599841895893826,1.9984401326342873e-05,0.0
TCB,Treasure Cay Airport,Bahamas,1,1,6.187787617612471e-05,6.328413345463364e-05,3.915101792774699e-06,0.0,1,2,2658,3307,2967,2876,1725,0.06327143132112414,-266.0,0.0020162648593271904,-0.20373051155984534,4.574710978503383,2.0786235663166913e-05,0.0
ZSA,San Salvador Airport,Bahamas,3,3,0.00010681156057880589,9.337851266851341e-05,1.5034120760615755e-05,2.5454956886212555e-06,4,6,1270,2245,2257,2048,1277,0.14075368508002967,-857.0,0.001765827476141371,-0.33509270435444627,4.256957372595429,2.4549797929390786e-05,0.0
FLS,Flinders Island Airport,Australia,2,1,0.00016999137882503084,0.0001453054298770403,1.3439212973731346e-05,0.0,2,3,1914,1428,1484,2167,1725,0.0790582032254947,857.5,0.00020637104855391686,0.37954745506054977,0.8047189562170501,7.398929585084865e-05,0.0
TER,Lajes Airport,Portugal,8,8,0.00033173972761864524,0.0003112599158785779,4.949918392980093e-05,0.0003220406377854554,8,16,829,636,628,1227,553,0.1492109018269383,234.0,0.00048569848562445526,0.19353633482508847,1.9951053538916308,4.228384587139406e-05,0.0
SOW,Show Low Regional Airport,United States,2,2,0.00010678615514700815,0.0001247833333733206,6.529660817554862e-06,3.116174895315999e-07,2,4,1914,2246,1737,2620,1530,0.06114707293811397,39.5,0.0010332312282179995,-0.0853719832418669,2.80473589759248,3.680975251246125e-05,0.0
FNJ,Pyongyang Sunan International Airport,North Korea,4,4,0.000115069586977077,8.799175876300085e-05,9.275294977793929e-05,4.849722826469795e-07,4,8,1270,2120,2357,886,1492,0.8060596393416846,-732.0,0.0019698627440602654,-0.4379702712867175,4.220389906557995,2.0841179754799213e-05,0.5
FOE,Topeka Regional Airport - Forbes Field,United States,1,1,6.191628392598824e-05,5.3101590760617954e-05,7.080968440456045e-06,0.0,1,2,2658,3296,3372,2575,1725,0.11436358888915711,-258.0,0.004291272777137045,-0.20311000165753335,5.327876168789581,2.0831421248238085e-05,1.0
FON,Arenal Airport,Costa Rica,1,2,7.334025553334455e-05,9.088722774841496e-05,3.869289049537656e-06,0.0,2,3,1914,2918,2293,2881,1725,0.0527580524692672,-634.0,0.0013023127382356951,-0.033783568156939836,3.6375861597263857,3.427138784830777e-05,0.0
XQP,Quepos Managua Airport,Costa Rica,2,2,0.00010450986413381883,0.00014238999013710808,5.513736888621932e-06,0.0,3,4,1507,2281,1511,2695,1725,0.05275805240318666,-571.0,0.0006878264968845199,-0.1069188073347096,2.1653666701431655,3.547075780749002e-05,0.0
PHB,Prefeito Doutor João Silva Filho Airport,Brazil,2,2,9.760303816726365e-05,7.552499261693035e-05,7.023198163330375e-06,0.0,2,4,1914,2419,2645,2583,1725,0.07195675765025496,-133.5,0.0003916119315631128,-0.17529164621233484,2.445174564110877,3.140791901290319e-05,0.0
FRE,Fera/Maringe Airport,Solomon Islands,1,2,0.00010328262669534704,9.026996653937753e-05,2.6342035005115983e-06,0.0,2,3,1914,2292,2309,3017,1725,0.02550480738916249,-8.5,0.0014594518391193492,0.30857596395104636,3.044522437723423,6.949770662473091e-05,0.0
FRW,Francistown Airport,Botswana,2,2,0.00010399682221478009,8.119212702607947e-05,3.9741628608735795e-05,0.0,2,4,1914,2285,2485,1356,1725,0.38214272092525237,0.5,0.0014685762282294387,-0.11183992486241223,3.236945348176137,3.516896846432696e-05,0.5
FSP,St Pierre Airport,Saint Pierre and Miquelon,3,3,0.00011332917105410321,8.488900851589343e-05,1.9016648225911586e-05,0.0,3,6,1507,2140,2400,1899,1725,0.16780011756049165,-430.0,0.0011009287395909698,-0.2758622678678897,3.4765844535966655,2.7105723602220032e-05,0.0
KOJ,Kagoshima Airport,Japan,12,12,0.00028017869067380023,0.00022749148221254758,0.00019695948481757085,1.781681842713736e-05,12,24,624,755,900,589,1032,0.7029781042373495,-113.5,0.0015371362089163607,-0.22534539531999886,3.8926829435739965,2.3134226954173187e-05,0.3333333333333333
FTU,Tôlanaro Airport,Madagascar,2,2,0.00012676116565633904,0.00010987327864731771,2.900206396521241e-05,0.0,2,4,1914,1944,1950,1584,1725,0.2287929731084962,341.0,0.0004715540481092709,0.08610446264481197,2.0715673631957663,4.855975872831983e-05,0.0
TLE,Toliara Airport,Madagascar,3,3,0.0001827336283951485,0.00015838875232864565,4.180817009331043e-05,0.0,3,6,1507,1312,1345,1317,1725,0.22879297292178336,398.0,0.00033796559971202377,0.20187063976950448,1.4769389329477711,5.432315788264307e-05,0.0
FUJ,Fukue Airport,Japan,2,2,9.000000600832991e-05,9.400500621509873e-05,2.4943310851876285e-05,0.0,2,4,1914,2546,2240,1659,1725,0.27714787985200434,-261.0,0.0005886545216828632,-0.25639053082035446,3.0044065927212973,2.6935547155629363e-05,0.0
NGS,Nagasaki Airport,Japan,11,11,0.0003451975349099734,0.0003124818866399922,0.0001436705113032744,0.00036971270152550887,11,22,660,618,625,678,531,0.416197964277883,63.0,0.0010697874078687442,0.03698407348835797,2.9084338572974096,3.2191225578816644e-05,0.2727272727272727
ISG,New Ishigaki Airport,Japan,7,7,0.00019414230507204414,0.00018615698200809288,9.485965474619183e-05,3.15539181394207e-06,7,14,912,1227,1135,879,1253,0.4886088825976926,-273.5,0.0011431081768843846,-0.2599043517150257,3.5544536313725716,2.5198778030298372e-05,0.14285714285714285
KMI,Miyazaki Airport,Japan,7,7,0.0001860770526157188,0.0001580822562618914,0.00010086758686167144,4.868831823429847e-07,7,14,912,1287,1349,842,1491,0.5420742936528579,-333.5,0.001428988363269279,-0.3023349238694788,3.957964519952116,2.3843273415923073e-05,0.2857142857142857
TSJ,Tsushima Airport,Japan,2,2,9.000000600832991e-05,8.471306413487974e-05,2.4943310851876285e-05,0.0,2,4,1914,2546,2405,1659,1725,0.27714787985200434,-261.0,0.0005886545216828632,-0.25639053082035446,3.0044065927212973,2.6935547155629363e-05,0.0
FUN,Funafuti International Airport,Tuvalu,1,1,9.221286753547163e-05,8.44402015432704e-05,5.462992509360182e-06,0.0,1,2,2658,2507,2409,2703,1725,0.059243277596358515,533.0,0.0006776935290197297,0.19520646692414267,2.4849066497880004,5.6474460751644135e-05,0.0
SUV,Nausori International Airport,Fiji,11,12,0.0006776935290197297,0.0005684790795258172,7.712460029350425e-05,0.0012030081342630408,12,23,624,322,370,988,342,0.11380453994457268,319.5,0.0004842006347865763,0.7115624190061451,1.144592580583115,6.77522944163554e-05,0.09090909090909091
FUO,Foshan Shadi Airport,China,1,1,6.184090434192588e-05,6.209514770951723e-05,9.718619224377793e-06,0.0,1,2,2658,3310,3011,2379,1725,0.15715519247005777,-268.5,0.0008297095760521741,-0.20432818695148214,3.6888794541139363,2.0742739401304353e-05,0.0
FUT,Pointe Vele Airport,Wallis and Futuna,1,1,0.00010187380011789829,9.099899215996741e-05,6.795398201560982e-06,0.0,1,2,2658,2338,2291,2600,1725,0.06670408086963169,703.5,0.00020352079131987345,0.2948415784849363,1.0986122886681098,6.784026377329115e-05,0.0
WLS,Hihifo Airport,Wallis and Futuna,3,3,0.00020352079131987345,0.00016526844264205023,2.398375838679178e-05,0.0002892199824715162,3,6,1507,1172,1293,1683,599,0.11784426657960723,538.0,0.000502924955263603,0.30960929816945004,1.7917594692280552,6.247498640176261e-05,0.0
FVM,,,1,1,6.392057706141247e-05,5.587829784106346e-05,5.385144602934739e-05,0.0,1,2,2658,3195,3215,1165,1725,0.8424743408935272,-153.5,0.0006724929825106707,-0.1712518857362344,3.367295829986474,2.3189413190023128e-05,0.0
GAE,Gabès Matmata International Airport,Tunisia,2,2,8.490403082318015e-05,7.679106052430783e-05,2.0641716127955914e-05,0.0,3,4,1507,2633,2598,1823,1725,0.2431182115598733,-923.0,0.0005723391295912686,-0.31467869841471696,2.393745871391023,2.393791469882564e-05,0.0
TOE,Tozeur Nefta International Airport,Tunisia,4,2,0.00013709031190449106,0.00011932756658319578,3.7612955647845144e-05,0.0,4,6,1270,1782,1810,1390,1725,0.2743662562679818,-394.0,0.0008709679530891981,-0.2628674011710732,2.56494060411338,2.731786356019075e-05,0.25
GAF,Gafsa Ksar International Airport,Tunisia,1,2,5.958177602332894e-05,5.388846352866168e-05,1.4485414840914151e-05,0.0,3,3,1507,3374,3333,2096,1725,0.24311821177070084,-1664.0,0.0010850964831592084,-0.24154345912987374,4.0943445622221,1.8084941385986808e-05,0.0
GAJ,Yamagata Airport,Japan,3,3,0.00012651071447330472,9.244801734959455e-05,3.1527465541225387e-05,1.0326229753137655e-05,3,6,1507,1947,2266,1514,1087,0.2492078688550768,-237.5,0.001050737404597069,-0.16583186616786882,3.057753787911587,3.227495632926406e-05,0.3333333333333333
HSL,Huslia Airport,United States,3,5,0.00025084622524781177,0.00023297477968346958,8.159016552635647e-07,0.00019281332164767782,6,8,996,862,876,3204,725,0.003252596902574607,189.0,0.0002978065851033168,0.5186812328285999,1.2688874965901065,8.103397963713779e-05,0.0
KAL,Kaltag Airport,United States,2,3,0.00015901116341767905,0.0002187196516936227,3.8966722646526934e-07,0.0,3,5,1507,1540,947,3298,1725,0.0024505652187558655,169.5,0.0002846480049284774,0.3127741420198564,1.354025100551105,6.753034521354075e-05,0.0
NUL,Nulato Airport,United States,2,3,0.00015901116341767905,0.0002187196516936227,3.8966722646526934e-07,9.640666082383891e-05,3,5,1507,1540,947,3298,835,0.0024505652187558655,169.5,0.0002846480049284774,0.3127741420198564,1.354025100551105,6.753034521354075e-05,0.0
GAM,Gambell Airport,United States,2,2,0.00018475392879138745,0.00021231025215149912,5.016038271598026e-07,0.0,2,4,1914,1298,971,3268,1725,0.002714983277709792,987.0,0.0006761316187369601,0.4628245571396601,1.7328679513998633,8.267314809417601e-05,0.0
SVA,Savoonga Airport,United States,2,2,0.00018475392879138745,0.00021231025215149912,5.016038271598026e-07,0.0,2,4,1914,1298,971,3268,1725,0.002714983277709792,987.0,0.0006761316187369601,0.4628245571396601,1.7328679513998633,8.267314809417601e-05,0.0
KDM,Kaadedhdhoo Airport,Maldives,2,2,9.948872114683727e-05,8.481834341028583e-05,0.0001130622504785446,0.0,2,4,1914,2366,2404,787,1725,1.136432845605422,-80.5,0.0003990138043755554,-0.15615598547865872,2.232954059327292,3.251714430175158e-05,0.0
GAO,Mariana Grajales Airport,Cuba,1,1,6.34872471372332e-05,5.566798601452134e-05,6.424374750722725e-06,0.0,1,2,2658,3209,3226,2635,1725,0.10119157847301019,-167.5,0.0007030680114651051,-0.17805416177832356,3.4339872044851463,2.2679613273067906e-05,0.0
GBT,Gorgan Airport,Iran,4,4,0.00015286578310489465,0.00015847422239221594,0.0001391591520413651,4.869023273931249e-08,5,8,1107,1618,1343,689,1663,0.9103355192697098,-430.0,0.0012864731806792654,-0.15394701900831365,3.4779343975145816,3.1957708034617135e-05,0.0
GCH,Gachsaran Airport,Iran,1,1,8.213757467449816e-05,6.853852998746532e-05,2.2843704527563684e-05,0.0,1,2,2658,2690,2763,1725,1725,0.27811515762537037,346.5,0.0016509834785395317,0.07950236634080277,3.6109179126442243,4.462117509566302e-05,0.0
LCE,Goloson International Airport,Honduras,6,7,0.00023088941895089488,0.00019461855361451954,1.9980600980571696e-05,0.0005838515908419971,7,13,912,976,1081,1845,446,0.08653753416401092,-22.5,0.0002528514645586582,0.00847296703599909,1.8320082508917894,3.660389080449887e-05,0.0
GCN,Grand Canyon National Park Airport,United States,1,1,8.732916148818744e-05,7.092304503520705e-05,2.994042858256133e-06,0.0,1,2,2658,2593,2714,2988,1725,0.03428457123868207,448.5,0.00020291569702715097,0.14079122970986546,1.3862943611198906,5.072892425678774e-05,0.0
GDE,Gode Airport,Ethiopia,1,1,0.00010016747444043081,9.26227206107778e-05,2.2729109942648476e-05,0.0,1,2,2658,2356,2263,1739,1725,0.22691108136269708,685.5,0.00019749846563938333,0.27795031454887287,1.0986122886681098,6.583282187979445e-05,0.0
LMM,Valle del Fuerte International Airport,Mexico,5,5,0.00014940204754206754,9.856242253117557e-05,1.7189355293071867e-05,8.346897041024998e-08,5,10,1107,1661,2140,1963,1645,0.1150543488249839,-473.0,0.0009514974629956088,-0.31442848855893324,3.296955337314359,2.475116980710392e-05,0.2
MXL,General Rodolfo Sánchez Taboada International Airport,Mexico,3,3,0.00010706078498962915,8.660277375506959e-05,1.0730847637587042e-05,0.0,3,6,1507,2239,2385,2325,1725,0.10023135584730232,-529.0,0.001250676213914322,-0.3327621129638736,3.6072720688119495,2.464753299100148e-05,0.3333333333333333
GDT,JAGS McCartney International Airport,Turks and Caicos Islands,3,3,0.00020622883100974212,0.00018135934289120363,9.995474187027285e-06,0.0002892199824715162,3,6,1507,1147,1170,2364,599,0.04846787977261582,563.0,0.0002471729548581007,0.32282751227631046,1.2296264847046454,6.353696280680826e-05,0.0
SLX,Salt Cay Airport,Turks and Caicos Islands,1,1,0.00010264107798015304,8.271179377109868e-05,2.832051004220276e-06,0.0,1,2,2658,2321,2445,3006,1725,0.02759178936885181,720.5,0.00020622883100974212,0.3023450077639378,1.0986122886681098,6.874294366991403e-05,0.0
XSC,South Caicos Airport,Turks and Caicos Islands,2,2,0.00012450204691236507,9.579586487530404e-05,7.312478504181519e-06,0.0,2,4,1914,1980,2216,2555,1725,0.05873380145571945,305.5,0.00036030228534576314,0.0681218889229438,2.04717228111105,4.7230865327001616e-05,0.0
GDZ,Gelendzhik Airport,Russia,1,1,5.943089890461733e-05,5.3322190870263654e-05,1.4392408516729393e-05,0.0,1,2,2658,3377,3363,2103,1725,0.24217046657544686,-335.5,0.0025786712005427563,-0.24407894032347066,4.969813299576001,1.790743889265803e-05,1.0
ILP,Île des Pins Airport,New Caledonia,1,1,0.00015673420062258618,0.0001566042939671062,4.463353644577955e-11,0.0,1,2,2658,1571,1362,3402,1725,2.8477215737525277e-07,1469.0,0.0010590552926395761,0.7256581659337922,2.0794415416798357,0.00013238191157994702,0.0
KNQ,Koné Airport,New Caledonia,1,1,0.00015673420062258618,0.0001566042939671062,4.463353644577955e-11,0.0,1,2,2658,1571,1362,3402,1725,2.8477215737525277e-07,1469.0,0.0010590552926395761,0.7256581659337922,2.0794415416798357,0.00013238191157994702,0.0
LIF,Lifou Airport,New Caledonia,3,3,0.0003819428376406523,0.0003816262704813523,1.339006081066573e-10,0.0,3,6,1507,558,525,3382,1725,3.5057761243486536e-07,1152.0,0.0005296526561257543,0.9391120875829193,1.1552453009332422,0.00013244441648293016,0.0
MEE,Maré Airport,New Caledonia,1,1,0.00015673420062258618,0.0001566042939671062,4.463353644577955e-11,0.0,1,2,2658,1571,1362,3402,1725,2.8477215737525277e-07,1469.0,0.0010590552926395761,0.7256581659337922,2.0794415416798357,0.00013238191157994702,0.0
TGJ,Tiga Airport,New Caledonia,2,2,0.00026495133786884345,0.0002647317372120957,8.926707259946336e-11,0.0,2,4,1914,810,724,3395,1725,3.3691874635353777e-07,1475.0,0.0007204990651401142,0.8233459105305965,1.5890269151739727,0.00012984809539674888,0.0
TOU,Touho Airport,New Caledonia,1,1,0.00015673420062258618,0.0001566042939671062,4.463353644577955e-11,0.0,1,2,2658,1571,1362,3402,1725,2.8477215737525277e-07,1469.0,0.0010590552926395761,0.7256581659337922,2.0794415416798357,0.00013238191157994702,0.0
UVE,Ouvéa Airport,New Caledonia,2,2,0.00026495133786884345,0.0002647317372120957,8.926707259946336e-11,0.0,2,4,1914,810,724,3395,1725,3.3691874635353777e-07,1475.0,0.0007204990651401142,0.8233459105305965,1.5890269151739727,0.00012984809539674888,0.0
GEL,Santo Ângelo Airport,Brazil,2,2,0.00017480462618529343,0.0001441028465038754,3.7436690570952223e-06,0.0,3,4,1507,1395,1490,2898,1725,0.021416304240866726,315.0,0.0001578309431776651,0.407468660552313,0.5493061443340549,7.68206178433863e-05,0.0
RIA,Santa Maria Airport,Brazil,3,3,0.00024303097600283637,0.00021960926729653924,5.487758241336102e-06,0.0004338299737072743,3,6,1507,904,945,2702,506,0.022580488839710932,806.0,0.00039688943653017685,0.487030038336858,1.3296613488547582,7.796917653230933e-05,0.0
GEO,Cheddi Jagan International Airport,Guyana,7,7,0.00020073120241748555,0.00013922444890376355,3.988462348846816e-05,0.00013482303643691762,7,14,912,1192,1550,1354,780,0.19869667997860727,-238.5,0.0014623234029644604,-0.22652906150695173,3.52999067651754,2.630615573047459e-05,0.42857142857142855
GET,Geraldton Airport,Australia,1,1,7.707791393991571e-05,9.217632722355592e-05,1.940840281487554e-05,0.0,1,2,2658,2820,2270,1869,1725,0.25180238829510754,219.0,0.001469408055110543,0.01592356458562172,3.6375861597263857,3.866863302922482e-05,0.0
GFF,Griffith Airport,Australia,2,2,0.0001312419290990132,0.00010522672045306626,3.0547069811420083e-05,0.0,2,4,1914,1861,2027,1536,1725,0.23275389215267,423.0,0.0016283476317538784,0.12084213909220054,2.567899218525131,5.1195501888922376e-05,0.5
NRA,Narrandera Airport,Australia,2,2,0.0001312419290990132,0.00010522672045306626,3.0547069811420083e-05,0.0,2,4,1914,1861,2027,1536,1725,0.23275389215267,423.0,0.0016283476317538784,0.12084213909220054,2.567899218525131,5.1195501888922376e-05,0.5
TVF,Thief River Falls Regional Airport,United States,1,1,7.593930808130616e-05,6.986007587405964e-05,2.8129493179640483e-06,0.0,1,2,2658,2857,2746,3007,1725,0.037042072005084636,184.5,0.00018664548360867344,0.0010412283526974875,1.6094379124341003,3.732909672173469e-05,0.0
GFN,Grafton Airport,Australia,1,1,0.00011942359656045709,0.0001094132496540257,1.1686794762471061e-05,0.0,1,2,2658,2060,1958,2261,1725,0.09786001342334996,981.5,0.00017697416631080848,0.45378359254460143,0.6931471805599453,8.848708315540424e-05,0.0
TRO,Taree Airport,Australia,2,2,0.00017697416631080848,0.00015350662646729113,2.749834068922398e-05,0.0002892199824715162,2,4,1914,1365,1403,1618,599,0.15538053526371975,920.5,0.0016224384654846004,0.41980350096552854,2.2213256282451583,7.809681789439763e-05,0.5
GHE,,,1,1,0.00015263720528477348,0.00015090518059988743,4.589692227735215e-07,0.001972538708735028,2,2,1914,1620,1421,3274,273,0.003006928893366646,663.0,0.00012756191695454977,0.6991706833164066,0.0,0.00012756191695454977,0.0
GHT,Ghat Airport,Libya,1,1,6.5630313665822e-05,5.594401418484411e-05,1.6537189056296657e-05,0.0,1,2,2658,3146,3212,1985,1725,0.25197485936911884,-105.5,0.0006300217006010657,-0.14485552724316797,3.2188758248682006,2.5200868024042627e-05,0.0
GIL,Gilgit Airport,Pakistan,1,1,6.283757002559148e-05,5.5267898911482554e-05,3.965300459932192e-05,0.0,1,2,2658,3246,3260,1359,1725,0.6310397519059486,-205.0,0.0008108656289701615,-0.18834007161308897,3.6109179126442243,2.1915287269463825e-05,0.0
TRR,China Bay Airport,Sri Lanka,1,1,0.00012002476417718455,0.00011495096501349193,5.853051201245268e-05,0.0,1,2,2658,2051,1863,1124,1725,0.48765363059616595,990.0,0.00026758301763683676,0.4588048746113653,1.0986122886681098,8.919433921227893e-05,0.0
GJA,La Laguna Airport,Honduras,1,1,7.224614816363342e-05,6.485115472868217e-05,2.4262158222498444e-06,0.0,1,2,2658,2953,2896,3040,1725,0.03358263220835806,88.0,0.00023088941895089488,-0.04881420206560527,1.9459101490553132,3.2984202707270695e-05,0.0
GKA,Goroka Airport,Papua New Guinea,4,4,0.00022603768555267843,0.00020459159169361306,2.2037041461769564e-05,0.0,4,8,1270,1008,1017,1764,1725,0.09749277607354459,380.0,0.0007466807575691355,0.23719441480733394,2.4444810823901957,5.347885570538611e-05,0.0
HGU,Mount Hagen Kagamuga Airport,Papua New Guinea,9,8,0.00047191607352257124,0.0004616870769469658,4.5889455574637884e-05,3.2135553607946244e-06,9,17,750,455,442,1265,1248,0.09724071323127552,334.0,0.00040364057697560453,0.47337663418006937,1.6386375143485314,5.590934601832202e-05,0.0
MAG,Madang Airport,Papua New Guinea,7,7,0.000374698322887101,0.0003259246831990661,3.6659660525208886e-05,9.738046547862497e-07,7,14,912,574,600,1408,1406,0.09783780253602757,379.5,0.0005029616367137568,0.3976254567328965,1.9018075862639228,5.554432714507355e-05,0.0
GKK,Kooddoo Airport,Maldives,2,2,0.00011116622094913284,9.717964840460423e-05,9.365468867687189e-05,0.0,2,4,1914,2164,2174,883,1725,0.8424743404718792,121.0,0.00039182960172990175,-0.04517370068338522,2.0302215052732095,3.938626183229477e-05,0.0
KDO,Kadhdhoo Airport,Maldives,2,2,0.00011116622094913284,9.717964840460423e-05,9.365468867687189e-05,0.0,2,4,1914,2164,2174,883,1725,0.8424743404718792,121.0,0.00039182960172990175,-0.04517370068338522,2.0302215052732095,3.938626183229477e-05,0.0
ILY,Islay Airport,United Kingdom,1,1,5.898730237906903e-05,5.2922795424510335e-05,7.489507612673269e-06,0.0,1,2,2658,3381,3380,2540,1725,0.12696813230317913,-341.0,0.0010952903194744817,-0.2515710081931122,4.143134726391533,1.7385560626579073e-05,0.0
TRE,Tiree Airport,United Kingdom,1,1,5.898730237906903e-05,5.2922795424510335e-05,7.489507612673269e-06,0.0,1,2,2658,3381,3380,2540,1725,0.12696813230317913,-341.0,0.0010952903194744817,-0.2515710081931122,4.143134726391533,1.7385560626579073e-05,0.0
GLF,Golfito Airport,Costa Rica,2,2,0.00012754827048877483,0.00011726084360210936,6.729198323291303e-06,0.0,2,4,1914,1927,1829,2607,1725,0.05275805228486827,358.0,0.000714930504362235,0.09229461710956954,2.1653666701431655,4.9022761546347595e-05,0.0
PJM,Puerto Jimenez Airport,Costa Rica,2,2,0.00012754827048877483,0.0001241111334343043,6.729198323291303e-06,0.0,2,4,1914,1927,1747,2607,1725,0.05275805228486827,358.0,0.000714930504362235,0.09229461710956954,2.1653666701431655,4.9022761546347595e-05,0.0
GLH,Mid Delta Regional Airport,United States,1,1,0.0001108247111840402,0.00010430179969247077,3.0109120007011203e-06,0.0,1,2,2658,2173,2042,2986,1725,0.027168236835745707,868.5,0.00015674149487340472,0.3790565595505839,0.6931471805599453,7.837074743670236e-05,0.0
WJR,Wajir Airport,Kenya,5,4,0.00027156277032591887,0.00022193399270372386,0.00016003079454680237,0.0016428335153580457,5,9,1107,784,931,640,305,0.5892957799581281,404.0,0.0006756458514974374,0.28312384464104845,2.2230857053022484,5.34948693146797e-05,0.0
TTA,Tan Tan Airport,Morocco,1,1,7.558814926647358e-05,7.026126070779599e-05,8.386185041140887e-06,0.0,2,2,1914,2862,2729,2466,1725,0.11094576494493563,-576.5,7.383193746528924e-05,-0.0035936998593619762,0.6931471805599453,3.691596873264462e-05,0.0
GLO,Gloucestershire Airport,United Kingdom,1,1,6.23245272639672e-05,5.75677961042846e-05,6.997218339107808e-06,0.0,1,2,2658,3282,3163,2584,1725,0.11227070057783232,-240.5,0.0002131170755283573,-0.19653817065661983,2.302585092994046,2.1311707552835732e-05,0.0
WMO,White Mountain Airport,United States,2,2,0.00017569083960781415,0.00021020396636979008,4.79937087469304e-07,0.0,2,4,1914,1386,983,3272,1725,0.002731713779390226,899.5,0.0007063264141745771,0.4125255893720592,1.9356005054539454,7.734191917409939e-05,0.0
GMA,Gemena Airport,Congo (Kinshasa),1,1,0.00017713224884427416,0.00015256590102737658,2.044340898162026e-05,0.0,1,2,2658,1364,1410,1827,1725,0.11541325261213775,1677.5,0.0003127592306828389,0.8480034071711309,0.6931471805599453,0.00015637961534141945,0.0
GMR,Totegegie Airport,French Polynesia,1,1,8.781874998101276e-05,7.923196908153965e-05,1.4822220641902063e-06,0.0009859772129710775,2,2,1914,2577,2519,3133,368,0.016878195880841808,-292.0,0.00010260982132015026,0.1463818161333954,0.6931471805599453,5.130491066007513e-05,0.0
GMZ,La Gomera Airport,Spain,1,1,6.114869057509357e-05,5.407285930864658e-05,6.7430290779925955e-06,0.0,1,2,2658,3325,3309,2606,1725,0.11027266511474726,-283.5,0.0003387822946031188,-0.21558476644534785,2.833213344056216,1.9928370270771695e-05,0.0
GNM,Guanambi Airport,Brazil,1,1,0.00010541053624492354,9.534135700498404e-05,3.0030232169991108e-06,0.0,2,2,1914,2270,2220,2987,1725,0.02848883350732155,15.5,7.200112986951757e-05,0.32896938046133606,0.0,7.200112986951757e-05,0.0
PTU,Platinum Airport,United States,1,1,0.00015844369519017,0.000137815480431171,1.6095024506964883e-07,0.0,2,2,1914,1544,1567,3366,1725,0.0010158198145812643,741.0,0.00013439308054982954,0.7365060797901375,0.0,0.00013439308054982954,0.0
GOH,Godthaab / Nuuk Airport,Greenland,9,9,0.0006102119572206296,0.0005968270849066909,1.810576059537006e-05,0.009741946366061205,9,18,750,357,350,1922,86,0.029671264846787816,432.0,0.00037754035561552015,0.7303818424050128,1.6075373048893293,7.398723888077597e-05,0.0
JAV,Ilulissat Airport,Greenland,5,5,0.00039503890726110886,0.00039110173253097314,5.532559797972797e-06,0.015584073417377844,5,10,1107,536,516,2694,51,0.014005101007217855,652.0,0.0004943385905331586,0.6579147931809972,1.653130033116066,8.254807736301126e-05,0.0
JFR,Paamiut Heliport,Greenland,2,2,0.0001641905903649947,0.00016222776234083193,2.624768877206231e-06,0.0,2,4,1914,1486,1316,3022,1725,0.015986110235497574,799.5,0.000488487991523626,0.34482762152852864,1.9033312448851598,7.057706687269722e-05,0.0
JHS,Sisimiut Airport,Greenland,3,3,0.00022178953964374138,0.00021841957043131695,4.8832805784526866e-06,1.0501726757206467e-06,3,6,1507,1029,952,2748,1398,0.022017632510066335,681.0,0.0004523740535138544,0.39557004245231475,1.7917594692280552,6.96392010273094e-05,0.0
JSU,Maniitsoq Airport,Greenland,2,2,0.0001568461404053727,0.0001542996746831899,3.669562360050298e-06,0.0,2,4,1914,1568,1393,2938,1725,0.023395936620220454,717.5,0.000563955082462602,0.29906505950903295,2.1383330595080277,6.625680227157087e-05,0.0
UAK,Narsarsuaq Airport,Greenland,5,5,0.00036676402582662247,0.0003628695620370869,5.381049422173141e-06,0.003475777211005405,5,10,1107,588,553,2712,182,0.01467169363201636,600.0,0.00043797226315768847,0.5836491935899408,1.6028671474598848,7.589516425619215e-05,0.0
GOQ,Golmud Airport,China,2,2,7.84704196160272e-05,5.886462744937078e-05,2.2492833918217203e-05,0.0,2,4,1914,2791,3138,1748,1725,0.2866409282412344,-505.5,0.0009927972199669309,-0.39347853431403657,3.699393137709974,2.015343751695962e-05,0.0
GPS,Seymour Airport,Ecuador,1,1,7.30102911805352e-05,7.931747360823778e-05,3.5036964097180493e-06,0.0,1,2,2658,2925,2517,2949,1725,0.0479890759653914,116.0,0.000643780695431591,-0.038292808734745165,2.9444389791664403,3.388319449639953e-05,0.0
GRP,Gurupi Airport,Brazil,1,1,0.00011372913391281356,0.00011363487119338675,0.0,0.0019742915571136434,2,2,1914,2136,1894,3415,269,0.0,149.5,8.178771535016317e-05,0.4049263878522069,0.0,8.178771535016317e-05,0.0
MQH,Minaçu Airport,Brazil,1,1,0.00014087933969121673,0.00014076257392327095,0.0,0.0019737072743207717,2,2,1914,1736,1528,3415,270,0.0,549.5,0.00011372913391281356,0.61901056212408,0.0,0.00011372913391281356,0.0
GRW,Graciosa Airport,Portugal,1,1,7.9456921902233e-05,7.06300262482951e-05,5.259288249996027e-06,0.0,1,2,2658,2776,2720,2727,1725,0.06619043532125832,265.5,0.00033173972761864524,0.04632179691164673,2.0794415416798357,4.1467465952330655e-05,0.0
TZL,Tuzla International Airport,Bosnia and Herzegovina,3,3,9.623102371195285e-05,8.165009754772416e-05,2.176666979524904e-05,8.610788971851558e-07,3,6,1507,2446,2465,1773,1413,0.22619181377933742,-736.0,0.00027875275040950114,-0.43940707265176826,2.621088908003191,2.04005678092536e-05,0.0
GST,Gustavus Airport,United States,2,2,0.0002145134646011135,0.00022105512619254096,1.8021503031826359e-06,0.0,2,4,1914,1082,936,3100,1725,0.008401105760581153,1202.0,0.0007589622134953115,0.6121722405213141,1.666102255087602,0.00010017875766418942,0.0
HNH,Hoonah Airport,United States,2,2,0.0002145134646011135,0.00022105512619254096,1.8021503031826359e-06,0.0,2,4,1914,1082,936,3100,1725,0.008401105760581153,1202.0,0.0007589622134953115,0.6121722405213141,1.666102255087602,0.00010017875766418942,0.0
GTO,Jalaluddin Airport,Indonesia,2,2,0.00012632706442686356,0.0001244361753471525,3.0766782191804264e-05,0.0,2,4,1914,1950,1742,1532,1725,0.24354861985743795,335.5,0.0008781707348343945,0.08267402532232104,2.827995905409926,4.830440504535872e-05,0.0
TAP,Tapachula International Airport,Mexico,2,2,8.95671837454592e-05,6.761784751093769e-05,9.187574117438777e-06,0.0,2,4,1914,2558,2799,2409,1725,0.10257745898932052,-272.5,0.0015181230649636268,-0.26121126785676374,3.743866880718222,2.6680945816037783e-05,0.5
ROP,Rota International Airport,Northern Mariana Islands,2,2,8.588665670766368e-05,6.834780803162284e-05,2.4970065845355176e-05,0.0,2,4,1914,2620,2780,1658,1725,0.29073277273263676,-334.5,0.0003666275750345907,-0.30317178616974516,2.623512036080243,2.4515929916320726e-05,0.0
ROR,Babelthuap Airport,Palau,6,6,0.00018484677140066368,0.00014764626173100834,0.00010245849293143371,9.68135923872054e-05,6,12,996,1297,1460,834,833,0.5542887882491078,-246.0,0.001636315463364157,-0.21393870384915203,3.6898250476793995,2.757592070279178e-05,0.3333333333333333
TKK,Chuuk International Airport,Micronesia,2,2,0.00013805351839093284,0.00012243864866703005,1.63073206385502e-05,0.0003059370404736563,2,4,1914,1769,1768,2000,564,0.11812318026094756,516.5,0.00038155055892422334,0.17144115649383806,2.021525633917275,5.520231912503239e-05,0.0
YAP,Yap International Airport,Micronesia,2,2,9.334020946402705e-05,6.813880472825677e-05,2.7101021869759e-05,0.0,2,4,1914,2491,2786,1624,1725,0.2903467007989052,-205.5,0.00034885641253991915,-0.21994928329354657,2.3680992241972474,2.890037271354236e-05,0.0
GUR,Gurney Airport,Papua New Guinea,4,4,0.0002865450782982965,0.00026422100551940566,1.9662353226747848e-05,0.0005784399649430324,4,8,1270,739,728,1855,453,0.06861870859383294,649.0,0.0005458986696745636,0.4743885443364846,1.4086974007923123,7.127514769964705e-05,0.0
LSA,,,1,1,0.00010510040507022424,8.16042425387788e-05,4.178250048382378e-06,0.0,1,2,2658,2275,2467,2839,1725,0.039754842482201895,766.0,0.0002865450782982965,0.32602291699361885,1.3862943611198906,7.163626957457412e-05,0.0
MIS,Misima Island Airport,Papua New Guinea,1,2,0.00010510040507022424,0.00011903555166926955,4.178250048382378e-06,0.0,2,3,1914,2275,1814,2839,1725,0.039754842482201895,10.0,0.0002865450782982965,0.32602291699361885,1.3862943611198906,7.163626957457412e-05,0.0
PNP,Girua Airport,Papua New Guinea,4,4,0.0003209491023491625,0.0002675689534745807,2.9072828411914105e-05,0.0019725387087350284,4,8,1270,659,714,1580,271,0.09058392187146731,729.0,0.0006447989434732853,0.587775230101407,1.784716749986381,8.139397827318948e-05,0.0
URA,Uralsk Airport,Kazakhstan,3,3,0.00010291773766366181,8.280797374318204e-05,4.599713808540476e-05,0.0,3,6,1507,2306,2442,1262,1725,0.44693110371046785,-596.0,0.00043076494165250915,-0.37222886447389847,2.768494672575897,2.3022808572505203e-05,0.0
LUG,Lugano Airport,Switzerland,2,2,6.889145026204716e-05,5.874448373005195e-05,2.745876893236765e-05,0.0,2,4,1914,3049,3144,1619,1725,0.39858021318931214,-763.5,0.0017332003798126926,-0.5236681866748594,4.767550721334692,1.4518749666904917e-05,0.0
GVR,Coronel Altino Machado de Oliveira Airport,Brazil,1,1,8.388128875879661e-05,7.35643200743156e-05,2.265298636867942e-06,0.0,1,2,2658,2656,2680,3054,1725,0.027006006588452428,385.0,0.000560071240967709,0.10050935520842863,2.4849066497880004,4.667260341397575e-05,0.0
GWD,Gwadar International Airport,Pakistan,3,3,0.0001062477643796466,8.261241382514828e-05,0.00022679339571366947,0.0,3,6,1507,2251,2446,537,1725,2.1345709910966866,-541.0,0.0007363071390057273,-0.3403851036919452,3.121420818082813,2.4328701398805584e-05,0.0
TUK,Turbat International Airport,Pakistan,5,6,0.00015681010514340715,0.00011492048831196171,0.00038100644839233826,0.000297408766957711,6,11,996,1569,1865,380,574,2.429731477087509,-518.0,0.0007967881390960689,-0.2660339143571928,3.0214531284115846,2.6494242204943195e-05,0.0
GXH,Gannan Xiahe Airport,China,2,2,8.152605120826498e-05,6.001494238020297e-05,2.981010019511029e-05,0.0,2,4,1914,2714,3115,1561,1725,0.3656512213373115,-428.5,0.0009755557852559776,-0.35527765201197425,3.581198748677859,2.1950867865549186e-05,0.0
GYA,Capitán de Av. Emilio Beltrán Airport,Bolivia,1,1,0.00011093006936872422,9.13794479322853e-05,1.5766378089843806e-06,0.0,1,2,2658,2169,2282,3123,1725,0.014212898431927782,872.0,0.0005494628876322545,0.3800067820652817,1.9459101490553132,7.849469823317921e-05,0.0
LOH,Camilo Ponce Enriquez Airport,Ecuador,2,2,0.00010539732576232778,8.081201501240607e-05,7.511436493177107e-06,0.0,2,4,1914,2271,2491,2534,1725,0.0712678091104084,14.0,0.0007600678745044043,-0.09846300439838807,3.039966597547795,3.59927940650958e-05,0.0
LTX,Cotopaxi International Airport,Ecuador,2,2,0.00012883460028791625,9.671101220991368e-05,6.354826443150343e-06,1.3972897121799133e-07,2,4,1914,1902,2187,2645,1607,0.04932546403643696,383.5,0.0003875660054970708,0.10232914546003258,1.8187930798631928,4.9779426138837405e-05,0.0
SCY,San Cristóbal Airport,Ecuador,1,1,7.30102911805352e-05,0.00011446201380818749,3.5036964097180493e-06,0.0,1,2,2658,2925,1875,2949,1725,0.0479890759653914,116.0,0.000643780695431591,-0.038292808734745165,2.9444389791664403,3.388319449639953e-05,0.0
MUA,Munda Airport,Solomon Islands,4,4,0.00035261640276610946,0.0003081899805937351,8.993414384491153e-06,0.000985977212971078,5,8,1107,609,636,2432,367,0.02550481008240699,579.0,0.0005728199004538751,0.6818734675578053,1.454277789990801,9.070788994083604e-05,0.0
HAA,Hasvik Airport,Norway,2,2,0.00012294084076634412,0.00011048934362993662,7.0922223152337855e-06,0.0,2,4,1914,2005,1939,2573,1725,0.05768809023124339,280.5,0.0005560823487192967,0.05550300238038908,2.470821211304652,4.631250879853735e-05,0.0
HAC,Hachijojima Airport,Japan,1,1,7.102569470465978e-05,5.734147280412034e-05,1.2658649566660268e-05,0.0,1,2,2658,3011,3166,2202,1725,0.1782263393451859,24.0,0.002303031383580367,-0.06585150620187896,4.290459441148391,3.1548375117539275e-05,1.0
SCN,Saarbrücken Airport,Germany,4,4,9.267498000296187e-05,0.00010943107002780204,3.4407831694310194e-05,0.0,4,8,1270,2502,1957,1470,1725,0.3712742284186145,-1114.0,0.001343620518770151,-0.6544087875359672,4.49563048859987,1.4254530652750573e-05,0.0
HUI,Phu Bai Airport,Vietnam,2,2,8.736011440050806e-05,8.868480995599394e-05,3.52713167125232e-05,0.0,2,4,1914,2588,2338,1449,1725,0.4037462285227739,-304.5,0.0012714949001670646,-0.28616144638447594,3.908812721526685,2.538266974164715e-05,0.0
PQC,Phu Quoc International Airport,Vietnam,3,3,0.00012926143135062572,0.00012163193997714639,4.754740249559042e-05,7.66442642826315e-07,3,6,1507,1895,1777,1250,1423,0.36783905298570146,-185.0,0.0008969589337935744,-0.1443219169461667,2.9720792439071597,3.3353668832941895e-05,0.0
TBB,Dong Tac Airport,Vietnam,2,2,8.736011440050806e-05,6.642887168214099e-05,3.52713167125232e-05,0.0,2,4,1914,2588,2841,1449,1725,0.4037462285227739,-304.5,0.0012714949001670646,-0.28616144638447594,3.908812721526685,2.538266974164715e-05,0.0
UIH,Phu Cat Airport,Vietnam,2,2,8.736011440050806e-05,7.805388197841336e-05,3.52713167125232e-05,0.0,2,4,1914,2588,2567,1449,1725,0.4037462285227739,-304.5,0.0012714949001670646,-0.28616144638447594,3.908812721526685,2.538266974164715e-05,0.0
VCA,Can Tho International Airport,Vietnam,3,3,0.00014788700104659416,0.00011277546251178357,4.332736175279324e-05,1.7275871789456364e-07,3,6,1507,1673,1908,1294,1586,0.2929761334408442,37.0,0.0004592986504519431,-0.009710394439670367,1.8734669552390502,4.065781381193175e-05,0.0
VCL,Chu Lai International Airport,Vietnam,2,2,8.736011440050806e-05,6.642887168214099e-05,3.52713167125232e-05,0.0,2,4,1914,2588,2841,1449,1725,0.4037462285227739,-304.5,0.0012714949001670646,-0.28616144638447594,3.908812721526685,2.538266974164715e-05,0.0
VDH,Dong Hoi Airport,Vietnam,2,2,8.736011440050806e-05,6.642887168214099e-05,3.52713167125232e-05,0.0,2,4,1914,2588,2841,1449,1725,0.4037462285227739,-304.5,0.0012714949001670646,-0.28616144638447594,3.908812721526685,2.538266974164715e-05,0.0
SNU,Abel Santamaria Airport,Cuba,4,4,0.00011780659594351886,0.00013558772347774936,2.8522642613665902e-05,1.1259660894136988e-07,6,8,996,2079,1593,1591,1624,0.24211413957959352,-1028.0,0.0015052131390801723,-0.41446305841745357,3.7885609654383394,2.1646182382062705e-05,0.25
TOB,Gamal Abdel Nasser Airport,Libya,3,3,9.674311862391965e-05,9.60846263692299e-05,6.33370018963472e-05,3.921361025984899e-09,3,6,1507,2435,2210,1085,1721,0.6546925796610321,-725.0,0.0007013345715159198,-0.4340996660961647,3.4525809416045745,2.0601389339652442e-05,0.0
HDM,Hamadan Airport,Iran,1,1,6.815263786100155e-05,6.022182258096836e-05,3.466636280355347e-05,0.0,1,2,2658,3076,3098,1465,1725,0.5086576821025783,-35.0,0.0010985640218788392,-0.10714335093830663,3.6635616461296463,2.816830825330357e-05,0.0
HEH,Heho Airport,Burma,4,3,0.00016441289609365185,0.00019617155199308826,0.00011188357480122897,0.0,4,7,1270,1482,1066,791,1725,0.6805036433242958,-94.0,0.00036478860662802456,-0.0811263978591672,1.97413817541076,3.535391772798051e-05,0.0
THL,Tachileik Airport,Burma,3,4,0.00014987983415453934,0.00011664779958302307,0.00010199377320222795,0.0002892199824715162,4,7,1270,1655,1838,836,599,0.6805036433191096,-267.0,0.0004567971027247329,0.0036749972608873804,2.1700861135077165,4.143931699294461e-05,0.0
HEK,Heihe Airport,China,2,2,9.912469035058333e-05,8.714325511994278e-05,1.718670683190096e-05,0.0,2,4,1914,2383,2373,1964,1725,0.17338472151706266,-97.5,0.000618583765325196,-0.15982171178736415,2.5795276496072646,3.2303008537881115e-05,0.0
OHE,Gu-Lian Airport,China,3,3,0.00013690807962239002,9.732722003343884e-05,2.4806345726980026e-05,2.9214139643587495e-07,3,6,1507,1785,2172,1663,1537,0.18118978657358353,-75.0,0.0004403194413777835,-0.08684912116442511,1.950734159924825,3.635235443172633e-05,0.0
IVL,Ivalo Airport,Finland,1,1,6.243673568812462e-05,5.4641870073557616e-05,1.472592752079485e-05,0.0002892199824715162,2,2,1914,3272,3281,2064,599,0.23585357816192976,-991.0,0.0018870471365663877,-0.19473939992029798,4.477336814478207,2.144371746098168e-05,0.0
JOE,Joensuu Airport,Finland,1,1,6.243673568812462e-05,5.4641870073557616e-05,1.472592752079485e-05,0.0,1,2,2658,3272,3281,2064,1725,0.23585357816192976,-235.0,0.0018870471365663877,-0.19473939992029798,4.477336814478207,2.144371746098168e-05,0.0
JYV,Jyvaskyla Airport,Finland,1,2,6.243673568812462e-05,6.511080673882717e-05,1.472592752079485e-05,0.0,2,3,1914,3272,2882,2064,1725,0.23585357816192976,-991.0,0.0018870471365663877,-0.19473939992029798,4.477336814478207,2.144371746098168e-05,0.0
KAJ,Kajaani Airport,Finland,1,1,6.243673568812462e-05,6.511080673882717e-05,1.472592752079485e-05,0.0,1,2,2658,3272,2882,2064,1725,0.23585357816192976,-235.0,0.0018870471365663877,-0.19473939992029798,4.477336814478207,2.144371746098168e-05,0.0
KAO,Kuusamo Airport,Finland,1,1,6.243673568812462e-05,5.4641870073557616e-05,1.472592752079485e-05,0.0,1,2,2658,3272,3281,2064,1725,0.23585357816192976,-235.0,0.0018870471365663877,-0.19473939992029798,4.477336814478207,2.144371746098168e-05,0.0
KEM,Kemi-Tornio Airport,Finland,2,1,8.897234834607322e-05,8.355886864305304e-05,2.098444669692206e-05,0.0,2,3,1914,2564,2426,1810,1725,0.23585357795996856,-278.5,0.0009747419361272562,-0.26787463919343857,2.585241997519076,2.6331042652521993e-05,0.0
KOK,Kokkola-Pietarsaari Airport,Finland,2,2,9.651441337153795e-05,9.069172417975759e-05,2.453201503903712e-05,0.0,2,4,1914,2439,2300,1673,1725,0.2541798077826954,-153.5,0.0010036606465828888,-0.1865079093551092,2.7879745515731584,3.0767551497055826e-05,0.0
KUO,Kuopio Airport,Finland,1,1,6.243673568812462e-05,5.4641870073557616e-05,1.472592752079485e-05,0.0,1,2,2658,3272,3281,2064,1725,0.23585357816192976,-235.0,0.0018870471365663877,-0.19473939992029798,4.477336814478207,2.144371746098168e-05,0.0
NRK,Norrköping Airport,Sweden,1,1,6.243673568812462e-05,6.511080673882717e-05,1.472592752079485e-05,0.0,1,2,2658,3272,2882,2064,1725,0.23585357816192976,-235.0,0.0018870471365663877,-0.19473939992029798,4.477336814478207,2.144371746098168e-05,0.0
RVN,Rovaniemi Airport,Finland,1,1,6.243673568812462e-05,6.511080673882717e-05,1.472592752079485e-05,0.0,1,2,2658,3272,2882,2064,1725,0.23585357816192976,-235.0,0.0018870471365663877,-0.19473939992029798,4.477336814478207,2.144371746098168e-05,0.0
SVL,Savonlinna Airport,Finland,1,1,6.243673568812462e-05,6.511080673882717e-05,1.472592752079485e-05,0.0,1,2,2658,3272,2882,2064,1725,0.23585357816192976,-235.0,0.0018870471365663877,-0.19473939992029798,4.477336814478207,2.144371746098168e-05,0.0
TAY,Tartu Airport,Estonia,1,1,6.243673568812462e-05,6.511080673882717e-05,1.472592752079485e-05,0.0,1,2,2658,3272,2882,2064,1725,0.23585357816192976,-235.0,0.0018870471365663877,-0.19473939992029798,4.477336814478207,2.144371746098168e-05,0.0
HLH,Ulanhot Airport,China,4,4,0.00010903211139275492,9.940068531649658e-05,4.6524886246337036e-05,6.304074602602792e-06,4,8,1270,2205,2125,1256,1150,0.42670811059271635,-817.0,0.0016155305132425715,-0.491864882020133,4.188701980148209,1.9065451641958578e-05,0.25
RLK,Bayannur Tianjitai Airport,China,4,4,0.00010773049962757373,8.059482161642124e-05,4.855124542299071e-05,0.0,4,8,1270,2223,2493,1236,1725,0.45067316675252816,-835.0,0.001662798669762002,-0.5038745861257432,4.190109301918447,1.8682624652452666e-05,0.25
TGO,Tongliao Airport,China,8,8,0.00017501509278012982,0.0001428469166056033,9.958203552027166e-05,8.406091820941612e-07,8,16,829,1394,1507,849,1414,0.5689911306413775,-524.0,0.0014577000436740554,-0.4459421590211381,4.02494555280592,1.923610544462458e-05,0.25
WUA,Wuhai Airport,China,4,4,0.00010966884816254407,0.0001068857236436876,4.62481790782104e-05,6.348176205332196e-06,4,8,1270,2193,1998,1257,1148,0.4217075300149441,-805.0,0.001736374175912847,-0.48604196683767853,4.270505207950313,1.925272716270294e-05,0.25
XIL,Xilinhot Airport,China,3,3,9.41942326218899e-05,0.00010029901259792716,3.5267334816477535e-05,6.237165633882689e-06,3,6,1507,2481,2112,1454,1153,0.3744107662944294,-771.0,0.0017932765727151987,-0.46079991525506436,4.209224511849247,1.9601826195596974e-05,0.3333333333333333
YIE,Arxan Yi'ershi Airport,China,1,1,6.0760957570456895e-05,5.181190250895591e-05,1.0189753464064061e-05,0.0,1,2,2658,3336,3409,2355,1725,0.16770231858588266,-294.5,0.0007204719101439177,-0.22194577753708522,3.6109179126442243,1.947221378767345e-05,0.0
TYF,Torsby Airport,Sweden,2,2,0.00010497145652162878,9.466124915108218e-05,1.543065004957039e-05,4.977223791129722e-07,2,4,1914,2277,2228,2026,1490,0.14699853237142604,8.5,0.00031411585664140794,-0.1025117973593801,2.0126758453675744,3.5742282763527664e-05,0.0
HVG,Valan Airport,Norway,2,3,0.00013199530958266269,0.00012532817429925004,3.7036630423691304e-06,0.0,3,5,1507,1846,1729,2915,1725,0.02805905038655706,-136.0,0.00031514223111315056,0.1265661205805273,1.7776740307447068,5.1638666922585485e-05,0.0
JNZ,Jinzhou Airport,China,3,3,9.055011994968826e-05,7.926793528029539e-05,4.3081167839005135e-05,1.9476093095724995e-08,3,6,1507,2544,2518,1299,1690,0.47577151596201117,-834.0,0.0017112849393662744,-0.5002553611347675,4.429843562142202,1.817276240121666e-05,0.3333333333333333
HGR,Hagerstown Regional Richard A Henson Field,United States,2,2,8.02583696350589e-05,6.636408835384197e-05,1.0780830597614676e-05,3.847674545788498e-06,2,4,1914,2757,2844,2323,1215,0.13432655867090196,-471.5,0.001776498103179888,-0.37094921682014004,4.364051102531052,2.1205172808478296e-05,0.5
MXH,Moro Airport,Papua New Guinea,3,2,0.00017258454073834498,0.00014982694347553442,1.6725507574339333e-05,0.0,3,5,1507,1414,1440,1980,1725,0.09691196849257104,296.0,0.000752947433336493,0.14472833751034564,2.2444672972791198,5.0343123407456924e-05,0.0
TBG,Tabubil Airport,Papua New Guinea,3,3,0.00017298861583139164,0.00016658880381043814,1.676565973513839e-05,0.0,3,6,1507,1409,1283,1975,1725,0.09691770556439115,301.0,0.0007685236610945545,0.14706691774738445,2.340361321429713,5.0501584228131615e-05,0.0
TIZ,Tari Airport,Papua New Guinea,2,3,0.0001344814602782644,0.0001380239693216271,1.3032863052780982e-05,0.0,3,5,1507,1810,1566,2186,1725,0.0969119685777789,-100.0,0.0010621804198656074,0.1452260798337104,2.8173948015846246,5.3101108398141326e-05,0.0
WWK,Wewak International Airport,Papua New Guinea,4,4,0.00023065579007334206,0.0002597104758961885,2.2405860340168685e-05,0.0,4,8,1270,977,746,1754,1725,0.09713981310872036,411.0,0.0006694782444026647,0.25741919217982634,2.169828010223168,5.4837121742019525e-05,0.0
PDV,Plovdiv International Airport,Bulgaria,2,2,6.868778052726482e-05,6.074417864987306e-05,1.2824029988959584e-05,0.0,2,4,1914,3054,3072,2196,1725,0.1867003110381363,-768.5,0.0014575057221391137,-0.5266289516449323,4.440292761551246,1.439894394414276e-05,0.0
HIB,Range Regional Airport,United States,1,1,6.309213312074077e-05,5.400893433676809e-05,3.967684888172414e-06,0.0,1,2,2658,3238,3316,2863,1725,0.06288715711322314,-197.5,0.0028879205208305514,-0.18429712645346719,4.867534450455582,2.2214773237158087e-05,1.0
IRA,Ngorangora Airport,Solomon Islands,3,3,0.00025168763119150613,0.00021997730609453774,6.419244887131688e-06,0.0,3,6,1507,856,943,2636,1725,0.025504808705706167,854.0,0.0006028800279871118,0.5220298897167748,1.4769389329477711,8.136394301524136e-05,0.0
JJA,,,1,1,0.00010328262669534704,9.026996653937753e-05,2.6342035005115983e-06,0.0,1,2,2658,2292,2309,3017,1725,0.02550480738916249,747.5,0.0014594518391193492,0.30857596395104636,3.044522437723423,6.949770662473091e-05,0.0
KGE,Kaghau Airport,Solomon Islands,2,2,0.00017821361257007088,0.0001557603374704651,4.545304183541483e-06,0.0,3,4,1507,1353,1373,2778,1725,0.025504809189333604,357.0,0.0009060341209427294,0.4267826334914613,2.2154083994216567,7.882590365812914e-05,0.0
NNB,Santa Ana Airport,Solomon Islands,2,2,0.00017459412242099319,0.0001525968699727416,4.452989646704242e-06,0.0,2,4,1914,1396,1408,2797,1725,0.025504808437748504,889.0,0.0008555697351554277,0.40626371181904375,2.0715673631957663,7.669679184428314e-05,0.0
RNA,Ulawa Airport,Solomon Islands,2,2,0.00017459412242099319,0.0001525968699727416,4.452989646704242e-06,0.0,2,4,1914,1396,1408,2797,1725,0.025504808437748504,889.0,0.0008555697351554277,0.40626371181904375,2.0715673631957663,7.669679184428314e-05,0.0
RUS,Marau Airport,Solomon Islands,1,1,0.00010328262669534704,9.026996653937753e-05,2.6342035005115983e-06,0.0,1,2,2658,2292,2309,3017,1725,0.02550480738916249,747.5,0.0014594518391193492,0.30857596395104636,3.044522437723423,6.949770662473091e-05,0.0
SCZ,Santa Cruz/Graciosa Bay/Luova Airport,Solomon Islands,1,1,0.00010328262669534704,9.026996653937753e-05,2.6342035005115983e-06,0.0,1,2,2658,2292,2309,3017,1725,0.02550480738916249,747.5,0.0014594518391193492,0.30857596395104636,3.044522437723423,6.949770662473091e-05,0.0
TNN,Tainan Airport,Taiwan,1,1,6.137467538955013e-05,5.256279419238453e-05,3.317883698376892e-05,0.0,1,2,2658,3321,3393,1485,1725,0.5405949078048903,-279.5,0.0026858332214588394,-0.2118959178908444,4.890349128221754,2.0194234747810824e-05,1.0
HKN,Kimbe Airport,Papua New Guinea,3,3,0.00017731380782203319,0.0002214428092969442,1.80792761946122e-05,0.0,3,6,1507,1363,932,1924,1725,0.1019620322674366,347.0,0.0008605578967380299,0.17176221820229998,2.610671393501823,5.2197737944537056e-05,0.0
UTP,U-Tapao International Airport,Thailand,2,2,8.558213238102028e-05,6.480869708746297e-05,4.90535907484309e-05,0.0,2,4,1914,2625,2899,1231,1725,0.5731756078481355,-339.5,0.0004787771035705405,-0.3067237404166736,2.884160497896886,2.4336797964487234e-05,0.0
JGD,Jiagedaqi Airport,China,3,3,0.00012157418275476535,9.772498669719038e-05,2.591912881334398e-05,9.757561671204908e-08,3,6,1507,2025,2159,1646,1635,0.2131959946268117,-315.0,0.000491622679539474,-0.20563423602386166,2.4520932921835827,3.0339061542588512e-05,0.0
URJ,Uray Airport,Russia,3,3,0.00010369677748730269,8.582651425699148e-05,4.0248627704418776e-05,0.0,3,6,1507,2287,2392,1348,1725,0.38813769028981715,-577.0,0.00066089614691997,-0.3646878307291459,3.048066856490545,2.3328314387351304e-05,0.0
IAM,In Aménas Airport,Algeria,2,2,0.00011480701816585649,0.00010454106036267853,1.5256928390694578e-05,1.4607069821793748e-07,2,4,1914,2127,2038,2042,1600,0.13289194889334716,158.5,0.00022466470517813118,-0.01294765204404591,1.7005986908310775,4.152790726251654e-05,0.0
HMV,Hemavan Airport,Sweden,1,1,0.00010981860439550779,0.00011178395715676542,6.292785729114815e-06,0.0,1,2,2658,2186,1925,2649,1725,0.057301636309741937,855.0,0.00015437418482749113,0.36993673863841536,0.6931471805599453,7.718709241374557e-05,0.0
HSG,Saga Airport,Japan,2,3,8.808897145863581e-05,6.58101911732072e-05,3.394012033352167e-05,2.3230277225027447e-07,3,5,1507,2573,2859,1476,1562,0.3852936385965072,-863.5,0.0024663917248215817,-0.2778529248849537,4.582828382174771,2.5811409184963515e-05,1.0
IWJ,Iwami Airport,Japan,1,1,7.102569470465978e-05,5.734147280412034e-05,1.2658649566660268e-05,0.0,1,2,2658,3011,3166,2202,1725,0.1782263393451859,24.0,0.002303031383580367,-0.06585150620187896,4.290459441148391,3.1548375117539275e-05,1.0
IWK,Iwakuni Marine Corps Air Station,Japan,1,1,7.102569470465978e-05,5.734147280412034e-05,1.2658649566660268e-05,0.0,1,2,2658,3011,3166,2202,1725,0.1782263393451859,24.0,0.002303031383580367,-0.06585150620187896,4.290459441148391,3.1548375117539275e-05,1.0
IZO,Izumo Airport,Japan,1,1,7.102569470465978e-05,5.734147280412034e-05,1.2658649566660268e-05,0.0,1,2,2658,3011,3166,2202,1725,0.1782263393451859,24.0,0.002303031383580367,-0.06585150620187896,4.290459441148391,3.1548375117539275e-05,1.0
KCZ,Kōchi Ryōma Airport,Japan,3,3,0.00012651071447330472,0.00010561655674542683,3.1527465541225387e-05,1.030557729363138e-05,3,6,1507,1947,2021,1514,1089,0.2492078688550768,-237.5,0.001050737404597069,-0.16583186616786882,3.057753787911587,3.227495632926406e-05,0.3333333333333333
KKJ,Kitakyūshū Airport,Japan,1,1,7.102569470465978e-05,8.367855159578491e-05,1.2658649566660268e-05,0.0,1,2,2658,3011,2421,2202,1725,0.1782263393451859,24.0,0.002303031383580367,-0.06585150620187896,4.290459441148391,3.1548375117539275e-05,1.0
KMJ,Kumamoto Airport,Japan,6,6,0.00018219307321319016,0.0001542749694997881,7.920739983730079e-05,5.5851796092998385e-05,6,12,996,1318,1394,971,911,0.4347442986738447,-267.0,0.001243080842343046,-0.22839895641684116,3.541977368003168,2.7055587727770857e-05,0.3333333333333333
MBE,Monbetsu Airport,Japan,1,1,7.102569470465978e-05,5.734147280412034e-05,1.2658649566660268e-05,0.0,1,2,2658,3011,3166,2202,1725,0.1782263393451859,24.0,0.002303031383580367,-0.06585150620187896,4.290459441148391,3.1548375117539275e-05,1.0
MMY,Miyako Airport,Japan,3,3,0.00011429599606624744,9.873841904893435e-05,3.618354575722084e-05,0.0,3,6,1507,2132,2137,1420,1725,0.316577544293401,-422.0,0.001079555196597657,-0.2673673299967465,3.234035164334477,2.7484870679491267e-05,0.3333333333333333
MSJ,Misawa Air Base,Japan,2,2,9.533154387814077e-05,6.999659429322388e-05,2.2800648605137967e-05,0.0,2,4,1914,2461,2742,1736,1725,0.23917213209389854,-176.0,0.0014660619753453425,-0.19883951644327702,3.6907509472533535,3.0071745902185948e-05,0.5
MYJ,Matsuyama Airport,Japan,8,8,0.0002019686445463512,0.00016445334618617468,0.0001237960363957306,2.3848397093061113e-06,8,16,829,1185,1297,750,1285,0.6129468100050539,-315.0,0.0016784525364030517,-0.30270191334920504,4.145220689462677,2.3199863053264264e-05,0.375
NTQ,Noto Airport,Japan,1,1,7.102569470465978e-05,5.734147280412034e-05,1.2658649566660268e-05,0.0,1,2,2658,3011,3166,2202,1725,0.1782263393451859,24.0,0.002303031383580367,-0.06585150620187896,4.290459441148391,3.1548375117539275e-05,1.0
OBO,Tokachi-Obihiro Airport,Japan,1,1,7.102569470465978e-05,8.367855159578491e-05,1.2658649566660268e-05,0.0,1,2,2658,3011,2421,2202,1725,0.1782263393451859,24.0,0.002303031383580367,-0.06585150620187896,4.290459441148391,3.1548375117539275e-05,1.0
OIM,Oshima Airport,Japan,1,1,7.102569470465978e-05,5.734147280412034e-05,1.2658649566660268e-05,0.0,1,2,2658,3011,3166,2202,1725,0.1782263393451859,24.0,0.002303031383580367,-0.06585150620187896,4.290459441148391,3.1548375117539275e-05,1.0
OIT,Oita Airport,Japan,5,5,0.0001489605154520803,0.00014386749738019323,7.973344735563247e-05,2.736006725823032e-07,5,10,1107,1666,1495,969,1553,0.5352656515295305,-478.0,0.0017269519473159189,-0.3173881924029356,4.125819564844173,2.4647279914245292e-05,0.4
ONJ,Odate Noshiro Airport,Japan,1,1,7.102569470465978e-05,5.734147280412034e-05,1.2658649566660268e-05,0.0,1,2,2658,3011,3166,2202,1725,0.1782263393451859,24.0,0.002303031383580367,-0.06585150620187896,4.290459441148391,3.1548375117539275e-05,1.0
SHM,Nanki Shirahama Airport,Japan,1,1,7.102569470465978e-05,5.734147280412034e-05,1.2658649566660268e-05,0.0,1,2,2658,3011,3166,2202,1725,0.1782263393451859,24.0,0.002303031383580367,-0.06585150620187896,4.290459441148391,3.1548375117539275e-05,1.0
SYO,Shonai Airport,Japan,1,1,7.102569470465978e-05,5.734147280412034e-05,1.2658649566660268e-05,0.0,1,2,2658,3011,3166,2202,1725,0.1782263393451859,24.0,0.002303031383580367,-0.06585150620187896,4.290459441148391,3.1548375117539275e-05,1.0
TAK,Takamatsu Airport,Japan,6,6,0.00015763615397217952,0.00012171948771999796,0.00010064376990029524,1.2243159094681596e-06,6,12,996,1556,1774,845,1367,0.6384561368964723,-505.0,0.0021087536270182044,-0.37317636853767056,4.487455194075802,2.2240505523128323e-05,0.5
TKS,Tokushima Airport/JMSDF Air Base,Japan,1,1,7.102569470465978e-05,7.051001219995262e-05,1.2658649566660268e-05,0.0,1,2,2658,3011,2721,2202,1725,0.1782263393451859,24.0,0.002303031383580367,-0.06585150620187896,4.290459441148391,3.1548375117539275e-05,1.0
TTJ,Tottori Airport,Japan,1,1,7.102569470465978e-05,5.734147280412034e-05,1.2658649566660268e-05,0.0,1,2,2658,3011,3166,2202,1725,0.1782263393451859,24.0,0.002303031383580367,-0.06585150620187896,4.290459441148391,3.1548375117539275e-05,1.0
UBJ,Yamaguchi Ube Airport,Japan,2,2,8.808897145863581e-05,7.897873056903948e-05,3.394012033352167e-05,0.0,2,4,1914,2573,2534,1476,1725,0.3852936385965072,-288.0,0.0024663917248215817,-0.2778529248849537,4.582828382174771,2.5811409184963515e-05,1.0
ITO,Hilo International Airport,United States,3,3,0.00010860839524153298,8.713764203001647e-05,1.7722297591408964e-05,0.0,3,6,1507,2212,2374,1935,1725,0.16317612972732493,-502.0,0.0017472329814620594,-0.3184101613805055,3.9934314587977355,2.5254438963371602e-05,0.3333333333333333
JHM,Kapalua Airport,United States,2,2,8.81680998269706e-05,6.668609218202627e-05,1.1726869528570978e-05,0.0,2,4,1914,2571,2835,2260,1725,0.13300580994242694,-285.5,0.00080395270748866,-0.27695505028538747,3.1648604527613484,2.5857955261588157e-05,0.0
LNY,Lanai Airport,United States,2,3,8.954052792051863e-05,7.737011990164907e-05,1.1484325237845875e-05,0.0,3,5,1507,2559,2586,2279,1725,0.1282584043734925,-849.0,0.0009496069837115644,-0.2615089191961655,3.4881740352238744,2.6665265904912946e-05,0.0
MAJ,Marshall Islands International Airport,Marshall Islands,4,4,0.0002371986878204829,0.00020427349697163592,2.2426922902748068e-05,0.0005868373411501959,4,8,1270,941,1022,1751,443,0.09454910188930407,447.0,0.00048199363022987025,0.2853908143573811,1.8069156246821638,5.676150348771871e-05,0.0
MKK,Molokai Airport,United States,3,2,0.00011491034417139745,9.38112703814336e-05,1.4738217387464577e-05,0.0,3,5,1507,2125,2249,2063,1725,0.1282584043563686,-415.0,0.0006629181651145493,-0.2620066617385266,2.691653453038619,2.772579148333292e-05,0.0
PPG,Pago Pago International Airport,American Samoa,1,1,6.628897186022622e-05,5.497407249258139e-05,7.3238805680957614e-06,0.0,1,2,2658,3111,3271,2552,1725,0.11048414785401331,-69.5,0.0013247637590085351,-0.13486966861644767,3.9318256327243257,2.5975759980559513e-05,0.0
HNM,Hana Airport,United States,1,1,6.74611319251679e-05,5.57678417330624e-05,4.160444669750116e-06,0.0,1,2,2658,3084,3224,2843,1725,0.06167172935024483,-43.0,0.0005744502084145939,-0.11734160632519419,3.044522437723423,2.7354771829266375e-05,0.0
HNS,Haines Airport,United States,2,2,0.0002145134646011135,0.00023114275165445704,1.8021503031826359e-06,0.0,2,4,1914,1082,880,3100,1725,0.008401105760581153,1202.0,0.0007589622134953115,0.6121722405213141,1.666102255087602,0.00010017875766418942,0.0
SGY,Skagway Airport,United States,2,2,0.0002145134646011135,0.0002566585100197698,1.8021503031826359e-06,0.0,2,4,1914,1082,755,3100,1725,0.008401105760581153,1202.0,0.0007589622134953115,0.6121722405213141,1.666102255087602,0.00010017875766418942,0.0
HOB,Lea County Regional Airport,United States,1,1,6.196182209607543e-05,5.360020064064219e-05,4.827119737461778e-06,0.0,1,2,2658,3294,3349,2750,1725,0.07790474156775193,-253.0,0.0035295642510032752,-0.20237479228760158,5.1298987149230735,2.088499556806672e-05,1.0
HOE,Ban Huoeisay Airport,Laos,1,1,7.283506100807074e-05,6.065054092522606e-05,2.1401234805892022e-05,0.0,1,2,2658,2928,3074,1792,1725,0.29383149419646376,112.0,0.000572509703122592,-0.04069576850210055,2.833213344056216,3.367704136015247e-05,0.0
HOF,Al Ahsa Airport,Saudi Arabia,3,3,9.731873978246843e-05,7.502896467226634e-05,0.00022291739930909455,0.0,3,6,1507,2421,2665,540,1725,2.290590690008629,-711.0,0.0018431986943104022,-0.4281673015251428,4.4766944478642055,2.0827123125795593e-05,0.0
HOI,Hao Airport,French Polynesia,1,2,0.00010260982132015026,8.249184863832718e-05,3.487581282348038e-06,0.000578428255869027,3,3,1507,2322,2447,2952,465,0.03398876674257648,-613.0,0.001923772788013662,0.3020404375004109,3.332204510175204,6.870617100048793e-05,0.0
MKP,Makemo Airport,French Polynesia,1,1,8.781874998101276e-05,7.923196908153965e-05,1.4822220641902063e-06,0.0009859772129710775,2,2,1914,2577,2519,3133,368,0.016878195880841808,-292.0,0.00010260982132015026,0.1463818161333954,0.6931471805599453,5.130491066007513e-05,0.0
HON,Huron Regional Airport,United States,1,1,0.00010188875159402868,0.00012058589335109144,2.3758644307218444e-06,0.0,1,2,2658,2336,1791,3045,1725,0.02331822103570739,705.5,0.0002035735613783709,0.2949883324005267,1.0986122886681098,6.78578537927903e-05,0.0
SCM,Scammon Bay Airport,United States,2,1,0.00024287761101095506,0.00020702953797432022,2.79916929748205e-07,0.001971954425942156,3,3,1507,905,1002,3336,281,0.0011525019888950542,805.0,0.00023372709812286935,0.7363573901610874,0.6931471805599453,0.00011686354906143467,0.0
JXA,Jixi Xingkaihu Airport,China,4,4,0.0001061784261126443,8.716335450903776e-05,4.966538480389288e-05,3.121168765340544e-08,4,8,1270,2253,2372,1224,1684,0.46775401201749833,-865.0,0.0017445337634623417,-0.5183863765741918,4.376109402736342,1.8226132441636866e-05,0.25
HRO,Boone County Airport,United States,2,2,7.749944107320717e-05,6.103850442347844e-05,7.4971890149112e-06,0.0,2,4,1914,2801,3052,2539,1725,0.0967386204479751,-515.5,0.0007336710816068339,-0.4059295435351604,3.6134680092466445,1.958227365159232e-05,0.0
KYU,Koyukuk Airport,United States,2,2,0.00013190659762640045,0.00014574921466098943,2.4910996814210394e-07,0.0,4,4,1270,1848,1479,3346,1725,0.0018885330425067821,-460.0,0.0002049286943327454,0.12589381047453507,1.354025100551105,5.158648309439435e-05,0.0
HSN,Zhoushan Airport,China,7,7,0.00015531759173526723,0.00014133484392017128,9.257475614302407e-05,1.0194755394914988e-05,7,14,912,1588,1520,890,1090,0.5960352276180931,-634.5,0.0015571548166760007,-0.48302377361282645,4.032424382053866,1.867361612830742e-05,0.2857142857142857
HTN,Hotan Airport,China,1,1,6.36036372833587e-05,9.651152029694214e-05,1.4072079368740314e-05,0.0,1,2,2658,3201,2192,2130,1725,0.2212464564887729,-162.5,0.0012549098575257447,-0.17622255632220174,4.007333185232471,2.2816542864104448e-05,0.0
HUN,Hualien Airport,Taiwan,4,4,0.00010946402822669023,7.603586338948739e-05,5.006791223320278e-05,2.0031093650725553e-07,4,8,1270,2200,2633,1220,1576,0.4573914649798618,-812.0,0.0005599821312095914,-0.4879113348565216,3.3511057936110302,1.9192486004142287e-05,0.0
HUU,Alferez Fap David Figueroa Fernandini Airport,Peru,1,1,7.38659776557286e-05,7.632384542235747e-05,3.831021175598769e-06,0.0,1,2,2658,2894,2617,2886,1725,0.051864488864605963,142.5,0.001988723414565733,-0.026640876626801813,4.04305126783455,3.488988446606549e-05,0.0
HUX,Bahías de Huatulco International Airport,Mexico,2,2,8.488201756781734e-05,7.642490505132963e-05,9.236624836021275e-06,0.0,2,4,1914,2634,2615,2401,1725,0.10881721595085297,-349.5,0.0030321341105568034,-0.31493800423748475,4.836596748596539,2.3924965710152145e-05,1.0
HVD,Khovd Airport,Mongolia,1,1,7.875197257737392e-05,6.690302525499497e-05,1.4345830224248789e-05,0.0,1,2,2658,2785,2821,2105,1725,0.182164709717639,254.0,0.0006095717069170374,0.03741011097069524,2.70805020110221,4.063811379446916e-05,0.0
HVN,Tweed New Haven Airport,United States,1,1,6.007802856578811e-05,6.114048302862762e-05,5.297257988183952e-06,0.0,1,2,2658,3365,3043,2714,1725,0.08817296630136955,-324.0,0.0022775896822821435,-0.2332490215909555,4.804021044733257,1.8668767887558554e-05,1.0
RJA,Rajahmundry Airport,India,1,1,6.428572427692678e-05,7.38698569796258e-05,0.0025527810894692866,0.0,1,2,2658,3187,2678,98,1725,39.7099218867403,-146.0,0.0007558079408517127,-0.16555562589500816,3.4657359027997265,2.361899815161602e-05,0.0
TIR,Tirupati Airport,India,1,1,6.428572427692678e-05,6.397088245584655e-05,0.0025527810894692866,0.0,1,2,2658,3187,2937,98,1725,39.7099218867403,-146.0,0.0007558079408517127,-0.16555562589500816,3.4657359027997265,2.361899815161602e-05,0.0
HYG,Hydaburg Seaplane Base,United States,1,1,0.00013105585058715685,9.6781981905428e-05,9.309290684617556e-07,0.0,1,2,2658,1868,2180,3182,1725,0.007103300343258269,1171.5,0.0013282371371473585,0.5467303576809908,2.5649493574615367,0.00010217208747287374,0.0
KTB,,,2,3,0.00021588952253824903,0.000255227288080133,1.5335293229115037e-06,0.0,3,5,1507,1075,760,3130,1725,0.007103305917218882,635.0,0.0008138250477932563,0.6185665391987385,1.8317808230648231,0.00010098820347629589,0.0
IAA,Igarka Airport,Russia,1,1,6.502213436108477e-05,5.715276629260184e-05,1.4652309719364575e-05,0.0,1,2,2658,3160,3184,2083,1725,0.22534341364429072,-119.5,0.0007345608888332752,-0.1541654744619141,3.4011973816621555,2.4485362961109173e-05,0.0
LNS,Lancaster Airport,United States,1,1,6.0490821061769896e-05,5.309972594456878e-05,7.575517437722072e-06,0.0,1,2,2658,3346,3377,2532,1725,0.12523416453525024,-305.0,0.002413455170938205,-0.22640157948372597,4.836281906951478,1.9154406118557183e-05,1.0
SLW,Plan De Guadalupe International Airport,Mexico,2,2,8.488201756781734e-05,6.50125528459859e-05,9.236624836021275e-06,0.0,2,4,1914,2634,2889,2401,1725,0.10881721595085297,-349.5,0.0030321341105568034,-0.31493800423748475,4.836596748596539,2.3924965710152145e-05,1.0
VCT,Victoria Regional Airport,United States,1,1,6.196182209607543e-05,5.360020064064219e-05,4.827119737461778e-06,0.0,1,2,2658,3294,3349,2750,1725,0.07790474156775193,-253.0,0.0035295642510032752,-0.20237479228760158,5.1298987149230735,2.088499556806672e-05,1.0
ZIH,Ixtapa Zihuatanejo International Airport,Mexico,5,5,0.00014171304048026117,0.00013827902224872074,2.2674235655775354e-05,3.502137260984268e-06,5,10,1107,1724,1563,1743,1235,0.16000105268317624,-536.0,0.0023099640307332747,-0.367265295007277,4.2981168805298875,2.29419916732176e-05,0.6
ZLO,Playa De Oro International Airport,Mexico,4,4,0.00012453982007354407,0.00011897512951423921,1.8697945437079134e-05,1.0070372681446833e-06,4,8,1270,1978,1816,1906,1404,0.15013628111906296,-590.5,0.002545475924796535,-0.3588818160817535,4.535718926484566,2.3626542415066144e-05,0.75
IAN,Bob Baker Memorial Airport,United States,2,2,0.00021773943656321895,0.00024174524724978268,5.449839058493258e-07,0.0,2,4,1914,1060,826,3249,1725,0.0025029177738828856,1224.0,0.0006805680640315109,0.6270988348812594,1.5890269151739729,0.00010207638795329651,0.0
ORV,Robert (Bob) Curtis Memorial Airport,United States,2,2,0.00021773943656321895,0.00024174524724978268,5.449839058493258e-07,0.0,2,4,1914,1060,826,3249,1725,0.0025029177738828856,1224.0,0.0006805680640315109,0.6270988348812594,1.5890269151739729,0.00010207638795329651,0.0
IAR,Tunoshna Airport,Russia,1,1,6.103888608887366e-05,5.430752334317487e-05,1.2268121876989453e-05,0.0,1,2,2658,3332,3294,2234,1725,0.20098862648192595,-290.5,0.002177910737569903,-0.2173820770848831,4.700480365792417,1.9799188523362755e-05,0.0
ICI,Cicia Airport,Fiji,1,1,9.221286753547163e-05,8.44402015432704e-05,5.462992509360182e-06,0.0,1,2,2658,2507,2409,2703,1725,0.059243277596358515,533.0,0.0006776935290197297,0.19520646692414267,2.4849066497880004,5.6474460751644135e-05,0.0
OZH,Zaporizhzhia International Airport,Ukraine,2,2,7.702309469848501e-05,6.674281752561467e-05,2.1581266020184473e-05,0.0,2,4,1914,2827,2834,1781,1725,0.2801921437286648,-541.5,0.0009268849649184985,-0.4120949598773542,3.6498986833790807,1.9302069925630694e-05,0.0
UDJ,Uzhhorod International Airport,Ukraine,1,1,5.999653799710287e-05,5.559240195229432e-05,9.035866987175424e-06,0.0,1,2,2658,3368,3238,2425,1725,0.15060647312036154,-326.5,0.0003714579330208687,-0.23460635451380618,2.995732273553991,1.8572896651043434e-05,0.0
IFJ,Ísafjörður Airport,Iceland,1,1,0.0001321356729211874,0.00013147623012496645,7.912127981043159e-07,0.0,1,2,2658,1841,1643,3208,1725,0.005987881853647776,1199.5,0.0005172123349796181,0.5549360048733529,1.6094379124341003,0.00010344246699592362,0.0
KER,Kerman Airport,Iran,4,4,0.00016162360240386156,0.00012163551606074454,0.00011355242593201865,0.0,4,8,1270,1515,1776,783,1725,0.7025732890687358,-127.0,0.0007648342568982427,-0.09823713089534891,2.8634954823340695,3.453353724192968e-05,0.0
MRX,Mahshahr Airport,Iran,2,2,0.00010705720700521526,8.54727015171608e-05,5.151553931508096e-05,0.0,2,4,1914,2240,2396,1202,1725,0.4811963692698559,45.5,0.0010307122409862711,-0.08283693141104642,3.1249876211297414,3.696919481329616e-05,0.0
IFO,Ivano-Frankivsk International Airport,Ukraine,1,1,5.7908777089259404e-05,6.07402563223392e-05,1.4115278924835944e-05,0.0,1,2,2658,3400,3073,2122,1725,0.2437502505549192,-358.5,0.0009992358554282907,-0.2700242514445641,4.127134385045092,1.611670734561759e-05,0.0
IGA,Inagua Airport,Bahamas,2,2,0.00012164620973806874,0.00010205132049883051,7.797019112801038e-06,0.0,2,4,1914,2018,2076,2503,1725,0.06409586562203416,265.0,0.0006512600430599123,0.04491664372841164,2.178354413344796,4.5550961106078156e-05,0.0
MYG,Mayaguana Airport,Bahamas,2,2,0.00012164620973806874,0.00010205132049883051,7.797019112801038e-06,0.0,2,4,1914,2018,2076,2503,1725,0.06409586562203416,265.0,0.0006512600430599123,0.04491664372841164,2.178354413344796,4.5550961106078156e-05,0.0
IGG,Igiugig Airport,United States,1,1,0.00018606190561266223,0.00016290946427925342,5.355662078878666e-07,0.0,2,2,1914,1288,1305,3261,1725,0.0028784301984028445,996.0,0.0001668850932966821,0.8971862291905754,0.0,0.0001668850932966821,0.0
IGM,,,2,2,0.00010639702880920179,0.00010022561142030928,9.23201521181922e-06,5.348247537530627e-05,2,4,1914,2248,2115,2407,918,0.08676948327546516,37.5,0.0017727003369951001,-0.08902261611774342,3.195120333532675,3.658085466853833e-05,0.5
IIL,Ilam Airport,Iran,1,1,8.213757467449816e-05,6.853852998746532e-05,2.2843704527563684e-05,0.0,1,2,2658,2690,2763,1725,1725,0.27811515762537037,346.5,0.0016509834785395317,0.07950236634080277,3.6109179126442243,4.462117509566302e-05,0.0
IKE,,,2,2,0.00024088750928665106,0.00024054403519031592,2.2045909291704217e-07,0.0,2,4,1914,911,834,3349,1725,0.000915195202814358,1373.0,0.0005087409207377921,0.7281297901660171,1.3195286648076292,0.0001156929010494437,0.0
SAE,,,2,2,0.00024088750928665106,0.00024054403519031592,2.2045909291704217e-07,0.0,2,4,1914,911,834,3349,1725,0.000915195202814358,1373.0,0.0005087409207377921,0.7281297901660171,1.3195286648076292,0.0001156929010494437,0.0
UMD,Uummannaq Heliport,Greenland,7,7,0.0007765943321889332,0.000775269641009401,1.043894605404026e-06,0.007641250365176747,7,14,912,273,271,3162,101,0.0013441954983906099,680.5,0.00020660537186211248,1.1264223458587024,0.49510512897138953,0.00012308987407666275,0.0
IKI,Iki Airport,Japan,1,1,7.088393082458721e-05,7.542112205466075e-05,1.11018121937609e-05,0.0,1,2,2658,3025,2651,2305,1725,0.15661959014708113,16.5,0.0003451975349099734,-0.06784945280629628,2.3978952727983707,3.138159408272486e-05,0.0
IKS,Tiksi Airport,Russia,1,1,7.215359634606548e-05,7.919151642797137e-05,9.61391458762667e-06,0.0,1,2,2658,2964,2521,2385,1725,0.1332423479145252,75.5,0.0007561323194339926,-0.05009608563895718,3.1354942159291497,3.2875318236260545e-05,0.0
KCK,Kirensk Airport,Russia,1,1,6.835829982196607e-05,5.9675963266216805e-05,1.2527586551777997e-05,0.0,1,2,2658,3062,3123,2221,1725,0.18326357712823654,-22.0,0.0007954873780507007,-0.10413022803322569,3.332204510175204,2.8410263501810738e-05,0.0
KYZ,Kyzyl Airport,Russia,1,1,6.835829982196607e-05,5.9675963266216805e-05,1.2527586551777997e-05,0.0,1,2,2658,3062,3123,2221,1725,0.18326357712823654,-22.0,0.0007954873780507007,-0.10413022803322569,3.332204510175204,2.8410263501810738e-05,0.0
NER,Chulman Airport,Russia,4,4,0.00013584062887849984,0.00011893270100624149,4.6212238308148196e-05,7.408849046932958e-07,4,8,1270,1797,1821,1258,1428,0.34019452567082775,-409.0,0.0009107683040159048,-0.2720249686912979,3.4768145088094187,2.6950309731994018e-05,0.0
ODO,Bodaybo Airport,Russia,1,1,6.835829982196607e-05,7.517899312414555e-05,1.2527586551777997e-05,0.0,1,2,2658,3062,2662,2221,1725,0.18326357712823654,-22.0,0.0007954873780507007,-0.10413022803322569,3.332204510175204,2.8410263501810738e-05,0.0
UKX,Ust-Kut Airport,Russia,1,1,6.835829982196607e-05,7.517899312414555e-05,1.2527586551777997e-05,0.0,1,2,2658,3062,2662,2221,1725,0.18326357712823654,-22.0,0.0007954873780507007,-0.10413022803322569,3.332204510175204,2.8410263501810738e-05,0.0
ULK,Lensk Airport,Russia,2,2,9.630232030315608e-05,0.00014320989751159926,2.2141501139404666e-05,0.0,2,4,1914,2445,1503,1758,1725,0.2299165904798976,-159.5,0.0007758098487423466,-0.18870785486688746,3.233849363052177,3.064279086903564e-05,0.0
ILD,Lleida-Alguaire Airport,Spain,1,1,5.6400285206746175e-05,5.159096452735307e-05,7.126842916223564e-06,0.0,1,2,2658,3417,3414,2569,1725,0.12636182405990926,-376.0,0.0018070933878818402,-0.29641899967447927,4.836281906951478,1.434201101493524e-05,0.0
BSS,,,1,0,7.410047753398613e-05,6.315568435861786e-05,2.0592493468278046e-06,0.0,1,1,2658,2892,2983,3068,1725,0.027789960542202057,149.5,0.00017582883338737213,-0.023471238288379936,1.6094379124341003,3.516576667747443e-05,0.0
IMT,Ford Airport,United States,2,2,0.00010972544891368518,9.392858145777894e-05,6.900321542938255e-06,0.0,2,4,1914,2188,2242,2588,1725,0.06288715709303089,96.0,0.0014988229848721182,-0.058218941082254005,2.780340815507764,3.8538748847000335e-05,0.5
RHI,Rhinelander Oneida County Airport,United States,2,2,0.00010972544891368518,9.392858145777894e-05,6.900321542938255e-06,0.0,2,4,1914,2188,2242,2588,1725,0.06288715709303089,96.0,0.0014988229848721182,-0.058218941082254005,2.780340815507764,3.8538748847000335e-05,0.5
PND,,,2,2,0.0002206548892369255,0.00024181122305742733,3.401028992796821e-06,0.0,2,4,1914,1038,825,2959,1725,0.015413340735654434,1247.5,0.0003140025477931834,0.6403996258966203,1.1512925464970227,0.00010379136077591039,0.0
JGN,Jiayuguan Airport,China,4,4,0.0001161080925202142,0.00010769929450282667,4.2781355892121155e-05,0.0,4,8,1270,2105,1988,1302,1725,0.36846144797937325,-717.0,0.0007072547145299867,-0.42898573150557695,3.176111262206588,2.114662256212157e-05,0.0
INH,Inhambane Airport,Mozambique,3,3,0.00014310290684421977,0.00010807804861016345,5.308249262118916e-05,0.0,3,6,1507,1705,1985,1176,1725,0.3709393036926508,4.5,0.0011065089590280275,-0.042594870409475405,2.733703881480919,3.8781698446786464e-05,0.3333333333333333
VNX,Vilankulo Airport,Mozambique,3,3,0.00014310290684421977,0.0001274783629985522,5.308249262118916e-05,0.0,3,6,1507,1705,1694,1176,1725,0.3709393036926508,4.5,0.0011065089590280278,-0.042594870409475405,2.73370388148092,3.878169844678647e-05,0.3333333333333333
TRW,Bonriki International Airport,Kiribati,3,3,0.00018120217298256847,0.0001499144404439333,1.9581467318515415e-05,2.9870099728259225e-06,3,6,1507,1326,1438,1861,1262,0.10806419700275414,384.0,0.00047817328100373957,0.19345451557213877,1.8876534933786486,5.3722587068347926e-05,0.0
IOT,,,2,2,0.00024088750928665106,0.00024054403519031592,2.2045909291704214e-07,0.0,2,4,1914,911,834,3351,1725,0.0009151952028143579,1373.0,0.0005087409207377921,0.7281297901660171,1.3195286648076292,0.0001156929010494437,0.0
JUU,,,2,2,0.00024088750928665106,0.00024054403519031592,2.2045909291704214e-07,0.0,2,4,1914,911,834,3351,1725,0.0009151952028143579,1373.0,0.0005087409207377921,0.7281297901660171,1.3195286648076292,0.0001156929010494437,0.0
IPC,Mataveri Airport,Chile,2,2,0.0001308379214837312,9.881971697880447e-05,7.510816701876425e-06,0.00013044192183022133,2,4,1914,1874,2135,2536,788,0.05740550305830366,411.5,0.0016260769861244188,0.1177590486950848,3.51054198214457,5.0957850303183665e-05,0.0
IPH,Sultan Azlan Shah Airport,Malaysia,1,1,6.358152376656286e-05,6.424076075516345e-05,5.393448035698262e-05,0.0,1,2,2658,3208,2924,1164,1725,0.8482728497511479,-166.5,0.00284881586947115,-0.1765702936971607,4.8283137373023015,2.27905269557692e-05,1.0
IPT,Williamsport Regional Airport,United States,1,1,6.007802856578811e-05,6.114048302862762e-05,5.297257988183952e-06,0.0,1,2,2658,3365,3043,2714,1725,0.08817296630136955,-324.0,0.0022775896822821435,-0.2332490215909555,4.804021044733257,1.8668767887558554e-05,1.0
IQN,Qingyang Airport,China,3,3,9.303376084082748e-05,8.983975736581861e-05,3.179088165528577e-05,2.1518859840623854e-07,3,6,1507,2497,2319,1511,1571,0.341713388429789,-787.0,0.0010018713840787184,-0.47319642307100906,3.879911437277974,1.914673922256485e-05,0.0
IQT,Coronel FAP Francisco Secada Vignetta International Airport,Peru,4,4,0.00018331252524296255,0.00017657891095299467,1.3109329272222955e-05,2.7998137412778307e-06,4,8,1270,1307,1198,2182,1269,0.07151354908699141,81.0,0.0010045067850677492,0.027685163645427835,2.6292354910467064,4.091263217614462e-05,0.0
PCL,Cap FAP David Abenzur Rengifo International Airport,Peru,3,3,0.0001574231012927755,0.00015761097230323562,9.232679455820513e-06,0.0,3,6,1507,1560,1352,2405,1725,0.05864882205979143,149.5,0.0007764863470338237,0.05277822313239611,2.1759859725408504,4.439746095813265e-05,0.0
TPP,Cadete FAP Guillermo Del Castillo Paredes Airport,Peru,3,3,0.0001574231012927755,0.00015761097230323562,9.232679455820513e-06,0.0,3,6,1507,1560,1352,2405,1725,0.05864882205979143,149.5,0.0007764863470338237,0.05277822313239611,2.1759859725408504,4.439746095813265e-05,0.0
IRK,Kirksville Regional Airport,United States,1,1,6.347227965468632e-05,5.369675731631453e-05,3.931529073983958e-06,0.0,1,2,2658,3210,3337,2868,1725,0.06194088341198697,-171.0,0.0013597202675329513,-0.1782899453070499,4.0943445622221,2.2662004458882524e-05,0.0
IRZ,Tapuruquara Airport,Brazil,1,1,0.00013805927871068658,0.00013149884189943325,9.99098422668246e-07,0.0,1,2,2658,1765,1638,3169,1725,0.007236735060465805,1275.0,0.0005520570760431056,0.5987899337761231,1.6094379124341003,0.00011041141520862113,0.0
JCK,Julia Creek Airport,Australia,2,2,0.00020170332702925092,0.00017270701272630474,1.3725781814451755e-05,0.002261174408413672,2,4,1914,1188,1226,2153,244,0.06804935752230427,1097.5,0.0003140564874978065,0.5505976718535575,1.0986122886681098,9.264338300338823e-05,0.0
KDU,Skardu Airport,Pakistan,1,1,6.283757002559148e-05,5.5267898911482554e-05,3.965300459932192e-05,0.0,1,2,2658,3246,3260,1359,1725,0.6310397519059486,-205.0,0.0008108656289701615,-0.18834007161308897,3.6109179126442243,2.1915287269463825e-05,0.0
SKZ,Sukkur Airport,Pakistan,4,5,0.0001415938874573458,0.00012023263547114405,0.0002070340271477293,3.104603699284394e-06,5,9,1107,1725,1799,569,1257,1.4621678298796401,-537.0,0.0006246574352154475,-0.23054430814301163,2.8303928090363564,2.864244460699975e-05,0.0
UET,Quetta International Airport,Pakistan,8,8,0.00023889670929987426,0.0002439239751917635,0.00043366302476751756,0.002147896261671742,8,16,829,927,817,343,255,1.8152741661383187,-57.0,0.0006970261261068297,-0.13478309382991505,2.9016303399840693,2.863046082102059e-05,0.0
LEQ,Land's End Airport,United Kingdom,1,1,8.941263324472413e-05,8.484102510193882e-05,5.09357807005215e-06,0.0,1,2,2658,2560,2402,2740,1725,0.05696709609380284,481.5,0.00015954020259355728,0.16436876863527417,1.0986122886681098,5.318006753118576e-05,0.0
ISE,Süleyman Demirel International Airport,Turkey,1,1,6.0732987354664e-05,5.3923046499042564e-05,2.145000776227637e-05,0.0,1,2,2658,3339,3324,1783,1725,0.3531854548338649,-300.0,0.004412722838437625,-0.22240621556639262,5.424950017481403,1.943930765831553e-05,1.0
KFS,Kastamonu Airport,Turkey,1,1,6.0732987354664e-05,5.3923046499042564e-05,2.145000776227637e-05,0.0,1,2,2658,3339,3324,1783,1725,0.3531854548338649,-300.0,0.004412722838437625,-0.22240621556639262,5.424950017481403,1.943930765831553e-05,1.0
KSH,Shahid Ashrafi Esfahani Airport,Iran,3,3,0.00012260404816041276,0.00015911761458193495,7.896007509339353e-05,0.0001773498844544245,3,6,1507,2008,1335,975,734,0.6440250242804683,-298.0,0.002387423446285332,-0.19719882793241794,4.233143192085091,3.0742930335760705e-05,0.3333333333333333
KZR,Zafer Airport,Turkey,1,1,6.0732987354664e-05,5.3923046499042564e-05,2.145000776227637e-05,0.0,1,2,2658,3339,3324,1783,1725,0.3531854548338649,-300.0,0.004412722838437625,-0.22240621556639262,5.424950017481403,1.943930765831553e-05,1.0
MZH,Amasya Merzifon Airport,Turkey,2,2,7.618533313290179e-05,6.363770839858858e-05,3.576176981776736e-05,1.91386936334932e-08,2,4,1914,2852,2961,1441,1698,0.46940491492480063,-567.5,0.003097143706459909,-0.42303130231445785,5.004958748075987,1.880926900508732e-05,0.5
MZR,Mazar I Sharif Airport,Afghanistan,3,3,0.0001018984688318682,9.193004355711051e-05,0.00011525722089499117,1.3035683817762898e-07,4,6,1270,2335,2275,779,1614,1.1310986535544987,-947.0,0.001938403970089422,-0.38218195621040607,3.9321872882377527,2.2623095302801946e-05,0.3333333333333333
NAJ,Nakhchivan Airport,Azerbaijan,1,1,6.0732987354664e-05,5.3923046499042564e-05,2.145000776227637e-05,0.0,2,2,1914,3339,3324,1783,1725,0.3531854548338649,-1056.0,0.004412722838437625,-0.22240621556639262,5.424950017481403,1.943930765831553e-05,1.0
NAV,Nevşehir Kapadokya Airport,Turkey,2,2,7.618533313290179e-05,6.363770839858858e-05,3.576176981776736e-05,1.91386936334932e-08,2,4,1914,2852,2961,1441,1698,0.46940491492480063,-567.5,0.003097143706459909,-0.42303130231445785,5.004958748075987,1.880926900508732e-05,0.5
NOP,Sinop Airport,Turkey,1,1,6.0732987354664e-05,5.3923046499042564e-05,2.145000776227637e-05,0.0,1,2,2658,3339,3324,1783,1725,0.3531854548338649,-300.0,0.004412722838437625,-0.22240621556639262,5.424950017481403,1.943930765831553e-05,1.0
ITB,Itaituba Airport,Brazil,1,1,7.62330317808939e-05,8.579849456707812e-05,8.767760338748877e-07,0.0,1,2,2658,2849,2393,3190,1725,0.011501261505575225,191.5,0.00030139723219825044,0.0049016416791793915,2.0794415416798357,3.7674654024781305e-05,0.0
IUE,Niue International Airport,Niue,0,1,4.420957586487548e-05,4.417293340828806e-05,0.0,0.0,1,1,2658,3419,3419,3415,1725,0.0,-380.5,0.0,,,,0.0
IUI,,,2,2,0.00022617477841121357,0.00022576529912166516,3.403093829018312e-07,0.0,2,4,1914,1002,908,3313,1725,0.001504630115224903,1281.0,0.0005675393193428756,0.6651077882787657,1.4451858789480825,0.00010703835350694438,0.0
TQA,,,2,2,0.00022617477841121357,0.00022576529912166516,3.403093829018312e-07,0.0,2,4,1914,1002,908,3313,1725,0.001504630115224903,1281.0,0.0005675393193428756,0.6651077882787657,1.4451858789480825,0.00010703835350694438,0.0
KTT,Kittilä Airport,Finland,1,1,9.728080118077272e-05,9.061852296324632e-05,1.2517038352254427e-05,0.0,2,2,1914,2422,2301,2225,1725,0.12866915362872633,-136.5,6.243673568812462e-05,0.24870843898312067,0.0,6.243673568812462e-05,0.0
JAL,El Lencero Airport,Mexico,1,1,6.712977133661738e-05,6.699763781897549e-05,4.409505098559498e-06,0.0,1,2,2658,3093,2809,2802,1725,0.06568628211838162,-56.5,0.0025347039701103316,-0.1222655833551638,4.543294782270004,2.696493585223757e-05,1.0
JAU,Francisco Carle Airport,Peru,1,1,7.38659776557286e-05,6.0248389415322765e-05,3.831021175598769e-06,0.0,1,2,2658,2894,3091,2886,1725,0.051864488864605963,142.5,0.001988723414565733,-0.026640876626801813,4.04305126783455,3.488988446606549e-05,0.0
JEG,Aasiaat Airport,Greenland,3,3,0.00022921199561635937,0.00022630551248665353,4.283706879895876e-06,1.1685655857434996e-06,3,6,1507,988,906,2824,1385,0.018688842476925486,722.0,0.00037817555153647477,0.4284884502238029,1.5958305809273485,7.254996798773578e-05,0.0
JQA,Qaarsut Airport,Greenland,2,2,0.00020566693184969226,0.00020480011450833385,1.0672980390693658e-06,0.0079193689745837,2,4,1914,1150,1015,3160,99,0.005189448928276812,1135.5,0.000585816619725021,0.5700577567092289,1.7776740307447068,9.497491445389183e-05,0.0
JBR,Jonesboro Municipal Airport,United States,1,1,6.347227965468632e-05,5.369675731631453e-05,3.931529073983958e-06,0.0,1,2,2658,3210,3337,2868,1725,0.06194088341198697,-171.0,0.0013597202675329513,-0.1782899453070499,4.0943445622221,2.2662004458882524e-05,0.0
RCM,Richmond Airport,Australia,1,1,0.0001299334898831719,0.00011757341381771507,5.83345723972808e-06,0.0,1,2,2658,1887,1828,2685,1725,0.044895717377969005,1154.5,0.00020170332702925092,0.5381294882291137,0.6931471805599453,0.00010085166351462546,0.0
OMH,Urmia Airport,Iran,2,2,9.889637283176723e-05,0.00010264530600630323,7.60130152580033e-05,0.0,3,4,1507,2387,2064,994,1725,0.7686127719497776,-677.0,0.0019000264456627426,-0.1621277050622414,4.151132897436684,3.216870412024414e-05,0.0
RAE,Arar Domestic Airport,Saudi Arabia,2,2,8.00279427064024e-05,6.465700817060906e-05,0.00012506325822768066,0.0,2,4,1914,2758,2905,739,1725,1.5627448863267521,-475.5,0.001971455586502079,-0.3738244103913235,4.536687258451512,2.106962757377641e-05,0.0
SHW,Sharurah Airport,Saudi Arabia,2,2,8.00279427064024e-05,6.465700817060906e-05,0.00012506325822768066,0.0,2,4,1914,2758,2905,739,1725,1.5627448863267521,-475.5,0.001971455586502079,-0.3738244103913235,4.536687258451512,2.106962757377641e-05,0.0
URY,Gurayat Domestic Airport,Saudi Arabia,2,2,8.00279427064024e-05,6.465700817060906e-05,0.00012506325822768066,0.0,2,4,1914,2758,2905,739,1725,1.5627448863267521,-475.5,0.001971455586502079,-0.3738244103913235,4.536687258451512,2.106962757377641e-05,0.0
WAE,Wadi Al Dawasir Airport,Saudi Arabia,2,2,8.00279427064024e-05,6.465700817060906e-05,0.00012506325822768066,0.0,2,4,1914,2758,2905,739,1725,1.5627448863267521,-475.5,0.001971455586502079,-0.3738244103913235,4.536687258451512,2.106962757377641e-05,0.0
PSE,Mercedita Airport,Puerto Rico,2,2,7.640587269477697e-05,6.096784356839678e-05,1.4716310521964051e-05,0.0,2,4,1914,2845,3063,2075,1725,0.19260706020271717,-559.5,0.0024926406891115785,-0.4201407069588541,4.856284574258327,1.893899814072311e-05,0.5
JIC,Jinchuan Airport,China,4,4,0.0001177067304871713,0.0001018870280922069,4.088191973134046e-05,1.0237552877877493e-06,4,8,1270,2081,2083,1332,1400,0.3473201537595688,-693.0,0.0007804305611890923,-0.41531112475702336,3.2565071682384534,2.1616810199437025e-05,0.0
JJU,Qaqortoq Heliport,Greenland,7,7,0.000705529642706488,0.0007035029199514634,2.1610903493833806e-06,0.002602979842243646,8,14,829,304,296,3060,218,0.0030630751970862694,566.0,0.0002571798349610533,1.0304530138284171,0.7829484176202844,0.00011114622916145574,0.0
JNN,Nanortalik Heliport,Greenland,4,4,0.0004891314714205925,0.0004882558386052117,7.047472566999783e-07,0.0008676599474145486,5,8,1107,440,424,3227,388,0.0014408135601112913,748.0,0.00034049967165529374,1.00912399025317,0.833051127543801,0.0001308593804242049,0.0
JNS,Narsaq Heliport,Greenland,2,3,0.0001922309177917559,0.00019128611454791844,1.177198431239137e-06,0.0002892199824715162,3,5,1507,1237,1096,3153,599,0.006123876662308808,473.0,0.0005361468342665552,0.5024970782895402,1.7776740307447068,8.70713770616971e-05,0.0
LLU,Alluitsup Paa Heliport,Greenland,2,2,0.0002338214711759369,0.00023335265481036943,4.121789205177862e-07,0.0,2,4,1914,956,871,3292,1725,0.001762793290303292,1329.0,0.0005973305570635402,0.6983576125656299,1.666102255087602,0.00011153640840660892,0.0
QFG,Eqalugaarsuit Heliport,Greenland,1,1,0.000129881032958444,0.0001295982885072379,2.624190830253113e-07,0.0002892199824715162,2,2,1914,1888,1668,3341,599,0.0020204573142659976,397.0,0.000705529642706488,0.5377256853556869,1.9459101490553132,0.0001007899489580697,0.0
QJH,,,1,1,0.000129881032958444,0.0001295982885072379,2.624190830253113e-07,0.0,1,2,2658,1888,1668,3341,1725,0.0020204573142659976,1153.0,0.000705529642706488,0.5377256853556869,1.9459101490553132,0.0001007899489580697,0.0
QUW,,,2,2,0.0002338214711759369,0.00023335265481036943,4.121789205177862e-07,0.0,2,4,1914,956,871,3292,1725,0.001762793290303292,1329.0,0.0005973305570635402,0.6983576125656299,1.666102255087602,0.00011153640840660892,0.0
JKR,Janakpur Airport,Nepal,1,1,7.219024195901455e-05,6.101706638165709e-05,0.00013342338437691124,0.0,1,2,2658,2955,3053,707,1725,1.8482191049125634,82.5,0.0010533897829782739,-0.04958833118034356,3.4657359027997265,3.291843071807106e-05,0.0
LVI,Livingstone Airport,Zambia,4,4,0.0001572767038680163,0.00015824010197829945,8.753123391702472e-05,1.0829714811385782e-06,5,8,1107,1563,1346,925,1395,0.5565429066372048,-375.0,0.0012752756420622486,-0.12550062171303722,3.2074995892620413,3.325503766988112e-05,0.25
MGH,Margate Airport,South Africa,1,1,7.18572692278758e-05,6.0040286161029844e-05,2.339254064287503e-05,0.0,1,2,2658,2982,3106,1690,1725,0.3255417425993736,55.5,0.0026346625458000183,-0.05421143534159967,4.394449154672439,3.252669809629652e-05,1.0
MSU,Moshoeshoe I International Airport,Lesotho,1,1,7.18572692278758e-05,6.0040286161029844e-05,2.339254064287503e-05,0.0,1,2,2658,2982,3106,1690,1725,0.3255417425993736,55.5,0.0026346625458000183,-0.05421143534159967,4.394449154672439,3.252669809629652e-05,1.0
MTS,Matsapha Airport,Swaziland,1,1,7.18572692278758e-05,6.0040286161029844e-05,2.339254064287503e-05,0.0,1,2,2658,2982,3106,1690,1725,0.3255417425993736,55.5,0.0026346625458000183,-0.05421143534159967,4.394449154672439,3.252669809629652e-05,1.0
PHW,Hendrik Van Eck Airport,South Africa,1,1,7.18572692278758e-05,6.0040286161029844e-05,2.339254064287503e-05,0.0,1,2,2658,2982,3106,1690,1725,0.3255417425993736,55.5,0.0026346625458000183,-0.05421143534159967,4.394449154672439,3.252669809629652e-05,1.0
PTG,Polokwane International Airport,South Africa,1,1,7.18572692278758e-05,6.0040286161029844e-05,2.339254064287503e-05,0.0,1,2,2658,2982,3106,1690,1725,0.3255417425993736,55.5,0.0026346625458000183,-0.05421143534159967,4.394449154672439,3.252669809629652e-05,1.0
PZB,Pietermaritzburg Airport,South Africa,1,1,7.18572692278758e-05,6.0040286161029844e-05,2.339254064287503e-05,0.0,1,2,2658,2982,3106,1690,1725,0.3255417425993736,55.5,0.0026346625458000183,-0.05421143534159967,4.394449154672439,3.252669809629652e-05,1.0
RCB,Richards Bay Airport,South Africa,1,1,7.18572692278758e-05,6.0040286161029844e-05,2.339254064287503e-05,0.0,1,2,2658,2982,3106,1690,1725,0.3255417425993736,55.5,0.0026346625458000183,-0.05421143534159967,4.394449154672439,3.252669809629652e-05,1.0
UTT,K. D. Matanzima Airport,South Africa,1,1,7.18572692278758e-05,6.0040286161029844e-05,2.339254064287503e-05,0.0,1,2,2658,2982,3106,1690,1725,0.3255417425993736,55.5,0.0026346625458000183,-0.05421143534159967,4.394449154672439,3.252669809629652e-05,1.0
XEQ,,,1,1,0.0001481500140823684,0.0001479272997114196,1.4975983749247494e-07,0.0005784399649430324,2,2,1914,1672,1454,3369,453,0.001010866171158185,613.5,0.0004891314714205925,0.6693321540514585,1.3862943611198906,0.00012228286785514813,0.0
QFX,,,1,0,9.86750028674192e-05,9.837066619430425e-05,3.3354020544695214e-07,0.0,1,1,2658,2396,2145,3320,1725,0.00338018946799627,645.5,0.0001922309177917559,0.26293843558522845,1.0986122886681098,6.407697259725196e-05,0.0
KAE,,,1,1,0.00012334524178132371,0.00010129788681736046,1.0362358598313869e-06,0.0,1,2,2658,1999,2095,3164,1725,0.008401101208820917,1041.0,0.0013034109623895093,0.4860940522698254,2.6390573296152584,9.310078302782209e-05,0.0
PEC,,,1,1,0.00012334524178132371,0.00010129788681736046,1.0362358598313869e-06,0.0002892141279345135,2,2,1914,1999,2095,3164,674,0.008401101208820917,285.0,0.0013034109623895093,0.4860940522698254,2.6390573296152584,9.310078302782209e-05,0.0
PSG,Petersburg James A Johnson Airport,United States,2,2,0.00021851286508051983,0.00017382789247804756,1.7475289201489117e-06,3.554386989969811e-06,2,4,1914,1057,1218,3112,1231,0.007997373150111618,1228.5,0.0007636673905055425,0.6306446239795473,1.666102255087602,0.00010253134616930497,0.0
SIT,Sitka Rocky Gutierrez Airport,United States,2,2,0.0002101915165036051,0.00020651598381164033,1.9671649282931427e-06,0.0,2,4,1914,1120,1008,3073,1725,0.00935891686313326,1165.5,0.001315824049768434,0.5918188305539775,2.6020033435383976,9.763643525034791e-05,0.0
JOL,Jolo Airport,Philippines,1,1,8.887198204119272e-05,6.845047393039257e-05,1.3847495098296595e-05,0.0,1,2,2658,2566,2774,2144,1725,0.15581395598759343,475.5,0.00021017602909634324,0.15830371518151587,1.3862943611198906,5.254400727408581e-05,0.0
JOS,Yakubu Gowon Airport,Nigeria,1,1,6.595480440936083e-05,5.7963370569778565e-05,1.629330592875025e-05,0.0,1,2,2658,3120,3160,2001,1725,0.24703743835889194,-79.5,0.0011000527390236643,-0.1399234892429,3.7612001156935624,2.5582621837759636e-05,0.0
MII,Frank Miloye Milenkowichi–Marília State Airport,Brazil,2,2,0.00011666699139465387,9.895597627703666e-05,4.357263375098271e-06,0.0,2,4,1914,2092,2134,2817,1725,0.03734786783314562,193.5,0.0009644008091455384,0.003123381284385829,2.5152189606962176,4.262200914488549e-05,0.0
JUK,,,1,1,0.0001385103170192455,0.0001383128193086585,1.2676127461178892e-07,0.0,1,2,2658,1760,1560,3372,1725,0.0009151756875567321,1281.0,0.0007765943321889332,0.6020515989438451,1.9459101490553132,0.00011094204745556188,0.0
KGQ,,,2,2,0.00022617477841121357,0.00022576529912166516,3.403093829018312e-07,0.0,2,4,1914,1002,908,3313,1725,0.001504630115224903,1281.0,0.0005675393193428756,0.6651077882787657,1.4451858789480825,0.00010703835350694438,0.0
KHQ,,,2,2,0.00022617477841121357,0.00022576529912166516,3.403093829018312e-07,0.0,2,4,1914,1002,908,3313,1725,0.001504630115224903,1281.0,0.0005675393193428756,0.6651077882787657,1.4451858789480825,0.00010703835350694438,0.0
NAQ,Qaanaaq Airport,Greenland,3,3,0.00038911431466298336,0.00038856809263646284,3.429231872845717e-07,0.0008676599474145486,3,6,1507,541,517,3312,388,0.0008812916265534504,1169.0,0.00045466904943426874,0.9577142983335643,0.963457252632055,0.0001352567593685501,0.0
NSQ,,,2,2,0.00022617477841121357,0.00022576529912166516,3.403093829018312e-07,0.0,2,4,1914,1002,908,3313,1725,0.001504630115224903,1281.0,0.0005675393193428756,0.6651077882787657,1.4451858789480825,0.00010703835350694438,0.0
UPK,,,2,2,0.00022617477841121357,0.00022576529912166516,3.403093829018312e-07,0.0,2,4,1914,1002,908,3313,1725,0.001504630115224903,1281.0,0.0005675393193428756,0.6651077882787657,1.4451858789480825,0.00010703835350694438,0.0
JUZ,Quzhou Airport,China,3,3,9.148165487732967e-05,8.854354131327325e-05,3.4951611760271155e-05,0.0,3,6,1507,2518,2340,1458,1725,0.38206142867811865,-808.0,0.0011953797203415007,-0.49002041110626493,4.1399642897944995,1.8538070216933214e-05,0.0
KAA,Kasama Airport,Zambia,1,1,7.25823415045639e-05,6.303608789076088e-05,1.4795943800645197e-05,0.0,2,2,1914,2945,2987,2058,1725,0.2038504613372778,-660.5,0.0006008350374261923,-0.04417155274204809,2.8903717578961645,3.337972430145513e-05,0.0
KAD,Kaduna Airport,Nigeria,1,1,6.595480440936083e-05,5.7963370569778565e-05,1.629330592875025e-05,0.0,1,2,2658,3120,3160,2001,1725,0.24703743835889194,-79.5,0.0011000527390236643,-0.1399234892429,3.7612001156935624,2.5582621837759636e-05,0.0
KAW,Kawthoung Airport,Burma,1,1,0.00014840361705108652,0.00014329057659270513,1.7589339030120154e-05,0.0,1,2,2658,1670,1501,1939,1725,0.11852365447444042,1371.5,0.0002451624498889461,0.6710424890729509,0.6931471805599453,0.00012258122494447304,0.0
MGZ,Myeik Airport,Burma,2,2,0.0002451624498889461,0.0002332179839926684,4.138668020413645e-05,0.0002892199824715162,2,4,1914,889,873,1322,599,0.1688132918515206,1396.5,0.0001622133374132587,0.7457207836784274,0.34657359027997264,0.00011820757296940098,0.0
KAZ,Kao Airport,Indonesia,1,1,8.702053944264591e-05,6.441382619644536e-05,1.607093068415862e-05,0.0,1,2,2658,2600,2919,2009,1725,0.18467974097943576,440.5,0.0005540242346392339,0.13725096131552128,2.3978952727983707,5.036583951265763e-05,0.0
KCA,Kuqa Airport,China,1,1,6.36036372833587e-05,6.161912903783942e-05,1.4072079368740314e-05,0.0,1,2,2658,3201,3034,2130,1725,0.2212464564887729,-162.5,0.0012549098575257447,-0.17622255632220174,4.007333185232471,2.2816542864104448e-05,0.0
KCC,,,1,2,0.00013105585058715685,9.6781981905428e-05,9.309290684617556e-07,0.0008676599474145486,3,3,1507,1868,2180,3182,388,0.007103300343258269,-160.0,0.0013282371371473585,0.5467303576809908,2.5649493574615367,0.00010217208747287374,0.0
WWP,,,1,1,9.990831255683114e-05,8.530527580145373e-05,3.9564512341156036e-07,0.0002892199824715162,2,2,1914,2361,2398,3296,599,0.0039600821321699765,-75.5,0.00013105585058715685,0.2753596759470298,0.6931471805599453,6.552792529357842e-05,0.0
KCL,,,1,1,0.00018606190561266223,0.00016290946427925342,5.355662078878666e-07,0.0005772713993572889,2,2,1914,1288,1305,3261,470,0.0028784301984028445,996.0,0.0001668850932966821,0.8971862291905754,0.0,0.0001668850932966821,0.0
LGK,Langkawi International Airport,Malaysia,5,5,0.00016545471265280612,0.00023753205577959572,0.00017740933809405135,5.606993402041517e-07,5,10,1107,1473,854,618,1476,1.0722531576742156,-285.0,0.0013794617437938514,-0.21237194845369167,3.5333017723109292,2.8528267492376877e-05,0.4
MKM,Mukah Airport,Malaysia,2,2,0.00010889991026059038,8.330589607706189e-05,4.090545740835887e-05,0.0,2,4,1914,2209,2436,1331,1725,0.37562434450565463,76.5,0.0006567082224793936,-0.06577106202461103,2.8173948015846246,3.805313789225028e-05,0.0
TGC,,,1,1,7.377669420779344e-05,5.996394208188861e-05,2.2020416644850835e-05,0.0,1,2,2658,2909,3116,1765,1725,0.2984738863851763,132.5,0.0004869878317061893,-0.02785032993310743,2.6390573296152584,3.478484512187066e-05,0.0
KCQ,,,1,1,0.00020236219609210098,0.00018264597834800412,4.55232126516828e-07,0.0002892141279345135,2,2,1914,1178,1160,3280,674,0.002249590760072788,1107.0,0.00018606190561266223,0.9811659267440991,0.0,0.00018606190561266223,0.0
KPV,Perryville Airport,United States,1,1,0.00021621744301075763,0.00019942201531304216,3.8694817380718227e-07,0.0019725387087350275,2,2,1914,1072,1043,3300,277,0.0017896251496597809,1213.5,0.00020236219609210098,1.047391366903497,0.0,0.00020236219609210098,0.0
KDV,Vunisea Airport,Fiji,2,2,0.00012830617016128644,0.0001048947492771389,1.3967067924671694e-05,0.0,2,4,1914,1909,2034,2140,1725,0.10885733637840239,376.0,0.0008483992716189887,0.09821909422558406,2.831480240067973,4.946858483870223e-05,0.0
KEP,Nepalgunj Airport,Nepal,1,1,7.219024195901455e-05,6.101706638165709e-05,0.00013342338437691124,0.0,1,2,2658,2955,3053,707,1725,1.8482191049125634,82.5,0.0010533897829782739,-0.04958833118034356,3.4657359027997265,3.291843071807106e-05,0.0
KET,Kengtung Airport,Burma,1,1,7.605904061199558e-05,6.400305932925108e-05,2.167367676788574e-05,0.0,2,2,1914,2855,2935,1775,1725,0.28495858734862217,-569.5,0.00014987983415453934,0.0026166738293582625,1.3862943611198906,3.7469958538634835e-05,0.0
KEW,Keewaywin Airport,Canada,1,1,0.0001284626403452893,0.00012141265265568614,6.110116361347664e-07,0.0,2,2,1914,1907,1780,3245,1725,0.004756337208175498,378.5,0.00029736375605825906,0.5267449104277482,1.0986122886681098,9.912125201941969e-05,0.0
YRL,Red Lake Airport,Canada,8,6,0.0005196876379901487,0.0005237291261015908,5.954982391738114e-06,0.0056175938797823404,9,14,750,418,403,2675,137,0.011458772455639974,371.0,0.0003697900738731347,0.6424135612287554,1.4235902326888654,6.992324424222803e-05,0.0
KME,Kamembe Airport,Rwanda,1,1,6.944586148322301e-05,5.580905310626997e-05,2.06416110317758e-05,0.0,1,2,2658,3044,3220,1824,1725,0.29723313370894644,-2.5,0.00047503596498762166,-0.08834573747250296,2.772588722239781,2.9689747811726354e-05,0.0
KGP,Kogalym International Airport,Russia,1,1,6.185620752437027e-05,5.535397342796511e-05,1.4860491342692012e-05,0.0,1,2,2658,3309,3255,2052,1725,0.24024252273851798,-267.5,0.0013494483049519435,-0.20408075704319018,4.174387269895637,2.0760743153106823e-05,0.0
KHD,Khoram Abad Airport,Iran,1,1,8.213757467449816e-05,6.853852998746532e-05,2.2843704527563684e-05,0.0,1,2,2658,2690,2763,1725,1725,0.27811515762537037,346.5,0.0016509834785395317,0.07950236634080277,3.6109179126442243,4.462117509566302e-05,0.0
NGQ,Ngari Gunsa Airport,China,2,2,9.485972088658856e-05,6.459328344973368e-05,3.09079940795204e-05,1.9476093095724995e-07,2,4,1914,2473,2914,1529,1578,0.32582843161085273,-187.5,0.0002605064930531917,-0.20380108983676948,2.04717228111105,2.979420297106632e-05,0.0
KNH,Kinmen Airport,Taiwan,4,4,0.00012070469653819931,9.527835478596088e-05,4.7677376119765234e-05,1.4719431897346006e-07,4,8,1270,2037,2222,1246,1598,0.3949918891903002,-649.5,0.0004164017559840948,-0.390160282611852,2.769286367214926,2.2498564919242028e-05,0.0
MZG,Makung Airport,Taiwan,4,4,0.00012070469653819931,9.527835478596088e-05,4.7677376119765234e-05,1.4748929756859728e-07,4,8,1270,2037,2222,1246,1597,0.3949918891903002,-649.5,0.0004164017559840948,-0.390160282611852,2.769286367214926,2.2498564919242028e-05,0.0
LYP,Faisalabad International Airport,Pakistan,1,1,6.677459046726481e-05,6.959267540559101e-05,7.10791368711379e-05,0.0,1,2,2658,3107,2751,1028,1725,1.0644638383216043,-66.0,0.0009556947368841311,-0.12757058907055452,3.58351893845611,2.6547076024559195e-05,0.0
MJD,Moenjodaro Airport,Pakistan,2,2,9.084555132039708e-05,7.391576109129208e-05,0.00010627492145261143,0.0,2,4,1914,2541,2676,813,1725,1.1698417798995742,-255.5,0.0005486443121707384,-0.24703944157097624,2.596478425445105,2.743292675801418e-05,0.0
PJG,Panjgur Airport,Pakistan,1,1,6.677459046726481e-05,5.688280440693953e-05,7.10791368711379e-05,0.0,1,2,2658,3107,3196,1028,1725,1.0644638383216043,-66.0,0.0009556947368841311,-0.12757058907055452,3.58351893845611,2.6547076024559195e-05,0.0
KHS,Khasab Air Base,Oman,1,1,6.146798489776676e-05,5.3622140323305434e-05,0.00010173834535595519,0.0,1,2,2658,3316,3348,838,1725,1.6551436577132939,-274.5,0.0010964165749896436,-0.21037674652246174,3.9889840465642745,2.0304010647956364e-05,0.0
NGK,Nogliki Airport,Russia,1,1,6.672132773883707e-05,5.726067255530907e-05,1.1525338135734479e-05,0.0,1,2,2658,3109,3183,2274,1725,0.17273844101015728,-67.5,0.0006091415217627974,-0.1283685570079971,3.1354942159291497,2.648441398968684e-05,0.0
OHH,,,2,2,9.665258698218361e-05,7.726795352727673e-05,2.2685229019462713e-05,0.0,2,4,1914,2436,2588,1742,1725,0.2347089687691896,-150.5,0.0005158502379987777,-0.1850772961141427,2.810200432858575,3.084883008795834e-05,0.0
KHY,Khoy Airport,Iran,1,1,8.213757467449816e-05,6.853852998746532e-05,2.2843704527563684e-05,0.0,1,2,2658,2690,2763,1725,1725,0.27811515762537037,346.5,0.0016509834785395317,0.07950236634080277,3.6109179126442243,4.462117509566302e-05,0.0
KHZ,Kauehi Airport,French Polynesia,1,1,0.00013142792409715005,0.00011429100475479125,2.9644441283804126e-06,0.0002892199824715162,2,2,1914,1857,1881,2989,599,0.022555664245211153,428.0,0.00010260982132015026,0.5495653806049621,0.0,0.00010260982132015026,0.0
KXU,,,1,1,0.0001559233114632104,0.00014132028745457312,2.5197775506434897e-06,0.0,2,2,1914,1582,1522,3029,1725,0.016160364521491215,703.5,0.00013142792409715005,0.7204710781705348,0.0,0.00013142792409715005,0.0
KIF,Kingfisher Lake Airport,Canada,2,2,0.00013770686835411675,0.00013230149187844317,5.626198961549929e-07,0.0,2,4,1914,1772,1628,3247,1725,0.0040856342379974936,513.5,0.0005486732497776948,0.16892701569571322,1.9356005054539454,5.499840714384624e-05,0.0
WNN,Wunnumin Lake Airport,Canada,2,3,0.00015290827593408233,0.0001469062020452785,6.247273202475533e-07,0.0002892199824715162,3,5,1507,1617,1469,3240,599,0.004085634452623538,93.0,0.000541072545987712,0.27363797000959167,1.7328679513998633,6.394041157669504e-05,0.0
YXL,Sioux Lookout Airport,Canada,14,16,0.0009444382236213073,0.0009848146089888512,7.258606929171777e-06,0.00791933274775225,18,30,488,210,202,2561,100,0.007685634430740989,290.5,0.00026659692958812346,0.8947874523046977,1.1509580502181382,7.564946592612886e-05,0.0
KIS,Kisumu Airport,Kenya,1,2,6.68358685304225e-05,7.063731885455994e-05,3.3149474365022744e-05,0.0,2,3,1914,3106,2719,1489,1725,0.49598329600420604,-820.5,0.001703626743355405,-0.12665332454030853,4.1588830833596715,2.6619167864928203e-05,0.0
TGP,Podkamennaya Tunguska Airport,Russia,1,1,6.502213436108477e-05,5.715276629260184e-05,1.4652309719364575e-05,0.0,1,2,2658,3160,3184,2083,1725,0.22534341364429072,-119.5,0.0007345608888332752,-0.1541654744619141,3.4011973816621555,2.4485362961109173e-05,0.0
THX,Turukhansk Airport,Russia,1,1,6.502213436108477e-05,5.715276629260184e-05,1.4652309719364575e-05,0.0,1,2,2658,3160,3184,2083,1725,0.22534341364429072,-119.5,0.0007345608888332752,-0.1541654744619141,3.4011973816621555,2.4485362961109173e-05,0.0
SKK,Shaktoolik Airport,United States,3,3,0.0002461055567663343,0.00027219811179151406,1.12198521497656e-06,0.0,3,6,1507,885,706,3156,1725,0.004558959292584492,825.0,0.0006085769022757537,0.49960166630219227,1.8483924814931874,7.917489377628014e-05,0.0
SYB,,,1,1,0.00011633601779276857,0.00011055939953844325,2.507012846283524e-07,0.0002892199824715162,2,2,1914,2097,1936,3343,599,0.0021549756419798646,187.5,8.485463746294559e-05,0.4275894938277087,0.0,8.485463746294559e-05,0.0
KYK,Karluk Airport,United States,1,0,0.00011633601779276857,0.00011055939953844325,2.507012846283524e-07,0.0,1,1,2658,2097,1936,3343,1725,0.0021549756419798646,943.5,8.485463746294559e-05,0.4275894938277087,0.0,8.485463746294559e-05,0.0
KLV,Karlovy Vary International Airport,Czech Republic,3,3,9.39068407881103e-05,9.392166822168993e-05,4.1521021736410866e-05,0.0,3,6,1507,2484,2246,1319,1725,0.44215119354401616,-774.0,0.002035343414354868,-0.46385563473815417,4.614893645088018,1.9489123523042536e-05,0.3333333333333333
LNJ,Lintsang Airfield,China,1,1,6.14656621125947e-05,5.8836466370130134e-05,2.207045161955422e-05,0.0,1,2,2658,3317,3139,1760,1725,0.3590696148220918,-277.0,0.0019286214056921495,-0.21041453577266012,4.553876891600541,2.0301277954654204e-05,0.0
SYM,Pu'er Simao Airport,China,1,1,6.14656621125947e-05,6.616823285105117e-05,2.207045161955422e-05,0.0,1,2,2658,3317,2857,1760,1725,0.3590696148220918,-277.0,0.0019286214056921495,-0.21041453577266012,4.553876891600541,2.0301277954654204e-05,0.0
WNH,,,1,1,6.14656621125947e-05,5.8836466370130134e-05,2.207045161955422e-05,0.0,1,2,2658,3317,3139,1760,1725,0.3590696148220918,-277.0,0.0019286214056921495,-0.21041453577266012,4.553876891600541,2.0301277954654204e-05,0.0
YIC,Yichun Mingyueshan Airport,China,4,4,0.00010750715932456279,8.691793217846202e-05,6.083414472809326e-05,0.0,4,8,1270,2231,2382,1100,1725,0.5658613352849899,-843.0,0.0021188213915953715,-0.5059498770785975,4.635198244008649,1.8616936327773815e-05,0.25
NDY,Sanday Airport,United Kingdom,3,2,0.0001763417366976754,0.00017022520234458648,8.782331365289037e-06,0.0,3,5,1507,1372,1252,2443,1725,0.04980290843083666,338.0,0.0002591674518406547,0.16626492804279103,1.492445604826069,5.181653368481527e-05,0.0
NRL,North Ronaldsay Airport,United Kingdom,2,4,0.0001287416281645392,0.00012427613628356244,6.4117075508814585e-06,0.0,4,6,1270,1903,1744,2637,1725,0.049802908680686625,-515.5,0.0003279441386077058,0.10160724555511358,1.7482537807332403,4.972473667207928e-05,0.0
PPW,Papa Westray Airport,United Kingdom,3,3,0.00016427097358887466,0.00015857312194260888,8.181172278668765e-06,0.0,3,6,1507,1483,1341,2481,1725,0.04980290857193068,227.0,0.0002497001866518718,0.09535847215323834,1.492445604826069,4.7082901090423795e-05,0.0
SOY,Stronsay Airport,United Kingdom,2,2,0.00015714342373088802,0.0001516927960584235,7.826199546349252e-06,0.0,2,4,1914,1565,1415,2500,1725,0.04980290845483812,720.5,0.0003339795201621062,0.30095864737500655,1.545521226679158,6.643167524835235e-05,0.0
WRY,Westray Airport,United Kingdom,2,2,0.0001287416281645392,0.00012427613628356244,6.4117075508814585e-06,0.0,2,4,1914,1903,1744,2637,1725,0.049802908680686625,382.0,0.0003279441386077058,0.10160724555511358,1.7482537807332403,4.972473667207928e-05,0.0
FMI,Kalemie Airport,Congo (Kinshasa),1,0,0.00014531670662668044,0.00013995234129527038,4.390076975332434e-06,0.0,1,1,2658,1690,1540,2815,1725,0.030210407854965843,1351.5,0.00011894956562184719,0.6500223291685252,0.0,0.00011894956562184719,0.0
KOS,Sihanoukville International Airport,Cambodia,1,1,6.470607152824677e-05,5.369954410574502e-05,2.08562149488895e-05,0.0,1,2,2658,3165,3336,1816,1725,0.3223223795897566,-123.5,0.0004822704864848158,-0.15903817667857822,2.995732273553991,2.4113524324240788e-05,0.0
WBB,,,3,4,0.0002616554714425059,0.0002868501261247449,9.370940981148696e-07,1.6554679131366245e-06,4,7,1270,820,688,3181,1336,0.0035814045582485713,568.0,0.0005405791550551183,0.5608697737605048,1.5214493971559453,8.52728995123636e-05,0.0
KPB,,,1,1,0.00013105585058715685,9.6781981905428e-05,9.309290684617556e-07,0.0002892199824715162,2,2,1914,1868,2180,3182,599,0.007103300343258269,415.5,0.0013282371371473585,0.5467303576809908,2.5649493574615367,0.00010217208747287374,0.0
PPV,,,1,1,0.00015560704924878684,0.0001264376181946194,7.912902468231207e-07,0.0,2,2,1914,1587,1709,3207,1725,0.005085182519964081,698.5,0.00013105585058715685,0.7184406993506443,0.0,0.00013105585058715685,0.0
UYL,Nyala Airport,Sudan,1,1,6.776156364508138e-05,6.970972903838663e-05,3.995972836252987e-05,0.0,1,2,2658,3080,2747,1351,1725,0.589710836246773,-39.5,0.0006095808607155242,-0.11289808871925011,3.091042453358316,2.7708220941614738e-05,0.0
KRY,Karamay Airport,China,1,1,6.36036372833587e-05,6.161912903783942e-05,1.4072079368740314e-05,0.0,1,2,2658,3201,3034,2130,1725,0.2212464564887729,-162.5,0.0012549098575257447,-0.17622255632220174,4.007333185232471,2.2816542864104448e-05,0.0
KSA,Kosrae International Airport,Micronesia,2,2,0.00018418403767717773,0.00017596753474468063,6.964541035750775e-06,0.0,2,4,1914,1303,1204,2585,1725,0.03781294580998184,982.5,0.0002470137560625807,0.4597351945949164,1.0986122886681098,8.233791868752688e-05,0.0
KWA,Bucholz Army Air Field,Marshall Islands,3,3,0.00024379244795588934,0.00022921702996305118,1.1446902918558469e-05,0.0002727707842636324,3,6,1507,897,890,2280,698,0.046953476264488786,813.0,0.00022387259655564423,0.4901583700340897,1.0593512767826485,7.826779295004452e-05,0.0
PNI,Pohnpei International Airport,Micronesia,3,3,0.000250235064169272,0.00023594038651334728,1.3133830299998455e-05,4.4524549440638876e-05,3,6,1507,870,861,2180,939,0.052485970915387176,840.0,0.00018867666800799997,0.5162418626325529,0.8283022165960001,8.079430911756169e-05,0.0
MOU,Mountain Village Airport,United States,2,2,0.0002502808212122165,0.00017585074046215998,8.640572435420691e-07,2.0449897750511246e-06,2,4,1914,868,1205,3195,1307,0.003452351000596339,1417.5,0.00033593376934325085,0.7663833043888921,1.0397207708399179,0.00012121837859898463,0.0
KTE,Kerteh Airport,Malaysia,1,1,7.408476377400496e-05,7.288402426054982e-05,2.4577064482424e-05,0.0,1,2,2658,2893,2690,1672,1725,0.3317424964382172,148.5,0.0004217673588695937,-0.023683320947911923,2.4849066497880004,3.5147279905799474e-05,0.0
KTG,Ketapang(Rahadi Usman) Airport,Indonesia,2,2,0.00011460039698361005,8.579547867419455e-05,3.393133046813375e-05,0.0,2,4,1914,2130,2395,1478,1725,0.29608388244053424,155.5,0.00020404070596637892,-0.014748999554832665,1.5890269151739727,4.140636537524125e-05,0.0
KTL,Kitale Airport,Kenya,1,1,0.00012679344982234836,8.332535950254867e-05,1.3363671947987881e-05,0.0,1,2,2658,1940,2433,2170,1725,0.10539717916589432,1100.0,0.0009715749880422407,0.5136661680934616,2.302585092994046,9.715749880422407e-05,0.0
PKR,Pokhara Airport,Nepal,1,1,7.219024195901455e-05,6.101706638165709e-05,0.00013342338437691124,0.0,1,2,2658,2955,3053,707,1725,1.8482191049125634,82.5,0.0010533897829782739,-0.04958833118034356,3.4657359027997265,3.291843071807106e-05,0.0
TMI,Tumling Tar Airport,Nepal,1,1,7.219024195901455e-05,6.101706638165709e-05,0.00013342338437691124,0.0,1,2,2658,2955,3053,707,1725,1.8482191049125634,82.5,0.0010533897829782739,-0.04958833118034356,3.4657359027997265,3.291843071807106e-05,0.0
KWF,,,1,1,0.00013105585058715685,9.6781981905428e-05,9.309290684617556e-07,0.0,1,2,2658,1868,2180,3182,1725,0.007103300343258269,1171.5,0.0013282371371473585,0.5467303576809908,2.5649493574615367,0.00010217208747287374,0.0
MTM,Metlakatla Seaplane Base,United States,1,1,0.00013105585058715685,0.00020200007889970787,9.309290684617556e-07,0.0,1,2,2658,1868,1031,3182,1725,0.007103300343258269,1171.5,0.0013282371371473585,0.5467303576809908,2.5649493574615367,0.00010217208747287374,0.0
WRG,Wrangell Airport,United States,2,2,0.0002239238186215757,0.0001706588364087262,1.6736294204415817e-06,0.0,2,4,1914,1020,1246,3117,1725,0.007474101820628396,1265.5,0.0007733750011139392,0.6551056306602376,1.629048269010741,0.00010571426000656683,0.0
KTS,Brevig Mission Airport,United States,3,3,0.0002907892634539267,0.0002487563079071511,7.894916433203283e-07,2.9214139643587495e-07,3,6,1507,729,795,3212,1537,0.0027149958493753574,981.0,0.0005748568853025219,0.6664399541130148,1.5214493971559453,9.669791587204694e-05,0.0
TLA,Teller Airport,United States,2,2,0.00018862380049082896,0.00017493911005564487,5.121117663567408e-07,0.0,2,4,1914,1263,1212,3266,1725,0.002714990181642746,1022.5,0.0007291492860682297,0.48355428993107097,1.9356005054539454,8.494954313865026e-05,0.0
WAA,Wales Airport,United States,4,3,0.0003684375467342043,0.00031293402523900133,1.0003055578197677e-06,0.0019725387087350275,4,7,1270,587,622,3168,277,0.0027149935360453407,801.0,0.00044378905704707354,0.7257638967792346,1.141087047866959,9.536116713358345e-05,0.0
KUA,Kuantan Airport,Malaysia,3,3,0.00010601240640075867,9.645024691303148e-05,0.0001308118569667765,0.0,3,6,1507,2260,2193,717,1725,1.2339297013244703,-550.0,0.0019961845094644917,-0.3426027413625299,4.180848294050462,2.4236404144738074e-05,0.6666666666666666
NUP,,,1,2,0.00024453731753239195,0.00020982884957043317,2.709582569295649e-07,0.0,3,3,1507,895,988,3339,1725,0.001108044611202023,815.0,0.00023567969401994707,1.170474710189902,0.0,0.00023567969401994707,0.0
TGG,Sultan Mahmud Airport,Malaysia,4,4,0.0001483642685536155,0.00014052837409168158,0.00015013342741834114,6.283170936263021e-07,4,8,1270,1671,1530,665,1452,1.0119244268311565,-283.0,0.0016759724232450297,-0.18383679699574706,3.7568628829848465,3.063373315646656e-05,0.5
KVG,Kavieng Airport,Papua New Guinea,3,3,0.00017769377278921715,0.00016467601644992974,1.8235193535083617e-05,0.0,3,6,1507,1356,1296,1921,1725,0.10262145515202978,354.0,0.0007890564271814524,0.173902821012069,2.4147425052011164,5.2346743815687506e-05,0.0
MAS,Momote Airport,Papua New Guinea,5,5,0.00027315945898849373,0.00020243102248112762,2.769744453982226e-05,0.0,5,10,1107,780,1030,1612,1725,0.10139661515799442,408.0,0.0006268131571780816,0.28898625725997995,2.1753073236457783,5.3870560654206266e-05,0.0
KVL,Kivalina Airport,United States,2,2,0.00017841025027435598,0.0001703568846112661,4.465450190871797e-07,0.0,3,4,1507,1350,1250,3285,1725,0.0025029112307195975,360.0,0.0006342984334621836,0.42788540728031776,1.5890269151739729,7.894157266863291e-05,0.0
PHO,,,3,3,0.00027738553395212064,0.0002509788791389034,8.070886856175657e-07,0.0002895121238679521,4,6,1270,762,782,3206,594,0.0029096278890912777,626.0,0.0005004932953297004,0.6192494876839856,1.2904003369692971,9.144155162321096e-05,0.0
KVX,Pobedilovo Airport,Russia,3,3,0.00012055147433811767,9.598677514582846e-05,3.2288616674031636e-05,0.0005208670703654404,3,6,1507,2040,2213,1503,479,0.26784091070897975,-330.0,0.0012700578113487863,-0.2140820354936004,3.3677192492215653,2.9937999425674372e-05,0.0
WUZ,Wuzhou Changzhoudao Airport,China,3,3,8.875406561681097e-05,6.381293886663204e-05,3.898886428144385e-05,0.0,3,6,1507,2567,2947,1366,1725,0.43929102301381157,-857.0,0.0007116559969899083,-0.5202896330691917,3.6855293421627695,1.7468427369563268e-05,0.0
TOG,Togiak Airport,United States,1,1,0.0001458273405398052,0.00013949500992276514,1.1969250848670664e-07,0.0,1,2,2658,1686,1548,3374,1725,0.0008207823583948255,1355.5,0.00035865093101072936,0.6535301078209557,1.0986122886681098,0.00011955031033690978,0.0
KYP,Kyaukpyu Airport,Burma,1,1,7.182901658921989e-05,5.911308739806513e-05,4.4612407180754275e-05,0.0,1,2,2658,2992,3131,1283,1725,0.6210917161220012,49.5,0.0009098168713661272,-0.05460468983849687,3.332204510175204,3.24934596916474e-05,0.0
KZS,Kastelorizo Airport,Greece,1,1,5.8274985798232695e-05,6.0951551491156514e-05,8.560758102092144e-06,0.0,1,2,2658,3393,3064,2460,1725,0.1469027917352451,-351.5,0.0007777344328439001,-0.26372027380368834,3.8501476017100584,1.65475411243383e-05,0.0
LUO,Luena Airport,Angola,1,1,7.230542746693031e-05,6.327793571901265e-05,1.1405045787550663e-05,0.0,1,2,2658,2950,2969,2282,1725,0.1577342972319317,90.5,0.0011899419509763661,-0.04799401997680697,3.58351893845611,3.3053943082676836e-05,0.0
MEG,Malanje Airport,Angola,2,2,0.00012574856947435706,0.00011004858384573989,1.9834862168797113e-05,0.0,2,4,1914,1955,1947,1849,1725,0.1577342967137442,329.0,0.0006578452602253617,0.07808416505585747,2.1383330595080277,4.7964113909927684e-05,0.0
MSZ,Namibe Airport,Angola,1,1,7.230542746693031e-05,6.327793571901265e-05,1.1405045787550663e-05,0.0,1,2,2658,2950,2969,2282,1725,0.1577342972319317,90.5,0.0011899419509763661,-0.04799401997680697,3.58351893845611,3.3053943082676836e-05,0.0
NOV,Nova Lisboa Airport,Angola,3,3,0.00016090440403661272,0.00014015837709204957,2.595497802674185e-05,0.0,3,6,1507,1523,1537,1643,1725,0.16130682178740097,186.5,0.0005514806959047404,0.07465155474684693,2.1579635654507583,4.576267773725162e-05,0.0
SDD,Lubango Airport,Angola,3,3,0.00014856544789481664,0.00012101607186780936,3.131179281422265e-05,9.738046547862497e-08,3,6,1507,1669,1784,1519,1636,0.21076093572168406,41.0,0.000654319423980591,-0.005133282426614372,2.620061685824055,4.09238714071881e-05,0.0
SPP,Menongue Airport,Angola,3,3,0.00016090440403661272,0.00014015837709204957,2.595497802674185e-05,0.0,3,6,1507,1523,1537,1643,1725,0.16130682178740097,186.5,0.0005514806959047404,0.07465155474684693,2.1579635654507583,4.576267773725162e-05,0.0
SSY,Mbanza Congo Airport,Angola,1,1,7.230542746693031e-05,6.327793571901265e-05,1.1405045787550663e-05,0.0,1,2,2658,2950,2969,2282,1725,0.1577342972319317,90.5,0.0011899419509763661,-0.04799401997680697,3.58351893845611,3.3053943082676836e-05,0.0
SVP,Kuito Airport,Angola,2,2,0.00011531482291284884,0.00010044683692401275,1.860106762733753e-05,0.0,2,4,1914,2114,2108,1911,1725,0.1613068221194391,171.0,0.0007467688418388044,-0.008534289376219917,2.6876392038420827,4.182661593310864e-05,0.0
TMS,São Tomé International Airport,Sao Tome and Principe,3,3,0.00011169797985661663,9.716499356161005e-05,2.718637094128914e-05,2.7192058471828315e-06,3,6,1507,2157,2177,1623,1272,0.2433917871763435,-447.0,0.001131748908117412,-0.2903602496683835,3.6420993759293183,2.646604080291183e-05,0.0
VHC,Saurimo Airport,Angola,2,2,0.00012574856947435706,0.00011004858384573989,1.9834862168797113e-05,0.0,2,4,1914,1955,1947,1849,1725,0.1577342967137442,329.0,0.0006578452602253617,0.07808416505585747,2.1383330595080277,4.7964113909927684e-05,0.0
LAI,Lannion-Côte de Granit Airport,France,1,1,6.0311643861580824e-05,5.40732387504548e-05,8.198510196198108e-06,0.0,1,2,2658,3352,3305,2477,1725,0.13593577742656504,-312.0,0.002254289522351075,-0.22936803106560255,4.77912349311153,1.894360943152164e-05,1.0
LAO,Laoag International Airport,Philippines,1,1,7.158033171149427e-05,7.037662379560633e-05,1.9268425537151766e-05,0.0,1,2,2658,2993,2723,1882,1725,0.26918603304066097,42.5,0.0025116693607450963,-0.05807287555921725,4.356708826689592,3.220088924032175e-05,1.0
LAQ,La Abraq Airport,Libya,2,2,8.100251382427547e-05,7.537507442559134e-05,3.1022603897210805e-05,0.0,2,4,1914,2731,2652,1525,1725,0.3829832240084592,-446.0,0.0008575590918801371,-0.36172007885137347,3.6566101935451503,2.1642904705014718e-05,0.0
SCK,Stockton Metropolitan Airport,United States,1,1,6.154450480828222e-05,5.35352633929594e-05,4.020574066698125e-06,0.0,1,2,2658,3315,3360,2855,1725,0.0653279131779945,-273.5,0.0027124065280925407,-0.20913264650354435,4.890349128221754,2.0394034045808576e-05,1.0
SMX,Santa Maria Pub/Capt G Allan Hancock Field,United States,2,2,8.061237212929657e-05,6.330278552132682e-05,1.0258546420261212e-05,0.0,2,4,1914,2746,2966,2351,1725,0.12725771676594785,-460.5,0.003027445752527795,-0.36654812981375073,4.947147717083606,2.141340956304875e-05,1.0
YYJ,Victoria International Airport,Canada,8,8,0.00021320977082171268,0.0001906318465394538,4.399378875662291e-05,2.164761566513872e-07,8,16,829,1099,1098,1290,1570,0.20634039700465132,-229.0,0.001902233926802793,-0.2485378530720066,4.181936159304864,2.485296983664475e-05,0.25
LAU,Manda Airstrip,Kenya,2,2,0.0001656810374846387,0.00019474392921859708,2.5871366700901022e-05,1.1685655857434998e-06,2,4,1914,1472,1080,1648,1375,0.15615164591964675,813.5,0.0005544126487421968,0.3538642111366297,1.700598690831078,7.145380097580418e-05,0.0
MYD,Malindi Airport,Kenya,2,3,0.00013725030944215284,0.0001947865737214902,4.414480514467206e-05,0.00031772412464939743,3,5,1507,1779,1077,1286,557,0.3216371993920921,-69.0,0.0009346538904200218,0.16560606706489445,2.4260151319598084,5.4729843303623774e-05,0.0
LTO,Loreto International Airport,Mexico,1,1,6.327744318588984e-05,5.3940455536655464e-05,6.2379723535630866e-06,0.0,1,2,2658,3216,3319,2654,1725,0.09858129594834963,-177.0,0.0033424849769630493,-0.18136429715398705,5.003946305945459,2.243278508028892e-05,1.0
MCE,Merced Regional Macready Field,United States,1,1,6.327744318588984e-05,5.3940455536655464e-05,6.2379723535630866e-06,0.0,1,2,2658,3216,3319,2654,1725,0.09858129594834963,-177.0,0.0033424849769630493,-0.18136429715398705,5.003946305945459,2.243278508028892e-05,1.0
MMH,Mammoth Yosemite Airport,United States,1,1,6.327744318588984e-05,6.370797766502288e-05,6.2379723535630866e-06,0.0,1,2,2658,3216,2949,2654,1725,0.09858129594834963,-177.0,0.0033424849769630493,-0.18136429715398705,5.003946305945459,2.243278508028892e-05,1.0
PRC,Ernest A. Love Field,United States,1,1,6.327744318588984e-05,5.3940455536655464e-05,6.2379723535630866e-06,0.0,1,2,2658,3216,3319,2654,1725,0.09858129594834963,-177.0,0.0033424849769630493,-0.18136429715398705,5.003946305945459,2.243278508028892e-05,1.0
SBP,San Luis County Regional Airport,United States,3,3,9.878482601333901e-05,8.144580121907342e-05,1.638486925924258e-05,0.0,3,6,1507,2393,2474,1996,1725,0.16586423158785657,-683.0,0.0024714238873044195,-0.41321486004453867,4.719732237201227,2.1402058878500822e-05,0.3333333333333333
STS,Charles M. Schulz Sonoma County Airport,United States,4,4,0.00011982359976381723,0.0001013615799895301,2.0741577324336205e-05,0.0,4,8,1270,2053,2093,1820,1725,0.17310093642003466,-665.0,0.0019802179087410918,-0.3974866614958188,4.388535107335686,2.2239418778314044e-05,0.25
UPN,Licenciado y General Ignacio Lopez Rayon Airport,Mexico,2,2,8.386737837060221e-05,6.55432835374865e-05,9.46132060105786e-06,7.747695197552621e-07,2,4,1914,2658,2872,2392,1421,0.11281288129991564,-372.5,0.0020588177390362663,-0.32696354565171326,4.234841104372593,2.332811911998014e-05,0.5
VIS,Visalia Municipal Airport,United States,1,1,6.327744318588984e-05,5.3940455536655464e-05,6.2379723535630866e-06,0.0,1,2,2658,3216,3319,2654,1725,0.09858129594834963,-177.0,0.0033424849769630493,-0.18136429715398705,5.003946305945459,2.243278508028892e-05,1.0
YLW,Kelowna International Airport,Canada,11,11,0.0003305517765324451,0.0002576697158500125,5.6254055266829775e-05,0.00010113182387198145,11,22,660,641,751,1150,824,0.17018228084249365,40.0,0.0012984701876898096,-0.006369436407332785,3.1153820274580597,3.0624834283451124e-05,0.18181818181818182
YUM,Yuma MCAS/Yuma International Airport,United States,2,2,8.11042994431607e-05,7.249718605861638e-05,1.018913227449714e-05,0.0,2,4,1914,2725,2695,2356,1725,0.12562998934030448,-439.5,0.0026255036172535247,-0.36046429409797653,4.757402906231155,2.1702778570606e-05,0.5
LAZ,Bom Jesus da Lapa Airport,Brazil,1,1,7.200112986951757e-05,6.0198145409565325e-05,3.532968518456712e-06,0.0002892199824715162,2,2,1914,2969,3100,2944,599,0.049068237190989294,-684.5,0.0009481824310591167,-0.052211403497793185,3.367295829986474,3.269594589859023e-05,0.0
LBP,,,1,1,0.00010005045672801404,9.293003996419294e-05,1.130885009899414e-05,0.0,1,2,2658,2359,2260,2288,1725,0.11303146900905323,682.5,0.0003941709238124287,0.2767814109940545,1.791759469228055,6.569515396873811e-05,0.0
LBS,Labasa Airport,Fiji,2,2,0.00012830617016128644,0.0001048947492771389,1.3967067924671694e-05,0.0,2,4,1914,1909,2034,2140,1725,0.10885733637840239,376.0,0.0008483992716189887,0.09821909422558406,2.831480240067973,4.946858483870223e-05,0.0
PEU,Puerto Lempira Airport,Honduras,2,2,9.519506744509524e-05,7.82997789362659e-05,5.711398985739946e-06,0.0,2,4,1914,2464,2551,2691,1725,0.059996795412052786,-178.5,0.0002639377166104626,-0.20027214000635674,2.171902710926842,2.999146563863673e-05,0.0
UII,Utila Airport,Honduras,1,0,7.224614816363342e-05,6.485115472868217e-05,2.4262158222498444e-06,0.0,1,1,2658,2953,2896,3040,1725,0.03358263220835806,88.0,0.00023088941895089488,-0.04881420206560527,1.9459101490553132,3.2984202707270695e-05,0.0
LCK,Rickenbacker International Airport,United States,2,2,8.302425268899527e-05,6.953928329841232e-05,6.209301811573526e-06,1.3308856769388957e-07,2,4,1914,2670,2752,2662,1613,0.07478901177025059,-384.5,0.0009171005034635403,-0.3370675017234266,3.662903751297886,2.2832162837998244e-05,0.0
LCX,Longyan Guanzhishan Airport,China,1,1,5.953261889032547e-05,5.104747319860598e-05,1.1079250572437003e-05,0.0,1,2,2658,3375,3418,2307,1725,0.1861038667364501,-333.5,0.0012078163336865933,-0.24236883604304538,4.204692619390966,1.8027109458008855e-05,0.0
LEA,Learmonth Airport,Australia,1,1,7.707791393991571e-05,9.217632722355592e-05,1.940840281487554e-05,0.0,1,2,2658,2820,2270,1869,1725,0.25180238829510754,219.0,0.001469408055110543,0.01592356458562172,3.6375861597263857,3.866863302922482e-05,0.0
LEC,Coronel Horácio de Mattos Airport,Brazil,1,1,7.200112986951757e-05,6.0198145409565325e-05,3.532968518456712e-06,0.0,1,2,2658,2969,3100,2944,1725,0.049068237190989294,71.5,0.0009481824310591167,-0.052211403497793185,3.367295829986474,3.269594589859023e-05,0.0
SCW,Syktyvkar Airport,Russia,7,7,0.0002779627352524296,0.0002423053997763984,7.604434181020475e-05,0.0012248863254333108,7,14,912,761,822,993,339,0.2735774698041653,192.5,0.0009416783729372511,0.09899128567615989,2.431819252230285,3.9286245300237076e-05,0.14285714285714285
UCT,Ukhta Airport,Russia,4,4,0.00016124860314538245,0.00012929251401263674,4.1165346936624614e-05,0.00011126188773971735,4,8,1270,1519,1676,1328,810,0.2552911847522162,-131.0,0.0010136231571435468,-0.10056002782270212,2.9109006971529614,3.442324334259052e-05,0.0
LEH,Le Havre Octeville Airport,France,1,1,5.829111407173194e-05,5.275480170721152e-05,8.697715782646869e-06,0.0,1,2,2658,3392,3391,2449,1725,0.14921169240209792,-350.5,0.001275621698220841,-0.26344355057763735,4.343805421853684,1.6566515561309624e-05,0.0
LPD,La Pedrera Airport,Colombia,1,1,0.00012481430781793504,8.965614532952333e-05,1.6913057629062197e-06,0.0,1,2,2658,1971,2322,3115,1725,0.013550575991442462,1070.0,0.0003793163856888233,0.49793388031811325,1.3862943611198906,9.482909642220583e-05,0.0
TCD,,,1,1,0.00012481430781793504,8.965614532952333e-05,1.6913057629062197e-06,0.0,1,2,2658,1971,2322,3115,1725,0.013550575991442462,1070.0,0.0003793163856888233,0.49793388031811325,1.3862943611198906,9.482909642220583e-05,0.0
LGI,Deadman's Cay Airport,Bahamas,1,1,6.994657060293075e-05,7.318608516809343e-05,4.483286004801867e-06,0.0,1,2,2658,3034,2683,2792,1725,0.06409586583239892,6.0,0.0011808738763817558,-0.08116154151881716,3.6635616461296463,3.0278817343121943e-05,0.0
LGL,Long Lellang Airport,Malaysia,2,2,0.00013517367278081098,0.00011627199395936621,3.019389086250218e-05,0.0,2,4,1914,1804,1841,1554,1725,0.22337109173220934,480.0,0.0006102997685325133,0.150360148784495,2.393745871391023,5.3508292315684004e-05,0.0
LGQ,,,1,1,7.659661044666804e-05,6.32397449124312e-05,4.007740083459057e-06,0.0,1,2,2658,2833,2972,2856,1725,0.05232268190574214,206.5,0.0008763550535772177,0.00965961070107646,3.1354942159291497,3.8102393633792075e-05,0.0
YZY,Zhangye Ganzhou Airport,China,2,2,7.540243236377707e-05,6.439147221576374e-05,2.2072262430907976e-05,0.0,2,4,1914,2872,2922,1759,1725,0.2927261328178502,-586.5,0.0010879522880919905,-0.43336073394971386,3.9754274288599936,1.8348739133195097e-05,0.0
PIU,Capitán FAP Guillermo Concha Iberico International Airport,Peru,1,1,7.38659776557286e-05,7.632384542235747e-05,3.831021175598769e-06,0.0,1,2,2658,2894,2617,2886,1725,0.051864488864605963,142.5,0.001988723414565733,-0.026640876626801813,4.04305126783455,3.488988446606549e-05,0.0
TBP,Capitan FAP Pedro Canga Rodriguez Airport,Peru,1,1,7.38659776557286e-05,6.0248389415322765e-05,3.831021175598769e-06,0.0,1,2,2658,2894,3091,2886,1725,0.051864488864605963,142.5,0.001988723414565733,-0.026640876626801813,4.04305126783455,3.488988446606549e-05,0.0
TGI,Tingo Maria Airport,Peru,1,1,7.38659776557286e-05,6.0248389415322765e-05,3.831021175598769e-06,0.0,1,2,2658,2894,3091,2886,1725,0.051864488864605963,142.5,0.001988723414565733,-0.026640876626801813,4.04305126783455,3.488988446606549e-05,0.0
TRU,Capitan FAP Carlos Martinez De Pinillos International Airport,Peru,1,1,7.38659776557286e-05,6.0248389415322765e-05,3.831021175598769e-06,0.0,1,2,2658,2894,3091,2886,1725,0.051864488864605963,142.5,0.001988723414565733,-0.026640876626801813,4.04305126783455,3.488988446606549e-05,0.0
SYQ,Tobias Bolanos International Airport,Costa Rica,1,1,6.619534941333625e-05,5.490967122539411e-05,4.549927368531595e-06,0.0,1,2,2658,3115,3277,2777,1725,0.06873484933391605,-73.5,0.0003879842391296037,-0.13628300510146474,2.70805020110221,2.586561594197358e-05,0.0
TNO,,,2,2,9.532602908180531e-05,0.00010162396556552102,8.419216418069252e-06,0.0,2,4,1914,2463,2088,2463,1725,0.0883202258518939,-177.5,0.0008451484886826495,-0.19889736671642666,3.172818180414298,3.0068501895140673e-05,0.0
PIX,Pico Airport,Portugal,3,2,0.00011716571590145359,0.00010199388151858504,1.9972893517779505e-05,0.0,3,5,1507,2085,2081,1846,1725,0.17046704630370219,-375.0,0.0008539120936084296,-0.2425695622317665,3.182461291321896,2.861025101763863e-05,0.0
PXO,Porto Santo Airport,Portugal,1,1,5.879617551717925e-05,6.989437054759341e-05,7.979862477377968e-06,0.0,1,2,2658,3386,2745,2496,1725,0.13572077447531236,-344.5,0.0017675526658972038,-0.2548164044585075,4.634728988229636,1.716070549414761e-05,0.0
SMA,Santa Maria Airport,Portugal,2,1,8.191836986409608e-05,7.5536788678578e-05,1.4713605267783479e-05,0.0,2,3,1914,2702,2644,2076,1725,0.17961301344489145,-416.5,0.0011149982766033217,-0.3504770059365523,3.733971166142926,2.218164355029262e-05,0.0
LJA,Lodja Airport,Congo (Kinshasa),0,1,4.420957586487548e-05,4.417293340828806e-05,0.0,0.0,1,1,2658,3419,3419,3415,1725,0.0,-380.5,0.0,,,,0.0
LKB,Lakeba Island Airport,Fiji,1,1,9.221286753547163e-05,8.44402015432704e-05,5.462992509360182e-06,0.0,1,2,2658,2507,2409,2703,1725,0.059243277596358515,533.0,0.0006776935290197297,0.19520646692414267,2.4849066497880004,5.6474460751644135e-05,0.0
LKG,Lokichoggio Airport,Kenya,1,1,0.00012679344982234836,8.332535950254867e-05,1.3363671947987881e-05,0.0,1,2,2658,1940,2433,2170,1725,0.10539717916589432,1100.0,0.0009715749880422407,0.5136661680934616,2.302585092994046,9.715749880422407e-05,0.0
LKH,Long Akah Airport,Malaysia,2,2,0.00013517367278081098,0.00011627199395936621,3.019389086250218e-05,0.0,2,4,1914,1804,1841,1554,1725,0.22337109173220934,480.0,0.0006102997685325133,0.150360148784495,2.393745871391023,5.3508292315684004e-05,0.0
PJA,Pajala Airport,Sweden,2,2,9.265155382278924e-05,7.668650173905454e-05,1.4607536546295685e-05,3.0318138049815254e-07,2,4,1914,2503,2600,2090,1532,0.15766099912619824,-217.5,0.0003571117787909109,-0.22735454443092706,2.470821211304652,2.8495281176412107e-05,0.0
LMC,,,1,1,0.00010101119954728706,7.606476498138945e-05,2.249532330769927e-06,0.0,1,2,2658,2349,2632,3056,1725,0.022270127875442546,692.5,0.00033412719816652196,0.2863381822776869,1.6094379124341003,6.68254396333044e-05,0.0
LMN,Limbang Airport,Malaysia,1,1,7.933279191767241e-05,6.751488740346133e-05,1.8885040763508037e-05,0.0,1,2,2658,2778,2800,1903,1725,0.23804835689012413,263.5,0.0008264286132525978,0.04475834539001333,2.995732273553991,4.132143066262989e-05,0.0
LMT,Crater Lake-Klamath Regional Airport,United States,2,2,8.045668847191986e-05,6.311182660874886e-05,1.0513946217457202e-05,0.0,2,4,1914,2749,2985,2341,1725,0.1306783365950572,-464.0,0.0017041589216857038,-0.36848125968087686,4.343721083487962,2.1321830939822417e-05,0.0
LNE,Lonorore Airport,Vanuatu,3,3,0.00023951445845075297,0.0001988721783543742,1.0050385024321103e-05,5.4364463566355146e-05,3,6,1507,920,1050,2362,916,0.041961496142361616,790.0,0.0007437919977297912,0.4724549142006591,1.9971548490359943,7.659014982557665e-05,0.0
LOD,Longana Airport,Vanuatu,2,2,0.0001773455018846949,0.0001525368435099948,5.877926630529271e-06,0.0,2,4,1914,1362,1411,2679,1725,0.033143928478946906,923.5,0.0005037189689168619,0.42189955006001156,1.700598690831078,7.831525037760737e-05,0.0
QUO,Akwa Ibom International Airport,Nigeria,1,1,6.595480440936083e-05,5.7963370569778565e-05,1.629330592875025e-05,0.0,1,2,2658,3120,3160,2001,1725,0.24703743835889194,-79.5,0.0011000527390236643,-0.1399234892429,3.7612001156935624,2.5582621837759636e-05,0.0
NDB,Nouadhibou International Airport,Mauritania,3,3,0.00011057160456888039,9.63337922834241e-05,2.49412489329354e-05,6.966355601591006e-07,3,6,1507,2175,2196,1661,1436,0.22556649177862198,-465.0,0.0005230290130736648,-0.3004955539009977,2.5592878335594036,2.6024325006644586e-05,0.0
VDE,Hierro Airport,Spain,3,3,8.580276411144864e-05,6.84034900434263e-05,2.191888368115852e-05,2.695749409158699e-07,3,6,1507,2621,2779,1769,1554,0.2554566150420076,-911.0,0.0008999996262105851,-0.5541076484162151,3.8780268621755654,1.631105423873781e-05,0.0
POI,Capitan Nicolas Rojas Airport,Bolivia,1,1,8.702644452887275e-05,9.183832225250014e-05,2.026780523282706e-06,0.0,1,2,2658,2598,2277,3070,1725,0.023289248851368176,443.0,0.0008059645866095867,0.13731881754714692,2.772588722239781,5.037278666309917e-05,0.0
RBQ,Rurenabaque Airport,Bolivia,2,2,0.0001537469380327215,0.00011521214235439134,3.6034183322670865e-06,0.0,2,4,1914,1611,1861,2939,1725,0.023437333961735106,674.5,0.0006777137371209207,0.27910772334414524,2.359249435647547,6.44337424481392e-05,0.0
UYU,Uyuni Airport,Bolivia,1,1,8.702644452887275e-05,6.80056278303941e-05,2.026780523282706e-06,0.0,1,2,2658,2598,2793,3070,1725,0.023289248851368176,443.0,0.0008059645866095867,0.13731881754714692,2.772588722239781,5.037278666309917e-05,0.0
LPM,Lamap Airport,Vanuatu,2,2,0.00016495224219313897,0.00013658161186480837,7.503889869699801e-06,0.0,2,4,1914,1476,1575,2537,1725,0.04549128747770315,809.0,0.0008374156177066065,0.34945572284083504,2.3025850929940455,7.102509764719322e-05,0.0
PKZ,Pakse International Airport,Laos,5,5,0.00017453342925693787,0.00012023757930421554,0.00010677866137132333,1.2663420961774209e-06,5,10,1107,1398,1798,810,1361,0.6117948969771863,-210.0,0.0005566305666949024,-0.15895317129662168,2.5724904203795806,3.066443610740909e-05,0.0
LPS,Lopez Island Airport,United States,1,1,0.00018187050431758915,0.00018171976364806752,3.781557323874433e-12,0.0,1,2,2658,1320,1167,3411,1725,2.079258172216279e-08,1721.5,0.00032390807444890025,0.8744017040686209,0.6931471805599453,0.00016195403722445013,0.0
LPY,Le Puy-Loudes Airport,France,1,1,6.0311643861580824e-05,5.40732387504548e-05,8.198510196198108e-06,0.0,1,2,2658,3352,3305,2477,1725,0.13593577742656504,-312.0,0.002254289522351075,-0.22936803106560255,4.77912349311153,1.894360943152164e-05,1.0
LQM,Caucaya Airport,Colombia,1,1,9.87977163316785e-05,7.9112925368217e-05,2.553973064918926e-06,0.0,1,2,2658,2392,2528,3025,1725,0.025850527317300146,649.5,0.0001926640251990806,0.2641812754119428,1.0986122886681098,6.422134173302687e-05,0.0
WIN,Winton Airport,Australia,2,2,0.00021053962315036902,0.0001854267635685494,3.0510604532843328e-05,2.9214139643587495e-07,2,4,1914,1118,1141,1540,1537,0.14491621138246466,1167.5,0.00038651102050713215,0.5934736009923363,1.4978661367769956,9.78412042368823e-05,0.0
LRT,Lorient South Brittany (Bretagne Sud) Airport,France,2,2,7.439318206843728e-05,6.265510704937826e-05,1.6896225978844973e-05,0.0,2,4,1914,2887,3007,1971,1725,0.22712062461989402,-601.5,0.001764955610285958,-0.44683596913498036,4.561464457482607,1.775506249641563e-05,0.5
LSE,La Crosse Municipal Airport,United States,2,2,8.079884118185354e-05,7.186624904142788e-05,1.104865332862846e-05,0.0,2,4,1914,2745,2702,2308,1725,0.13674272015561847,-459.5,0.0035895966489837986,-0.3642376442943771,5.097705309622581,2.1523097242698086e-05,1.0
LSY,Lismore Airport,Australia,1,1,7.546410921958831e-05,6.050536426375046e-05,1.756456517180536e-05,0.0,1,2,2658,2866,3078,1941,1725,0.232753892591448,173.0,0.0031254533344087436,-0.005236046369233804,4.442651256490317,3.677003922833816e-05,1.0
LTD,Ghadames East Airport,Libya,1,1,6.5630313665822e-05,5.594401418484411e-05,1.6537189056296657e-05,0.0,1,2,2658,3146,3212,1985,1725,0.25197485936911884,-105.5,0.0006300217006010657,-0.14485552724316797,3.2188758248682006,2.5200868024042627e-05,0.0
OCC,Francisco De Orellana Airport,Ecuador,2,2,0.00013135131556255057,0.00012340873660322122,6.70854130235792e-06,2.3424727317374814e-06,2,4,1914,1860,1755,2609,1289,0.05107327074438975,425.5,0.000502594826932567,0.12167526387426086,1.9143206982445475,5.12598468888751e-05,0.0
LUD,Luderitz Airport,Namibia,1,1,7.746020084684327e-05,6.474216835208467e-05,1.271072518688512e-05,0.0002892199824715162,2,2,1914,2802,2903,2201,599,0.16409362547377282,-516.5,0.0004694205882641642,0.020871051970782872,2.4849066497880004,3.911838235534702e-05,0.0
OMD,Oranjemund Airport,Namibia,1,1,0.00011005074656417972,9.920377649890174e-05,1.0804116364807803e-05,0.0,2,2,1914,2182,2128,2321,1725,0.0981739488564671,103.5,7.746020084684327e-05,0.3720483767900653,0.0,7.746020084684327e-05,0.0
MFU,Mfuwe Airport,Zambia,1,1,7.25823415045639e-05,6.303608789076088e-05,1.4795943800645197e-05,0.0,1,2,2658,2945,2987,2058,1725,0.2038504613372778,95.5,0.0006008350374261923,-0.04417155274204809,2.8903717578961645,3.337972430145513e-05,0.0
SLI,,,2,2,0.00010571767830925844,8.676100125219093e-05,2.9145279185325404e-05,0.0,2,4,1914,2265,2383,1577,1725,0.2756897394214998,20.5,0.0004368571409205671,-0.09542813916726978,2.418140953475739,3.618123675179485e-05,0.0
LUR,Cape Lisburne LRRS Airport,United States,1,1,0.0001228021443093106,9.75059456646716e-05,2.286761470959275e-07,0.0,2,2,1914,2007,2164,3347,1725,0.0018621510917589876,278.5,0.00027738553395212064,0.4816812623398814,1.0986122886681098,9.246184465070687e-05,0.0
LUW,Syukuran Aminuddin Amir Airport,Indonesia,1,1,8.351610084909312e-05,8.418783284209282e-05,1.4695851507645645e-05,0.0,1,2,2658,2660,2417,2077,1725,0.17596429141489575,379.5,0.0012023172350295551,0.0961462227856753,3.258096538021482,4.624297057805981e-05,0.0
PUW,Pullman Moscow Regional Airport,United States,2,2,9.644745601825226e-05,7.81588911864984e-05,9.116807889933416e-06,0.0,2,4,1914,2441,2560,2411,1725,0.09452616239258918,-155.5,0.0011989343653766374,-0.18720190507752577,2.943052015725078,3.072816476595501e-05,0.0
LXG,Luang Namtha Airport,Laos,1,1,7.283506100807074e-05,6.065054092522606e-05,2.1401234805892022e-05,0.0,1,2,2658,2928,3074,1792,1725,0.29383149419646376,112.0,0.000572509703122592,-0.04069576850210055,2.833213344056216,3.367704136015247e-05,0.0
LYR,"Svalbard Airport, Longyear",Norway,2,2,9.008632546121289e-05,8.622444627770716e-05,1.346042925507122e-05,0.0,2,4,1914,2545,2388,2166,1725,0.14941700847668243,-259.5,0.0013081805391127654,-0.25543188549964313,3.8200615863476814,2.698632331904357e-05,0.0
LZC,Lázaro Cárdenas Airport,Mexico,1,1,6.712977133661738e-05,6.699763781897549e-05,4.409505098559498e-06,0.0,1,2,2658,3093,2809,2802,1725,0.06568628211838162,-56.5,0.0025347039701103316,-0.1222655833551638,4.543294782270004,2.696493585223757e-05,1.0
TCR,,,1,1,6.200354689588205e-05,5.3366055031875965e-05,0.00024308581476671835,0.0,1,2,2658,3286,3362,512,1725,3.9205146630549104,-244.5,0.0008373633433912116,-0.20170162361603516,3.6888794541139363,2.0934083584780288e-05,0.0
OIA,Ourilândia do Norte Airport,Brazil,2,1,0.00010279951487791061,0.0001002753371426916,9.54764979786333e-07,0.0019770771458195386,3,3,1507,2319,2114,3178,267,0.009287640908814164,-609.0,0.00012098384454965734,-0.12341963398638178,1.0397207708399179,3.4464670009590195e-05,0.0
RDC,Redenção Airport,Brazil,1,1,6.522137539262293e-05,6.272834374545269e-05,9.54764979786333e-07,0.0005784399649430324,2,2,1914,3157,2995,3178,453,0.014638835413064972,-872.0,0.0001977581132344392,-0.15110595637408508,2.0794415416798357,2.47197641543049e-05,0.0
TUR,Tucuruí Airport,Brazil,1,1,6.522137539262293e-05,6.272834374545269e-05,9.54764979786333e-07,0.0,2,2,1914,3157,2995,3178,1725,0.014638835413064972,-872.0,0.0001977581132344392,-0.15110595637408508,2.0794415416798357,2.47197641543049e-05,0.0
PNA,Pamplona Airport,Spain,1,1,5.837261052651384e-05,5.237102104847919e-05,8.662518963381984e-06,0.0,1,2,2658,3390,3399,2451,1725,0.14840040363532,-349.0,0.002632658210822366,-0.2620464330362786,5.062595033026967,1.6662393739382062e-05,1.0
RJL,Logroño-Agoncillo Airport,Spain,1,1,5.837261052651384e-05,5.237102104847919e-05,8.662518963381984e-06,0.0,1,2,2658,3390,3399,2451,1725,0.14840040363532,-349.0,0.002632658210822366,-0.2620464330362786,5.062595033026967,1.6662393739382062e-05,1.0
VAI,Vanimo Airport,Papua New Guinea,3,3,0.00017885381499234307,0.0001428985656389371,1.7369883913769936e-05,0.0,3,6,1507,1348,1505,1952,1725,0.09711777137386508,362.0,0.0007525996263896954,0.18040992601642358,2.2958508572215393,5.28016623217704e-05,0.0
MAM,General Servando Canales International Airport,Mexico,1,1,6.712977133661738e-05,6.699763781897549e-05,4.409505098559498e-06,0.0,1,2,2658,3093,2809,2802,1725,0.06568628211838162,-56.5,0.0025347039701103316,-0.1222655833551638,4.543294782270004,2.696493585223757e-05,1.0
PIN,Parintins Airport,Brazil,1,1,8.265552799386667e-05,6.658575217412385e-05,2.480115001615152e-06,0.0,1,2,2658,2677,2837,3031,1725,0.030005434141067797,362.5,0.0008141495744260254,0.08578849138576672,2.8903717578961645,4.523053191255697e-05,0.0
TBT,Tabatinga Airport,Brazil,1,1,8.265552799386667e-05,6.658575217412385e-05,2.480115001615152e-06,0.0,1,2,2658,2677,2837,3031,1725,0.030005434141067797,362.5,0.0008141495744260254,0.08578849138576672,2.8903717578961645,4.523053191255697e-05,0.0
PBL,General Bartolome Salom International Airport,Venezuela,2,2,0.00010182240498083401,7.80186890641802e-05,6.4914700070278205e-06,0.0,2,4,1914,2340,2571,2628,1725,0.06375286468876577,-54.5,0.00038023761651130377,-0.13297009978890273,2.359249435647547,3.388989948914694e-05,0.0
MAZ,Eugenio Maria De Hostos Airport,Puerto Rico,1,1,6.284038732259983e-05,5.419488592251064e-05,4.351342409468052e-06,0.0,1,2,2658,3244,3298,2818,1725,0.06924436011397946,-203.0,0.0010740114842966914,-0.18829523802304138,3.8918202981106265,2.191860172034064e-05,0.0
MBL,Manistee Co Blacker Airport,United States,1,1,6.0549382414531674e-05,5.230215934545775e-05,3.68991143810605e-06,0.0,1,2,2658,3345,3401,2923,1725,0.06094052971249599,-303.5,0.0014225243348494907,-0.22543394467067657,4.30406509320417,1.9223301822290416e-05,0.0
MBT,Moises R. Espinosa Airport,Philippines,1,1,7.158033171149427e-05,5.72747786019472e-05,1.9268425537151766e-05,0.0,1,2,2658,2993,3177,1882,1725,0.26918603304066097,42.5,0.0025116693607450963,-0.05807287555921725,4.356708826689592,3.220088924032175e-05,1.0
NIB,Nikolai Airport,United States,1,1,0.00014026771220529947,0.00010897825518772233,7.189638970669594e-07,0.0,1,2,2658,1741,1969,3221,1725,0.005125654976211953,1300.0,0.00045203828652372454,0.6146596116398211,1.3862943611198906,0.00011300957163093114,0.0
TCT,,,1,1,0.00014026771220529947,0.00010897825518772233,7.189638970669594e-07,0.0002892199824715162,2,2,1914,1741,1969,3221,599,0.005125654976211953,544.0,0.00045203828652372454,0.6146596116398211,1.3862943611198906,0.00011300957163093114,0.0
SLN,Salina Municipal Airport,United States,1,1,6.0751862418569814e-05,5.239729891212942e-05,3.8804320499943665e-06,0.0,1,2,2658,3337,3398,2880,1725,0.06387346651628326,-295.5,0.0008368450844550587,-0.2220954761763707,3.7612001156935624,1.946151359197811e-05,0.0
MCM,,,1,1,5.69345628388344e-05,5.189898719438531e-05,8.776456114188669e-06,0.0,1,2,2658,3411,3407,2444,1725,0.15414988148819772,-369.5,0.001347351564054008,-0.28699062703985057,4.499809670330265,1.4970572933933422e-05,0.0
MCY,Sunshine Coast Airport,Australia,2,2,0.00010309887427528618,0.00011976840300741398,4.071328893400843e-05,0.0,2,4,1914,2297,1806,1336,1725,0.3948955720437755,-13.0,0.002456792595323918,-0.12051179571194481,4.2249922208613935,3.4640763761797195e-05,0.5
MNA,Melangguane Airport,Indonesia,1,1,8.702053944264591e-05,6.441382619644536e-05,1.607093068415862e-05,0.0,1,2,2658,2600,2919,2009,1725,0.18467974097943576,440.5,0.0005540242346392339,0.13725096131552128,2.3978952727983707,5.036583951265763e-05,0.0
NAH,Naha Airport,Indonesia,1,1,8.702053944264591e-05,6.441382619644536e-05,1.607093068415862e-05,0.0,1,2,2658,2600,2919,2009,1725,0.18467974097943576,440.5,0.0005540242346392339,0.13725096131552128,2.3978952727983707,5.036583951265763e-05,0.0
MYT,Myitkyina Airport,Burma,3,3,0.00018556441677730927,0.00015911391201895927,9.259287855980925e-05,0.0002892199824715162,3,6,1507,1292,1336,889,599,0.4989797083291427,418.0,0.0004342548575617926,0.21724321187927487,1.8038820172850132,5.5433270961926876e-05,0.0
NYU,Bagan Airport,Burma,2,3,0.00010329618027701205,0.00013956421670264233,7.029342706346056e-05,0.0,3,5,1507,2291,1547,1035,1725,0.6805036437451303,-581.0,0.0006029892060402734,-0.11859986945714596,2.7058230259275198,3.4756826140474936e-05,0.0
MDU,Mendi Airport,Papua New Guinea,1,1,8.434037738531906e-05,7.147675058169529e-05,8.15710841297954e-06,0.0,1,2,2658,2649,2707,2484,1725,0.0967165273130427,391.0,0.0016524447662086433,0.105967507856505,3.5553480614894135,4.721270760596124e-05,0.0
MEB,Melbourne Essendon Airport,Australia,1,1,8.178771535016317e-05,8.171992680552697e-05,0.0,0.0,2,2,1914,2708,2462,3415,1725,0.0,-423.0,4.420957586487548e-05,0.07523383821442309,0.0,4.420957586487548e-05,0.0
MEC,Eloy Alfaro International Airport,Ecuador,1,1,7.659661044666804e-05,6.32397449124312e-05,4.007740083459057e-06,0.0,1,2,2658,2833,2972,2856,1725,0.05232268190574214,206.5,0.0008763550535772177,0.00965961070107646,3.1354942159291497,3.8102393633792075e-05,0.0
ULH,Majeed Bin Abdulaziz Airport,Saudi Arabia,2,2,9.218994907840341e-05,7.162298196942605e-05,0.00012840267626428799,0.0,2,4,1914,2511,2706,724,1725,1.3928055883303208,-225.5,0.0013732635434245688,-0.2323491554543704,3.8571155724245427,2.8223748976916146e-05,0.0
MIM,Merimbula Airport,Australia,3,3,0.00015367630966380612,0.00011429314641417642,5.477392222146513e-05,2.793417670718284e-07,3,6,1507,1612,1880,1159,1552,0.3564239819481135,98.0,0.0016775303069827621,0.028689634910186612,3.0477105407609115,4.292813089127315e-05,0.3333333333333333
WGA,Wagga Wagga City Airport,Australia,2,2,0.00010309887427528618,9.114799774861324e-05,4.071328893400843e-05,0.0,2,4,1914,2297,2286,1336,1725,0.3948955720437755,-13.0,0.002456792595323918,-0.12051179571194481,4.2249922208613935,3.4640763761797195e-05,0.5
MTT,Minatitlán/Coatzacoalcos National Airport,Mexico,1,1,6.712977133661738e-05,6.699763781897549e-05,4.409505098559498e-06,0.0,1,2,2658,3093,2809,2802,1725,0.06568628211838162,-56.5,0.0025347039701103316,-0.1222655833551638,4.543294782270004,2.696493585223757e-05,1.0
NLD,Quetzalcóatl International Airport,Mexico,1,1,6.712977133661738e-05,5.558528561363177e-05,4.409505098559498e-06,0.0,1,2,2658,3093,3239,2802,1725,0.06568628211838162,-56.5,0.0025347039701103316,-0.1222655833551638,4.543294782270004,2.696493585223757e-05,1.0
PAZ,El Tajín National Airport,Mexico,3,3,0.00011683619648286522,0.00012316379104059034,1.0692972449383526e-05,1.1709074005445891e-07,3,6,1507,2090,1760,2327,1620,0.0915210591518333,-380.0,0.0009693438839376003,-0.24538594636336342,2.7440580787946467,2.8481027695638792e-05,0.3333333333333333
PDS,Piedras Negras International Airport,Mexico,1,1,6.712977133661738e-05,6.699763781897549e-05,4.409505098559498e-06,0.0,1,2,2658,3093,2809,2802,1725,0.06568628211838162,-56.5,0.0025347039701103316,-0.1222655833551638,4.543294782270004,2.696493585223757e-05,1.0
PQM,Palenque International Airport,Mexico,1,1,6.712977133661738e-05,5.558528561363177e-05,4.409505098559498e-06,0.0,1,2,2658,3093,3239,2802,1725,0.06568628211838162,-56.5,0.0025347039701103316,-0.1222655833551638,4.543294782270004,2.696493585223757e-05,1.0
PXM,Puerto Escondido International Airport,Mexico,1,1,6.712977133661738e-05,7.84099900243192e-05,4.409505098559498e-06,0.0,1,2,2658,3093,2548,2802,1725,0.06568628211838162,-56.5,0.0025347039701103316,-0.1222655833551638,4.543294782270004,2.696493585223757e-05,1.0
TPQ,Amado Nervo National Airport,Mexico,2,2,8.771970652132977e-05,7.860046581980653e-05,7.63285334605427e-06,0.0,2,4,1914,2580,2542,2526,1725,0.08701412315142981,-295.0,0.0016549272356099075,-0.2820536899958235,4.004515342534865,2.5594194505954467e-05,0.5
MGS,Mangaia Island Airport,Cook Islands,1,1,0.00010302960303400306,7.80348482258007e-05,6.369147528351157e-06,0.0,1,2,2658,2301,2568,2641,1725,0.061818616599436334,739.0,0.0006228002872069112,0.30612314001004926,2.1972245773362196,6.920003191187902e-05,0.0
MGT,Milingimbi Airport,Australia,1,1,0.00012812958052931862,0.00011897132813907144,8.618536214029082e-06,0.0,1,2,2658,1912,1817,2455,1725,0.0672642193818545,1129.0,0.00029618825170744305,0.524148884703461,1.0986122886681098,9.872941723581435e-05,0.0
TVY,Dawei Airport,Burma,2,2,0.0001760230577754309,0.0001582307305824822,6.220174621087442e-05,0.0005784399649430324,2,4,1914,1376,1347,1094,453,0.3533727171711277,909.5,0.0005774896606275367,0.4144147286349167,2.0126758453675744,7.753734231806022e-05,0.0
MHC,Mocopulli Airport,Chile,1,1,9.723932027457658e-05,7.229501126281251e-05,2.1485107960399038e-06,0.0,1,2,2658,2425,2698,3063,1725,0.022095082421114336,616.5,0.0003119396729954393,0.24828194421728966,1.6094379124341003,6.238793459908786e-05,0.0
NSH,Noshahr Airport,Iran,2,2,0.00010608063667062424,8.458741916014562e-05,5.751006733111715e-05,0.0,2,4,1914,2256,2406,1137,1725,0.5421353899834087,28.0,0.0013747737502091855,-0.09200073969331157,3.6372397793869355,3.6394741674483294e-05,0.0
RZR,Ramsar Airport,Iran,2,2,0.00010608063667062424,8.458741916014562e-05,5.751006733111715e-05,0.0,2,4,1914,2256,2406,1137,1725,0.5421353899834087,28.0,0.0013747737502091855,-0.09200073969331157,3.6372397793869355,3.6394741674483294e-05,0.0
XBJ,Birjand Airport,Iran,2,2,0.00010608063667062424,8.458741916014562e-05,5.751006733111715e-05,0.0,2,4,1914,2256,2406,1137,1725,0.5421353899834087,28.0,0.0013747737502091855,-0.09200073969331157,3.6372397793869355,3.6394741674483294e-05,0.0
MHG,Mannheim-City Airport,Germany,1,1,5.664830976790696e-05,5.1514719901341856e-05,9.737606174581649e-06,0.0,1,2,2658,3414,3416,2376,1725,0.17189579379292103,-372.5,0.001595084703080839,-0.2920310643945907,4.6913478822291435,1.4633804615420542e-05,0.0
STX,Henry E Rohlsen Airport,Virgin Islands,5,5,0.00015883332937283504,0.00013769399409756375,2.1930990876531615e-05,6.72324262715799e-05,5,10,1107,1543,1569,1768,886,0.1380754968943088,-355.0,0.001028473822347958,-0.25321405677337516,3.1754243152943293,2.6970294949066792e-05,0.2
MYA,Moruya Airport,Australia,2,2,0.00011900573030045011,9.288842241068248e-05,3.30838431025857e-05,0.0,2,4,1914,2066,2261,1490,1725,0.2780021014035201,219.5,0.0016395648220362748,0.022971377827628814,2.7706317725792133,4.39977378914701e-05,0.5
OSY,Namsos Høknesøra Airport,Norway,3,3,0.00012899809341046032,0.00011591389430371023,1.2893910463752193e-05,0.0,3,6,1507,1899,1848,2194,1725,0.09995427159318496,-189.0,0.000311701737701457,-0.14636124565378772,2.047345801862452,3.3250399063435165e-05,0.0
MJU,,,1,1,8.351610084909312e-05,6.418038312519044e-05,1.4695851507645645e-05,0.0,1,2,2658,2660,2925,2077,1725,0.17596429141489575,379.5,0.0012023172350295551,0.0961462227856753,3.258096538021482,4.624297057805981e-05,0.0
MKG,Muskegon County Airport,United States,1,1,6.191628392598824e-05,5.3101590760617954e-05,7.080968440456045e-06,0.0,1,2,2658,3296,3372,2575,1725,0.11436358888915711,-258.0,0.004291272777137045,-0.20311000165753335,5.327876168789581,2.0831421248238085e-05,1.0
MNT,,,1,1,0.00015257460313548683,0.0001339926628265386,6.213583147065978e-07,0.0,2,2,1914,1629,1616,3241,1725,0.004072488487188325,656.0,0.00012748826667315321,0.6987604622932508,0.0,0.00012748826667315321,0.0
MMO,Maio Airport,Cape Verde,1,1,6.901552860225804e-05,6.091236649134855e-05,7.801462676360509e-06,0.0,1,2,2658,3047,3065,2501,1725,0.11303923673932799,-6.0,0.0004377521074786656,-0.09456168353946026,2.70805020110221,2.918347383191104e-05,0.0
RXS,Roxas Airport,Philippines,1,1,7.158033171149427e-05,8.347846898926548e-05,1.9268425537151766e-05,0.0,1,2,2658,2993,2427,1882,1725,0.26918603304066097,42.5,0.0025116693607450963,-0.05807287555921725,4.356708826689592,3.220088924032175e-05,1.0
SJI,San Jose Airport,Philippines,1,1,7.158033171149427e-05,5.72747786019472e-05,1.9268425537151766e-05,0.0,1,2,2658,2993,3177,1882,1725,0.26918603304066097,42.5,0.0025116693607450963,-0.05807287555921725,4.356708826689592,3.220088924032175e-05,1.0
TAG,Tagbilaran Airport,Philippines,1,1,7.158033171149427e-05,8.347846898926548e-05,1.9268425537151766e-05,0.0,1,2,2658,2993,2427,1882,1725,0.26918603304066097,42.5,0.0025116693607450963,-0.05807287555921725,4.356708826689592,3.220088924032175e-05,1.0
TUG,Tuguegarao Airport,Philippines,1,1,7.158033171149427e-05,8.347846898926548e-05,1.9268425537151766e-05,0.0,1,2,2658,2993,2427,1882,1725,0.26918603304066097,42.5,0.0025116693607450963,-0.05807287555921725,4.356708826689592,3.220088924032175e-05,1.0
VRC,Virac Airport,Philippines,1,1,7.158033171149427e-05,5.72747786019472e-05,1.9268425537151766e-05,0.0,1,2,2658,2993,3177,1882,1725,0.26918603304066097,42.5,0.0025116693607450963,-0.05807287555921725,4.356708826689592,3.220088924032175e-05,1.0
WNP,Naga Airport,Philippines,1,1,7.158033171149427e-05,7.037662379560633e-05,1.9268425537151766e-05,0.0,1,2,2658,2993,2723,1882,1725,0.26918603304066097,42.5,0.0025116693607450963,-0.05807287555921725,4.356708826689592,3.220088924032175e-05,1.0
MNS,Mansa Airport,Zambia,1,1,7.734491266957002e-05,6.78978467697181e-05,1.4349335384680207e-05,0.0,2,2,1914,2804,2795,2104,1725,0.18552397164093895,-518.5,0.00027287924441494197,0.019381589562618373,1.9459101490553132,3.898274920213457e-05,0.0
MOD,Modesto City Co-Harry Sham Field,United States,1,1,6.189010243505379e-05,5.312154856874509e-05,6.195736984745438e-06,0.0,1,2,2658,3304,3369,2664,1725,0.1001086884812821,-263.5,0.0021632644274062088,-0.2035329441582281,4.6443908991413725,2.0800619494290468e-05,0.0
MOI,Mitiaro Island Airport,Cook Islands,1,1,0.00010302960303400306,7.80348482258007e-05,6.369147528351157e-06,0.0,1,2,2658,2301,2568,2641,1725,0.061818616599436334,739.0,0.0006228002872069112,0.30612314001004926,2.1972245773362196,6.920003191187902e-05,0.0
SRP,Stord Airport,Norway,3,3,9.44307939224299e-05,7.81745278566015e-05,2.261467120289e-05,0.0,3,6,1507,2480,2558,1746,1725,0.2394840736112714,-770.0,0.0008775693580708738,-0.4582916433793809,3.3490227603378835,1.969459534035348e-05,0.0
MOQ,Morondava Airport,Madagascar,2,2,0.00012676116565633904,0.00010987327864731771,2.900206396521241e-05,0.0,2,4,1914,1944,1950,1584,1725,0.2287929731084962,341.0,0.0004715540481092709,0.08610446264481197,2.0715673631957663,4.855975872831983e-05,0.0
VPY,Chimoio Airport,Mozambique,1,1,7.490938989585658e-05,6.512154372890145e-05,1.4649912447454097e-05,0.0,1,2,2658,2883,2881,2086,1725,0.19556843898770587,158.5,0.0005417614244398446,-0.012613966591590753,2.70805020110221,3.611742829598964e-05,0.0
MPN,Mount Pleasant Airport,Falkland Islands,1,1,9.078760260251965e-05,7.671066676034285e-05,1.3008062946274465e-06,0.0,2,2,1914,2542,2599,3148,1725,0.01432801679236483,-256.5,0.00027398839258338075,0.17962952604801607,1.6094379124341003,5.479767851667615e-05,0.0
MPP,,,1,1,0.00015263720528477348,0.00015090518059988743,4.589692227735215e-07,0.0,2,2,1914,1620,1421,3274,1725,0.003006928893366646,663.0,0.00012756191695454977,0.6991706833164066,0.0,0.00012756191695454977,0.0
MQF,Magnitogorsk International Airport,Russia,2,2,7.707753056411212e-05,6.45032308899407e-05,2.9252899859421407e-05,0.0,2,4,1914,2826,2918,1576,1725,0.37952564963260227,-540.5,0.00196405975274735,-0.4113884621873076,4.572100284735819,1.9334091022882426e-05,0.5
MQJ,Moma Airport,Russia,1,1,7.215359634606548e-05,7.919151642797137e-05,9.61391458762667e-06,0.0,1,2,2658,2964,2521,2385,1725,0.1332423479145252,75.5,0.0007561323194339926,-0.05009608563895718,3.1354942159291497,3.2875318236260545e-05,0.0
RVK,"Rørvik Airport, Ryum",Norway,3,3,0.00013756511274344043,0.00012318674808394961,1.4144286779073701e-05,0.0,3,6,1507,1776,1758,2120,1725,0.10281885063004936,-66.0,0.0003148966949668771,-0.08206151789882021,1.972964618091049,3.661001449080673e-05,0.0
SHC,,,1,1,0.00010483098208445309,9.779647523073794e-05,2.2662850914910206e-05,0.0,1,2,2658,2279,2154,1744,1725,0.2161846666346476,762.5,0.0002139579043829223,0.32345614375076615,1.0986122886681098,7.13193014609741e-05,0.0
MRE,Mara Serena Lodge Airstrip,Kenya,2,1,0.00018499470649144842,0.0002153402834167669,1.9497920134094196e-05,0.0,2,3,1914,1295,963,1864,1725,0.10539717867546393,990.0,0.0005884955940517522,0.4641269431993731,1.700598690831078,8.281478274565598e-05,0.0
RRG,Sir Charles Gaetan Duval Airport,Mauritius,1,1,6.484350782265992e-05,5.6798292167947775e-05,5.773979865678049e-05,0.0,1,2,2658,3163,3197,1131,1725,0.8904484133506887,-122.0,0.0006068803521680988,-0.15691641994788696,3.2188758248682006,2.4275214086723952e-05,0.0
ZSE,Pierrefonds Airport,Reunion,1,1,6.484350782265992e-05,8.204900968726721e-05,5.773979865678049e-05,0.0,1,2,2658,3163,2456,1131,1725,0.8904484133506887,-122.0,0.0006068803521680988,-0.15691641994788696,3.2188758248682006,2.4275214086723952e-05,0.0
MRZ,Moree Airport,Australia,1,1,7.546410921958831e-05,6.050536426375046e-05,1.756456517180536e-05,0.0,1,2,2658,2866,3078,1941,1725,0.232753892591448,173.0,0.0031254533344087436,-0.005236046369233804,4.442651256490317,3.677003922833816e-05,1.0
MSA,Muskrat Dam Airport,Canada,4,4,0.0003463107673604873,0.00033271710879039114,1.414901414858925e-06,5.842827928717499e-07,4,8,1270,616,583,3139,1465,0.004085640841152661,772.0,0.0004270124272007916,0.6638292227083404,1.3862943611198906,8.88532912352224e-05,0.0
XBE,Bearskin Lake Airport,Canada,4,4,0.00034167986650548705,0.0003282679836059906,1.395981377806349e-06,0.0,4,8,1270,623,595,3141,1725,0.004085641311218234,765.0,0.00047283784241698625,0.6503669150359661,1.5595811562598767,8.749126156805032e-05,0.0
ZPB,Sachigo Lake Airport,Canada,2,2,0.00016797389510519052,0.0001613804537325225,6.862805666729432e-07,0.0,2,4,1914,1443,1322,3229,1725,0.004085638225172863,842.5,0.0006453744954908972,0.3676083131410941,2.0794415416798357,7.280254040822677e-05,0.0
ZRJ,Round Lake (Weagamow Lake) Airport,Canada,3,2,0.0002539577235711818,0.00024398917830456107,1.0375797537866562e-06,0.0,3,5,1507,850,816,3163,1725,0.004085639685204664,860.0,0.0004976879602228423,0.531008940389917,1.617343421306539,8.225417521993993e-05,0.0
MSW,Massawa International Airport,Eritrea,0,1,4.420957586487548e-05,4.417293340828806e-05,0.0,0.0,1,1,2658,3419,3419,3415,1725,0.0,-380.5,0.0,,,,0.0
MTV,Mota Lava Airport,Vanuatu,3,3,0.00026860951093051714,0.00024947303571617785,4.341186389544124e-06,0.0,3,6,1507,798,791,2820,1725,0.016161700211229993,911.5,0.00026399992267626114,0.5870998225920943,1.0986122886681098,8.799997422542038e-05,0.0
SLH,Sola Airport,Vanuatu,3,3,0.00026169512854913314,0.00023755777998905403,5.490323340222272e-06,0.0012743207712532865,3,6,1507,818,852,2700,332,0.020979845405075876,891.5,0.00043504750041466835,0.5610213245820894,1.4999365567767553,8.528845174176951e-05,0.0
TOH,Torres Airstrip,Vanuatu,3,3,0.00026860951093051714,0.00024947303571617785,4.341186389544124e-06,0.0,3,6,1507,798,791,2820,1725,0.016161700211229993,911.5,0.00026399992267626114,0.5870998225920943,1.0986122886681098,8.799997422542038e-05,0.0
ZGU,Gaua Island Airport,Vanuatu,3,3,0.00026169512854913314,0.00023755777998905403,5.490323340222272e-06,0.0012743207712532865,3,6,1507,818,852,2700,332,0.020979845405075876,891.5,0.00043504750041466835,0.5610213245820894,1.4999365567767553,8.528845174176951e-05,0.0
SBZ,Sibiu International Airport,Romania,2,3,6.930460076529888e-05,7.327544497217282e-05,2.7718930181525295e-05,0.0,3,5,1507,3045,2682,1611,1725,0.39995800964781386,-1335.0,0.0024169368194200775,-0.5176889748079887,5.086127176937378,1.4761779375437898e-05,0.5
MUE,Waimea Kohala Airport,United States,1,1,6.74611319251679e-05,5.57678417330624e-05,4.160444669750116e-06,0.0,1,2,2658,3084,3224,2843,1725,0.06167172935024483,-43.0,0.0005744502084145939,-0.11734160632519419,3.044522437723423,2.7354771829266375e-05,0.0
MUK,Mauke Airport,Cook Islands,1,1,0.00010302960303400306,7.80348482258007e-05,6.369147528351157e-06,0.0,1,2,2658,2301,2568,2641,1725,0.061818616599436334,739.0,0.0006228002872069112,0.30612314001004926,2.1972245773362196,6.920003191187902e-05,0.0
ODN,Long Seridan Airport,Malaysia,2,2,0.00013517367278081098,0.00011627199395936621,3.019389086250218e-05,0.0,2,4,1914,1804,1841,1554,1725,0.22337109173220934,480.0,0.0006102997685325133,0.150360148784495,2.393745871391023,5.3508292315684004e-05,0.0
MVT,Mataiva Airport,French Polynesia,2,2,0.00018244646346780331,0.00014676296742123206,6.185901615087404e-06,0.0,2,4,1914,1316,1470,2667,1725,0.0339052974637628,969.0,0.0011967000468865023,0.4502565112155761,2.470821211304652,8.131581607617825e-05,0.0
MWA,Williamson County Regional Airport,United States,1,1,6.347227965468632e-05,5.369675731631453e-05,3.931529073983958e-06,0.0,1,2,2658,3210,3337,2868,1725,0.06194088341198697,-171.0,0.0013597202675329513,-0.1782899453070499,4.0943445622221,2.2662004458882524e-05,0.0
MWF,Maewo-Naone Airport,Vanuatu,1,1,0.0001094830718057783,9.61897262772315e-05,3.03031747057262e-06,0.0,1,2,2658,2197,2206,2983,1725,0.027678411105859068,843.5,0.0007679234793829709,0.3668767269015287,2.302585092994046,7.679234793829709e-05,0.0
MXV,Mörön Airport,Mongolia,1,1,7.875197257737392e-05,8.963311710170191e-05,1.4345830224248789e-05,0.0,1,2,2658,2785,2324,2105,1725,0.182164709717639,254.0,0.0006095717069170374,0.03741011097069524,2.70805020110221,4.063811379446916e-05,0.0
YNG,Youngstown Warren Regional Airport,United States,4,4,0.00012081837608546851,9.185188309230452e-05,1.3158284012247216e-05,6.241530028539416e-07,4,8,1270,2033,2276,2179,1454,0.10890962483172985,-645.0,0.0006875412758459139,-0.3892189269522959,3.337918369105272,2.2532000065160805e-05,0.0
PBU,Putao Airport,Burma,1,1,9.678616060483076e-05,7.798463970268491e-05,2.6234648877101617e-05,0.0,1,2,2658,2434,2572,1640,1725,0.27105785282893224,607.5,0.00018556441677730927,0.2436108000802264,1.0986122886681098,6.185480559243642e-05,0.0
MYU,Mekoryuk Airport,United States,1,1,0.00012560138610182443,0.00010367097946735343,1.1467753906226135e-07,0.0019713701431492837,2,2,1914,1960,2050,3375,283,0.0009130276553579817,325.5,0.00019151014021247682,0.5042200747928458,0.6931471805599453,9.575507010623841e-05,0.0
RTA,Rotuma Airport,Fiji,1,1,8.03028784906903e-05,6.462748114215656e-05,8.504075415311515e-06,0.0,1,2,2658,2756,2912,2462,1725,0.10590000726184942,285.5,0.0010191050142182476,0.056912251995800744,3.1780538303479458,4.246270892576032e-05,0.0
SVU,Savusavu Airport,Fiji,3,3,0.0001790318653944948,0.0001463647664370654,1.9488931974464884e-05,0.0,3,6,1507,1345,1474,1866,1725,0.10885733627095506,364.5,0.0006252768028774907,0.18140493881855235,2.253857589601352,5.287148604741202e-05,0.0
TVU,Matei Airport,Fiji,3,3,0.0001790318653944948,0.0001463647664370654,1.9488931974464884e-05,0.0,3,6,1507,1345,1474,1866,1725,0.10885733627095506,364.5,0.0006252768028774907,0.18140493881855235,2.253857589601352,5.287148604741202e-05,0.0
SRK,,,1,1,0.00015445863256646834,0.00015426722730895728,9.716421527985322e-08,0.0,1,2,2658,1599,1395,3377,1725,0.0006290630291449748,1442.5,0.00038911431466298336,0.7110330950845132,1.0986122886681098,0.0001297047715543278,0.0
THU,Thule Air Base,Greenland,2,2,0.0003006446554618001,0.0003002962388005398,1.5212417515759233e-07,0.0002892199824715162,2,4,1914,707,655,3368,599,0.0005059932794212642,1578.5,0.00028054893495976156,0.9497287528063918,0.5493061443340549,0.0001508441634054338,0.0
RCY,Rum Cay Airport,Bahamas,1,1,6.994657060293075e-05,5.867950928819074e-05,4.483286004801867e-06,0.0,1,2,2658,3034,3145,2792,1725,0.06409586583239892,6.0,0.0011808738763817558,-0.08116154151881716,3.6635616461296463,3.0278817343121943e-05,0.0
RSD,Rock Sound Airport,Bahamas,1,1,6.994657060293075e-05,7.318608516809343e-05,4.483286004801867e-06,0.0,1,2,2658,3034,2683,2792,1725,0.06409586583239892,6.0,0.0011808738763817558,-0.08116154151881716,3.6635616461296463,3.0278817343121943e-05,0.0
SML,Stella Maris Airport,Bahamas,1,1,6.994657060293075e-05,7.318608516809343e-05,4.483286004801867e-06,0.0,1,2,2658,3034,2683,2792,1725,0.06409586583239892,6.0,0.0011808738763817558,-0.08116154151881716,3.6635616461296463,3.0278817343121943e-05,0.0
NDG,Qiqihar Sanjiazi Airport,China,4,4,0.00010910912151703342,0.00010600222953489987,5.4861042405842274e-05,1.0054362314210757e-05,4,8,1270,2204,2012,1158,1092,0.502808946154678,-816.0,0.0021333185412851265,-0.49115882451371284,4.5074050475785175,1.90881016779141e-05,0.5
NGE,N'Gaoundéré Airport,Cameroon,1,1,6.964367671059831e-05,6.271789673874137e-05,2.1519498631448992e-05,0.0,2,2,1914,3038,2997,1782,1725,0.3089942927750995,-752.5,0.00026930224446829014,-0.08550130555738455,2.1972245773362196,2.9922471607587793e-05,0.0
NIQ,,,1,1,0.0001385103170192455,0.0001383128193086585,1.2676127461178892e-07,0.0,1,2,2658,1760,1560,3372,1725,0.0009151756875567321,1281.0,0.0007765943321889332,0.6020515989438451,1.9459101490553132,0.00011094204745556188,0.0
NKI,,,1,1,0.00012913164173501137,0.00011668241792469941,3.3629863134577666e-07,0.0,2,2,1914,1897,1836,3319,1725,0.0026043084934666036,388.5,9.990831255683114e-05,0.5319391475704531,0.0,9.990831255683114e-05,0.0
NLT,Xinyuan Nalati Airport,China,1,1,6.36036372833587e-05,6.161912903783942e-05,1.4072079368740314e-05,0.0,1,2,2658,3201,3034,2130,1725,0.2212464564887729,-162.5,0.0012549098575257447,-0.17622255632220174,4.007333185232471,2.2816542864104448e-05,0.0
TNK,,,2,1,0.00018271844576447168,0.0002130817257425945,1.9515266159708577e-07,0.0002892199824715162,3,3,1507,1313,968,3357,599,0.0010680512346774342,397.0,0.00016295161038115317,0.45174615241650606,0.6931471805599453,8.147580519057658e-05,0.0
NOB,Nosara Airport,Costa Rica,1,1,7.334025553334455e-05,5.974436485499702e-05,3.869289049537656e-06,0.0,2,2,1914,2918,3121,2881,1725,0.0527580524692672,-634.0,0.0013023127382356951,-0.033783568156939836,3.6375861597263857,3.427138784830777e-05,0.0
TMU,Tambor Airport,Costa Rica,2,1,0.0001356794727342931,0.00014166993787425414,7.158184727706207e-06,0.0,2,3,1914,1799,1516,2567,1725,0.052758052367467445,486.5,0.0006878264968845199,0.15409501802871794,1.8187930798631928,5.3805821690826157e-05,0.0
SWJ,Southwest Bay Airport,Vanuatu,2,2,0.00016495224219313897,0.00013658161186480837,7.503889869699801e-06,0.0,2,4,1914,1476,1575,2537,1725,0.04549128747770315,809.0,0.0008374156177066065,0.34945572284083504,2.3025850929940455,7.102509764719322e-05,0.0
NYK,Nanyuki Airport,Kenya,2,3,0.00020541620006126366,0.00025275327871896987,2.165028792575556e-05,0.0,3,5,1507,1154,773,1776,1725,0.10539717860275159,556.0,0.0005782848472668446,0.5688378972693382,1.4978661367769956,9.482742602497413e-05,0.0
UAS,Buffalo Spring,Kenya,2,2,0.00018499470649144842,0.00022989792904820334,1.9497920134094196e-05,0.0,2,4,1914,1295,885,1864,1725,0.10539717867546393,990.0,0.0005884955940517522,0.4641269431993731,1.700598690831078,8.281478274565598e-05,0.0
OAG,Orange Airport,Australia,1,1,7.546410921958831e-05,6.050536426375046e-05,1.756456517180536e-05,0.0,1,2,2658,2866,3078,1941,1725,0.232753892591448,173.0,0.0031254533344087436,-0.005236046369233804,4.442651256490317,3.677003922833816e-05,1.0
OBU,Kobuk Airport,United States,1,2,0.0002313827773220021,0.0002510913079602994,4.484120676098926e-07,0.0,3,3,1507,974,780,3283,1725,0.0019379664847996156,736.0,0.0002202037650012553,1.1151801687990872,0.0,0.0002202037650012553,0.0
ODY,Oudomsay Airport,Laos,1,1,7.283506100807074e-05,6.065054092522606e-05,2.1401234805892022e-05,0.0,1,2,2658,2928,3074,1792,1725,0.29383149419646376,112.0,0.000572509703122592,-0.04069576850210055,2.833213344056216,3.367704136015247e-05,0.0
OGM,,,1,1,0.00012756191695454977,0.00012556734962664327,5.39963793150146e-07,0.0002892199824715162,2,2,1914,1919,1717,3253,599,0.004232954521548424,363.0,0.0009806157774369666,0.5197086548717387,2.302585092994046,9.806157774369666e-05,0.0
UEO,Kumejima Airport,Japan,1,1,6.390545447817632e-05,5.420445276168465e-05,1.200622387157186e-05,0.0,1,2,2658,3196,3297,2247,1725,0.18787479049494873,-154.5,0.00074149190114056,-0.1714884976864699,3.4657359027997265,2.31716219106425e-05,0.0
OLA,Ørland Airport,Norway,1,1,5.976162255486711e-05,5.4046112402472804e-05,8.843020864763018e-06,0.0,1,2,2658,3369,3312,2436,1725,0.1479715658095502,-329.0,0.0019028386562884993,-0.23852952338107158,4.6443908991413725,1.829652554123557e-05,0.0
OLC,Senadora Eunice Micheles Airport,Brazil,1,1,0.00013805927871068658,0.00013149884189943325,9.99098422668246e-07,0.0,1,2,2658,1765,1638,3169,1725,0.007236735060465805,1275.0,0.0005520570760431056,0.5987899337761231,1.6094379124341003,0.00011041141520862113,0.0
SHH,Shishmaref Airport,United States,2,2,0.00021062414758960305,0.0001885768750829405,5.718427379340766e-07,0.0,2,4,1914,1116,1116,3246,1725,0.002714991345856035,1169.5,0.0007679734277083684,0.5938749861362691,1.9356005054539454,9.78909236853632e-05,0.0
TNC,Tin City Long Range Radar Station Airport,United States,1,1,0.00010623350846223175,8.312566379025677e-05,2.884209316472718e-07,0.0,2,2,1914,2252,2438,3335,1725,0.002714971347762759,33.5,0.0011675093086825326,0.336746366261492,2.772588722239781,7.296933179265829e-05,0.0
OMR,Oradea International Airport,Romania,1,1,5.7938760142114306e-05,6.082518228124286e-05,1.1022319305042826e-05,0.0,1,2,2658,3397,3069,2310,1725,0.1902408556552967,-356.5,0.001066030780778097,-0.2695066219076576,4.189654742026425,1.6151981526940865e-05,0.0
XCR,Châlons-Vatry Airport,France,2,2,6.956181763819418e-05,6.01126443335286e-05,1.4903561972205336e-05,0.0,2,4,1914,3039,3105,2050,1725,0.2142491740184527,-753.5,0.000825103207245208,-0.5139844482563234,4.001347081141969,1.4913083419254612e-05,0.0
PAH,Barkley Regional Airport,United States,1,1,6.191628392598824e-05,5.3101590760617954e-05,7.080968440456045e-06,0.0,1,2,2658,3296,3372,2575,1725,0.11436358888915711,-258.0,0.004291272777137045,-0.20311000165753335,5.327876168789581,2.0831421248238085e-05,1.0
SUX,Sioux Gateway Col. Bud Day Field,United States,1,1,6.191628392598824e-05,6.203024811294786e-05,7.080968440456045e-06,0.0,1,2,2658,3296,3012,2575,1725,0.11436358888915711,-258.0,0.004291272777137045,-0.20311000165753335,5.327876168789581,2.0831421248238085e-05,1.0
TOL,Toledo Express Airport,United States,4,4,0.0001188700319785181,9.92179206774601e-05,1.6076476390358338e-05,1.0947707767657686e-05,4,8,1270,2069,2126,2008,1076,0.13524414962102171,-681.0,0.0016273988231073008,-0.40547659278333903,3.8860138573203793,2.1958957680573616e-05,0.25
YKF,Waterloo Airport,Canada,2,2,8.504592133991049e-05,7.37222042214043e-05,1.2318519013325903e-05,0.0,2,4,1914,2630,2679,2231,1725,0.1448455001632753,-344.5,0.0029483708633368183,-0.31300890624481426,4.702706806347651,2.4021379687988457e-05,0.5
YXU,London Airport,Canada,5,5,0.00015661073211209288,0.00011434970855822059,2.8813161355870726e-05,0.0,5,10,1107,1577,1876,1586,1725,0.18397948191218425,-389.0,0.002093113004157745,-0.26730615305039507,4.157887390684934,2.6447330864176368e-05,0.4
ORU,Juan Mendoza Airport,Bolivia,1,2,9.926743226955244e-05,0.00011276928382125977,1.1459548266275173e-06,0.0,2,3,1914,2379,1909,3154,1725,0.011544116740279657,-93.5,0.00025909579482633765,0.2689243291169827,1.3862943611198906,6.477394870658441e-05,0.0
TLN,Toulon-Hyères Airport,France,3,3,8.54572303150338e-05,7.067958709964144e-05,2.3219207955172507e-05,1.3583198341887633e-06,3,6,1507,2627,2718,1703,1351,0.2717055990414861,-917.0,0.0016462902258827675,-0.5581428495900571,4.39228574816348,1.617555078902965e-05,0.3333333333333333
UIP,Quimper-Cornouaille Airport,France,1,1,6.0311643861580824e-05,5.40732387504548e-05,8.198510196198108e-06,0.0,1,2,2658,3352,3305,2477,1725,0.13593577742656504,-312.0,0.002254289522351075,-0.22936803106560255,4.77912349311153,1.894360943152164e-05,1.0
RRS,Røros Airport,Norway,1,1,5.976162255486711e-05,5.4046112402472804e-05,8.843020864763018e-06,0.0,1,2,2658,3369,3312,2436,1725,0.1479715658095502,-329.0,0.0019028386562884993,-0.23852952338107158,4.6443908991413725,1.829652554123557e-05,0.0
SDN,Sandane Airport (Anda),Norway,2,2,8.936761298733033e-05,7.952210050135428e-05,1.4806658964926468e-05,0.0,2,4,1914,2562,2515,2055,1725,0.1656826054761652,-276.5,0.0010210804821524295,-0.2634419222015332,3.0153426301306316,2.6563551272662755e-05,0.0
VDB,Leirin Airport,Norway,1,1,5.976162255486711e-05,5.4046112402472804e-05,8.843020864763018e-06,0.0,1,2,2658,3369,3312,2436,1725,0.1479715658095502,-329.0,0.0019028386562884993,-0.23852952338107158,4.6443908991413725,1.829652554123557e-05,0.0
OST,Ostend-Bruges International Airport,Belgium,1,1,5.6400285206746175e-05,5.159096452735307e-05,7.126842916223564e-06,0.0,2,2,1914,3417,3414,2569,1725,0.12636182405990926,-1132.0,0.0018070933878818402,-0.29641899967447927,4.836281906951478,1.434201101493524e-05,0.0
OTD,,,1,1,0.00012756191695454977,0.00012556734962664327,5.39963793150146e-07,0.0002892141279345135,2,2,1914,1919,1717,3253,674,0.004232954521548424,363.0,0.0009806157774369666,0.5197086548717387,2.302585092994046,9.806157774369666e-05,0.0
SIC,,,1,1,0.00015263720528477348,0.00015090518059988743,4.589692227735215e-07,0.001972538708735028,2,2,1914,1620,1421,3274,273,0.003006928893366646,663.0,0.00012756191695454977,0.6991706833164066,0.0,0.00012756191695454977,0.0
OTH,Southwest Oregon Regional Airport,United States,2,2,8.045668847191986e-05,6.311182660874886e-05,1.0513946217457202e-05,0.0,2,4,1914,2749,2985,2341,1725,0.1306783365950572,-464.0,0.0017041589216857038,-0.36848125968087686,4.343721083487962,2.1321830939822417e-05,0.0
SUJ,Satu Mare Airport,Romania,1,1,5.7938760142114306e-05,6.082518228124286e-05,1.1022319305042826e-05,0.0,1,2,2658,3397,3069,2310,1725,0.1902408556552967,-356.5,0.001066030780778097,-0.2695066219076576,4.189654742026425,1.6151981526940865e-05,0.0
WLK,Selawik Airport,United States,1,1,0.0001252001754245645,0.0001390035161788611,3.1336449438476026e-07,0.0,1,2,2658,1967,1553,3324,1725,0.0025029077900419424,1074.0,0.0011433966914998028,0.5010206447967764,2.4849066497880004,9.528305762498356e-05,0.0
WTK,Noatak Airport,United States,1,2,0.0001252001754245645,0.0001390035161788611,3.1336449438476026e-07,0.0,2,3,1914,1967,1553,3324,1725,0.0025029077900419424,318.0,0.0011433966914998028,0.5010206447967764,2.4849066497880004,9.528305762498356e-05,0.0
OWB,Owensboro Daviess County Airport,United States,2,2,8.323982822797533e-05,6.696111972558773e-05,7.136842233876561e-06,8.260941845002339e-07,2,4,1914,2668,2820,2568,1417,0.08573831044353361,-382.5,0.0012496306514772613,-0.33447432996203474,3.993082430166363,2.2958971978640965e-05,0.0
PUE,Puerto Obaldia Airport,Panama,1,1,0.00012756191695454977,0.00012556734962664327,5.39963793150146e-07,0.0,1,2,2658,1919,1717,3253,1725,0.004232954521548424,1119.0,0.0009806157774369666,0.5197086548717387,2.302585092994046,9.806157774369666e-05,0.0
PVE,,,1,1,0.00012756191695454977,0.00012556734962664327,5.39963793150146e-07,0.0002892199824715162,2,2,1914,1919,1717,3253,599,0.004232954521548424,363.0,0.0009806157774369666,0.5197086548717387,2.302585092994046,9.806157774369666e-05,0.0
PYC,,,1,1,0.00012756191695454977,0.00012556734962664327,5.39963793150146e-07,0.0002886356996786444,2,2,1914,1919,1717,3253,682,0.004232954521548424,363.0,0.0009806157774369666,0.5197086548717387,2.302585092994046,9.806157774369666e-05,0.0
SAX,,,1,1,0.00012756191695454977,0.00012556734962664327,5.39963793150146e-07,0.0002892141279345135,2,2,1914,1919,1717,3253,674,0.004232954521548424,363.0,0.0009806157774369666,0.5197086548717387,2.302585092994046,9.806157774369666e-05,0.0
PAV,Paulo Afonso Airport,Brazil,1,1,7.200112986951757e-05,6.0198145409565325e-05,3.532968518456712e-06,0.0,1,2,2658,2969,3100,2944,1725,0.049068237190989294,71.5,0.0009481824310591167,-0.052211403497793185,3.367295829986474,3.269594589859023e-05,0.0
PBJ,Tavie Airport,Vanuatu,2,2,0.0001538235451446121,0.0001302825077257042,6.3039564659241494e-06,0.0001444541824909923,2,4,1914,1610,1656,2648,769,0.040981739563976986,675.5,0.000740031895972254,0.27960586681151334,2.04717228111105,6.447880530184276e-05,0.0
PBO,Paraburdoo Airport,Australia,1,1,7.707791393991571e-05,9.217632722355592e-05,1.940840281487554e-05,0.0,1,2,2658,2820,2270,1869,1725,0.25180238829510754,219.0,0.001469408055110543,0.01592356458562172,3.6375861597263857,3.866863302922482e-05,0.0
SJZ,São Jorge Airport,Portugal,2,2,0.00010257911624914984,8.484625675904814e-05,1.1993031040401539e-05,0.0,2,4,1914,2325,2401,2249,1725,0.11691493823433027,-39.5,0.0003970918074640425,-0.12556590122125577,2.4563274428680257,3.4335023779384145e-05,0.0
PDT,Eastern Oregon Regional At Pendleton Airport,United States,1,1,6.277616190174155e-05,5.4163211448291815e-05,4.3182092327117635e-06,0.0,1,2,2658,3259,3300,2823,1725,0.06878740435693897,-217.5,0.0012450534159651986,-0.1893178011622343,4.04305126783455,2.1843042385354362e-05,0.0
ZHY,Zhongwei Shapotou Airport,China,2,2,7.879775064975562e-05,5.992590488934882e-05,2.6870951784520005e-05,0.0,2,4,1914,2784,3117,1629,1725,0.34101166039570624,-498.5,0.0021247878431887865,-0.38931581650728475,4.136157573978011,2.0345985183855762e-05,0.5
ZNE,Newman Airport,Australia,1,1,7.707791393991571e-05,7.617519595179996e-05,1.940840281487554e-05,0.0,1,2,2658,2820,2627,1869,1725,0.25180238829510754,219.0,0.001469408055110543,0.01592356458562172,3.6375861597263857,3.866863302922482e-05,0.0
PET,João Simões Lopes Neto International Airport,Brazil,2,2,0.00011157282085856345,9.969904206642174e-05,3.1427171011602426e-06,0.0002892199824715162,2,4,1914,2159,2121,2972,599,0.028167407411381518,126.5,0.0004972116778688651,-0.04152278831735501,1.9944920232821373,3.962543823708738e-05,0.0
RIG,,,1,2,9.162802472519909e-05,6.535897984715782e-05,1.3356547546948368e-06,0.0,2,3,1914,2517,2874,3145,1725,0.014576924021887287,-231.5,0.00011157282085856345,0.188843956646652,0.6931471805599453,5.5786410429281725e-05,0.0
PFQ,Parsabade Moghan Airport,Iran,1,1,8.213757467449816e-05,6.853852998746532e-05,2.2843704527563684e-05,0.0,1,2,2658,2690,2763,1725,1725,0.27811515762537037,346.5,0.0016509834785395317,0.07950236634080277,3.6109179126442243,4.462117509566302e-05,0.0
SVC,,,1,1,6.203643212214635e-05,5.3451298669268517e-05,3.9511599209340536e-06,0.0,1,2,2658,3284,3361,2866,1725,0.06369096006608561,-243.0,0.0019085222575440006,-0.20117138768250697,4.51085950651685,2.0972772060923082e-05,0.0
PIH,Pocatello Regional Airport,United States,1,1,6.46059468282801e-05,5.5151165569436695e-05,3.690146362295435e-06,0.0,1,2,2658,3171,3262,2916,1725,0.057117750663165566,-132.5,0.00215961574829728,-0.16058675230593522,4.499809670330265,2.3995730536636446e-05,0.0
UGB,,,1,1,0.00018606190561266223,0.00016290946427925342,5.355662078878666e-07,0.0022611744084136717,2,2,1914,1288,1305,3261,248,0.0028784301984028445,996.0,0.0001668850932966821,0.8971862291905754,0.0,0.0001668850932966821,0.0
PKA,Napaskiak Airport,United States,1,1,0.00015844369519017,0.000137815480431171,1.6095024506964883e-07,0.0,2,2,1914,1544,1567,3366,1725,0.0010158198145812643,741.0,0.00013439308054982954,0.7365060797901375,0.0,0.00013439308054982954,0.0
SJK,Professor Urbano Ernesto Stumpf Airport,Brazil,2,2,0.00011209862000980585,0.00010903085513811955,4.6577830642434314e-06,0.0,2,4,1914,2151,1967,2757,1725,0.04155076185448127,134.5,0.000578807363227649,-0.03682124825713373,2.6876392038420827,3.99347318594209e-05,0.0
PNL,Pantelleria Airport,Italy,3,3,8.141786222839884e-05,6.83117316216043e-05,2.40138096573243e-05,1.366172274824705e-07,3,6,1507,2716,2781,1682,1610,0.2949452245498556,-1006.0,0.0006789262687149524,-0.6065641835114821,3.7620751991510804,1.459148487212054e-05,0.0
PMZ,Palmar Sur Airport,Costa Rica,2,1,0.00011775694778844567,0.00010557366920458705,6.212627216814942e-06,0.0,2,3,1914,2080,2023,2661,1725,0.05275805235692876,205.5,0.000703411301184757,0.012422467818774763,2.1653666701431655,4.3263159957608596e-05,0.0
TFI,,,2,1,0.0001525420617279752,0.00011696347269511626,1.4335084432305493e-05,0.0,2,3,1914,1631,1832,2112,1725,0.09397463407744498,654.5,0.000986696934278903,0.2712401047174442,2.470821211304652,6.372499159662594e-05,0.0
POG,Port Gentil Airport,Gabon,1,1,7.028790392981156e-05,5.8745586655688466e-05,1.4420556636418408e-05,0.0,1,2,2658,3029,3143,2100,1725,0.20516412967469563,12.5,0.00027612347384111904,-0.07629349459824475,2.1972245773362196,3.068038598234656e-05,0.0
SRA,Santa Rosa Airport,Brazil,1,1,7.263091035249381e-05,6.266228681968572e-05,2.5750638369796095e-06,0.0001446099912357581,2,2,1914,2944,3004,3024,765,0.035454103831030856,-658.5,0.0009027953310125312,-0.04350262137221961,3.295836866004329,3.3436864111575225e-05,0.0
WBM,Wapenamanda Airport,Papua New Guinea,1,1,8.434037738531906e-05,7.147675058169529e-05,8.15710841297954e-06,0.0,1,2,2658,2649,2707,2484,1725,0.0967165273130427,391.0,0.0016524447662086433,0.105967507856505,3.5553480614894135,4.721270760596124e-05,0.0
RKA,,,1,1,0.00010260982132015026,8.249184863832718e-05,3.487581282348038e-06,0.0005784399649430324,2,2,1914,2322,2447,2952,453,0.03398876674257648,-37.5,0.001923772788013662,0.3020404375004109,3.332204510175204,6.870617100048793e-05,0.0
RMT,Rimatara Airport,French Polynesia,2,2,0.0002028822701545865,0.0001631045964189271,6.895718265466383e-06,0.0,2,4,1914,1175,1302,2592,1725,0.03398876727972423,1110.5,0.0010798539806761815,0.5564255929185062,2.0126758453675744,9.333687883491927e-05,0.0
RUR,Rurutu Airport,French Polynesia,3,2,0.0002359351733387012,0.00018967705358553853,8.019145700779452e-06,0.0,3,5,1507,944,1102,2493,1725,0.03398876728425488,766.0,0.0007642972393804725,0.45739820790645247,1.7079879931344195,7.518650868961251e-05,0.0
RVV,Raivavae Airport,French Polynesia,2,2,0.00014971020838111174,0.00012035760010170565,5.088465386250571e-06,0.0,2,4,1914,1658,1797,2741,1725,0.03398876697370598,627.5,0.0010450047239934156,0.25250121344935295,2.2154083994216567,6.205919549577214e-05,0.0
TKX,Takaroa Airport,French Polynesia,2,3,0.00018466032173314876,0.00015811922112885077,4.593960029851352e-06,0.0002892199824715162,3,5,1507,1300,1348,2769,599,0.024877894648586443,410.0,0.0010101513942138356,0.46231777073329283,1.666102255087602,8.26180857072486e-05,0.0
TUB,Tubuai Airport,French Polynesia,2,3,0.00016623665997316905,0.00013364382868501137,5.650179103907106e-06,0.0,3,5,1507,1464,1621,2693,1725,0.03398876700734397,246.0,0.0010367414981973869,0.3572121676437696,2.0126758453675744,7.178063759552189e-05,0.0
PRI,Praslin Airport,Seychelles,1,1,6.843030142879297e-05,5.8974267801321796e-05,3.7458427378158646e-05,0.0,1,2,2658,3060,3137,1393,1725,0.5473953292042275,-18.5,0.00025645474145418243,-0.10307748514648907,2.1972245773362196,2.8494971272686938e-05,0.0
PSJ,Kasiguncu Airport,Indonesia,1,1,8.351610084909312e-05,6.418038312519044e-05,1.4695851507645645e-05,0.0,1,2,2658,2660,2925,2077,1725,0.17596429141489575,379.5,0.0012023172350295551,0.0961462227856753,3.258096538021482,4.624297057805981e-05,0.0
PSM,Portsmouth International at Pease Airport,United States,1,1,6.397712443816449e-05,5.7437295817561255e-05,3.2053131598926033e-06,0.0,1,2,2658,3193,3164,2970,1725,0.05010092572995555,-152.0,0.001139541035421571,-0.17036762621047963,3.8918202981106265,2.325593949839941e-05,0.0
PTH,Port Heiden Airport,United States,1,1,0.00020236219609210098,0.00018264597834800412,4.55232126516828e-07,0.001971954425942156,2,2,1914,1178,1160,3280,281,0.002249590760072788,1107.0,0.00018606190561266223,0.9811659267440991,0.0,0.00018606190561266223,0.0
PTJ,Portland Airport,Australia,0,1,4.420957586487548e-05,4.417293340828806e-05,0.0,0.0,1,1,2658,3419,3419,3415,1725,0.0,-380.5,0.0,,,,0.0
SFG,L'Espérance Airport,Guadeloupe,2,2,8.811069569276484e-05,8.940839663017831e-05,8.74748661710727e-06,0.0,2,4,1914,2572,2328,2446,1725,0.09927837418977008,-286.5,0.00024528863940913195,-0.27760633833243276,2.2154083994216567,2.5824188142338245e-05,0.0
PUM,,,1,1,8.351610084909312e-05,6.418038312519044e-05,1.4695851507645645e-05,0.0,1,2,2658,2660,2925,2077,1725,0.17596429141489575,379.5,0.0012023172350295551,0.0961462227856753,3.258096538021482,4.624297057805981e-05,0.0
CZJ,,,1,0,0.00015263720528477348,0.00015090518059988743,4.589692227735215e-07,0.0,1,1,2658,1620,1421,3274,1725,0.003006928893366646,1419.0,0.00012756191695454977,0.6991706833164066,0.0,0.00012756191695454977,0.0
YNY,Yangyang International Airport,South Korea,1,1,6.047131350381348e-05,5.188389518225877e-05,1.6892832066868026e-05,0.0,1,2,2658,3348,3408,1973,1725,0.27935282182687693,-306.5,0.0029079813210916555,-0.2267241193958327,5.0238805208462765,1.9131456059813524e-05,1.0
PWE,Pevek Airport,Russia,1,1,6.123613256625763e-05,5.5323348981608414e-05,1.2545399033009048e-05,0.0,1,2,2658,3322,3257,2218,1725,0.20486922519861778,-281.5,0.0014823119968161284,-0.21415579831353249,4.30406509320417,2.003124320021795e-05,0.0
SNV,Santa Elena de Uairen Airport,Venezuela,1,1,8.754841940649709e-05,6.842491991081683e-05,2.951743419025205e-06,0.0,1,2,2658,2583,2777,2992,1725,0.0337155535078244,458.0,0.00030592124858088137,0.1432987899365834,1.791759469228055,5.098687476348023e-05,0.0
QBC,Bella Coola Airport,Canada,1,2,6.817957611286472e-05,5.661612694106158e-05,6.5002572092365665e-06,0.0002892199824715162,2,3,1914,3069,3198,2621,599,0.09534024087324945,-786.5,0.0021150000217308755,-0.10674816550958788,4.31748811353631,2.8200000289745005e-05,0.0
YAA,Anahim Lake Airport,Canada,1,1,7.31858957140009e-05,6.823478735835627e-05,2.7626093075299983e-06,0.0,2,2,1914,2923,2784,3012,1725,0.03774783762059626,-637.5,6.817957611286472e-05,-0.035890494123828276,0.6931471805599453,3.408978805643236e-05,0.0
QOQ,,,1,1,0.00015460845437808456,0.00015433147919316324,2.2305720458557347e-07,0.0,2,2,1914,1597,1392,3348,1725,0.001442723203480853,688.5,0.000129881032958444,0.7120026051338222,0.0,0.000129881032958444,0.0
QFN,,,1,1,0.00018882610156281302,0.00018859740199719105,1.0820346617238922e-07,0.0,2,2,1914,1259,1115,3376,1725,0.0005730323576923253,1026.5,0.00017013708838902218,0.9119332789359031,0.0,0.00017013708838902218,0.0
QUB,,,1,1,6.5630313665822e-05,5.594401418484411e-05,1.6537189056296657e-05,0.0,1,2,2658,3146,3212,1985,1725,0.25197485936911884,-105.5,0.0006300217006010657,-0.14485552724316797,3.2188758248682006,2.5200868024042627e-05,0.0
QUV,,,1,1,0.00017013708838902218,0.00016991113877711558,1.272969245252247e-07,0.0002892199824715162,2,2,1914,1427,1253,3371,599,0.0007482020865089538,858.5,0.0001481500140823684,0.8077112993480835,0.0,0.0001481500140823684,0.0
RAH,Rafha Domestic Airport,Saudi Arabia,1,1,6.326914454913332e-05,5.491582873094843e-05,7.189394749724104e-05,0.0,1,2,2658,3222,3275,1020,1725,1.136319259720825,-181.0,0.0017938417602182048,-0.18149545259510802,4.382026634673881,2.242302200272756e-05,0.0
SFL,São Filipe Airport,Cape Verde,1,1,6.901552860225804e-05,6.091236649134855e-05,7.801462676360509e-06,0.0,1,2,2658,3047,3065,2501,1725,0.11303923673932799,-6.0,0.0004377521074786656,-0.09456168353946026,2.70805020110221,2.918347383191104e-05,0.0
RDD,Redding Municipal Airport,United States,1,1,6.189010243505379e-05,5.312154856874509e-05,6.195736984745438e-06,0.0,1,2,2658,3304,3369,2664,1725,0.1001086884812821,-263.5,0.0021632644274062088,-0.2035329441582281,4.6443908991413725,2.0800619494290468e-05,0.0
RDN,LTS Pulau Redang Airport,Malaysia,2,2,9.345671167569233e-05,6.856239250785663e-05,7.851154483940662e-05,0.0,2,4,1914,2489,2762,978,1725,0.8400846063560689,-203.5,0.0016352916141703718,-0.21870191555257712,3.656610193545151,2.8968903430784336e-05,0.5
URG,Rubem Berta Airport,Brazil,1,1,0.00011306835239270606,9.083990270818189e-05,1.5548648157922747e-06,0.0,1,2,2658,2145,2296,3128,1725,0.01375154747450426,896.5,0.00024303097600283637,0.399099309249193,1.0986122886681098,8.101032533427879e-05,0.0
RIB,Capitán Av. Selin Zeitun Lopez Airport,Bolivia,1,1,0.00011093006936872422,9.13794479322853e-05,1.5766378089843806e-06,0.0,1,2,2658,2169,2282,3123,1725,0.014212898431927782,872.0,0.0005494628876322545,0.3800067820652817,1.9459101490553132,7.849469823317921e-05,0.0
SCT,Socotra International Airport,Yemen,1,1,6.513666885929629e-05,7.078882322003911e-05,4.009532572409876e-05,0.0,1,2,2658,3159,2716,1349,1725,0.6155568963882678,-117.5,0.0002215809848124681,-0.15240555465718053,2.1972245773362196,2.4620109423607567e-05,0.0
RJH,Shah Mokhdum Airport,Bangladesh,1,1,7.335318207894276e-05,6.80302364926996e-05,4.546761521213323e-05,0.0,2,2,1914,2917,2791,1270,1725,0.6198451644974439,-631.5,6.857319111397127e-05,-0.033607329248885875,0.6931471805599453,3.4286595556985635e-05,0.0
TUI,Turaif Domestic Airport,Saudi Arabia,1,1,6.326914454913332e-05,5.491582873094843e-05,7.189394749724104e-05,0.0,1,2,2658,3222,3275,1020,1725,1.136319259720825,-181.0,0.0017938417602182048,-0.18149545259510802,4.382026634673881,2.242302200272756e-05,0.0
SMS,Sainte Marie Airport,Madagascar,3,3,0.00014576066831640456,0.00011403933382352218,6.352272767885517e-05,0.0,3,6,1507,1687,1890,1083,1725,0.43580156713445883,23.0,0.0004941322135601796,-0.024192851594545317,2.4670770881376716,3.982395785156981e-05,0.0
RVD,General Leite de Castro Airport,Brazil,1,1,7.383684937512604e-05,6.41012639436601e-05,2.465702680310587e-06,0.0,1,2,2658,2905,2932,3036,1725,0.03339393136594512,135.5,0.001777636411135624,-0.027035294006152455,3.9318256327243257,3.485561590462008e-05,0.0
SAB,Juancho E. Yrausquin Airport,Netherlands Antilles,2,1,8.603876816776776e-05,6.663009612320316e-05,8.36267708531872e-06,0.0,2,3,1914,2616,2836,2469,1725,0.09719661570482112,-330.5,0.00047605002390236213,-0.30140228058434815,2.7212088552608966,2.460540724414492e-05,0.0
ZOS,Cañal Bajo Carlos - Hott Siebert Airport,Chile,1,1,7.243767602845642e-05,6.050080174876535e-05,4.023235419528386e-06,0.00014451261077027947,2,2,1914,2948,3083,2854,768,0.055540647355222954,-662.5,0.001328381184235176,-0.046166663852291734,3.6888794541139363,3.32095296058794e-05,0.0
UTS,Ust-Tsylma Airport,Russia,1,1,7.796219369504359e-05,6.705733226700958e-05,9.233955746363099e-06,0.0,1,2,2658,2799,2808,2404,1725,0.11844145615607714,242.5,0.0002779627352524296,0.027330797946110152,1.9459101490553132,3.970896217891852e-05,0.0
SDG,Sanandaj Airport,Iran,1,1,8.213757467449816e-05,6.853852998746532e-05,2.2843704527563684e-05,0.0,1,2,2658,2690,2763,1725,1725,0.27811515762537037,346.5,0.0016509834785395317,0.07950236634080277,3.6109179126442243,4.462117509566302e-05,0.0
YKM,Yakima Air Terminal McAllister Field,United States,1,1,6.547977242382514e-05,5.492026518351205e-05,5.510681939073534e-06,0.0,1,2,2658,3153,3272,2696,1725,0.08415853835601367,-112.5,0.0022521384550733387,-0.14715193803265514,4.499809670330265,2.5023760611925986e-05,0.0
THD,,,1,1,6.628664541344824e-05,5.579794370456043e-05,1.849227020018412e-05,0.0,1,2,2658,3112,3221,1914,1725,0.27897429542319857,-71.5,0.0014025432426924913,-0.13490476476498614,3.9889840465642745,2.5973023012823913e-05,0.0
VCS,Co Ong Airport,Vietnam,2,2,0.0001081879623635659,8.775099140702107e-05,3.076835598325135e-05,7.66442642826315e-07,2,4,1914,2220,2364,1531,1423,0.28439722230699027,65.5,0.0007752151218695428,-0.07233016125807445,2.5437981676161923,3.763434501417765e-05,0.0
VKG,Rach Gia Airport,Vietnam,1,1,6.628664541344824e-05,5.579794370456043e-05,1.849227020018412e-05,0.0,1,2,2658,3112,3221,1914,1725,0.27897429542319857,-71.5,0.0014025432426924913,-0.13490476476498614,3.9889840465642745,2.5973023012823913e-05,0.0
SNE,Preguiça Airport,Cape Verde,2,2,9.269962251469974e-05,7.697942632945821e-05,1.7893174111009183e-05,0.0,2,4,1914,2501,2592,1928,1725,0.19302316045754978,-215.5,0.00020205894544700052,-0.22683586746390638,2.04717228111105,2.8523556876922414e-05,0.0
SJL,São Gabriel da Cachoeira Airport,Brazil,1,1,0.00013805927871068658,0.00013149884189943325,9.99098422668246e-07,0.0,1,2,2658,1765,1638,3169,1725,0.007236735060465805,1275.0,0.0005520570760431056,0.5987899337761231,1.6094379124341003,0.00011041141520862113,0.0
TTQ,Aerotortuguero Airport,Costa Rica,1,1,7.334025553334455e-05,5.974436485499702e-05,3.869289049537656e-06,0.0,1,2,2658,2918,3121,2881,1725,0.0527580524692672,122.0,0.0013023127382356951,-0.033783568156939836,3.6375861597263857,3.427138784830777e-05,0.0
VIJ,Virgin Gorda Airport,British Virgin Islands,2,2,8.332267483396863e-05,8.365849256024199e-05,9.017305175644705e-06,0.0,2,4,1914,2667,2423,2430,1725,0.10822150385369733,-381.5,0.0007538770217290893,-0.33347954888823494,3.3910960280033953,2.300770528132274e-05,0.0
VQS,Vieques Airport,Puerto Rico,2,2,8.984205331085697e-05,0.00010728712875318358,8.079610841409016e-06,0.0,2,4,1914,2550,1995,2491,1725,0.08993127988129625,-264.5,0.0006164224068347633,-0.25814710254428874,2.7506291052723633,2.684263379745382e-05,0.0
ZQZ,Zhangjiakou Ningyuan Airport,China,1,1,5.951853992047319e-05,5.8023725218321936e-05,1.0878205137352983e-05,0.0,1,2,2658,3376,3159,2319,1725,0.1827700268166541,-334.5,0.0006303691087324002,-0.2426053557049883,3.5553480614894135,1.8010545963782862e-05,0.0
TWF,Joslin Field Magic Valley Regional Airport,United States,1,1,6.46059468282801e-05,5.5151165569436695e-05,3.690146362295435e-06,0.0,1,2,2658,3171,3262,2916,1725,0.057117750663165566,-132.5,0.00215961574829728,-0.16058675230593522,4.499809670330265,2.3995730536636446e-05,0.0
VEL,Vernal Regional Airport,United States,1,1,6.46059468282801e-05,5.5151165569436695e-05,3.690146362295435e-06,0.0,1,2,2658,3171,3262,2916,1725,0.057117750663165566,-132.5,0.00215961574829728,-0.16058675230593522,4.499809670330265,2.3995730536636446e-05,0.0
SRV,,,1,1,0.00013312434096404298,0.00012403964204695135,1.3090008419806772e-07,0.0,2,2,1914,1833,1749,3370,1725,0.0009832918852415125,452.5,0.00020921121132298835,0.5623903709236853,0.6931471805599453,0.00010460560566149418,0.0
TQL,Tarko-Sale Airport,Russia,1,1,7.009322809889526e-05,6.493886725427272e-05,1.1093455710428418e-05,0.0,1,2,2658,3032,2894,2306,1725,0.1582671537794856,9.5,0.00024361084476288677,-0.07906702908821828,2.0794415416798357,3.0451355595360846e-05,0.0
SMK,St Michael Airport,United States,2,2,0.00018863988750095044,0.00022469798989060893,8.648521049424191e-07,0.0,2,4,1914,1261,919,3194,1725,0.004584672501663052,1024.5,0.0003398360244930326,0.48363957251003775,1.3862943611198906,8.495900612325815e-05,0.0
SSR,Sara Airport,Vanuatu,1,1,0.0001094830718057783,9.61897262772315e-05,3.03031747057262e-06,0.0,1,2,2658,2197,2206,2983,1725,0.027678411105859068,843.5,0.0007679234793829709,0.3668767269015287,2.302585092994046,7.679234793829709e-05,0.0
WLH,Walaha Airport,Vanuatu,1,1,0.0001094830718057783,9.61897262772315e-05,3.03031747057262e-06,0.0,1,2,2658,2197,2206,2983,1725,0.027678411105859068,843.5,0.0007679234793829709,0.3668767269015287,2.302585092994046,7.679234793829709e-05,0.0
SPB,Charlotte Amalie Harbor Seaplane Base,Virgin Islands,1,1,0.00029473050457298235,0.00029448622191012943,9.373042578622613e-11,0.0,1,2,2658,719,670,3385,1725,3.1802078282336813e-07,2320.0,0.00029473050457298235,1.3571681799610449,0.0,0.00029473050457298235,0.0
SSB,,,1,1,0.00029473050457298235,0.00029448622191012943,9.373042578622613e-11,0.0,1,2,2658,719,670,3385,1725,3.1802078282336813e-07,2320.0,0.00029473050457298235,1.3571681799610449,0.0,0.00029473050457298235,0.0
SRX,Gardabya Airport,Libya,2,2,8.100251382427547e-05,6.565954430521774e-05,3.1022603897210805e-05,0.0,2,4,1914,2731,2869,1525,1725,0.3829832240084592,-446.0,0.0008575590918801371,-0.36172007885137347,3.6566101935451503,2.1642904705014718e-05,0.0
TBN,Waynesville-St. Robert Regional Forney field,United States,1,1,6.347227965468632e-05,5.369675731631453e-05,3.931529073983958e-06,0.0,1,2,2658,3210,3337,2868,1725,0.06194088341198697,-171.0,0.0013597202675329513,-0.1782899453070499,4.0943445622221,2.2662004458882524e-05,0.0
UIN,Quincy Regional Baldwin Field,United States,1,1,6.347227965468632e-05,5.369675731631453e-05,3.931529073983958e-06,0.0,1,2,2658,3210,3337,2868,1725,0.06194088341198697,-171.0,0.0013597202675329513,-0.1782899453070499,4.0943445622221,2.2662004458882524e-05,0.0
MTE,,,1,0,7.62330317808939e-05,6.498571398768309e-05,8.767760338748877e-07,0.0,1,1,2658,2849,2890,3190,1725,0.011501261505575225,191.5,0.00030139723219825044,0.0049016416791793915,2.0794415416798357,3.7674654024781305e-05,0.0
TMT,Trombetas Airport,Brazil,1,1,7.62330317808939e-05,6.498571398768309e-05,8.767760338748877e-07,0.0,1,2,2658,2849,2890,3190,1725,0.011501261505575225,191.5,0.00030139723219825044,0.0049016416791793915,2.0794415416798357,3.7674654024781305e-05,0.0
STZ,Santa Terezinha Airport,Brazil,0,1,4.420957586487548e-05,4.417293340828806e-05,0.0,0.0,1,1,2658,3419,3419,3415,1725,0.0,-380.5,0.0,,,,0.0
SXO,São Félix do Araguaia Airport,Brazil,1,1,8.178771535016317e-05,8.171992680552697e-05,0.0,0.001974875839906515,2,2,1914,2708,2462,3415,268,0.0,-423.0,4.420957586487548e-05,0.07523383821442309,0.0,4.420957586487548e-05,0.0
SUK,Sakkyryr Airport,Russia,1,1,7.215359634606548e-05,6.168222491812972e-05,9.61391458762667e-06,0.0,1,2,2658,2964,3024,2385,1725,0.1332423479145252,75.5,0.0007561323194339926,-0.05009608563895718,3.1354942159291497,3.2875318236260545e-05,0.0
SUR,Summer Beaver Airport,Canada,1,1,8.753358751371734e-05,8.57963574167424e-05,1.7700620254288958e-07,0.0,2,2,1914,2585,2394,3363,1725,0.0020221518113278636,-299.5,0.00015290827593408233,0.1431293619859204,1.0986122886681098,5.0969425311360775e-05,0.0
VBV,Vanua Balavu Airport,Fiji,1,1,9.221286753547163e-05,8.44402015432704e-05,5.462992509360182e-06,0.0,1,2,2658,2507,2409,2703,1725,0.059243277596358515,533.0,0.0006776935290197297,0.19520646692414267,2.4849066497880004,5.6474460751644135e-05,0.0
SVR,,,1,1,0.00017198355525653976,0.00017179883582830205,6.465551935063189e-08,0.0,1,2,2658,1419,1234,3378,1725,0.000375940125520654,1622.5,0.0003006446554618001,0.8185056482461093,0.6931471805599453,0.00015032232773090005,0.0
SXI,Sirri Island Airport,Iran,1,1,6.874962298652042e-05,6.044573434525557e-05,3.355711263712936e-05,0.0,1,2,2658,3052,3085,1483,1725,0.4881061332323062,-10.5,0.0007506367361076922,-0.0984219623236946,3.258096538021482,2.8870643696449702e-05,0.0
SXX,São Félix do Xingu Airport,Brazil,0,1,4.420957586487548e-05,4.417293340828806e-05,0.0,0.0,1,1,2658,3419,3419,3415,1725,0.0,-380.5,0.0,,,,0.0
KPR,,,1,0,0.00014309519107500688,0.00013814842312654906,2.1309626492084797e-07,0.0,1,1,2658,1707,1564,3353,1725,0.001489192357338887,1334.5,0.00011633601779276857,0.6346168656289599,0.0,0.00011633601779276857,0.0
TMW,Tamworth Airport,Australia,1,1,7.546410921958831e-05,6.050536426375046e-05,1.756456517180536e-05,0.0,1,2,2658,2866,3078,1941,1725,0.232753892591448,173.0,0.0031254533344087436,-0.005236046369233804,4.442651256490317,3.677003922833816e-05,1.0
SZI,,,1,1,7.517363447015211e-05,6.527548086104537e-05,1.4496913522023712e-05,0.0,1,2,2658,2881,2875,2095,1725,0.19284571810585732,160.5,0.0002185698255965514,-0.009092650993681062,1.791759469228055,3.64283042660919e-05,0.0
TBW,Donskoye Airport,Russia,1,1,6.123613256625763e-05,5.5323348981608414e-05,1.2545399033009048e-05,0.0,1,2,2658,3322,3257,2218,1725,0.20486922519861778,-281.5,0.0014823119968161284,-0.21415579831353249,4.30406509320417,2.003124320021795e-05,0.0
TCG,Tacheng Airport,China,1,1,6.36036372833587e-05,6.161912903783942e-05,1.4072079368740314e-05,0.0,1,2,2658,3201,3034,2130,1725,0.2212464564887729,-162.5,0.0012549098575257447,-0.17622255632220174,4.007333185232471,2.2816542864104448e-05,0.0
TLJ,Tatalina LRRS Airport,United States,1,1,0.00016343713170177666,0.0001368044506522028,6.111202768235801e-07,0.0,2,2,1914,1493,1572,3244,1725,0.0037391764677973537,792.5,0.00014026771220529947,0.7675351857838617,0.0,0.00014026771220529947,0.0
TGH,Tongoa Airport,Vanuatu,1,1,9.886912401175675e-05,8.202722695734561e-05,4.521948658737241e-06,0.0,1,2,2658,2388,2457,2788,1725,0.04573671208212107,652.5,0.0012861070119217076,0.2649037808464456,2.995732273553991,6.430535059608538e-05,0.0
YES,Yasouj Airport,Iran,1,1,8.213757467449816e-05,6.853852998746532e-05,2.2843704527563684e-05,0.0,1,2,2658,2690,2763,1725,1725,0.27811515762537037,346.5,0.0016509834785395317,0.07950236634080277,3.6109179126442243,4.462117509566302e-05,0.0
TIU,Timaru Airport,New Zealand,1,1,8.694647171413015e-05,6.844958223184663e-05,1.0083251397119852e-05,0.0,1,2,2658,2603,2775,2360,1725,0.11597079442478593,438.0,0.001055852720275957,0.13639944662318193,3.044522437723423,5.027870096552177e-05,0.0
TKP,Takapoto Airport,French Polynesia,1,1,9.653000041400927e-05,8.89733793971896e-05,1.301622029353322e-06,0.0,1,2,2658,2438,2334,3147,1725,0.013484119173011205,603.5,0.00018466032173314876,0.24096063012653346,1.0986122886681098,6.155344057771625e-05,0.0
URE,Kuressaare Airport,Estonia,1,1,6.00739294942652e-05,5.456177806075007e-05,8.623971999527304e-06,0.0,1,2,2658,3367,3289,2454,1725,0.14355598297179092,-325.5,0.0005225904731693749,-0.23331725304703177,3.332204510175204,1.8663945470334816e-05,0.0
XFW,Hamburg-Finkenwerder Airport,Germany,1,1,5.877321718465039e-05,5.321305326133228e-05,8.802494973276148e-06,0.0,1,2,2658,3387,3364,2441,1725,0.14977051444403602,-346.0,0.0007881500019026958,-0.2552069539424018,3.828641396489095,1.7133695693536867e-05,0.0
VIN,Vinnytsia/Gavyryshivka Airport,Ukraine,1,1,5.7976654560242985e-05,5.210486870654823e-05,1.7216319718410657e-05,0.0,1,2,2658,3396,3402,1962,1725,0.2969526242760583,-354.5,0.001279528492216773,-0.2688527930864275,4.3694478524670215,1.619656319261738e-05,0.0
WMR,Mananara Nord Airport,Madagascar,1,1,8.797294048923717e-05,7.48517977065226e-05,1.4747917912593956e-05,0.0,1,2,2658,2575,2668,2062,1725,0.1676415251164448,466.5,0.0003089178681114898,0.14813605772870098,1.791759469228055,5.148631135191496e-05,0.0
WWT,,,1,1,0.00019952025585640818,0.00022529240161182966,1.6588221742847267e-07,0.0,2,2,1914,1200,917,3365,1725,0.0008314053964919516,1085.5,0.00018271844576447168,0.9670225492676998,0.0,0.00018271844576447168,0.0
TNW,Jumandy Airport,Ecuador,1,1,0.00010931669473762974,9.792671658133446e-05,3.4065790500839098e-06,0.0,2,2,1914,2202,2153,2958,1725,0.031162477591003067,83.5,7.659661044666804e-05,0.3653559108344506,0.0,7.659661044666804e-05,0.0
TTT,Taitung Airport,Taiwan,1,1,6.293377207003533e-05,5.359722397876383e-05,1.0587200601966925e-05,0.0,1,2,2658,3243,3357,2339,1725,0.16822765033351322,-201.5,0.0004185408566473332,-0.18681027855208576,2.9444389791664403,2.2028466139333326e-05,0.0
UST,Northeast Florida Regional Airport,United States,1,1,6.31072042253199e-05,5.659158655617111e-05,3.4357856255109147e-06,0.0,1,2,2658,3237,3204,2957,1725,0.05444363551970517,-195.5,0.0003112550553665914,-0.1840582804346571,2.6390573296152584,2.2232503954756527e-05,0.0
TUA,Teniente Coronel Luis a Mantilla Airport,Ecuador,1,0,7.659661044666804e-05,6.32397449124312e-05,4.007740083459057e-06,0.0,1,1,2658,2833,2972,2856,1725,0.05232268190574214,206.5,0.0008763550535772177,0.00965961070107646,3.1354942159291497,3.8102393633792075e-05,0.0
XMS,Coronel E Carvajal Airport,Ecuador,1,1,7.659661044666804e-05,6.32397449124312e-05,4.007740083459057e-06,0.0002892199824715162,2,2,1914,2833,2972,2856,599,0.05232268190574214,-549.5,0.0008763550535772177,0.00965961070107646,3.1354942159291497,3.8102393633792075e-05,0.0
UKA,Ukunda Airstrip,Kenya,1,1,0.00012679344982234836,0.00016163021169106987,1.3363671947987881e-05,0.0,1,2,2658,1940,1319,2170,1725,0.10539717916589432,1100.0,0.0009715749880422407,0.5136661680934616,2.302585092994046,9.715749880422407e-05,0.0
ULG,Ulgii Mongolei Airport,Mongolia,1,1,7.875197257737392e-05,6.690302525499497e-05,1.4345830224248789e-05,0.0,1,2,2658,2785,2821,2105,1725,0.182164709717639,254.0,0.0006095717069170374,0.03741011097069524,2.70805020110221,4.063811379446916e-05,0.0
DLZ,Dalanzadgad Airport,Mongolia,1,0,7.875197257737392e-05,6.690302525499497e-05,1.4345830224248789e-05,0.0,1,1,2658,2785,2821,2105,1725,0.182164709717639,254.0,0.0006095717069170374,0.03741011097069524,2.70805020110221,4.063811379446916e-05,0.0
ULO,Ulaangom Airport,Mongolia,1,1,7.875197257737392e-05,6.690302525499497e-05,1.4345830224248789e-05,0.0,1,2,2658,2785,2821,2105,1725,0.182164709717639,254.0,0.0006095717069170374,0.03741011097069524,2.70805020110221,4.063811379446916e-05,0.0
ULZ,Donoi Airport,Mongolia,1,1,7.875197257737392e-05,6.690302525499497e-05,1.4345830224248789e-05,0.0,1,2,2658,2785,2821,2105,1725,0.182164709717639,254.0,0.0006095717069170374,0.03741011097069524,2.70805020110221,4.063811379446916e-05,0.0
URS,Kursk East Airport,Russia,1,1,6.123613256625763e-05,5.5323348981608414e-05,1.2545399033009048e-05,0.0,1,2,2658,3322,3257,2218,1725,0.20486922519861778,-281.5,0.0014823119968161284,-0.21415579831353249,4.30406509320417,2.003124320021795e-05,0.0
VDA,Ovda International Airport,Israel,0,1,4.420957586487548e-05,4.417293340828806e-05,0.0,0.0,1,1,2658,3419,3419,3415,1725,0.0,-380.5,0.0,,,,0.0
VLS,Valesdir Airport,Vanuatu,1,1,9.886912401175675e-05,8.202722695734561e-05,4.521948658737241e-06,0.0,1,2,2658,2388,2457,2788,1725,0.04573671208212107,652.5,0.0012861070119217076,0.2649037808464456,2.995732273553991,6.430535059608538e-05,0.0
XKH,Xieng Khouang Airport,Laos,1,1,7.283506100807074e-05,6.065054092522606e-05,2.1401234805892022e-05,0.0,1,2,2658,2928,3074,1792,1725,0.29383149419646376,112.0,0.000572509703122592,-0.04069576850210055,2.833213344056216,3.367704136015247e-05,0.0
WSZ,Westport Airport,New Zealand,1,1,8.694647171413015e-05,6.844958223184663e-05,1.0083251397119852e-05,0.0,1,2,2658,2603,2775,2360,1725,0.11597079442478593,438.0,0.001055852720275957,0.13639944662318193,3.044522437723423,5.027870096552177e-05,0.0
YAX,Wapekeka Airport,Canada,3,2,0.00021683748313684064,0.00020832601031755443,8.859197555760343e-07,0.0,4,5,1270,1069,997,3187,1725,0.0040856393588416294,319.0,0.00048735032917004685,0.37298927717651154,1.752498457342594,6.769721824349519e-05,0.0
YTL,Big Trout Lake Airport,Canada,5,4,0.0003837648955493098,0.0003687010585113073,1.567925565418782e-06,1.1685655857434998e-06,5,9,1107,552,546,3127,1375,0.004085640931733736,636.0,0.00037096427360606553,0.6289606476471787,1.3287579466295345,7.98953689981158e-05,0.0
XGR,Kangiqsualujjuaq (Georges River) Airport,Canada,1,1,9.539842500943998e-05,8.888014067432747e-05,1.5521991108784974e-06,0.0,1,2,2658,2460,2337,3129,1725,0.016270699550070163,581.5,0.0006022217534897196,0.22916885396004005,2.302585092994046,6.022217534897196e-05,0.0
YVP,Kuujjuaq Airport,Canada,9,10,0.0006022217534897196,0.0005259671435546926,1.8261165200853265e-05,0.0026666293641298545,10,19,703,367,401,1920,214,0.03032299164723713,359.0,0.000487756489476831,0.7172012134972467,1.5107508172168176,7.294276819910672e-05,0.0
XKS,Kasabonika Airport,Canada,2,2,0.0001759328973833463,0.00016902704307600552,7.187982351683231e-07,0.0,2,4,1914,1377,1260,3223,1725,0.004085638592094057,908.0,0.0006641015595853085,0.4139023895610343,2.0794415416798357,7.748430643182958e-05,0.0
YUS,Yushu Batang Airport,China,1,1,6.299580407537303e-05,6.039191878400323e-05,1.1511989656484332e-05,0.0,1,2,2658,3242,3087,2275,1725,0.18274216553709674,-200.5,0.0004199274544280696,-0.1858250928275922,2.9444389791664403,2.2101444969898402e-05,0.0
YAB,Old Arctic Bay Airport,Canada,2,2,0.00022782067699535544,0.00018940343101165203,1.5820802638040106e-06,0.0005784399649430324,2,4,1914,993,1104,3122,453,0.006944410334783898,1292.5,0.000520812058341448,0.6723585471814051,1.4978661367769956,0.00010800652988690585,0.0
YFB,Iqaluit Airport,Canada,10,10,0.0007619974964190908,0.0007898373140866441,1.3349421300681708e-05,0.0052053439058454476,10,20,703,282,260,2174,145,0.01751898315075259,444.0,0.00032485806217549926,0.8875667509904774,1.2522925095281734,8.444563754969867e-05,0.0
YRB,Resolute Bay Airport,Canada,2,2,0.0002796266202638052,0.00025395911592741594,1.052656877017732e-06,0.0002892199824715162,2,4,1914,757,767,3161,599,0.0037645088154505285,1528.5,0.0001954357833306585,0.8772549463004946,0.34657359027997264,0.00013848061408181964,0.0
YAC,Cat Lake Airport,Canada,2,2,0.00020231488968673259,0.00019437346898617261,8.265855341899275e-07,0.0,2,4,1914,1180,1083,3202,1725,0.004085638656995662,1105.5,0.0005991979735962445,0.5536250755659076,1.7328679513998633,9.30031253809613e-05,0.0
YAG,Fort Frances Municipal Airport,Canada,3,2,0.0002131745743168618,0.00018168916067037378,4.967693676320803e-06,7.303534910896874e-07,3,5,1507,1100,1168,2746,1429,0.023303406103848217,610.0,0.0005899611971777399,0.3559525576119906,2.0228085294147036,6.626078351202137e-05,0.0
YQK,Kenora Airport,Canada,3,3,0.0002161746430628396,0.00018425234219916027,5.9374225941444146e-06,0.00013861419793070417,3,6,1507,1073,1148,2677,777,0.027465860519165844,637.0,0.0004419597595330543,0.36992774355364944,1.7383119192029952,6.743728106685852e-05,0.0
YQT,Thunder Bay Airport,Canada,11,9,0.0006092707248490728,0.000593507541625768,3.0703870427581534e-05,0.009572088928109053,13,20,592,361,354,1533,87,0.05039446205984611,246.5,0.0006010373823626616,0.6051299642666566,1.8647927021513673,6.043434735895927e-05,0.09090909090909091
YAM,Sault Ste Marie Airport,Canada,4,4,0.00017568397556918006,0.00013496494675090782,1.85306026906346e-05,6.020014399837587e-07,4,8,1270,1387,1602,1913,1456,0.10547690892467139,1.0,0.0010636544839272733,-0.014820533125659452,2.8860914977011367,3.866894103404817e-05,0.25
YSB,Sudbury Airport,Canada,5,6,0.00021296062261541538,0.00017373248582449658,2.4604507516630355e-05,5.2108797561363945e-06,6,11,996,1104,1220,1670,1182,0.11553547888082354,-53.0,0.0007971663942686127,0.04003781200404255,2.2488522796708414,3.9706128627169404e-05,0.2
YAT,Attawapiskat Airport,Canada,2,2,0.0003109102269541614,0.000308197963073257,9.873063787151477e-07,0.0002892199824715162,2,4,1914,677,635,3175,599,0.0031755352288900733,1608.5,0.00022559225807145157,0.9833039432878987,0.34657359027997264,0.00015688273444471553,0.0
YPO,Peawanuck Airport,Canada,1,1,0.00017634642163595897,0.000175157067010781,4.196055606352453e-07,0.0,1,2,2658,1371,1211,3291,1725,0.002379439042440332,1670.5,0.0003109102269541614,0.8435571501913532,0.6931471805599453,0.0001554551134770807,0.0
ZKE,Kashechewan Airport,Canada,2,2,0.00027483809450694417,0.00027092122399277564,1.4838620268675017e-06,0.0005784399649430324,2,4,1914,772,708,3132,453,0.0053990405861659395,1513.5,0.000271327670223236,0.8599819091295409,0.6931471805599453,0.000135663835111618,0.0
YAY,St. Anthony Airport,Canada,3,3,0.00017094684019976458,0.00013917216950238312,1.0595475574822901e-05,8.447455797628542e-05,3,6,1507,1423,1552,2338,855,0.06198111390910338,287.0,0.0003868451093939592,0.13519376200355815,2.0204856396426725,4.970088795007479e-05,0.0
YBX,Lourdes de Blanc Sablon Airport,Canada,3,3,0.00020195157604577154,0.0001715523789777892,6.874453719908834e-06,0.00013085737080922093,3,6,1507,1186,1238,2596,787,0.03404010929011401,524.0,0.0003505096168050584,0.30186907597511237,1.6276006408621235,6.185960787226059e-05,0.0
YYR,Goose Bay Airport,Canada,11,11,0.0005754505994515715,0.0005424303646600211,3.784466549718278e-05,0.0021382453044553893,11,22,660,384,387,1388,258,0.06576527252426242,297.0,0.0002721479089329807,0.5480206404765058,1.4599930925548137,5.681722175168398e-05,0.0
YBC,Baie Comeau Airport,Canada,4,4,0.000156640371179907,0.00016207269993916325,1.7512497525224992e-05,0.0,4,8,1270,1576,1318,1948,1725,0.11180066411558276,-188.0,0.0008192899216960421,-0.12955477238058322,2.8793289533178803,3.306788096187897e-05,0.0
YWK,Wabush Airport,Canada,9,10,0.00037769693716983746,0.0004432849340123647,3.268193533866003e-05,0.0003144293187394219,11,19,660,570,466,1501,559,0.0865295217471252,111.0,0.0005071193575028084,0.25066759526257254,2.018822705470432,4.359311910377862e-05,0.0
YYY,Mont Joli Airport,Canada,6,6,0.0002476978756882553,0.0002341459149549877,2.4290335781450763e-05,1.0599573697008105e-05,6,12,996,876,867,1677,1085,0.09806436859402787,175.0,0.0006483153924361974,0.07874383728170997,2.4347263777716397,3.9899666613611105e-05,0.0
YBG,CFB Bagotville,Canada,4,4,0.00017636382654233964,0.00013433499753338538,1.4612531660670026e-05,8.85103442815071e-06,5,8,1107,1370,1613,2089,1107,0.08285447161786319,-182.0,0.0007968909180928498,-0.010958263205491647,2.654843555016391,3.886889723591335e-05,0.0
YHU,Montréal / Saint-Hubert Airport,Canada,4,4,0.00019246517508928726,0.00014583938230987967,1.2984167067710967e-05,4.415508534702224e-06,4,8,1270,1236,1478,2189,1198,0.06746242306790011,152.0,0.0003770702494293619,0.07640790793805152,2.0709998260621316,4.360458797218504e-05,0.0
YZV,Sept-Îles Airport,Canada,11,11,0.0005170578673971077,0.0006466668546595651,3.157257095547789e-05,0.004453096154556625,11,22,660,422,326,1513,154,0.061061968004501345,259.0,0.00043169871288907107,0.44102205279951967,1.8234750483004611,5.057200975482367e-05,0.0
YBK,Baker Lake Airport,Canada,3,4,0.0001981135500104903,0.0002475495282656453,1.9745898312316523e-06,0.0,4,7,1270,1209,801,3072,1725,0.009966960014229698,179.0,0.0003265256852076857,0.2826814810740128,1.5317066167115303,6.035449953599171e-05,0.0
YCS,Chesterfield Inlet Airport,Canada,3,3,0.0001897727679496255,0.00022901589040040646,1.8945315220607973e-06,0.0,3,6,1507,1252,891,3089,1725,0.009983157976405203,457.5,0.00035561383174004187,0.2396685281295845,1.7234946650127174,5.7083604616323786e-05,0.0
YRT,Rankin Inlet Airport,Canada,10,11,0.000600031519723806,0.0008041676653815223,1.1660280845298654e-05,0.0027069956736152424,11,21,660,369,255,2262,212,0.019432780549038277,312.0,0.00042585799290747827,0.6486056675578329,1.6476318196743307,6.539081679162318e-05,0.0
YUT,Repulse Bay Airport,Canada,3,3,0.0001897727679496255,0.0001992834948452194,1.8945315220607973e-06,0.0,3,6,1507,1252,1046,3089,1725,0.009983157976405203,457.5,0.00035561383174004187,0.2396685281295845,1.7234946650127174,5.7083604616323786e-05,0.0
YXN,Whale Cove Airport,Canada,3,2,0.0001967788857768883,0.0002297144948576748,2.2780282420145315e-06,0.0,3,5,1507,1219,886,3053,1725,0.011576588784009093,491.0,0.0003414649544930277,0.27592182100098483,1.6276006408621235,5.983110179748097e-05,0.0
YBL,Campbell River Airport,Canada,3,3,0.00017381607728872227,0.00018167355577084046,1.3705689655219085e-05,0.0002901025325562623,3,6,1507,1403,1169,2154,590,0.07885167971230216,307.0,0.000842870111222362,0.15183884294874872,2.2674649211081035,5.08260789846384e-05,0.0
YQQ,Comox Airport,Canada,4,4,0.00016310240777479815,0.0001722518852948433,2.0035222340429756e-05,3.210173383906999e-06,4,8,1270,1499,1230,1842,1250,0.12283829904027639,-111.0,0.0012255482078301363,-0.08912904871102612,3.2828060014591314,3.496847996679314e-05,0.0
ZEL,,,3,3,0.000250507904161412,0.0002059003801602972,1.0404521344685363e-05,0.0002892199824715162,3,6,1507,866,1012,2345,599,0.04153370481268857,844.0,0.00014271990276698004,0.5173316034233224,0.5972531564093516,8.09013052089134e-05,0.0
YBR,Brandon Municipal Airport,Canada,1,1,6.733921327879774e-05,5.58648895167445e-05,5.237550572869857e-06,0.0,1,2,2658,3086,3216,2730,1725,0.07777861245846987,-46.0,0.001605468949536591,-0.11915048417976237,4.07753744390572,2.721133812773883e-05,0.0
YIF,St Augustin Airport,Canada,4,4,0.0003051314107638392,0.0002692216948377664,4.461372898788481e-06,0.00029680710110157964,4,8,1270,690,712,2796,578,0.014621152531036616,698.0,0.0002597397801132454,0.5372352179827029,1.1968729356955115,7.674171607541008e-05,0.0
YCB,Cambridge Bay Airport,Canada,4,4,0.00028828498504368945,0.0002906946798005355,5.050631924125258e-06,5.842827928717499e-07,4,8,1270,736,682,2742,1465,0.017519580228432075,652.0,0.0004442855498177097,0.48044220147741434,1.5465521559751234,7.178688490028602e-05,0.0
YCO,Kugluktuk Airport,Canada,3,3,0.00023915913497274876,0.00025518885803168904,3.3559461638426193e-06,0.002400233713117148,3,6,1507,925,761,2964,230,0.014032272546164778,785.0,0.000558609364152494,0.47097029692429615,1.7917594692280552,7.645080730323921e-05,0.0
YHK,Gjoa Haven Airport,Canada,3,3,0.00021957178386860094,0.00024047502948578727,4.030939994091814e-06,0.0,3,6,1507,1046,838,2852,1725,0.018358187573427297,663.5,0.0005355654218243928,0.3855203424789746,1.7917594692280552,6.876949319387217e-05,0.0
YYH,Taloyoak Airport,Canada,3,3,0.00021957178386860094,0.0002186529832911408,4.030939994091814e-06,0.0,3,6,1507,1046,949,2852,1725,0.018358187573427297,663.5,0.0005355654218243928,0.3855203424789746,1.7917594692280552,6.876949319387217e-05,0.0
YZF,Yellowknife Airport,Canada,18,18,0.0010988394965608882,0.001097520557652789,3.844759223165219e-05,0.011629074704325825,18,36,488,170,178,1378,73,0.034989270363855865,330.5,0.0003552935326819053,0.8912783206037229,1.3335493996757726,6.893006006379947e-05,0.0
YCD,Nanaimo Airport,Canada,2,2,9.130921352678698e-05,6.830808304951802e-05,1.1737807782106426e-05,0.0,2,4,1914,2520,2782,2258,1725,0.12855009181152302,-235.0,0.0018602344856337332,-0.24194857053972285,4.1975127787210145,2.7705669208741915e-05,0.0
YCG,Castlegar/West Kootenay Regional Airport,Canada,2,2,9.130921352678698e-05,6.830808304951802e-05,1.1737807782106426e-05,0.0,2,4,1914,2520,2782,2258,1725,0.12855009181152302,-235.0,0.0018602344856337332,-0.24194857053972285,4.1975127787210145,2.7705669208741915e-05,0.0
YCL,Charlo Airport,Canada,2,2,0.00010118570723265479,8.214668515280488e-05,9.43552661945048e-06,1.1755213332776872e-07,2,4,1914,2347,2454,2396,1619,0.09324959895527057,-61.5,0.0005985031552715231,-0.13924275390968077,2.8173948015846246,3.3515371383013454e-05,0.0
YHI,Ulukhaktok Holman Airport,Canada,3,3,0.00028870361085290436,0.00023456329451732852,1.648608422189865e-06,0.00014519251766752906,3,6,1507,735,865,3118,761,0.005710383799216968,975.0,0.0003878255006531765,0.6592417237323556,1.2458898727611227,9.588001343821171e-05,0.0
YZS,Coral Harbour Airport,Canada,4,4,0.0002686964254858293,0.00023067403521474068,2.7007492928401973e-06,2.46852285395265e-06,4,8,1270,797,881,3015,1281,0.01005130339176258,591.0,0.00028641360233813744,0.4100748917433723,1.322066757673634,6.602554386818038e-05,0.0
YCY,Clyde River Airport,Canada,2,2,0.00019650477553610069,0.00022219207441796893,1.7593688810614954e-06,0.0011300029214139644,2,4,1914,1221,930,3111,353,0.008953313609105009,1064.5,0.000483969821358768,0.5244864660868647,1.4978661367769956,8.958541139556582e-05,0.0
YIO,Pond Inlet Airport,Canada,2,2,0.00020594214629844517,0.00018251187243574057,1.4698066517423314e-06,0.0,2,4,1914,1149,1162,3135,1725,0.007136988120985841,1136.5,0.00023628422393539832,0.5713950182244716,0.8958797346140275,9.513680593980783e-05,0.0
YDF,Deer Lake Airport,Canada,5,4,0.00021499758214681413,0.00022108427745517686,2.793807383187974e-05,0.00012485708920321927,5,9,1107,1079,935,1608,793,0.12994599080096553,109.0,0.0009756574376987425,0.049557315971066274,2.6570963454427696,4.0185413236600994e-05,0.2
YDP,Nain Airport,Canada,2,2,0.00016999130511577285,0.00020657245644963202,4.153503229177564e-06,0.0002892199824715162,2,4,1914,1429,1007,2845,599,0.024433621627581566,856.5,0.00038339011380199804,0.37954702145459507,1.545521226679158,7.398925246772304e-05,0.0
YNP,Natuashish Airport,Canada,2,2,0.00019132962815242462,0.0002374684273661142,2.8921004529696424e-06,0.0,2,4,1914,1244,855,2997,1725,0.015115800312252854,1041.5,0.00021712579528749992,0.49779747449709966,0.8958797346140275,8.654120718881437e-05,0.0
YDQ,Dawson Creek Airport,Canada,2,2,0.00011280876674627255,9.161036990025845e-05,9.904353081036151e-06,0.000484172370971399,2,4,1914,2147,2278,2369,490,0.08779772500583084,138.5,0.0011362574060910676,-0.030506212484025852,2.70805020110221,4.0352465220082444e-05,0.0
YYE,Fort Nelson Airport,Canada,3,3,0.00015751479045125963,0.00012350909279231062,1.2014456043934243e-05,0.0,3,6,1507,1558,1753,2245,1725,0.07627509778297245,152.0,0.00020439443657633877,0.05336049134132281,1.4606755448912938,4.443341747829132e-05,0.0
YHM,John C. Munro Hamilton International Airport,Canada,4,4,0.00013758075935346666,9.80433379996627e-05,2.18672470235806e-05,7.098020650085262e-07,4,8,1270,1775,2152,1770,1434,0.15894117118077677,-387.0,0.0009051628325737503,-0.25929623535472857,3.2483095657156555,2.746211278568293e-05,0.0
YHY,Hay River / Merlyn Carter Airport,Canada,3,3,0.0001645039259577901,0.0001248464189230323,8.672356911740266e-06,0.0,3,6,1507,1481,1736,2450,1725,0.05271823673050512,229.0,0.0007741854089826881,0.09677556578307644,2.638084092914147,4.717425487454893e-05,0.0
YOJ,High Level Airport,Canada,2,2,0.00011609544618434734,0.0001016735320420996,7.676757973245625e-06,0.0,2,4,1914,2107,2086,2521,1725,0.06612453998458942,178.0,0.0005620016144743517,-0.001787603193612597,2.1653666701431655,4.228580605614415e-05,0.0
YOP,Rainbow Lake Airport,Canada,2,2,0.00011609544618434734,0.0001016735320420996,7.676757973245625e-06,0.0,2,4,1914,2107,2086,2521,1725,0.06612453998458942,178.0,0.0005620016144743517,-0.001787603193612597,2.1653666701431655,4.228580605614415e-05,0.0
YQU,Grande Prairie Airport,Canada,2,2,8.988451895702028e-05,9.613554063972858e-05,9.651686404740248e-06,0.0,2,4,1914,2548,2209,2380,1725,0.10737874015163118,-263.0,0.0013066883661504735,-0.25767454418613767,3.8575618018160527,2.6867613573926732e-05,0.0
YSM,Fort Smith Airport,Canada,4,4,0.00021580894762282,0.0001660598689039252,1.1494777486010083e-05,1.1884816526997381e-05,4,8,1270,1077,1286,2276,1067,0.05326367424811354,311.0,0.0005975510232678369,0.1908861937387094,2.0799293467126514,5.0470403399507086e-05,0.0
YXJ,Fort St John Airport,Canada,5,5,0.00019132068251859593,0.0001492875496835841,2.3385594432713566e-05,0.0009641497914316469,5,10,1107,1245,1442,1699,375,0.12223244306292155,-57.0,0.001038989080989446,-0.06711848003989473,3.0421331095032724,3.461437802920737e-05,0.0
YXX,Abbotsford Airport,Canada,2,2,8.988451895702028e-05,7.015423702400831e-05,9.651686404740248e-06,0.0,2,4,1914,2548,2732,2380,1725,0.10737874015163118,-263.0,0.0013066883661504735,-0.25767454418613767,3.8575618018160527,2.6867613573926732e-05,0.0
YXY,Whitehorse / Erik Nielsen International Airport,Canada,4,4,0.00016815716206941377,0.00012904636772308555,1.707687813664075e-05,9.059658834007864e-05,5,8,1107,1441,1678,1967,847,0.10155308240508701,-253.0,0.0011380747693971413,-0.058608290181766165,3.3108353259893075,3.645517237765908e-05,0.0
YEK,Arviat Airport,Canada,3,3,0.00022624979374478662,0.00026294921671092525,3.379079762424884e-06,0.0,3,6,1507,1001,733,2963,1725,0.014935172786219376,709.0,0.0003472397336889682,0.4154808008120021,1.492445604826069,7.138832058496274e-05,0.0
YYQ,Churchill Airport,Canada,4,4,0.00024490879556621036,0.0002759917771549481,7.105391725132556e-06,0.0010792671954346523,4,8,1270,893,701,2572,358,0.0290123991206826,495.0,0.0005121089949045127,0.31737855744582966,2.0603599224574327,5.902918214296218e-05,0.0
YER,Fort Severn Airport,Canada,2,3,0.0001759328973833463,0.00016902704307600552,7.187982351683231e-07,0.0,3,5,1507,1377,1260,3223,1725,0.004085638592094057,332.5,0.0006641015595853085,0.4139023895610343,2.0794415416798357,7.748430643182958e-05,0.0
YEV,Inuvik Mike Zubko Airport,Canada,7,7,0.0007118673935417468,0.0006604048917497727,2.885163040787997e-06,0.0029842243645924623,7,14,912,298,319,2999,203,0.004052950123805326,655.5,0.0002073891140232636,1.0393958758656217,0.5530287158439844,0.00011221139761578946,0.0
YGH,Fort Good Hope Airport,Canada,2,2,0.00020565527360501121,0.00016909055591215571,1.0720080243884618e-06,0.0,2,4,1914,1151,1259,3159,1725,0.005212645441066579,1134.5,0.0005324152417211135,0.570001070031342,1.666102255087602,9.496805720482764e-05,0.0
YPC,Paulatuk (Nora Aliqatchialuk Ruben) Airport,Canada,1,1,0.00013065061678647184,0.00011434095326013387,3.5034147140759833e-07,0.0,1,2,2658,1875,1877,3307,1725,0.0026815141024567617,1165.5,0.0007118673935417468,0.5436334978393571,1.9459101490553132,0.00010169534193453525,0.0
YSY,Sachs Harbour (David Nasogaluak Jr. Saaryuaq) Airport,Canada,2,2,0.00021244997344503392,0.00018080055346852324,8.174474113022616e-07,0.0,2,4,1914,1105,1177,3203,1725,0.0038477171733502505,1180.5,0.0005002855021973256,0.602506273657017,1.5222612188617115,9.896493944275168e-05,0.0
YUB,Tuktoyaktuk Airport,Canada,1,1,0.00013065061678647184,0.00011434095326013387,3.5034147140759833e-07,0.0,1,2,2658,1875,1877,3307,1725,0.0026815141024567617,1165.5,0.0007118673935417468,0.5436334978393571,1.9459101490553132,0.00010169534193453525,0.0
YVQ,Norman Wells Airport,Canada,4,4,0.00035296308990048016,0.0003864677828533865,3.3960770143121577e-06,0.003697049371895997,4,8,1270,607,520,2960,173,0.009621620819530167,781.0,0.0005529254458636831,0.6828561694811848,1.555644067017842,9.080985682710275e-05,0.0
ZFM,Fort Mcpherson Airport,Canada,1,1,0.00013065061678647184,0.00011434095326013387,3.5034147140759833e-07,0.0,1,2,2658,1875,1877,3307,1725,0.0026815141024567617,1165.5,0.0007118673935417468,0.5436334978393571,1.9459101490553132,0.00010169534193453525,0.0
YFA,Fort Albany Airport,Canada,2,2,0.0002317451134923106,0.00022532742909794987,2.504132346737476e-06,0.0008676599474145486,2,4,1914,971,916,3030,388,0.01080554540719826,1314.5,0.00026223554012877134,0.6894378510595054,0.8958797346140275,0.00011031502125183578,0.0
YMO,Moosonee Airport,Canada,3,3,0.0002496329857505985,0.00023298696715629724,6.6123204112963885e-06,0.0011919546466445765,3,6,1507,873,875,2613,343,0.02648816778525646,837.0,0.0003097954283635997,0.5138329120707912,1.3647815207407001,8.055820009119957e-05,0.0
YGT,Igloolik Airport,Canada,3,3,0.00027606367233469595,0.0002582782773985014,2.548498664996186e-06,0.001130587204206836,3,6,1507,766,750,3026,352,0.009231561122994916,944.0,0.0003850456821913239,0.6144726658331958,1.2296264847046456,9.092317490644982e-05,0.0
YLC,Kimmirut Airport,Canada,1,1,0.00010897936319426938,8.147080664067571e-05,1.1347009193449014e-06,0.0,1,2,2658,2207,2473,3155,1725,0.01041207147927773,834.5,0.0007619974964190908,0.36226532078839213,2.302585092994046,7.619974964190907e-05,0.0
YTE,Cape Dorset Airport,Canada,2,2,0.0001660773537294928,0.0001514475016026928,1.708610242723917e-06,2.1675106924188377e-06,2,4,1914,1465,1417,3113,1302,0.010288038702175527,820.5,0.00051534696095246,0.35625339823104163,1.8444397270569683,7.16869280066832e-05,0.0
YUX,Hall Beach Airport,Canada,2,2,0.00018719740385643566,0.00020658329434764585,1.8567756694591148e-06,0.0,2,4,1914,1274,1006,3092,1725,0.009918811004895679,1011.5,0.0005190305843768934,0.47596342774921574,1.700598690831078,8.41104868767372e-05,0.0
YXP,Pangnirtung Airport,Canada,2,2,0.0002294442316773658,0.0002447212110758215,1.7764401730409924e-06,0.0002892199824715162,2,4,1914,983,811,3110,599,0.007742361444670978,1302.5,0.00045186043545838485,0.6794597328345002,1.151292546497023,0.000108961562069794,0.0
YFC,Fredericton Airport,Canada,4,4,0.00012719373066655417,9.087668743904421e-05,2.658048010924101e-05,0.0,4,8,1270,1936,2295,1632,1725,0.20897633845588898,-548.0,0.0016512566026480285,-0.33779595831802567,4.02833328203217,2.4407104350356283e-05,0.25
YFH,Fort Hope Airport,Canada,3,3,0.0003016821575827904,0.00026417667169073393,5.780827435783461e-06,0.0004338299737072743,3,6,1507,704,729,2687,506,0.01916197988671913,1006.0,0.000316669627141466,0.7032151346742008,0.963457252632055,0.00010096963972173213,0.0
YLH,Lansdowne House Airport,Canada,2,2,0.00021105196923116242,0.0001883010206924878,3.5030611510659358e-06,0.0,2,4,1914,1113,1122,2951,1725,0.016598097444090083,1172.5,0.0002465655278848347,0.5959041349131979,0.8958797346140275,9.81425841438515e-05,0.0
YOG,Ogoki Post Airport,Canada,1,1,0.00012968618734416265,0.00011902299048246413,1.6379012454324488e-06,0.0,1,2,2658,1891,1815,3120,1725,0.012629727798888622,1150.5,0.0003016821575827904,0.5362243736673182,1.0986122886681098,0.00010056071919426347,0.0
YFJ,Wekweètì Airport,Canada,1,1,9.609921885742463e-05,7.526934925002339e-05,1.8155808256801783e-06,0.0,1,2,2658,2448,2654,3095,1725,0.018892774023208478,591.5,0.0010988394965608882,0.2364879724855946,2.8903717578961645,6.104663869782713e-05,0.0
YFO,Flin Flon Airport,Canada,3,3,0.0001875887654063384,0.0001876406061036686,7.321345068071642e-06,0.0,3,6,1507,1270,1126,2553,1725,0.03902869690630345,439.5,0.0004699144771852655,0.2280932787428096,1.9478481390104534,5.6227133050269284e-05,0.0
YQD,The Pas Airport,Canada,3,3,0.0001875887654063384,0.00019954318187676267,7.321345068071642e-06,0.0,3,6,1507,1270,1042,2553,1725,0.03902869690630345,439.5,0.0004699144771852655,0.2280932787428096,1.9478481390104534,5.6227133050269284e-05,0.0
YTH,Thompson Airport,Canada,6,5,0.0003387047165381096,0.00026578839452885065,1.1997097005317066e-05,3.38884019865615e-06,6,11,996,632,719,2248,1241,0.03542051946586106,419.0,0.00037300106847174035,0.3916627621126212,1.6350092679572625,5.7744145122768255e-05,0.0
YFS,Fort Simpson Airport,Canada,1,1,9.609921885742463e-05,0.00010636576509175874,1.8155808256801783e-06,0.0,1,2,2658,2448,2003,3095,1725,0.018892774023208478,591.5,0.0010988394965608882,0.2364879724855946,2.8903717578961645,6.104663869782713e-05,0.0
YGK,Kingston Norman Rogers Airport,Canada,1,1,6.173653812326659e-05,5.359688182209193e-05,7.767947882275397e-06,0.0,1,2,2658,3311,3358,2515,1725,0.12582415727239973,-270.0,0.0030311334732859877,-0.20601726938255283,4.990432586778736,2.061995560058495e-05,1.0
YGL,La Grande Rivière Airport,Canada,3,3,0.00017589776182226738,0.00015587757287449666,1.0757745233241022e-05,0.0005258402810550084,3,6,1507,1380,1371,2324,478,0.061159079693754066,330.0,0.0009308299050131882,0.16374405737163045,2.62160133444282,5.164242579544609e-05,0.0
YGW,Kuujjuarapik Airport,Canada,7,7,0.00037980664378201734,0.0003237255926768865,2.0480269628946605e-05,0.0007149402857377661,8,14,829,563,602,1826,421,0.05392288408914948,307.0,0.0005293933965940955,0.4111665178938759,1.802275443134233,5.6402868475684786e-05,0.0
YGP,Gaspé (Michel-Pouliot) Airport,Canada,2,2,0.00011953753286171371,0.00010304644467572653,8.102780211886398e-06,0.0,2,4,1914,2059,2056,2489,1725,0.06778440225347508,226.5,0.00036269051427378186,0.02743013667293681,1.9944920232821373,4.4310562923078784e-05,0.0
YGR,Îles-de-la-Madeleine Airport,Canada,3,3,0.00017395984733665451,0.0001478640044846784,1.2159215501870013e-05,0.0,3,6,1507,1401,1456,2236,1725,0.06989667838888695,309.0,0.00028589700633895986,0.1526656400093973,1.5607104090414066,5.0882459382071715e-05,0.0
YVB,Bonaventure Airport,Canada,4,3,0.0001867323049442567,0.00015147396028197374,1.432187562039395e-05,1.1685655857434998e-07,5,7,1107,1277,1416,2113,1622,0.0766973643080629,-89.0,0.0003376939603514141,0.04616874608564814,2.020832152196594,4.19184497111293e-05,0.0
YGV,Havre St Pierre Airport,Canada,2,2,0.00014637225652850414,0.00014044684644537813,4.2429542530008104e-06,0.0,2,4,1914,1681,1532,2825,1725,0.028987421206931718,604.0,0.00033171506196280593,0.22995281107238874,1.545521226679158,6.00956944683582e-05,0.0
YPN,Port Menier Airport,Canada,2,2,0.00014637225652850414,0.00010895106234551969,4.2429542530008104e-06,0.0,2,4,1914,1681,1972,2825,1725,0.028987421206931718,604.0,0.00033171506196280593,0.22995281107238874,1.545521226679158,6.00956944683582e-05,0.0
YKU,Chisasibi Airport,Canada,4,4,0.00026859056142787666,0.0002379323335560743,8.402759067100137e-06,0.0002925017041581459,4,8,1270,800,847,2464,583,0.031284640169146415,588.0,0.0003079581022530652,0.40968082279362683,1.5100636778193535,6.599440747282782e-05,0.0
YPH,Inukjuak Airport,Canada,4,3,0.0002700197751518845,0.0002460896216779482,7.600796941944774e-06,6.573181419807187e-07,4,7,1270,789,807,2530,1443,0.028149038112743302,599.0,0.0003784124031464011,0.4149878768228703,1.6833504729593398,6.641476438598058e-05,0.0
YSK,Sanikiluaq Airport,Canada,3,3,0.00018510804527598448,0.00015860895611058946,7.6209327980130535e-06,3.561671345153083e-05,3,6,1507,1294,1340,2529,958,0.04117018677740733,416.0,0.0004941794767216176,0.21478081297651208,2.060005551217524,5.525430164458723e-05,0.0
YUD,Umiujaq Airport,Canada,3,3,0.00021928183677148673,0.00019814706688349324,6.799713503158044e-06,6.329730256110624e-07,3,6,1507,1048,1054,2599,1446,0.031009013802835005,662.0,0.0002783114880699621,0.3841989581919769,1.3810449087971775,6.865578848160531e-05,0.0
YUY,Rouyn Noranda Airport,Canada,3,3,0.00015431012465616783,0.0001670695169851431,1.1904259144359383e-05,0.0,3,6,1507,1603,1277,2256,1725,0.07714502966596862,107.0,0.0009145294863547581,0.03280550376990732,2.695982518214223,4.317668575472044e-05,0.0
YGX,Gillam Airport,Canada,2,2,0.00013443861511640021,0.0001008111067648573,5.246963892330149e-06,0.0,2,4,1914,1812,2104,2728,1725,0.03902869638895938,473.5,0.0006110773330747291,0.14490743376637027,2.372466064181625,5.3075905341014196e-05,0.0
YGZ,Grise Fiord Airport,Canada,1,1,0.00016305088966596154,0.00015210555777926433,4.4737934445910914e-07,0.0,1,2,2658,1500,1412,3284,1725,0.002743801922060312,1541.5,0.0002796266202638052,0.7651691435971735,0.6931471805599453,0.0001398133101319026,0.0
YHD,Dryden Regional Airport,Canada,3,4,0.0002292547546709527,0.00020647857802032454,2.9115062912162573e-06,3.6225533158048494e-06,4,7,1270,986,1009,2996,1229,0.012699873097049246,402.0,0.0005601001682247652,0.42867498089234246,1.8876534933786484,7.256673655410102e-05,0.0
YHO,Hopedale Airport,Canada,3,3,0.000264260285459227,0.00024824047026739533,3.9771584103111266e-06,0.0,3,6,1507,814,797,2862,1725,0.015050155582022811,896.0,0.000226994916277427,0.5707756770642192,0.9634572526320548,8.62943958787215e-05,0.0
YMN,Makkovik Airport,Canada,3,3,0.00025410791684065575,0.0002510310253754103,4.400771472373869e-06,0.0,3,6,1507,849,781,2814,1725,0.017318513831009342,861.0,0.00022016031518468015,0.531600176096104,0.9634572526320548,8.231307485353854e-05,0.0
YSO,Postville Airport,Canada,3,3,0.00023554720383920069,0.00023434993988814584,5.298107355331921e-06,0.0004338299737072743,3,6,1507,947,866,2713,506,0.022492762677619137,763.0,0.0003646062672504847,0.45575246415929627,1.5317066167115303,7.503436387528712e-05,0.0
YHP,Poplar Hill Airport,Canada,2,2,0.00013663310536509132,0.00013152060881650176,4.3006615224012257e-07,0.0,3,4,1507,1788,1635,3287,1725,0.0031475984615219107,-78.5,0.00016935908065641474,0.16109900246370046,1.1512925464970227,5.436678193604665e-05,0.0
YNO,North Spirit Lake Airport,Canada,2,2,0.00013663310536509132,0.00013152060881650176,4.3006615224012257e-07,0.0,3,4,1507,1788,1635,3287,1725,0.0031475984615219107,-78.5,0.00016935908065641474,0.16109900246370046,1.1512925464970227,5.436678193604665e-05,0.0
YHR,Chevery Airport,Canada,4,4,0.00030628639428622223,0.00026363685242036816,3.728953601587953e-06,0.0002887233420975752,4,8,1270,686,731,2900,681,0.012174728199331228,702.0,0.00027788482364234264,0.5410132724870582,1.2687934538084567,7.708141710593698e-05,0.0
YNA,Natashquan Airport,Canada,4,4,0.00027551449929724415,0.000297803559367451,5.205280712821483e-06,0.0004313753957925737,4,8,1270,768,662,2735,513,0.01889294656396891,620.0,0.0003312506060044706,0.43513293543945153,1.5216936817280768,6.803085976640744e-05,0.0
ZGS,La Romaine Airport,Canada,5,5,0.0003409416711522214,0.00032291375761563714,6.20465354330814e-06,0.0008873504311487546,5,10,1107,627,604,2663,383,0.018198577845704073,561.0,0.00031294133258534887,0.5106419440482801,1.4499851073435974,6.981931647009125e-05,0.0
ZTB,Tête-à-la-Baleine Airport,Canada,2,2,0.00018995171335606557,0.00017486907174793032,1.4588198513216743e-06,0.0,2,4,1914,1250,1213,3136,1725,0.007679951002006011,1035.5,0.00024803293662749445,0.4905696317203123,1.0397207708399179,8.573066902796943e-05,0.0
YVO,Val-d'Or Airport,Canada,5,5,0.0002634381225670909,0.00025658455640173965,1.636256605793555e-05,0.0015541073397777958,5,10,1107,815,756,1998,309,0.062111610493156416,373.0,0.0006254990555312253,0.2527490451727914,2.03911199465784,5.15831874182337e-05,0.0
YQX,Gander International Airport,Canada,3,3,0.00013859911864007996,0.00010498990171639707,1.5305275782015663e-05,0.0,3,6,1507,1758,2032,2039,1725,0.11042837741097798,-48.0,0.0005926310418364382,-0.07457314242496338,2.765016380145037,3.701550696133679e-05,0.0
YQY,Sydney / J.A. Douglas McCurdy Airport,Canada,2,2,8.660842981433422e-05,6.802112143461148e-05,1.442550999556486e-05,0.0,2,4,1914,2606,2792,2099,1725,0.16656011460419468,-320.5,0.0019252214233295983,-0.29480311511196255,4.16131854847697,2.4940502324814057e-05,0.5
YSJ,Saint John Airport,Canada,3,3,0.00010580511947896014,7.865794891185865e-05,2.1061242958604048e-05,0.0,3,6,1507,2263,2541,1808,1725,0.1990569365860617,-553.5,0.0019835955131247873,-0.3445599636188952,4.2850788633690655,2.4155115143837205e-05,0.3333333333333333
YYG,Charlottetown Airport,Canada,3,3,0.00010580511947896014,8.808189732566253e-05,2.1061242958604048e-05,0.0,3,6,1507,2263,2354,1808,1725,0.1990569365860617,-553.5,0.0019835955131247873,-0.3445599636188952,4.2850788633690655,2.4155115143837205e-05,0.3333333333333333
ZLT,La Tabatière Airport,Canada,2,2,0.0001897794789687666,0.00017570189912537854,1.5680402708804605e-06,6.427110721589249e-07,2,4,1914,1251,1206,3126,1445,0.008262433216704765,1034.5,0.0002475415620599524,0.48966249318341504,1.0397207708399179,8.56293546844963e-05,0.0
YZG,Salluit Airport,Canada,2,2,0.00025077468693582484,0.000247347468404495,9.903946352587982e-07,0.0,2,4,1914,864,802,3174,1725,0.003949340530977306,1421.5,0.00024301777727857277,0.7683546064722293,0.6931471805599453,0.00012150888863928639,0.0
YJT,Stephenville Airport,Canada,1,1,6.926058969840966e-05,5.98279414261267e-05,5.7233531495829386e-06,0.0,2,2,1914,3046,3120,2690,1725,0.08263506237103777,-760.5,0.0003831331526845345,-0.09101716181387687,2.5649493574615367,2.9471780975733424e-05,0.0
YKA,Kamloops Airport,Canada,3,3,0.00012414618620696554,0.00011169591532557984,1.556736272904359e-05,0.0,3,6,1507,1987,1927,2022,1725,0.12539541652202718,-277.0,0.0013431742772438717,-0.1846990778951092,3.4914890330406223,3.134769032516744e-05,0.0
YXS,Prince George Airport,Canada,8,8,0.0003090538604641479,0.00022650214863186025,3.604287015796296e-05,0.0008143497169602309,8,16,829,683,904,1423,404,0.1166232646433619,187.0,0.0006007386318478603,0.12270119373378918,2.0996009871683676,3.894768890570138e-05,0.0
YKG,Kangirsuk Airport,Canada,3,3,0.00025645499934317156,0.00024351342668072428,3.094744203374436e-06,0.0006752189187772022,3,6,1507,842,818,2981,428,0.012067396663354761,868.0,0.0003534109589870955,0.5407943379196336,1.3647815207407004,8.323349923958066e-05,0.0
YPJ,Aupaluk Airport,Canada,3,3,0.00023716343619608097,0.00022243449159460907,3.5115810355317896e-06,0.0,3,6,1507,942,928,2947,1725,0.014806586933697907,768.0,0.00034042382829654736,0.46259063752791896,1.3647815207407004,7.566818038613488e-05,0.0
YQC,Quaqtaq Airport,Canada,2,2,0.00022084768727548602,0.00021555336429012232,1.2884633009749943e-06,0.00038599893630568546,2,4,1914,1037,962,3149,525,0.005834171581646502,1248.5,0.0002505520423368925,0.6412729981534202,0.8958797346140275,0.00010390477122318194,0.0
YKL,Schefferville Airport,Canada,4,4,0.00019349646985751312,0.0001779427306871192,1.142753144900338e-05,6.389549684904637e-06,4,8,1270,1230,1189,2281,1147,0.05905808750629085,158.0,0.0005120994348168934,0.08175194787622786,2.473359304170657,4.39079099514232e-05,0.0
YKQ,Waskaganish Airport,Canada,6,6,0.0004117857237676286,0.0003725847707795685,1.2771089882380988e-05,0.0003109307841771986,6,12,996,521,540,2198,562,0.031013920942989603,530.0,0.00021718446880528497,0.5870372030849396,1.0965418686683501,7.207375432533043e-05,0.0
YMT,Chapais Airport,Canada,3,3,0.00018795783427005613,0.00016916965411829598,1.047529724575621e-05,0.003511567745615597,3,6,1507,1267,1257,2343,178,0.05573216613416281,443.0,0.0008893100076658907,0.23005878173418992,2.339168714313752,5.637186600019784e-05,0.0
YNS,Nemiscau Airport,Canada,2,2,0.00015580060651487716,0.00014488717797471714,4.777238706067138e-06,0.0,2,4,1914,1583,1486,2755,1725,0.03066251674450938,702.5,0.00029987177901884233,0.29237675842601796,1.4451858789480823,6.564178269231174e-05,0.0
ZEM,Eastmain River Airport,Canada,2,2,0.00017768670230121028,0.00016746610109898635,3.1342328857799413e-06,1.265946051222125e-06,2,4,1914,1357,1274,2973,1362,0.017639096483803636,928.5,0.00029429382133157637,0.4238216321558692,1.2424533248940002,7.851595670451674e-05,0.0
YKT,,,1,1,0.00011518681538211432,0.00010251137445466578,2.947947705088136e-06,0.0,1,2,2658,2118,2065,2994,1725,0.025592752914548236,923.5,0.000250507904161412,0.41766207688096735,1.0986122886681098,8.350263472047067e-05,0.0
YNC,Wemindji Airport,Canada,2,2,0.0001768019188955241,0.00016590664745927002,3.1176353727169346e-06,9.738046547862497e-08,2,4,1914,1367,1287,2978,1636,0.017633492850036372,918.5,0.00022313863186454347,0.4188297357162778,1.0397207708399179,7.799549575378714e-05,0.0
YLE,Whatì Airport,Canada,1,1,9.609921885742463e-05,7.526934925002339e-05,1.8155808256801783e-06,0.0,1,2,2658,2448,2654,3095,1725,0.018892774023208478,591.5,0.0010988394965608882,0.2364879724855946,2.8903717578961645,6.104663869782713e-05,0.0
YWP,Webequie Airport,Canada,2,2,0.00019144889818687908,0.00016300712969280663,4.388611230846399e-06,0.0004338299737072743,3,4,1507,1242,1304,2816,506,0.02292314697242364,468.0,0.0004101613470401176,0.4984206549009471,1.4451858789480825,8.661136591051687e-05,0.0
YLL,Lloydminster Airport,Canada,1,1,6.733921327879774e-05,5.58648895167445e-05,5.237550572869857e-06,0.0,1,2,2658,3086,3216,2730,1725,0.07777861245846987,-46.0,0.001605468949536591,-0.11915048417976237,4.07753744390572,2.721133812773883e-05,0.0
YQF,Red Deer Regional Airport,Canada,3,3,0.00012176576106586972,8.77773297910171e-05,1.374862158742696e-05,0.0,3,6,1507,2017,2363,2146,1725,0.11291040656321757,-307.0,0.0007246294080796486,-0.2040596622183628,2.8071142885864675,3.0414190265939452e-05,0.0
YXC,Cranbrook/Canadian Rockies International Airport,Canada,3,3,0.0001168518508125643,9.535256048254286e-05,1.6084712051960038e-05,0.0,3,6,1507,2089,2219,2007,1725,0.13765046886386634,-379.0,0.001350340249266637,-0.24525197006544275,3.5976402767468003,2.8487166640144463e-05,0.0
YPY,Fort Chipewyan Airport,Canada,2,2,0.00011895288778831306,9.677181194805444e-05,6.606806998893185e-06,4.089979550102249e-07,2,4,1914,2067,2185,2614,1503,0.055541375427980946,218.5,0.0002268382228963649,0.022527245873678936,1.666102255087602,4.3966654036417485e-05,0.0
YRG,Rigolet Airport,Canada,2,2,0.00016067345625561268,0.00012825474700646605,4.171245786994273e-06,0.0001446099912357581,2,4,1914,1528,1687,2841,765,0.025961013624791324,757.5,0.00041477925814611364,0.3231738154321331,1.7482537807332403,6.850816490305951e-05,0.0
YTS,Timmins/Victor M. Power,Canada,6,5,0.00028585544783085997,0.0002368649074492912,2.19930946809076e-05,0.0017498716199563437,6,11,996,740,858,1766,295,0.07693781891440762,311.0,0.0007661759872441056,0.2220203328543704,2.2226875766721004,4.738154339814383e-05,0.16666666666666666
ZKG,Kegaska Airport,Canada,2,2,0.00016071649118233107,0.00013210788670327766,2.160913330707493e-06,0.0,2,4,1914,1527,1631,3061,1725,0.013445498435228784,758.5,0.0003082280852247328,0.32344162049149183,1.4978661367769954,6.853347952737766e-05,0.0
YTQ,Tasiujaq Airport,Canada,2,2,0.000162594732056751,0.0001519032467126555,2.5471471616744415e-06,0.0,2,4,1914,1508,1413,3027,1725,0.015665619232887583,777.5,0.0004196925948429003,0.3350605305040766,1.700598690831078,6.963832704049949e-05,0.0
YPL,Pickle Lake Airport,Canada,1,1,0.00012557535775187522,0.00011345096361831172,1.8651599056334867e-06,0.0,2,2,1914,1961,1896,3091,1725,0.014852913334468556,324.5,0.00019144889818687908,0.5040128235191563,0.6931471805599453,9.572444909343954e-05,0.0
YPM,Pikangikum Airport,Canada,2,5,0.00020208505594773816,0.00018500833241013432,1.4546343495731427e-06,0.0005772573484684824,6,7,996,1184,1142,3137,471,0.0071981292369750005,-133.0,0.00040852569702420384,0.552488409914881,1.4451858789480823,9.286792917555557e-05,0.0
YVZ,Deer Lake Airport,Canada,2,1,0.00015218645107905191,0.0001392200297448298,1.0909106480941834e-06,3.895218619144999e-07,3,3,1507,1633,1551,3157,1509,0.007168250789470867,77.0,0.0003608863469689434,0.26890615304961507,1.7005986908310775,6.351580876061954e-05,0.0
YPR,Prince Rupert Airport,Canada,1,1,6.817957611286472e-05,6.905932047383511e-05,6.5002572092365665e-06,0.0,1,2,2658,3069,2757,2621,1725,0.09534024087324945,-30.5,0.0021150000217308755,-0.10674816550958788,4.31748811353631,2.8200000289745005e-05,0.0
YPW,Powell River Airport,Canada,1,1,6.817957611286472e-05,5.661612694106158e-05,6.5002572092365665e-06,0.0,1,2,2658,3069,3198,2621,1725,0.09534024087324945,-30.5,0.0021150000217308755,-0.10674816550958788,4.31748811353631,2.8200000289745005e-05,0.0
YWB,Kangiqsujuaq (Wakeham Bay) Airport,Canada,2,2,0.0002446490853306134,0.0002409057876251704,9.685149256140967e-07,9.677895383416875e-05,2,4,1914,894,831,3176,834,0.003958792342531209,1391.5,0.00023581118710565543,0.7436246111328906,0.6931471805599453,0.00011790559355282771,0.0
YQG,Windsor Airport,Canada,3,3,0.00011110195615959271,8.323853826777225e-05,1.7382704587489983e-05,4.809714328888962e-07,3,6,1507,2167,2437,1951,1494,0.15645723251281507,-457.0,0.0016792851792603988,-0.2957105664547317,3.877639796048664,2.6232305985303246e-05,0.3333333333333333
YQL,Lethbridge County Airport,Canada,1,1,6.733921327879774e-05,5.58648895167445e-05,5.237550572869857e-06,0.0,1,2,2658,3086,3216,2730,1725,0.07777861245846987,-46.0,0.001605468949536591,-0.11915048417976237,4.07753744390572,2.721133812773883e-05,0.0
YQZ,Quesnel Airport,Canada,2,2,0.00011857317585267211,0.00011311534218144737,1.1304795124683687e-05,0.0,2,4,1914,2071,1901,2289,1725,0.09534024068588635,214.0,0.0011167865987917738,0.019330019823788902,2.5053176470481278,4.374329410804053e-05,0.0
YWL,Williams Lake Airport,Canada,2,2,0.00011857317585267211,0.00012957653443378283,1.1304795124683687e-05,0.0,2,4,1914,2071,1670,2289,1725,0.09534024068588635,214.0,0.0011167865987917738,0.019330019823788902,2.5053176470481278,4.374329410804053e-05,0.0
YRA,Rae Lakes Airport,Canada,1,1,9.609921885742463e-05,7.526934925002339e-05,1.8155808256801783e-06,0.0,1,2,2658,2448,2654,3095,1725,0.018892774023208478,591.5,0.0010988394965608882,0.2364879724855946,2.8903717578961645,6.104663869782713e-05,0.0
ZSJ,Sandy Lake Airport,Canada,3,3,0.00029736375605825906,0.00027261077314696063,2.156510772881434e-06,0.00029097283085013144,5,6,1107,713,705,3062,587,0.00725209689797883,475.0,0.000538770770896836,0.6887972871169339,1.5214493971559453,9.927614879569169e-05,0.0
YYB,North Bay Jack Garland Airport,Canada,2,2,9.190595969841822e-05,7.820898400918652e-05,1.1253586459746951e-05,0.0,2,4,1914,2512,2556,2298,1725,0.12244675423307325,-226.5,0.0016220470479507015,-0.2354343908312888,3.3910960280033953,2.805669635157709e-05,0.5
YSG,Lutselk'e Airport,Canada,1,1,9.609921885742463e-05,7.526934925002339e-05,1.8155808256801783e-06,0.0,1,2,2658,2448,2654,3095,1725,0.018892774023208478,591.5,0.0010988394965608882,0.2364879724855946,2.8903717578961645,6.104663869782713e-05,0.0
YYU,Kapuskasing Airport,Canada,1,2,9.280500200494163e-05,8.44399676602301e-05,3.73882615275569e-06,4.2847404810594994e-06,2,3,1914,2500,2413,2899,1204,0.040286903420966545,-214.5,0.00028585544783085997,0.20160732423196315,1.6094379124341003,5.7171089566171996e-05,0.0
ZBF,Bathurst Airport,Canada,2,1,0.00011631375195227932,9.772738297942943e-05,1.0693597722657078e-05,0.0,2,3,1914,2100,2158,2326,1725,0.09193751850636199,185.5,0.0011435379988297115,9.103012974343017e-05,2.815605890910683,4.241422121498453e-05,0.0
YVM,Qikiqtarjuaq Airport,Canada,1,1,0.00014172337449767892,0.0001481794482797629,7.549871999756963e-07,0.0,1,2,2658,1723,1451,3214,1725,0.005327188988066758,1318.5,0.0002294442316773658,0.6249838757103525,0.6931471805599453,0.0001147221158386829,0.0
ZFN,Tulita Airport,Canada,2,2,0.00019533961974708606,0.00015977056852475548,1.8224727425802512e-06,2.9214139643587495e-07,2,4,1914,1225,1331,3094,1537,0.00932976497517441,1060.5,0.0002660408236705012,0.518539415486762,1.0397207708399179,8.890002559769057e-05,0.0
YXT,Northwest Regional Airport Terrace-Kitimat,Canada,3,3,0.00014095332390307502,0.00012400103468034165,1.4413691367246214e-05,0.0,3,6,1507,1732,1751,2101,1725,0.10225861276714289,-22.5,0.0008550024020326994,-0.0577300707171613,2.498513981294752,3.793872471626283e-05,0.0
YYD,Smithers Airport,Canada,3,3,0.00014095332390307502,0.00010939217900468338,1.4413691367246214e-05,0.0,3,6,1507,1732,1960,2101,1725,0.10225861276714289,-22.5,0.0008550024020326994,-0.0577300707171613,2.498513981294752,3.793872471626283e-05,0.0
YYF,Penticton Airport,Canada,1,1,6.817957611286472e-05,5.661612694106158e-05,6.5002572092365665e-06,0.0,1,2,2658,3069,3198,2621,1725,0.09534024087324945,-30.5,0.0021150000217308755,-0.10674816550958788,4.31748811353631,2.8200000289745005e-05,0.0
YZP,Sandspit Airport,Canada,1,1,6.817957611286472e-05,5.661612694106158e-05,6.5002572092365665e-06,0.0,1,2,2658,3069,3198,2621,1725,0.09534024087324945,-30.5,0.0021150000217308755,-0.10674816550958788,4.31748811353631,2.8200000289745005e-05,0.0
YZT,Port Hardy Airport,Canada,2,2,0.00013915681563010356,0.00011495456798743932,9.448204914324704e-06,0.0002883374323867701,2,4,1914,1752,1862,2395,687,0.06789609888342968,533.5,0.0011827539629461438,0.17940119931605025,2.70805020110221,5.5851317505107835e-05,0.0
YZZ,Trail Airport,Canada,1,1,6.817957611286472e-05,5.661612694106158e-05,6.5002572092365665e-06,0.0,1,2,2658,3069,3198,2621,1725,0.09534024087324945,-30.5,0.0021150000217308755,-0.10674816550958788,4.31748811353631,2.8200000289745005e-05,0.0
ZMT,Masset Airport,Canada,1,1,6.817957611286472e-05,5.661612694106158e-05,6.5002572092365665e-06,0.0,1,2,2658,3069,3198,2621,1725,0.09534024087324945,-30.5,0.0021150000217308755,-0.10674816550958788,4.31748811353631,2.8200000289745005e-05,0.0
YWJ,Déline Airport,Canada,2,2,0.0001791185574405222,0.00014317184094811083,2.590131906792227e-06,0.00014402570844288635,2,4,1914,1344,1504,3023,771,0.014460433043920095,941.5,0.0006470895581539871,0.43184765075579,1.791759469228055,7.935822428568507e-05,0.0
ZUM,Churchill Falls Airport,Canada,2,2,0.00012078045279218984,9.846016621803614e-05,5.702325025304286e-06,0.0,2,4,1914,2035,2143,2692,1725,0.04721231700559597,250.5,0.0004765737683107045,0.037774189863284846,2.3502401828962083,4.504169228810876e-05,0.0
YXH,Medicine Hat Airport,Canada,1,1,6.733921327879774e-05,5.58648895167445e-05,5.237550572869857e-06,0.0,1,2,2658,3086,3216,2730,1725,0.07777861245846987,-46.0,0.001605468949536591,-0.11915048417976237,4.07753744390572,2.721133812773883e-05,0.0
YZR,Chris Hadfield Airport,Canada,1,1,6.173653812326659e-05,5.359688182209193e-05,7.767947882275397e-06,0.0,1,2,2658,3311,3358,2515,1725,0.12582415727239973,-270.0,0.0030311334732859877,-0.20601726938255283,4.990432586778736,2.061995560058495e-05,1.0
