iata,degree,betweenness,clustering,pagerank,core,avg_nbr_deg,name,country,bet_resid_z,bet_over_deg,iso_score,lof_score,iso_rank,lof_rank,resid_rank
AAE,7,7.686928075661261,0.9047619047619048,0.00015806412107398346,7,122.0,Rabah Bitat Airport,Algeria,-0.7312386135954848,1.0981325822373231,0.4919132824396871,1.0409766028437526,1263.0,1298.0,1364.0
ALG,67,62107.60305881533,0.23111714156490273,0.001536460308456905,30,67.68656716417911,Houari Boumediene Airport,Algeria,0.6390966264042317,926.979150131572,0.5737918301630675,1.0498026377039225,207.0,1173.0,474.0
CDG,240,362955.18678307463,0.14421199442119945,0.003963650544261762,31,66.41666666666667,Charles de Gaulle International Airport,France,0.37826408973105385,1512.313278262811,0.6691551056969121,1.2876028011090621,5.0,222.0,607.0
IST,236,244590.30386434062,0.1135593220338983,0.004412722863487299,31,53.389830508474574,Istanbul Airport,Turkey,0.26580599097314206,1036.3995926455111,0.6752902803620009,1.3565533450689145,2.0,154.0,679.0
LYS,78,16281.354932744132,0.30702630702630707,0.0012756217068671338,31,73.15384615384616,Lyon Saint-Exupéry Airport,France,0.1246585594750748,208.7353196505658,0.561967892122687,1.0083293379222165,275.0,2034.0,761.0
MRS,86,20341.498143769775,0.2538987688098495,0.0014065644819325092,31,66.23255813953489,Marseille Provence Airport,France,0.1320153665998717,236.52904818336947,0.5683096275398493,1.0162759665238528,234.0,1802.0,756.0
ORN,24,7479.552953667944,0.39855072463768115,0.0005124302259016578,16,77.08333333333333,Es Senia Airport,Algeria,0.6317333025146306,311.6480397361643,0.5100733774938284,1.0048620279482916,908.0,2157.0,479.0
ORY,123,57654.354439624745,0.12101825936292149,0.0022542895355955263,31,44.67479674796748,Paris-Orly Airport,France,0.22944108798260773,468.7345889400386,0.6312022847251663,1.078378265537093,30.0,843.0,703.0
AAL,13,63.557431615636794,0.8076923076923076,0.00022554109275548117,12,122.07692307692308,Aalborg Airport,Denmark,-0.46592391120092996,4.88903320120283,0.5088504662730822,1.0377523263704669,941.0,1354.0,1193.0
AAR,8,73.47418115377764,0.6428571428571429,0.0001649189937204221,7,85.5,Aarhus Airport,Denmark,-0.11184131097284589,9.184272644222204,0.4610244538398012,0.9702033040917635,2085.0,3324.0,921.0
AGP,117,14658.539132658498,0.2597995873857943,0.0015861757700053594,31,70.83760683760684,Málaga Airport,Spain,-0.16602865735505026,125.28665925349144,0.5791180559287525,1.0033706126808237,174.0,2194.0,962.0
ALC,96,12417.436229638215,0.2212719298245614,0.0014231994859246987,31,62.78125,Alicante International Airport,Spain,-0.09195612755618154,129.3482940587314,0.5740322495727312,1.0212892343609785,205.0,1669.0,912.0
AMS,248,288686.61097988434,0.14832832702102652,0.0036586333036295413,31,65.71774193548387,Amsterdam Airport Schiphol,Netherlands,0.2859743322819335,1164.058915241469,0.665940965864208,1.2356982029276564,10.0,288.0,665.0
ARN,124,110775.19220762524,0.2196433254655127,0.0024337786224091773,31,69.59677419354838,Stockholm-Arlanda Airport,Sweden,0.42804569050303604,893.3483242550423,0.6063774746036266,0.9722320821988284,82.0,3277.0,580.0
BCN,163,58880.47175400159,0.23434068014845114,0.002460418816182474,31,69.69325153374233,Barcelona International Airport,Spain,0.05689574961726089,361.2298880613595,0.6075931925972785,0.968294237754149,78.0,3347.0,808.0
BLL,39,3013.020170549384,0.41565452091767885,0.0005796707960771822,27,92.97435897435898,Billund Airport,Denmark,0.03919862422969721,77.2569274499842,0.5339779534063961,1.0161012158157467,570.0,1804.0,821.0
CPH,122,157731.69558087777,0.2938626202411597,0.0019191969918295664,31,82.50819672131148,Copenhagen Kastrup Airport,Denmark,0.5486521798603193,1292.8827506629325,0.6139023333469509,1.007658210741825,60.0,2059.0,512.0
LGW,165,55285.41740694123,0.16821877309682187,0.0024741609209101476,31,59.11515151515152,London Gatwick Airport,United Kingdom,0.029481167328477324,335.0631357996438,0.6165009926243638,0.9902306951713953,55.0,2728.0,831.0
OSL,105,84540.58801535169,0.252014652014652,0.0019028386678111334,31,69.68571428571428,Oslo Lufthavn,Norway,0.4495190222486736,805.1484572890637,0.5856543248269177,0.9937402478870427,151.0,2589.0,569.0
PMI,127,22192.12614357743,0.19147606549181354,0.0018070934023582674,31,56.889763779527556,Palma De Mallorca Airport,Spain,-0.08880339065740767,174.74115073683015,0.5920119378140214,1.0182570330877163,124.0,1748.0,910.0
SVG,37,3985.0059154033147,0.4144144144144144,0.0005790450567553796,24,75.35135135135135,Stavanger Airport Sola,Norway,0.15992392373032752,107.70286257846797,0.517749626755851,1.0000275492704147,811.0,2320.0,744.0
AAN,2,0.25,0.0,8.144447435660983e-05,2,17.5,Al Ain International Airport,United Arab Emirates,-1.0032198634310072,0.125,0.4892265267887456,2.451992903310581,1329.0,23.0,1545.0
CCJ,18,1603.6114125805186,0.6797385620915033,0.0003523236220585455,14,60.22222222222222,Calicut International Airport,India,0.334263226154967,89.08952292113992,0.5063684520896995,1.0291346670320414,981.0,1493.0,633.0
PEW,17,6037.938642995398,0.5588235294117647,0.0004119478823482537,13,62.588235294117645,Peshawar International Airport,Pakistan,0.7842901348876515,355.1728613526705,0.5074886121180603,0.9830254326040933,962.0,2971.0,399.0
AAQ,3,0.2637362637362637,0.6666666666666666,9.485488677232339e-05,3,149.0,Anapa Vityazevo Airport,Russia,-1.2444574656312921,0.08791208791208789,0.48867250162065884,1.1213556841137982,1341.0,560.0,1671.0
DME,190,172057.23983864437,0.07435254803675856,0.0041345812136096985,31,38.5,Domodedovo International Airport,Russia,0.29397038785371354,905.5644202033914,0.6809148927564129,1.3481017011343963,1.0,158.0,660.0
LED,113,46694.264250832384,0.17714917825537294,0.0021779107503276606,31,54.97345132743363,Pulkovo Airport,Russia,0.2175963233234812,413.2235774409946,0.5975874177984863,0.9864922851272077,102.0,2870.0,713.0
SVO,144,102948.55731676405,0.1731740481740482,0.0025786712158262157,31,63.59722222222222,Sheremetyevo International Airport,Russia,0.31006253845964504,714.9205369219726,0.6156936030867424,0.9789705677928263,56.0,3096.0,645.0
BMA,15,3783.616624263214,0.07619047619047618,0.0004602024338668217,5,21.933333333333334,Stockholm-Bromma Airport,Sweden,0.7180806814342815,252.24110828421425,0.5444147787252527,1.0517533445379204,448.0,1140.0,441.0
GOT,32,4930.009952483067,0.5907258064516129,0.000542651768129112,25,113.875,Gothenburg-Landvetter Airport,Sweden,0.31867476684595525,154.06281101509583,0.5602884119067487,1.0341908589699167,285.0,1399.0,640.0
STN,153,27461.438606012256,0.12684898520811833,0.002253878689287556,31,40.673202614379086,London Stansted Airport,United Kingdom,-0.1408096216571464,179.4865268366814,0.6358380322316391,1.1835344287190324,24.0,384.0,939.0
AAT,1,0.0,0.0,6.360363737747478e-05,1,55.0,Altay Air Base,China,,0.0,0.4165613905618637,0.978260506597819,3154.0,3119.0,
URC,55,30264.139235063194,0.2249158249158249,0.0012549098626235108,24,47.63636363636363,Ürümqi Diwopu International Airport,China,0.5403349974934425,550.257077001149,0.5652834425349761,0.9976458048351551,250.0,2433.0,515.0
AAX,2,0.0,1.0,8.388128881196885e-05,2,7.0,Romeu Zema Airport,Brazil,,0.0,0.46352232215155065,1.463108599352516,2003.0,82.0,
POJ,2,0.0,1.0,0.00015518038430214237,2,7.0,Patos de Minas Airport,Brazil,,0.0,0.44748259442726274,0.9840817322872086,2398.0,2941.0,
AAY,1,0.0,0.0,6.712796898191146e-05,1,25.0,Al Ghaidah International Airport,Yemen,,0.0,0.4229264767273712,1.0017455548508059,2954.5,2250.5,
SAH,25,7296.302077052467,0.44333333333333336,0.0005931819395171492,15,57.36,Sana'a International Airport,Yemen,0.5980258140412452,291.8520830820987,0.5127381397010211,0.9890651751061642,881.0,2784.0,504.0
ABA,4,3.315518883714267,0.5,0.00011968288063197401,4,93.25,Abakan Airport,Russia,-0.6376258670349538,0.8288797209285668,0.46544876100200777,1.0164909802883801,1951.0,1794.0,1310.0
IKT,28,16723.81574982548,0.24338624338624337,0.0007954873811163936,12,40.0,Irkutsk Airport,Russia,0.7847379825571719,597.2791339223386,0.5420220536918434,1.0048175145055038,474.0,2158.0,398.0
NSK,11,14.346052542739834,0.5636363636363637,0.00022658162525789053,10,54.90909090909091,Norilsk-Alykel Airport,Russia,-0.824076856135964,1.3041865947945304,0.48222577619565965,1.0850907625717157,1492.0,790.0,1440.0
ABB,2,0.0,1.0,9.713258194221136e-05,2,34.5,Asaba International Airport,Nigeria,,0.0,0.41068065021189126,0.9789561590400868,3358.5,3102.0,
ABV,25,21404.897524233395,0.16333333333333333,0.0009169934538799842,9,39.24,Nnamdi Azikiwe International Airport,Nigeria,0.9338294504731682,856.1959009693358,0.551463761429822,1.0079596077940371,364.0,2042.0,337.0
LOS,44,30458.726858401373,0.273784355179704,0.0011000527432724503,20,72.18181818181819,Murtala Muhammed International Airport,Nigeria,0.6842820174884884,692.2437922363948,0.5464601758264159,0.9960914066877524,424.0,2478.0,456.0
ABD,3,0.0,1.0,0.00013062068414395307,3,35.0,Abadan Airport,Iran,,0.0,0.42780414373785774,0.9842515919438053,2818.0,2935.0,
MHD,40,25125.81896769421,0.19102564102564104,0.0010985640260684788,12,31.35,Mashhad International Airport,Iran,0.6848562414235462,628.1454741923552,0.5685789131116735,1.0667442012854098,232.0,967.0,454.0
SYZ,27,10693.331733705229,0.301994301994302,0.0007506367390693969,9,40.0,Shiraz Shahid Dastghaib International Airport,Iran,0.6683363790627576,396.04932347056405,0.5270358599008684,0.9957233944903041,669.0,2500.0,466.0
THR,38,39242.05968506152,0.10384068278805121,0.001650983483023272,8,9.657894736842104,Mehrabad International Airport,Iran,0.8565967811306089,1032.6857811858295,0.6248375162981802,1.2332764390624924,36.0,290.0,369.0
ABE,9,193.9109703596194,0.4166666666666667,0.00020657622212646748,9,104.88888888888889,Lehigh Valley International Airport,United States,0.11603069810158986,21.545663373291045,0.480635598809277,1.041910320734438,1538.0,1284.0,767.0
ATL,217,170130.3321230502,0.11371394435910565,0.004679774648063708,30,44.11059907834101,Hartsfield Jackson Atlanta International Airport,United States,0.2059322906781678,784.0107471108304,0.6724201824424869,1.3769362200183888,3.0,145.0,722.0
CLT,141,47382.97135408272,0.18763931104356635,0.0028093619276345775,30,49.39716312056738,Charlotte Douglas International Airport,United States,0.08134423899914323,336.04944222753704,0.6149932670829068,0.9948194857148687,57.0,2547.0,786.0
DTW,135,49512.407514762635,0.19900497512437812,0.002686643091972475,30,52.7037037037037,Detroit Metropolitan Wayne County Airport,United States,0.12272240037357937,366.7585741834269,0.6090937952279913,0.9897669389958137,72.0,2754.0,762.0
MYR,23,3324.689971044997,0.3992094861660079,0.000531842588193795,13,78.8695652173913,Myrtle Beach International Airport,United States,0.4058282425937394,144.55173787152162,0.5028285900735848,0.9745442497815563,1031.0,3230.0,589.0
ORD,206,280935.75863116054,0.12521903859815298,0.004291272777352239,30,50.76699029126213,Chicago O'Hare International Airport,United States,0.39551744742183836,1363.7658185978667,0.6706623120247666,1.2896889486283896,4.0,219.0,597.0
PGD,18,77.1986336682951,0.0,0.0003841215083957159,9,11.833333333333334,Charlotte County Airport,United States,-0.6122664692624348,4.28881298157195,0.5790952193329121,1.7228177695305065,176.0,46.0,1292.0
PHL,123,38156.68453605421,0.2383046781287485,0.0022775896848090792,30,64.76422764227642,Philadelphia International Airport,United States,0.10065348627782843,310.2169474475952,0.5919405213515692,0.9731482528823584,125.0,3258.0,776.0
PIE,31,409.8024328532179,0.0,0.00069465997159232,9,9.35483870967742,St Petersburg Clearwater International Airport,United States,-0.43723446632388624,13.21943331784574,0.6120251482327793,1.566690669786903,66.0,56.0,1163.0
SFB,50,16735.529381316297,0.005714285714285715,0.0011395410356028572,13,17.24,Orlando Sanford International Airport,United States,0.4161190820183315,334.71058762632595,0.6106323002806319,1.2968289167457898,67.0,213.0,584.0
ABI,1,0.0,0.0,6.325296148394544e-05,1,188.0,Abilene Regional Airport,United States,,0.0,0.46328115174795603,0.9790361896369396,2013.0,3089.0,
DFW,188,169187.6410202543,0.12566844919786097,0.004189544836342712,30,43.111702127659576,Dallas Fort Worth International Airport,United States,0.2954542663343035,899.9342607460335,0.668779625789662,1.251073895232597,6.0,267.0,657.0
ABJ,21,2104.491666393366,0.5047619047619047,0.00044240530519380896,12,60.904761904761905,Port Bouet Airport,Cote d'Ivoire,0.32101382604968154,100.21388887587457,0.49486620957936983,0.9715252452082185,1194.0,3282.0,639.0
ACC,30,17301.50971948466,0.33793103448275863,0.0007547926324860073,17,77.66666666666667,Kotoka International Airport,Ghana,0.7514457736384694,576.7169906494887,0.5278728599044287,0.9899328749271348,663.0,2744.0,418.0
BKO,16,376.30947653817896,0.5666666666666667,0.00034968887910040165,12,62.125,Modibo Keita International Airport,Mali,-0.04310516493598803,23.519342283636185,0.49092942971596804,0.9980222682642677,1288.0,2414.0,878.0
BOY,2,0.0,1.0,8.06068822366862e-05,2,18.0,Bobo Dioulasso Airport,Burkina Faso,,0.0,0.4281715205322759,1.0133615074848927,2801.0,1886.0,
BRU,153,48142.42659654597,0.22781217750257995,0.002246648548631708,31,71.42483660130719,Brussels Airport,Belgium,0.03434803753515322,314.6563829839606,0.6028621016734946,0.9654009426079042,88.0,3362.0,825.0
CKY,8,89.81852897767182,0.7142857142857143,0.0001958849209701859,7,54.0,Conakry International Airport,Guinea,-0.04917143477528871,11.227316122208977,0.4585342533665774,0.981312465829771,2152.0,3006.0,886.0
CMN,93,44026.75889895325,0.21645628798503974,0.0016926813687489527,31,65.18279569892474,Mohammed V International Airport,Morocco,0.32315244177092983,473.406009666164,0.579111645096719,0.9896931889846946,175.0,2756.0,638.0
COO,20,2497.18470866443,0.5052631578947369,0.00046560325476338235,12,45.3,Cadjehoun Airport,Benin,0.4054326499001815,124.85923543322151,0.5050757345741129,0.9706877622037898,1000.0,3308.0,590.0
DKR,32,9670.527450739592,0.3548387096774194,0.0006600098027754079,17,74.9375,Léopold Sédar Senghor International Airport,Senegal,0.5288903497837939,302.20398283561224,0.5165567970871624,0.9910107599232076,829.0,2703.0,521.0
DLA,21,3363.008747632094,0.4428571428571429,0.000489571985723188,11,52.23809523809524,Douala International Airport,Cameroon,0.46727325081209137,160.14327369676639,0.49430049282734784,0.9756244555479147,1209.0,3206.0,560.0
FNA,12,928.6603702104501,0.5303030303030303,0.0002598436128966136,9,80.5,Lungi International Airport,Sierra Leone,0.42174698539161787,77.38836418420418,0.4751353022470451,0.985274760505856,1687.0,2911.0,581.0
LBV,16,243.38040824839987,0.5833333333333334,0.0004219280520151383,11,58.0625,Libreville Leon M'ba International Airport,Gabon,-0.17907571451887327,15.211275515524992,0.49365891695533504,1.0291670058858886,1226.0,1491.0,969.0
LFW,16,830.0336917865942,0.525,0.0003359276551030681,12,57.4375,Lomé-Tokoin Airport,Togo,0.20371335350578199,51.87710573666214,0.4869810367357217,0.992209368622841,1386.0,2661.0,724.0
NBO,67,54514.65866616525,0.17367706919945725,0.001703626750465406,20,51.701492537313435,Jomo Kenyatta International Airport,Kenya,0.5984106334727938,813.6516218830634,0.5884306192007972,1.0550433013381104,137.0,1094.0,503.0
OUA,15,1713.7015835857812,0.619047619047619,0.00032630161714965276,12,71.4,Ouagadougou Airport,Burkina Faso,0.470959442766404,114.24677223905208,0.4925641273959892,1.004255894140805,1249.0,2173.0,559.0
ROB,7,4.63825808211066,0.8571428571428572,0.00015607961764612502,7,84.71428571428571,Roberts International Airport,Liberia,-0.8888616008876289,0.66260829744438,0.47365672574172785,0.9742352088312036,1720.0,3245.0,1477.0
TUN,61,18882.900287668213,0.3650273224043716,0.001085096489717331,31,83.27868852459017,Tunis Carthage International Airport,Tunisia,0.327291938385599,309.5557424207904,0.562419076442808,1.0058063733326903,268.0,2127.0,636.0
ABL,3,0.0,1.0,0.00022353784916225,3,6.666666666666667,Ambler Airport,United States,,0.0,0.49138232591420805,1.1333264541742667,1280.0,523.0,
OTZ,14,40645.833333333336,0.09890109890109891,0.0011433966500921894,3,5.642857142857143,Ralph Wien Memorial Airport,United States,1.5027528403352663,2903.2738095238096,0.610075583157975,1.1460517040953229,69.0,485.0,179.0
SHG,3,0.0,1.0,0.00022020375780633513,3,6.666666666666667,Shungnak Airport,United States,,0.0,0.4906560581080705,1.129412529629681,1299.0,538.0,
ABM,1,0.0,0.0,8.154098852135022e-05,1,30.0,Northern Peninsula Airport,Australia,,0.0,0.42403329949583735,1.0879269792154374,2932.0,768.0,
CNS,30,43670.589894759054,0.16551724137931034,0.001317579270252197,10,25.433333333333334,Cairns International Airport,Australia,1.040331848484949,1455.6863298253018,0.5877782161215018,1.087309905858583,142.0,774.0,299.0
ABQ,23,6816.686972704845,0.7075098814229249,0.0005281444995122962,20,100.95652173913044,Albuquerque International Sunport,United States,0.6298520124870549,296.3776944654281,0.5552051068177847,1.1317030196910924,323.0,528.0,481.0
BWI,72,2110.998319537916,0.44287949921752734,0.0013770024673218602,30,66.43055555555556,Baltimore/Washington International Thurgood Marshall Airport,United States,-0.46182106902098846,29.319421104693276,0.5774803111898833,1.0840444529212623,186.0,794.0,1190.0
CNM,1,0.0,0.0,6.372795954183677e-05,1,23.0,Cavern City Air Terminal,United States,,0.0,0.4300054514960909,1.0228330873941511,2771.5,1632.5,
DAL,24,1215.0301814562717,0.322463768115942,0.0004663294679815214,16,46.083333333333336,Dallas Love Field,United States,0.06468129880915328,50.62625756067799,0.5148707761604803,1.0590197210714853,852.0,1050.0,800.0
DEN,170,154505.6075881079,0.12794987817612252,0.00426093543639567,30,37.305882352941175,Denver International Airport,United States,0.3311523509109946,908.8565152241641,0.6680942719488437,1.3006806498505836,8.0,212.0,635.0
HOU,49,1167.2136715753038,0.4268707482993197,0.0008663166512591261,28,58.91836734693877,William P Hobby Airport,United States,-0.40189091584281045,23.8206871750062,0.5496603272246277,1.0362256863595305,384.0,1373.0,1142.0
IAH,169,131114.04757982396,0.14285714285714285,0.003529564252953553,30,49.83431952662722,George Bush Intercontinental Houston Airport,United States,0.28368452426210045,775.8227667445205,0.6499357523915706,1.1034854289642726,13.0,652.0,669.0
JFK,162,146117.6669260687,0.1969940955448202,0.0030286595521557195,31,74.22222222222223,John F Kennedy International Airport,United States,0.34439900180009064,901.9609069510414,0.6325359862160586,1.0213061518600763,27.0,1667.0,623.0
LAM,1,0.0,0.0,6.372795954183677e-05,1,23.0,Los Alamos Airport,United States,,0.0,0.4300054514960909,1.0228330873941511,2771.5,1632.5,
LAS,133,71804.76567088178,0.19138755980861244,0.002712406525155054,30,49.58646616541353,McCarran International Airport,United States,0.24820046837589643,539.8854561720435,0.6147731914137843,0.9883221015553438,58.0,2817.0,694.0
LAX,149,382128.94376004866,0.18202430618538,0.003342484975200746,30,65.75838926174497,Los Angeles International Airport,United States,0.697562429368031,2564.6237836244877,0.6403262449464355,1.0940062427057016,18.0,719.0,448.0
MCI,43,5634.6905435318395,0.7131782945736435,0.0008368450843217955,30,91.32558139534883,Kansas City International Airport,United States,0.17240762321697678,131.03931496585673,0.5924202082574129,1.3012275165832154,121.0,210.0,741.0
MDW,75,6118.434787972985,0.3232432432432433,0.001422524334621258,30,50.986666666666665,Chicago Midway International Airport,United States,-0.15576280158910003,81.57913050630647,0.5749243919813062,1.052772108300482,198.0,1120.0,949.0
MSP,131,79665.29492273976,0.19224897240164415,0.00288792051798407,30,47.31297709923664,Minneapolis-St Paul International/Wold-Chamberlain Airport,United States,0.29025172913672986,608.1320223109906,0.6211718830621421,1.0100542473278702,41.0,1980.0,662.0
OAK,35,2110.4711869195003,0.43193277310924366,0.0006809947867934198,20,63.371428571428574,Metropolitan Oakland International Airport,United States,-0.003050140587876347,60.29917676912858,0.5146003779401097,0.9883421893045805,858.0,2815.0,854.0
PDX,58,17350.078106097422,0.3732607380520266,0.0012450534131523566,27,68.55172413793103,Portland International Airport,United States,0.33295742756887314,299.1392776913349,0.5559973889385003,1.0651575269318676,318.0,979.0,634.0
PHX,91,29059.783943489856,0.31575091575091574,0.0019085222548956527,30,57.83516483516483,Phoenix Sky Harbor International Airport,United States,0.20735876826318517,319.3382850932951,0.5802802519370023,1.0046974123893735,169.0,2159.0,718.0
SAN,57,4994.446295480008,0.5043859649122807,0.0010811947865363427,30,79.0,San Diego International Airport,United States,-0.044518642976210596,87.6218648329826,0.5723447497824332,1.0291601576352434,215.0,1492.0,881.0
SEA,94,281919.1963962658,0.252345001143903,0.002252138443857222,30,68.20212765957447,Seattle Tacoma International Airport,United States,0.8957000332644804,2999.140387194317,0.6059528986962925,1.0233912413281308,83.0,1616.0,359.0
SFO,105,67301.65709683418,0.26666666666666666,0.0021632644277835783,30,73.88571428571429,San Francisco International Airport,United States,0.378365641255891,640.9681628269923,0.592115145834509,0.9907603775948267,123.0,2707.0,606.0
SLC,92,45457.29568057417,0.2336359292881032,0.002159615744898287,30,48.90217391304348,Salt Lake City International Airport,United States,0.340006353031708,494.10104000624096,0.5929504366477258,1.0191892506389915,119.0,1724.0,626.0
ABR,1,0.0,0.0,6.309213309717725e-05,1,131.0,Aberdeen Regional Airport,United States,,0.0,0.43251909060205135,0.9949779937643558,2703.0,2540.0,
ABS,1,0.0,0.0,8.71386358575838e-05,1,3.0,Abu Simbel Airport,Egypt,,0.0,0.4966622354640038,1.0515732588765578,1155.0,1144.0,
ASW,3,3395.0,0.3333333333333333,0.00015151432938841466,2,64.66666666666667,Aswan International Airport,Egypt,1.7080704702690668,1131.6666666666667,0.5079397476247587,1.1148917969955552,952.0,589.0,129.0
ABT,3,0.0,1.0,9.764893302827392e-05,3,80.0,Al Baha Airport,Saudi Arabia,,0.0,0.4380217135731318,0.9886833885983191,2578.0,2804.0,
DMM,48,3808.694402459285,0.3608156028368794,0.0009950676776940535,22,55.75,King Fahd International Airport,Saudi Arabia,-0.019768083516038183,79.3478000512351,0.5304754050210703,0.9860456374451639,618.0,2877.0,862.0
JED,111,110036.24269845807,0.1493857493857494,0.0021490694225375405,25,49.927927927927925,King Abdulaziz International Airport,Saudi Arabia,0.49640914767606054,991.3175017879105,0.6170423099362092,1.1249592410991256,54.0,549.0,538.0
RUH,81,34495.45537323882,0.22592592592592592,0.001793841768391794,25,57.55555555555556,King Khaled International Airport,Saudi Arabia,0.33491181384762675,425.86981942270154,0.5758574726144019,1.0643951886923406,193.0,983.0,631.0
ADD,75,71359.97800623125,0.17153153153153153,0.0019962446897261767,23,53.906666666666666,Addis Ababa Bole International Airport,Ethiopia,0.6106732601511605,951.4663734164167,0.5944704212824786,1.044717929327181,113.0,1239.0,492.0
BNI,2,0.0,1.0,9.713258194217608e-05,2,34.5,Benin Airport,Nigeria,,0.0,0.41068065021189126,0.9789561590401323,3358.5,3099.0,
CAI,82,27194.924756961333,0.28154170430593195,0.0015702674099863205,30,76.98780487804878,Cairo International Airport,Egypt,0.25291089304337955,331.6454238653821,0.5745331744099754,1.0022783681853422,200.0,2236.0,689.0
CBQ,2,0.0,1.0,9.713258194217608e-05,2,34.5,Margaret Ekpo International Airport,Nigeria,,0.0,0.41068065021189126,0.9789561590401323,3358.5,3099.0,
ENU,3,0.0,1.0,0.00012245807427448192,3,48.0,Akanu Ibiam International Airport,Nigeria,,0.0,0.42812285737948025,0.9955821965305014,2802.0,2506.0,
FRA,244,299371.2459750773,0.14696755042838833,0.0038572848204971493,31,68.26639344262296,Frankfurt am Main Airport,Germany,0.30765743213588204,1226.9313359634316,0.6681442642755107,1.2612419352959068,7.0,254.0,648.0
GMO,1,0.0,0.0,7.538735329612573e-05,1,25.0,Gombe Lawanti International Airport,Nigeria,,0.0,0.419691743165084,1.0219526196620805,3037.0,1653.0,
IBA,1,0.0,0.0,7.538735329612573e-05,1,25.0,Ibadan Airport,Nigeria,,0.0,0.419691743165084,1.0219526196620805,3037.0,1653.0,
ILR,1,0.0,0.0,7.538735329612573e-05,1,25.0,Ilorin International Airport,Nigeria,,0.0,0.419691743165084,1.0219526196620805,3037.0,1653.0,
KAN,8,79.62928581389558,0.6428571428571429,0.00018695354620926576,8,72.25,Mallam Aminu International Airport,Nigeria,-0.08674060522461383,9.953660726736947,0.4588789395345843,0.9702114936641977,2141.0,3323.0,908.0
LHR,172,218052.61476223383,0.21542227662178703,0.0029041022306811994,31,84.47674418604652,London Heathrow Airport,United Kingdom,0.4312022271275049,1267.7477602455456,0.6435420544926874,1.052327659752286,16.0,1124.0,579.0
NDJ,12,2887.4812990906757,0.42424242424242425,0.00026930224551240063,8,63.75,N'Djamena International Airport,Chad,0.7756924682320596,240.62344159088966,0.47612654934971976,0.9995951009326354,1663.0,2335.0,403.0
NIM,9,121.84297390180481,0.6666666666666666,0.00023399309264528936,8,87.0,Diori Hamani International Airport,Niger,-0.028950705578196803,13.538108211311645,0.4613098600687384,0.9843609019561091,2078.0,2930.0,869.0
PHC,2,0.0,1.0,9.713258194217608e-05,2,34.5,Port Harcourt International Airport,Nigeria,,0.0,0.41068065021189126,0.9789561590401323,3358.5,3099.0,
QOW,2,0.0,1.0,9.713258194217608e-05,2,34.5,Sam Mbakwe International Airport,Nigeria,,0.0,0.41068065021189126,0.9789561590401323,3358.5,3099.0,
QRW,2,0.0,1.0,9.713258194217608e-05,2,34.5,Warri Airport,Nigeria,,0.0,0.41068065021189126,0.9789561590401323,3358.5,3099.0,
SKO,1,0.0,0.0,7.538735329612573e-05,1,25.0,Sadiq Abubakar III International Airport,Nigeria,,0.0,0.419691743165084,1.0219526196620805,3037.0,1653.0,
SSG,9,1105.393315419429,0.5555555555555556,0.0002571206294606208,8,50.55555555555556,Malabo Airport,Equatorial Guinea,0.6591055878117473,122.82147949104767,0.46895930911843287,0.97186417793811,1851.0,3279.0,470.0
YOL,1,0.0,0.0,7.538735329612573e-05,1,25.0,Yola Airport,Nigeria,,0.0,0.419691743165084,1.0219526196620805,3037.0,1653.0,
ABX,2,0.0,1.0,0.0001030988742091092,2,70.0,Albury Airport,Australia,,0.0,0.4164665281306129,1.040126041345123,3161.5,1311.5,
MEL,55,46255.44859944583,0.19663299663299666,0.0017881318554519134,19,45.054545454545455,Melbourne International Airport,Australia,0.6726954368264005,841.0081563535606,0.5865668975554391,1.098613876567868,146.0,683.0,464.0
SYD,85,191420.3795394418,0.11400560224089636,0.0031254533306139297,23,40.141176470588235,Sydney Kingsford Smith International Airport,Australia,0.8389269367388266,2252.0044651699036,0.6493276763180962,1.2916627314556821,14.0,217.0,381.0
ABY,1,0.0,0.0,6.25404903842708e-05,1,217.0,Southwest Georgia Regional Airport,United States,,0.0,0.476463755164232,1.0929783795000594,1651.0,733.0,
ABZ,29,7685.1795994578515,0.270935960591133,0.0005467173812452368,19,77.17241379310344,Aberdeen Dyce Airport,United Kingdom,0.5198136228494898,265.0061930847535,0.5242473982001054,1.0183930448904495,703.0,1743.0,524.0
BGO,49,14024.919308189448,0.3299319727891156,0.0008770595836046301,28,71.0204081632653,Bergen Airport Flesland,Norway,0.37383854898755575,286.2228430242744,0.5467258160862132,1.0764523458497277,422.0,865.0,608.0
BHD,18,93.91637040733978,0.5228758169934641,0.00028668011878975715,15,72.0,George Best Belfast City Airport,United Kingdom,-0.5511049439022389,5.217576133741099,0.5047981559792218,1.0039490746356645,1004.0,2179.0,1256.0
BHX,81,7168.200557532198,0.27253086419753086,0.0011733414957569653,31,70.70370370370371,Birmingham International Airport,United Kingdom,-0.15531309304875174,88.49630317940985,0.5628292815889241,0.9983834608954104,263.0,2391.0,948.0
BRS,73,4027.5919933530035,0.2971841704718417,0.0009824191593775758,31,69.43835616438356,Bristol Airport,United Kingdom,-0.26903315760717866,55.172493059630185,0.5545047931631093,0.978427750839538,328.0,3115.0,1042.0
DUB,144,41475.25084099874,0.2568958818958819,0.001999716156947291,31,72.60416666666667,Dublin Airport,Ireland,0.026402220984413617,288.02257528471347,0.5973713177848378,0.9733478517181761,104.0,3255.0,834.0
EBJ,2,0.29176379176379186,0.0,7.286790151543532e-05,2,34.0,Esbjerg Airport,Denmark,-0.9550191090791645,0.14588189588189593,0.4915373389027343,2.8347792832454193,1275.0,15.0,1515.0
EMA,57,2128.3120328816685,0.2236842105263158,0.0007828305858433227,29,58.94736842105263,East Midlands Airport,United Kingdom,-0.31066410891622376,37.338807594415236,0.5558069041321673,1.0836603519693773,319.0,797.0,1061.0
HUY,4,0.1556989063568011,0.8333333333333334,0.0001029467215957234,4,78.75,Humberside Airport,United Kingdom,-1.5918977119170392,0.03892472658920027,0.4636654675008076,1.095996150702971,1995.0,704.0,1760.0
KOI,11,20349.21008725619,0.18181818181818182,0.0004916173050318991,5,19.363636363636363,Kirkwall Airport,United Kingdom,1.4402953209859912,1849.9281897505628,0.5352786016949224,1.0108778316447224,557.0,1958.0,196.0
KSU,7,8.928623861481096,0.6666666666666666,0.00016242243350160209,5,37.57142857142857,Kristiansund Airport (Kvernberget),Norway,-0.6845176008722383,1.2755176944972995,0.45751173893605795,0.9958214300744752,2185.0,2494.0,1338.0
LBA,51,749.2527710708994,0.2564705882352941,0.000701252655887181,31,71.74509803921569,Leeds Bradford Airport,United Kingdom,-0.5656537501231954,14.691230805311752,0.5621848205761191,1.0262593146976697,271.0,1558.0,1263.0
LCY,36,7787.269769618608,0.346031746031746,0.0006174522639972507,26,78.41666666666667,London City Airport,United Kingdom,0.3863860677512442,216.31304915607245,0.5314707078462122,1.0337732381924132,604.0,1405.0,602.0
LSI,5,1.710087256188302,0.5,0.00014199664634475257,5,40.6,Sumburgh Airport,United Kingdom,-0.9861469279242137,0.3420174512376604,0.46675377025725007,1.0916909287635588,1903.0,745.0,1531.0
LTN,85,11183.271686424985,0.19355742296918765,0.0012089318752963154,31,57.90588235294118,London Luton Airport,United Kingdom,-0.04720382179483376,131.5679021932351,0.5734570299924967,1.0484394354254365,209.0,1193.0,884.0
MAN,148,40193.0409637633,0.20564441993013421,0.0021007727738462075,31,69.42567567567568,Manchester Airport,United Kingdom,-0.000825085782302636,271.5746011065088,0.5998252967541797,0.9584267577488716,93.0,3401.0,852.0
MME,2,0.0,1.0,7.363852629758714e-05,2,138.5,Durham Tees Valley Airport,United Kingdom,,0.0,0.4590241843929019,0.9952013043598595,2135.0,2528.0,
NCL,49,1041.305038402478,0.364795918367347,0.0006623087231591877,31,78.87755102040816,Newcastle Airport,United Kingdom,-0.4375054266741802,21.251123232703634,0.5485635335609619,0.99268113899047,399.0,2633.0,1164.0
NWI,8,8.841294699341367,0.6071428571428571,0.0001605514625036182,7,80.0,Norwich International Airport,United Kingdom,-0.7725270847027925,1.1051618374176708,0.4622690050914854,0.9884132518163331,2054.0,2813.0,1395.0
RIX,68,3238.925259514851,0.41878841088674273,0.000993329394743651,31,90.8529411764706,Riga International Airport,Latvia,-0.29189483292458773,47.63125381639487,0.5638277340745153,0.9711293999387699,256.0,3299.0,1054.0
SYY,5,20.37536755818673,0.2,0.00013912976552500335,4,38.8,Stornoway Airport,United Kingdom,-0.2130489616772931,4.075073511637346,0.49259811684711663,1.1284229000320716,1248.0,541.0,993.0
WIC,2,0.07595806397087485,0.0,7.240422626226722e-05,2,59.0,Wick Airport,United Kingdom,-1.3749134432247088,0.03797903198543742,0.4884913921241862,2.7506847446981064,1344.0,17.0,1717.0
ACA,5,13.177795520440128,0.6,0.0001442184879117985,5,67.6,General Juan N Alvarez International Airport,Mexico,-0.349021772588245,2.6355591040880255,0.45589635243117255,0.9745244302992987,2229.0,3231.0,1095.0
MEX,95,87590.1145236521,0.16707726763717806,0.002534703971799095,29,55.21052631578947,Licenciado Benito Juarez International Airport,Mexico,0.5242412500028032,922.0012055121273,0.6064832987619576,0.9976490021464542,80.0,2432.0,522.0
MTY,32,1369.969065873698,0.3125,0.0007081500531777797,13,49.40625,General Mariano Escobedo International Airport,Mexico,-0.08087316786723008,42.81153330855306,0.5250446779930897,1.0888662047192887,696.0,759.0,904.0
TIJ,32,4749.316114044592,0.16129032258064516,0.0007751505013816468,9,21.6875,General Abelardo L. Rodríguez International Airport,Mexico,0.3070241193951203,148.4161285638935,0.5624609891073709,1.037955961683972,267.0,1350.0,649.0
TLC,10,41.188005527615566,0.35555555555555557,0.0002345446980565785,8,47.2,Licenciado Adolfo Lopez Mateos International Airport,Mexico,-0.4343771463165114,4.118800552761557,0.4795041804096805,1.1596607311601965,1577.0,449.0,1161.0
BEY,45,1728.6745123057622,0.44141414141414137,0.0007743461640073959,25,81.86666666666666,Beirut Rafic Hariri International Airport,Lebanon,-0.22518164262101706,38.41498916235027,0.5249967474384967,0.9914018211483923,698.0,2685.0,1005.0
DXB,188,331029.2363903396,0.1379565365798157,0.00364499336515051,31,62.898936170212764,Dubai International Airport,United Arab Emirates,0.5048762315600589,1760.793810586913,0.6627069786641073,1.1667349263787696,12.0,428.0,533.0
FCO,162,72990.86393541262,0.24093244383099457,0.002454288754290256,31,80.5246913580247,Leonardo da Vinci–Fiumicino Airport,Italy,0.12783830817961248,450.56088849020136,0.6187878711070596,0.9726774174978635,49.0,3264.0,758.0
JNB,83,131457.0734972617,0.12342051131354687,0.002634662554451989,23,49.53012048192771,OR Tambo International Airport,South Africa,0.7368219903258163,1583.820162617611,0.6284799397310409,1.1535638923521923,31.0,460.0,426.0
KMS,1,0.0,0.0,6.559536711797992e-05,1,30.0,Kumasi Airport,Ghana,,0.0,0.4187382664323288,0.9875970259011821,3078.5,2840.5,
LIS,103,84239.60383677881,0.2876451551494384,0.001767552676120207,31,80.55339805825243,Humberto Delgado Airport (Lisbon Portela Airport),Portugal,0.46063976532032214,817.860231425037,0.5952498437841162,1.001174873574626,111.0,2269.0,563.0
MAD,159,127165.84526155225,0.21932967120452193,0.0026326582257042448,31,74.91823899371069,Adolfo Suárez Madrid–Barajas Airport,Spain,0.3129447883411471,799.785190324228,0.6249567134186821,0.9877024748833161,35.0,2834.0,643.0
MLW,2,0.0,1.0,8.567419175086063e-05,2,21.0,Spriggs Payne Airport,Liberia,,0.0,0.41939695248818293,1.0250432765679425,3046.0,1590.0,
NYI,1,0.0,0.0,6.559536711797992e-05,1,30.0,Sunyani Airport,Ghana,,0.0,0.4187382664323288,0.9875970259011821,3078.5,2840.5,
TKD,1,0.0,0.0,6.559536711797992e-05,1,30.0,Takoradi Airport,Ghana,,0.0,0.4187382664323288,0.9875970259011821,3078.5,2840.5,
TML,1,0.0,0.0,6.559536711797992e-05,1,30.0,Tamale Airport,Ghana,,0.0,0.4187382664323288,0.9875970259011821,3078.5,2840.5,
WDH,13,7721.437226187065,0.2692307692307692,0.0004694205896200013,7,36.30769230769231,Hosea Kutako International Airport,Namibia,1.0316752870555526,593.9567097066973,0.5063510695312922,1.0106999991551064,982.0,1962.0,303.0
ACE,57,1226.6790826008412,0.3182957393483709,0.0007586857797522421,31,75.7719298245614,Lanzarote Airport,Spain,-0.4825885610634957,21.52068565966388,0.5520191172713201,0.9854225063609721,358.0,2906.0,1201.0
BFS,29,154.01533608559993,0.5492610837438423,0.00038106171342475143,26,93.44827586206897,Belfast International Airport,United Kingdom,-0.7001525560725957,5.310873658124136,0.5465250543183784,1.0029112870791432,423.0,2212.0,1346.0
BGY,80,10939.236469618023,0.22658227848101264,0.00116875050190939,31,51.625,Il Caravaggio International Airport,Italy,-0.015522891522593351,136.74045587022528,0.5742313598894613,1.0700986261420424,202.0,923.0,858.0
BIO,35,372.98005503678206,0.6453781512605042,0.0005121557295854712,30,117.4,Bilbao Airport,Spain,-0.5438112150821023,10.656573001050916,0.586052485321263,1.0937904573918142,148.0,721.0,1252.0
BLK,9,9.041599760336481,0.3333333333333333,0.00015791811378286654,9,81.0,Blackpool International Airport,United Kingdom,-0.8404619403928815,1.0046221955929424,0.5009091017954388,1.1568477455324675,1058.0,453.0,1455.0
BLQ,64,1645.4345831899084,0.4126984126984127,0.0008745019175116861,31,89.953125,Bologna Guglielmo Marconi Airport,Italy,-0.46463608448116195,25.70991536234232,0.5594414471408785,0.9667110008415138,290.0,3352.0,1192.0
BOH,17,19.508191245953736,0.2867647058823529,0.0002513078842786505,16,70.3529411764706,Bournemouth Airport,United Kingdom,-1.0050938967627934,1.1475406615266903,0.5380786670264996,1.182468419783938,525.0,388.0,1546.0
BRE,43,813.9686985896101,0.4086378737541528,0.0005967444063451183,29,86.83720930232558,Bremen Airport,Germany,-0.4312657008993184,18.929504618363026,0.546051967241779,1.0059513168114225,428.0,2121.0,1158.0
BVA,59,1281.5144378093953,0.22793687901811807,0.0007960848623335356,27,48.6271186440678,Paris Beauvais Tillé Airport,France,-0.4908812037015987,21.720583691684666,0.5654675494974233,1.1470070135933592,249.0,479.0,1211.0
CGN,93,3560.920224582642,0.2533894343151005,0.0012916280401306665,31,66.68817204301075,Cologne Bonn Airport,Germany,-0.4614888169443383,38.289464780458516,0.5704167455714106,1.0357402969201788,226.0,1378.0,1189.0
CRL,83,3011.300670289155,0.14869233029679696,0.0011581574366605256,31,43.144578313253014,Brussels South Charleroi Airport,Belgium,-0.44143173773818895,36.28073096733922,0.603747845715034,1.3137120557414614,87.0,197.0,1170.0
DUS,147,30996.83173830138,0.21908489423166527,0.002159551416625422,31,69.29251700680273,Düsseldorf Airport,Germany,-0.07757585592083065,210.8628009408257,0.5987897186582902,0.9634980534252026,99.0,3371.0,903.0
EDI,89,17444.935262728268,0.32660878447395303,0.0012599711034000393,31,74.23595505617978,Edinburgh Airport,United Kingdom,0.06227388981433008,196.01050856998054,0.5660069136255444,1.001640097428529,247.0,2254.0,802.0
EIN,63,1913.2491020287016,0.2493599590373784,0.0008334142686838386,31,60.36507936507937,Eindhoven Airport,Netherlands,-0.40756724369083147,30.369033365534946,0.557134159734348,1.0402041345512645,311.0,1309.0,1146.0
FKB,18,130.65019374184348,0.3790849673202614,0.00027066551933904726,18,80.66666666666667,Karlsruhe Baden-Baden Airport,Germany,-0.44810390717497267,7.258344096769083,0.52071517325325,1.02106810773066,763.0,1677.0,1179.0
FUE,55,1064.4023747059553,0.3925925925925926,0.0006904184494539237,31,83.07272727272728,Fuerteventura Airport,Spain,-0.5041409808707713,19.352770449199188,0.5493907952678008,0.9929358492216184,387.0,2624.0,1221.0
GLA,63,33896.722519788185,0.27444956477214544,0.0010952903258808024,31,73.36507936507937,Glasgow International Airport,United Kingdom,0.48931624437513743,538.0432145998125,0.5626579791568974,1.0461112276406417,266.0,1218.0,547.0
HAJ,51,345.21246766982364,0.43529411764705883,0.0006877039375976124,31,92.3921568627451,Hannover Airport,Germany,-0.8074369920443232,6.768871915094581,0.5664862731450891,1.028230691155481,243.0,1520.0,1427.0
HAM,87,3593.549444852334,0.39401229617749267,0.0012075057195106472,31,84.55172413793103,Hamburg Airport,Germany,-0.41621873752955557,41.30516603278545,0.5713906997980721,0.9851986397049031,221.0,2914.0,1151.0
HHN,47,901.3113024243602,0.2109158186864015,0.0006611327784248619,26,47.87234042553192,Frankfurt-Hahn Airport,Germany,-0.4560444565611446,19.176836221794897,0.5614542320255784,1.139721950662615,279.0,502.0,1182.0
LEJ,28,148.2802692554826,0.5740740740740741,0.00039670617208760706,25,109.39285714285714,Leipzig/Halle Airport,Germany,-0.6896703008546324,5.295723901981522,0.5519067588588572,1.0064245243675598,360.0,2103.0,1342.0
LPA,83,11016.634433344832,0.31207757860711133,0.0012314983813301137,31,72.24096385542168,Gran Canaria Airport,Spain,-0.03674140646102644,132.730535341504,0.562060012726723,1.004902789484877,273.0,2155.0,876.0
LPL,48,2680.827138965395,0.24379432624113476,0.0006721280049627261,28,62.895833333333336,Liverpool John Lennon Airport,United Kingdom,-0.12933457413629057,55.8505653951124,0.5429448613416231,1.085840508556276,463.0,783.0,929.0
LUX,56,1960.2908675878718,0.3805194805194805,0.0007647982803435134,31,87.25,Luxembourg-Findel International Airport,Luxembourg,-0.3250636821090612,35.00519406406914,0.5484640458695028,0.9796219831725564,400.0,3065.0,1073.0
MUC,192,90196.84253565704,0.19949825479930192,0.0027912389671843926,31,71.734375,Munich Airport,Germany,0.08580170569377989,469.7752215398804,0.6262136320508581,1.0087686434892675,33.0,2023.0,784.0
NOC,15,6.462781823344843,0.5047619047619047,0.0002243441445622208,15,87.4,Ireland West Knock Airport,Ireland,-1.2701774222428504,0.43085212155632285,0.5211559768757421,1.1201629506049544,756.0,562.0,1678.0
NRN,38,440.3005478458026,0.24039829302987198,0.0005259090749701055,26,52.18421052631579,Weeze Airport,Germany,-0.5443519949697162,11.586856522257964,0.556849418137565,1.1170400876077098,313.0,581.0,1253.0
ORK,30,64.77942528818603,0.632183908045977,0.0004194180950869472,28,104.16666666666667,Cork Airport,Ireland,-0.991940658064569,2.1593141762728676,0.5714278646143596,1.0910472424338584,220.0,747.0,1538.0
OVD,10,6.922657635206397,0.7333333333333333,0.00016896624273684754,10,119.6,Asturias Airport,Spain,-0.9908030273853689,0.6922657635206397,0.4942356369514293,1.029117865592932,1212.0,1494.0,1537.0
PAD,8,1.7096856607257505,0.4642857142857143,0.00014089710359483748,8,90.375,Paderborn Lippstadt Airport,Germany,-1.285201528891457,0.2137107075907188,0.4936036459167142,1.1152035228496335,1228.0,587.0,1682.0
PIK,21,85.28552131843446,0.29523809523809524,0.0003039449876376173,17,66.14285714285714,Glasgow Prestwick Airport,United Kingdom,-0.6792420960411037,4.061215300877832,0.5300165117811645,1.0724733350203612,629.0,902.0,1335.0
SCQ,22,69.91151832192688,0.7316017316017316,0.0003094808753870718,21,101.9090909090909,Santiago de Compostela Airport,Spain,-0.7708546408743188,3.1777962873603127,0.5483565688677816,1.0236015468192188,402.0,1614.0,1394.0
SDR,17,17.546174120272426,0.7941176470588235,0.0002510848807328429,17,92.3529411764706,Santander Airport,Spain,-1.0381667117105502,1.0321278894277897,0.5303489622971467,1.007871730956191,623.0,2045.0,1564.0
SNN,26,958.8197285516184,0.4123076923076923,0.0003781035256991157,23,88.5,Shannon Airport,Ireland,-0.06012695835769932,36.87768186736994,0.520978254795658,0.9941717056811704,759.0,2567.0,888.0
STR,81,3083.6256829297704,0.3219135802469136,0.0011115215434345206,31,76.58024691358025,Stuttgart Airport,Germany,-0.41851042531842686,38.06945287567618,0.5619881563407845,0.9808723644652875,274.0,3013.0,1152.0
SVQ,38,224.76469592246787,0.519203413940256,0.000532222211376214,28,79.42105263157895,Sevilla Airport,Spain,-0.7541499970979525,5.914860419012312,0.5577907246350023,1.0105523831038188,304.0,1966.0,1385.0
SXF,69,1552.7980520517765,0.35976129582267685,0.0009441449999417319,31,78.53623188405797,Berlin-Schönefeld Airport,Germany,-0.5305674870581447,22.504319594953284,0.5570426781951668,0.9705935168096018,312.0,3309.0,1238.0
TFN,17,3801.874774221766,0.4338235294117647,0.0003387822964806153,14,64.23529411764706,Tenerife Norte Airport,Spain,0.6399632260549841,223.63969260128036,0.4991177734325033,0.9809126474563071,1104.0,3012.0,473.0
TXL,110,15801.033524992577,0.2950792326939116,0.001595084715199728,31,78.08181818181818,Berlin-Tegel Airport,Germany,-0.10336657570739571,143.64575931811433,0.5815299915248092,1.0000621106541394,163.0,2319.0,917.0
ZAZ,8,2.5944219056218993,0.6785714285714286,0.00014309033725306718,8,80.625,Zaragoza Air Base,Spain,-1.155075590979492,0.3243027382027374,0.47603474514829186,1.02747610279644,1667.0,1533.0,1633.0
ZRH,137,44637.88311609439,0.2846715328467153,0.002030695174021211,31,87.12408759124088,Zürich Airport,Switzerland,0.0810303894631199,325.8239643510539,0.6077172570927515,0.9809686549064113,77.0,3010.0,787.0
ACH,2,1.674366836344798,0.0,7.933607251572717e-05,2,72.0,St Gallen Altenrhein Airport,Switzerland,-0.40985733669458724,0.837183418172399,0.5079632781107457,2.4970510158588706,951.0,22.0,1147.0
EBA,5,50.30688641504099,0.2,0.00013207773899713825,4,71.0,Marina Di Campo Airport,Italy,0.06895230656671882,10.061377283008198,0.5006307146158986,1.0756320004650892,1064.0,877.0,798.0
VIE,139,26161.88377386935,0.2516942967365238,0.0020426347059008068,31,72.42446043165468,Vienna International Airport,Austria,-0.09489058847399567,188.2149911789162,0.5941058071434696,0.9777714355059666,114.0,3143.0,914.0
ACI,2,0.0,1.0,7.452541107247608e-05,2,19.0,Alderney Airport,Guernsey,,0.0,0.4377973899747932,1.0466836673596374,2599.0,1213.0,
GCI,15,2928.0566481199908,0.3619047619047619,0.00027081835154337637,12,93.4,Guernsey Airport,Guernsey,0.6380990762442282,195.20377654133273,0.5063092502197668,1.0658376915443628,983.0,974.0,475.0
SOU,23,1726.8442019871259,0.35968379446640314,0.0003753949717976409,15,68.56521739130434,Southampton Airport,United Kingdom,0.20143511683225868,75.08018269509243,0.5019849702685018,0.998405806272712,1046.0,2389.0,727.0
ACK,6,3663.632169405904,0.4,0.0002692960306421727,3,21.666666666666668,Nantucket Memorial Airport,United States,1.2909019561800954,610.6053615676507,0.4895501439936932,0.9949284671474715,1324.0,2546.0,235.0
BOS,103,59638.72981224334,0.28250523510375025,0.002156163796549298,30,70.3883495145631,General Edward Lawrence Logan International Airport,United States,0.35288328790940304,579.0167942936247,0.5881143530705716,0.9952228360191689,139.0,2527.0,618.0
EWB,3,0.0,1.0,0.00011496930557438818,3,8.666666666666666,New Bedford Regional Airport,United States,,0.0,0.4670133027894049,1.3227267707990316,1895.0,181.0,
HPN,16,3667.4613592479905,0.44166666666666665,0.0003657919070704208,11,78.4375,Westchester County Airport,United States,0.6672973442445556,229.2163349529994,0.4933300436292796,0.9735708677116837,1234.0,3252.0,467.0
HYA,3,0.8618668422199902,0.6666666666666666,0.00012088163966789538,3,41.666666666666664,Barnstable Municipal Boardman Polando Field,United States,-0.874988013649386,0.2872889474066634,0.4450393505455471,0.9978832311246137,2438.0,2418.0,1465.0
MVY,4,267.7988360725814,0.6666666666666666,0.00015345627624727747,3,32.0,Martha's Vineyard Airport,United States,0.7326131545530369,66.94970901814536,0.46801804260626473,1.0541731706689605,1872.0,1108.0,434.0
TEB,1,0.0,0.0,8.235984687184173e-05,1,6.0,Teterboro Airport,United States,,0.0,0.46636776294062976,1.0140865636694052,1918.0,1860.0,
ACR,2,1.0,0.0,0.00020368835257185118,2,2.0,Araracuara Airport,Colombia,-0.5706793007833109,0.5,0.5483151904227225,1.1685982706925147,404.0,424.0,1269.5
LCR,2,3.0,0.0,0.00021138185769344468,2,3.0,,,-0.22789901486459635,1.5,0.5316755081030029,1.0254579720707033,602.0,1572.0,1006.0
SVI,2,3390.9999999999995,0.0,0.00016386232279514513,2,38.0,Eduardo Falla Solano Airport,Colombia,1.965629357018862,1695.4999999999998,0.5270105365895668,1.0641332025520314,670.0,985.0,68.0
ACT,1,0.0,0.0,6.325296148394544e-05,1,188.0,Waco Regional Airport,United States,,0.0,0.46328115174795603,0.9790361896369396,2013.0,3089.0,
ACU,2,0.0,1.0,0.00015263720524889078,2,8.5,,,,0.0,0.4378323051646041,0.9704537674215364,2586.0,3314.0,
PAC,15,44052.5,0.05714285714285715,0.0009806157771634313,2,2.0,Marcos A. Gelabert International Airport,Panama,1.4839772442084038,2936.8333333333335,0.6392218496016743,1.307664758904974,19.0,200.0,189.0
ACV,3,0.5,0.6666666666666666,0.00012094586085128086,2,45.333333333333336,California Redwood Coast-Humboldt County Airport,United States,-1.0448762992117955,0.16666666666666666,0.45080972711133205,1.0135595558853492,2332.0,1875.0,1581.5
CEC,2,0.0,1.0,9.615809634525207e-05,2,54.0,Jack Mc Namara Field Airport,United States,,0.0,0.4094443403869541,0.9846316674853223,3391.0,2925.0,
SMF,29,623.1386149293777,0.6502463054187192,0.0005991528106828243,20,90.27586206896552,Sacramento International Airport,United States,-0.2640480523770673,21.48753844584061,0.5343981373159671,1.043441519484645,565.0,1269.0,1036.0
ACX,5,9.72411971811234,0.8,0.0001244483311833018,5,96.2,Xingyi Airport,China,-0.44384969157192516,1.944823943622468,0.4646261102130097,1.003123511146019,1978.0,2204.0,1174.0
CAN,150,103043.05648439199,0.1552572706935123,0.002859766727539485,25,46.08,Guangzhou Baiyun International Airport,China,0.28438089716830484,686.9537098959465,0.638054669938172,1.2035825908804325,20.0,330.0,668.0
CKG,89,10872.68804639499,0.2806435137895812,0.0016036697922830396,25,43.42696629213483,Chongqing Jiangbei International Airport,China,-0.08524397887325759,122.16503422915719,0.5786100397792451,1.0398749914435674,180.0,1319.0,907.0
KWE,48,2135.361146247854,0.5044326241134751,0.00083714240771049,25,54.333333333333336,Longdongbao Airport,China,-0.2003140713131783,44.48669054683029,0.5483372380299029,0.9974673312334924,403.0,2438.0,982.0
NAY,40,4355.921637744562,0.16153846153846155,0.0008297095793793037,15,26.725,Beijing Nanyuan Airport,China,0.13809886302966623,108.89804094361405,0.5695791312171395,1.2066375102683842,229.0,322.0,753.0
PVG,154,129891.3147883323,0.15711739241151004,0.002907981331739609,28,55.72077922077922,Shanghai Pudong International Airport,China,0.33988653218437614,843.4500960281318,0.636006042637078,1.0411962965087567,23.0,1295.0,627.0
ACY,9,1.9940969484094384,0.8055555555555556,0.00019872948669670437,9,104.11111111111111,Atlantic City International Airport,United States,-1.312113362278166,0.22156632760104872,0.481606642276485,0.9966983843003289,1507.0,2458.0,1688.0
FLL,97,34945.325962671806,0.251073883161512,0.002016264860767639,30,54.90721649484536,Fort Lauderdale Hollywood International Airport,United States,0.22428544430004782,360.26109239867844,0.5819545797504255,0.9907233929649018,162.0,2708.0,708.0
MCO,102,22615.988065025296,0.28013977868375073,0.001956621834204603,30,60.705882352941174,Orlando International Airport,United States,0.05654753685437117,221.72537318652252,0.5777964864467519,0.9909458998588447,184.0,2705.0,809.0
RSW,33,525.1708099100364,0.6231060606060606,0.0006108060204098652,26,90.87878787878788,Southwest Florida International Airport,United States,-0.399611173589002,15.9142669669708,0.5483673062579768,0.9932817102939493,401.0,2609.0,1139.0
TPA,69,2948.6765061764245,0.4236999147485081,0.0011992043244526526,30,67.78260869565217,Tampa International Airport,United States,-0.3304747975483387,42.734442118498905,0.5636546991576977,1.000883181464219,258.0,2281.0,1082.0
ACZ,1,0.0,0.0,6.815263797082746e-05,1,40.0,Zabol Airport,Iran,,0.0,0.41329214817848414,0.989835042885531,3272.5,2749.5,
ADA,10,53.68903641862383,0.6000000000000001,0.00022120718598538723,7,63.9,Adana Airport,Turkey,-0.35167468892987763,5.368903641862383,0.4549705434312333,0.984111052083995,2257.0,2939.0,1098.0
ADB,45,2446.059172289378,0.38585858585858585,0.0007441347931996012,29,87.4,Adnan Menderes International Airport,Turkey,-0.11687498856772528,54.356870495319505,0.5443616677214005,0.9793203092408451,450.0,3079.0,924.0
AYT,65,5621.284834405594,0.24086538461538462,0.0009688658740246619,31,70.21538461538462,Antalya International Airport,Turkey,-0.09117448909776418,86.48130514470144,0.5554262179358532,0.9980486721536513,320.0,2412.0,911.0
EBL,20,203.0814031801981,0.5789473684210527,0.0003540443259830252,18,110.6,Erbil International Airport,Iraq,-0.37750307471339123,10.154070159009905,0.5198853177788825,0.9841419508762842,781.0,2938.0,1118.0
ECN,8,4.325131049385286,0.7857142857142857,0.00018730791802972434,7,64.0,Ercan International Airport,Cyprus,-0.9956128652255832,0.5406413811731607,0.46504115640931165,0.9950652890901015,1962.0,2533.0,1540.0
ESB,45,12306.702687322288,0.15151515151515152,0.0010892154261823135,18,41.666666666666664,Esenboğa International Airport,Turkey,0.38723223584293676,273.4822819404953,0.5663256420175684,1.0770852927402221,246.0,857.0,601.0
SAW,98,20977.60734532217,0.17630969913738692,0.001781564585805986,31,61.96938775510204,Sabiha Gökçen International Airport,Turkey,0.05853216473246626,214.05721780940988,0.5832953840809505,1.0040290498045463,157.0,2177.0,806.0
TZX,7,5.028844270177017,0.7142857142857143,0.0001612148942723363,7,73.85714285714286,Trabzon International Airport,Turkey,-0.8636350175542306,0.7184063243110025,0.46336765595076845,0.9799173025763406,2006.0,3045.0,1462.0
VAN,4,0.3210558017577302,0.8333333333333334,0.00011651894678407807,4,97.25,Van Ferit Melen Airport,Turkey,-1.3660974246629356,0.08026395043943255,0.4592049087873375,1.01133860569943,2131.0,1945.0,1711.0
ASR,5,0.3210558017577302,0.9,0.00011645234213178294,5,154.8,Kayseri Erkilet Airport,Turkey,-1.5080447401843258,0.06421116035154603,0.49159672766684354,1.0415508763510475,1274.0,1291.0,1740.5
ATH,104,59060.36676383735,0.2725914861837192,0.0019696746920094136,31,74.46153846153847,Eleftherios Venizelos International Airport,Greece,0.34369650891465564,567.8881419599745,0.5881090796627827,0.9859561067946353,140.0,2880.0,624.0
BSL,66,1371.212926436085,0.40792540792540793,0.0008824488779947385,31,86.9090909090909,EuroAirport Basel-Mulhouse-Freiburg Airport,France,-0.541093279385954,20.77595343084977,0.5594960874316918,0.9716541876536999,288.0,3280.0,1249.0
DIY,4,0.3210558017577302,0.8333333333333334,0.00011209166720758656,4,106.0,Diyarbakir Airport,Turkey,-1.3660974246629356,0.08026395043943255,0.4621976184724523,1.0077493022677557,2056.5,2052.5,1711.0
DTM,29,421.9778465218747,0.24876847290640394,0.0004400831812664191,21,59.758620689655174,Dortmund Airport,Germany,-0.3856754006574288,14.550960224892231,0.5361105208570346,1.0753086137101058,551.0,882.0,1124.0
EZS,4,0.3210558017577302,0.8333333333333334,0.00011209166720758656,4,106.0,Elazığ Airport,Turkey,-1.3660974246629356,0.08026395043943255,0.4621976184724523,1.0077493022677557,2056.5,2052.5,1711.0
GNY,4,0.3210558017577302,0.8333333333333334,0.00011209166720758656,4,106.0,Şanlıurfa GAP Airport,Turkey,-1.3660974246629356,0.08026395043943255,0.4621976184724523,1.0077493022677557,2056.5,2052.5,1711.0
GZT,5,0.3210558017577302,0.9,0.00013199313349819807,5,86.4,Gaziantep International Airport,Turkey,-1.5080447401843258,0.06421116035154603,0.4643299330917718,0.9872954814103083,1982.0,2848.0,1740.5
HEL,89,67184.9436006771,0.2844739530132789,0.001887047145680651,31,83.95505617977528,Helsinki Vantaa Airport,Finland,0.482990893907278,754.8870067491808,0.5933532564566295,1.0044343071512813,117.0,2170.0,550.0
HTY,8,37.22918025526358,0.6785714285714286,0.00019673230523422876,7,83.375,Hatay Airport,Turkey,-0.323959965372861,4.653647531907947,0.45198993505234397,0.9573507001356502,2304.0,3407.0,1070.0
MQM,4,0.3210558017577302,0.8333333333333334,0.00011209166720758656,4,106.0,Mardin Airport,Turkey,-1.3660974246629356,0.08026395043943255,0.4621976184724523,1.0077493022677557,2056.5,2052.5,1711.0
NTE,56,1386.6339648638657,0.45519480519480515,0.0007946504950592793,31,81.14285714285714,Nantes Atlantique Airport,France,-0.43308652073316395,24.76132080114046,0.5543485255896633,0.9870897963146259,331.0,2856.0,1159.0
SXB,26,87.53275722348157,0.5969230769230769,0.000396250788849763,22,82.6923076923077,Strasbourg Airport,France,-0.8069871078680595,3.366644508595445,0.5370132706504356,1.0067690303588002,542.0,2090.0,1426.0
VAS,3,0.3210558017577302,0.6666666666666666,9.05606645970504e-05,3,126.33333333333333,Sivas Nuri Demirağ Airport,Turkey,-1.1830955065359836,0.10701860058591006,0.47814185443669943,1.04915368383043,1607.0,1184.0,1651.0
AMH,2,0.0,1.0,9.908747218008002e-05,2,38.5,Arba Minch Airport,Ethiopia,,0.0,0.4086403747131578,0.995997326063074,3413.5,2486.5,
ASO,2,0.0,1.0,9.908747218008002e-05,2,38.5,Asosa Airport,Ethiopia,,0.0,0.4086403747131578,0.995997326063074,3413.5,2486.5,
AXU,2,0.0,1.0,0.00011912311194740059,2,39.5,Axum Airport,Ethiopia,,0.0,0.41173041049324527,1.0263196344814058,3330.5,1555.0,
BAH,41,1882.9142383918197,0.5073170731707317,0.000782258106096234,22,71.70731707317073,Bahrain International Airport,Bahrain,-0.13929809549081124,45.9247375217517,0.5300128188880153,0.9874304087764527,630.0,2846.0,936.0
BJR,2,0.0,1.0,6.953506819654739e-05,2,39.5,Bahir Dar Airport,Ethiopia,,0.0,0.4425144196169952,1.2355968989650552,2483.0,289.0,
BKK,122,129448.74167299237,0.19780517545048096,0.002605743881894495,28,68.15573770491804,Suvarnabhumi Airport,Thailand,0.4869953280901431,1061.0552596146915,0.6175925291579699,0.9975629625407969,53.0,2435.0,549.0
BOM,85,59147.739952427706,0.196078431372549,0.0021004914809009292,25,55.11764705882353,Chhatrapati Shivaji International Airport,India,0.4724894969045109,695.8557641462083,0.5906688264342621,1.097361296181432,131.0,694.0,556.0
DAR,22,11633.062144724678,0.3203463203463204,0.0006241536653112167,11,57.31818181818182,Julius Nyerere International Airport,Tanzania,0.8248923904467348,528.7755520329399,0.5104404562317287,0.979470662121901,903.0,3070.0,388.0
DEL,98,89219.15970129037,0.18619819061645276,0.0023331383520280554,26,63.05102040816327,Indira Gandhi International Airport,India,0.5102133876399008,910.3995887886772,0.5993785168372768,1.1092497797124599,96.0,615.0,528.0
DIR,3,2.9857142857142858,0.6666666666666666,0.00015113309800916753,2,30.333333333333332,Aba Tenna Dejazmach Yilma International Airport,Ethiopia,-0.4873150525170571,0.9952380952380953,0.4556682035507932,0.9843029313902283,2234.0,2934.0,1205.0
DOH,118,96395.79171313273,0.2459800086918731,0.0022135488237776907,31,79.0677966101695,Hamad International Airport,Qatar,0.4162133196179343,816.9134890943451,0.6047057777571738,0.9737293295700219,85.0,3251.0,583.0
EBB,20,11591.9075646655,0.39473684210526316,0.0005395133751864995,11,75.2,Entebbe International Airport,Uganda,0.8844158613874435,579.595378233275,0.5117598032106015,0.9799458959749655,889.0,3043.0,362.0
FBM,7,846.6231158931123,0.5238095238095238,0.0003063382130428996,5,36.857142857142854,Lubumbashi International Airport,Congo (Kinshasa),0.7357592327058802,120.94615941330176,0.4756197590870935,0.9951105496861933,1678.0,2532.0,428.0
FIH,20,53577.93987439342,0.2578947368421053,0.000818153047488845,11,53.0,Ndjili International Airport,Congo (Kinshasa),1.362053343881811,2678.896993719671,0.5505885449318945,1.012200053683595,373.0,1928.0,217.0
GDQ,2,0.0,1.0,0.00011912311194736612,2,39.5,Gonder Airport,Ethiopia,,0.0,0.41173041049324527,1.0263196344813672,3330.5,1556.0,
GMB,2,0.0,1.0,6.953506819654739e-05,2,38.5,Gambella Airport,Ethiopia,,0.0,0.4422862498535207,1.2074571150573208,2491.5,320.5,
HGA,8,419.401055657902,0.5357142857142857,0.00024614329942900366,6,55.375,Egal International Airport,Somalia,0.4316504935376744,52.42513195723775,0.46239745018760664,0.9671277789962771,2053.0,3350.0,578.0
HKG,134,161048.95660398636,0.20839411962742677,0.0026858332302677284,28,67.23880597014926,Hong Kong International Airport,Hong Kong,0.49546555939436476,1201.8578851043758,0.621952068036286,1.013242152029569,39.0,1889.0,541.0
HRE,14,771.6239914273381,0.4175824175824176,0.0004532614809752048,7,43.285714285714285,Robert Gabriel Mugabe International Airport,Zimbabwe,0.26588890195056797,55.115999387667,0.4916752965504959,1.0139924045912996,1266.0,1867.0,678.0
JIB,13,1503.0921776757832,0.4102564102564103,0.00036197832152739834,7,75.46153846153847,Djibouti-Ambouli Airport,Djibouti,0.5210750109946677,115.62247520582947,0.4846754283570138,0.998461857247353,1448.0,2387.0,523.0
JIJ,3,3395.0000000000005,0.3333333333333333,0.00019749846601579401,2,26.333333333333332,Wilwal International Airport,Ethiopia,1.7080704702690668,1131.6666666666667,0.4924615078037436,0.9999370211232815,1253.0,2322.0,129.0
JIM,2,0.0,1.0,6.953506819654739e-05,2,38.5,Jimma Airport,Ethiopia,,0.0,0.4422862498535207,1.2074571150573208,2491.5,320.5,
JRO,11,26031.818618127458,0.5454545454545454,0.0003725900302054898,8,65.27272727272727,Kilimanjaro International Airport,Tanzania,1.5171368679347081,2366.5289652843144,0.5136946209444957,1.1472563089350374,868.0,478.0,175.0
JUB,8,54.357735678858184,0.7857142857142857,0.0002239380000492061,8,60.125,Juba International Airport,South Sudan,-0.20586525156624125,6.794716959857273,0.4663215539322408,0.972444617017606,1922.0,3273.0,987.0
KGL,17,3827.628096232935,0.4632352941176471,0.00047503596693518286,11,70.47058823529412,Kigali International Airport,Rwanda,0.6420696221775112,225.15459389605502,0.4901178666452875,0.9799963401567453,1310.0,3041.0,472.0
KRT,23,10472.220309210818,0.4031620553359684,0.0006095808632110137,15,60.0,Khartoum International Airport,Sudan,0.7638151694997635,455.31392648742684,0.5160774199199338,0.9891775308391008,833.0,2779.0,409.0
KWI,58,5597.924210537972,0.3333333333333333,0.0011146104461671367,23,63.224137931034484,Kuwait International Airport,Kuwait,-0.01999097800642211,96.51593466444778,0.5334908938986198,0.9816712305168321,575.0,2999.0,864.0
LAD,38,49199.60460011765,0.19630156472261737,0.0011899419546813463,17,63.63157894736842,Quatro de Fevereiro Airport,Angola,0.9271540856804719,1294.7264368452013,0.5612968310329918,1.063271408205276,281.0,1007.0,344.0
LLW,7,3.7660714285714283,0.8571428571428572,0.00024067385446023776,6,40.714285714285715,Lilongwe International Airport,Malawi,-0.953855737082467,0.5380102040816326,0.4826798863880817,1.077576573517822,1486.0,849.0,1513.0
LUN,19,16507.380944431636,0.2631578947368421,0.0006008350391058615,7,41.05263157894737,Kenneth Kaunda International Airport Lusaka,Zambia,1.0273412193546758,868.8095233911387,0.5195148098709098,0.9836712090621238,785.0,2961.0,305.0
MBA,9,463.6278745115181,0.6388888888888888,0.00023939541837201696,8,94.88888888888889,Mombasa Moi International Airport,Kenya,0.3880063391721727,51.51420827905756,0.46526426113918645,0.9952741214499075,1956.0,2523.0,600.0
MCT,55,9964.94150846997,0.36835016835016837,0.0010964165804405917,23,64.21818181818182,Muscat International Airport,Oman,0.19372379147183613,181.180754699454,0.536082599458061,0.9785080041777425,552.0,3112.0,730.0
MPM,15,6812.339001344436,0.2571428571428572,0.000541761426181016,7,29.133333333333333,Maputo Airport,Mozambique,0.9015609958447,454.1559334229624,0.5165890977643766,1.0090303027432006,828.0,2013.0,358.0
MQX,3,3395.0,0.3333333333333333,0.00021395790475871204,2,26.0,Mekele Airport,Ethiopia,1.7080704702690668,1131.6666666666667,0.49359067405813556,0.9974222115213763,1229.0,2439.0,129.0
PEK,207,290484.5896744094,0.12199240185732377,0.0038296482484003313,30,53.94202898550725,Beijing Capital International Airport,China,0.4028657777484653,1403.3071964947314,0.667267927151489,1.2049975283717216,9.0,325.0,592.0
PNR,9,3431.3095880625965,0.6666666666666666,0.0002761234748515014,8,62.44444444444444,Pointe Noire Airport,Congo (Brazzaville),1.0125343744513042,381.25662089584404,0.47888640137272914,1.0003072586552726,1591.0,2308.0,314.0
SZE,2,0.0,1.0,0.00013015647454480363,2,39.0,,,,0.0,0.41428705652237735,1.072604980309869,3223.0,900.0,
TLV,79,24490.80161266969,0.4037650113599481,0.0012795285002903357,31,98.0,Ben Gurion International Airport,Israel,0.2439422942553276,310.01014699581884,0.5883824643660195,1.02523047166856,138.0,1578.0,696.0
ADE,18,668.4265360779849,0.5424836601307189,0.00034164711149283834,12,69.44444444444444,Aden International Airport,Yemen,0.06122552630393898,37.13480755988805,0.48825058246395386,0.9872129159926046,1353.0,2854.0,804.0
AHB,11,6.124376113457395,0.7636363636363637,0.00023326189951140526,9,62.90909090909091,Abha Regional Airport,Saudi Arabia,-1.0896608771313498,0.5567614648597632,0.48278257745759157,1.0514978003755695,1484.0,1145.0,1608.0
AMM,58,8636.215390292526,0.38233514821536596,0.0010492187201243373,28,87.89655172413794,Queen Alia International Airport,Jordan,0.11528765536084172,148.90026534987112,0.5582633289082934,1.0477354946964197,298.0,1203.0,768.0
ASM,9,3412.021353841987,0.5277777777777778,0.00022318395645392597,8,39.44444444444444,Asmara International Airport,Eritrea,1.0107755298985397,379.1134837602208,0.4843529532743108,1.0013611101272348,1456.0,2259.0,315.0
AUH,90,47191.40296932577,0.2751560549313358,0.001700613780928287,29,79.88888888888889,Abu Dhabi International Airport,United Arab Emirates,0.3656689317791771,524.3489218813975,0.5891794329773855,1.0078805045260093,134.0,2044.0,611.0
BBO,7,3108.3250083728226,0.4285714285714286,0.00020513061290174984,6,45.285714285714285,Berbera Airport,Somalia,1.1415570181971566,444.0464297675461,0.47837377365946393,1.01674641465879,1600.0,1783.0,274.0
GXF,4,0.0,1.0,0.0001166352951639605,4,61.0,Sayun International Airport,Yemen,,0.0,0.4511154968227364,1.0134227784169587,2329.0,1882.0,
MGQ,8,37.06352458267162,0.39285714285714285,0.0003035850432379377,6,17.75,Aden Adde International Airport,Somalia,-0.3253513981876814,4.632940572833952,0.4989109795664383,1.1229982789465642,1108.0,556.0,1075.0
RIY,9,3396.906793321173,0.6666666666666666,0.00022158098560674002,8,72.55555555555556,Mukalla International Airport,Yemen,1.0093903095396657,377.434088146797,0.4816553355755262,1.0227271260785773,1504.0,1635.0,317.0
SHJ,80,9054.146926134277,0.160126582278481,0.0015866849183863115,22,33.025,Sharjah International Airport,United Arab Emirates,-0.07453470803165675,113.17683657667847,0.5992387373845608,1.0902977679677102,97.0,749.0,897.0
ADF,2,0.0,1.0,8.226399007810747e-05,2,140.5,Adıyaman Airport,Turkey,,0.0,0.447073088375064,0.9887945166035242,2404.5,2795.5,
ADK,1,0.0,0.0,9.94454689507138e-05,1,34.0,Adak Airport,United States,,0.0,0.44590727031434535,1.2381665067654022,2425.5,283.5,
ANC,34,424761.4196493721,0.0962566844919786,0.0022094357234602583,10,39.61764705882353,Ted Stevens Anchorage International Airport,United States,1.6704938790912502,12492.982930863885,0.6328284453899704,1.476313915085966,25.0,74.0,148.0
ADL,26,26507.894462568438,0.24615384615384617,0.001122843915868331,10,37.96153846153846,Adelaide International Airport,Australia,0.9755954580582414,1019.5344024064784,0.5551622735060996,1.0124530597254722,324.0,1910.0,325.0
AKL,50,91723.47599521145,0.15183673469387757,0.0020414323658213707,16,39.54,Auckland International Airport,New Zealand,0.9469278520374802,1834.4695199042292,0.6101370585903293,1.225615239782046,68.0,298.0,332.0
ASP,8,21.704587818362704,0.8214285714285714,0.00031795716745272796,7,39.75,Alice Springs Airport,Australia,-0.49231206763444446,2.713073477295338,0.4894673810426007,1.1164302220430917,1327.0,585.0,1213.0
BHQ,4,5.083333333333334,0.6666666666666666,0.0002012116408372232,3,29.25,Broken Hill Airport,Australia,-0.504286552128734,1.2708333333333335,0.454517320018102,0.9901609541216146,2262.0,2730.0,1222.0
BNE,61,186488.4910151836,0.1185792349726776,0.00227726315939902,16,34.459016393442624,Brisbane International Airport,Australia,1.041834743962353,3057.188377298092,0.6327389330734252,1.3039596870850052,26.0,207.0,298.0
CBR,6,4.2978844684727004,0.8666666666666666,0.00023404049241616153,6,46.333333333333336,Canberra International Airport,Australia,-0.814582714440941,0.7163140780787834,0.47995669421266474,1.0459818689047693,1559.0,1219.0,1434.0
CED,1,0.0,0.0,8.09179346522056e-05,1,26.0,Ceduna Airport,Australia,,0.0,0.4255095735761523,1.0202219764739442,2873.0,1703.0,
CPD,1,0.0,0.0,8.09179346522056e-05,1,26.0,Coober Pedy Airport,Australia,,0.0,0.4255095735761523,1.0202219764739442,2873.0,1703.0,
DPS,42,35837.39284834912,0.25435540069686413,0.0013095658318770553,17,48.92857142857143,Ngurah Rai (Bali) International Airport,Indonesia,0.7646137689004379,853.2712582940267,0.5614563286632122,1.058757400404637,278.0,1054.0,408.0
DRW,20,18829.335205033585,0.3263157894736842,0.0008037267971202934,10,35.15,Darwin International Airport,Australia,1.035775660423264,941.4667602516793,0.5357921089533607,0.9886963872237887,554.0,2802.0,302.0
KGC,1,0.0,0.0,8.09179346522056e-05,1,26.0,Kingscote Airport,Australia,,0.0,0.4255095735761523,1.0202219764739442,2873.0,1703.0,
KGI,3,0.0,1.0,0.00014142103777412131,3,39.666666666666664,Kalgoorlie Boulder Airport,Australia,,0.0,0.42935450746903675,0.9839110083510703,2786.0,2956.0,
KUL,112,106208.46090058613,0.1740669240669241,0.002606877859052287,25,52.901785714285715,Kuala Lumpur International Airport,Malaysia,0.4796568435946226,948.289829469519,0.6146993146884893,1.1449560784292057,59.0,487.0,552.0
MGB,2,0.0,1.0,0.00010855269969097091,2,40.5,Mount Gambier Airport,Australia,,0.0,0.4091009095811774,0.9692083013550981,3398.0,3337.0,
MQL,4,1.9000003814370219,0.8333333333333334,0.00018256470667494154,3,42.5,Mildura Airport,Australia,-0.8113417186196356,0.47500009535925547,0.46191516691145645,1.0438869908616273,2066.0,1265.0,1431.0
OLP,1,0.0,0.0,8.09179346522056e-05,1,26.0,Olympic Dam Airport,Australia,,0.0,0.4255095735761523,1.0202219764739442,2873.0,1703.0,
OOL,13,2969.6095399509336,0.5,0.00044511530844513336,9,52.69230769230769,Gold Coast Airport,Australia,0.7335259082221043,228.43150307314875,0.4878424603825549,0.9872472345261613,1361.0,2852.0,433.0
PER,38,46269.721916217335,0.21337126600284495,0.0014694080554839579,16,42.60526315789474,Perth International Airport,Australia,0.9079972333485961,1217.6242609530877,0.5763075379205803,1.1084888579222922,191.0,618.0,352.0
PLO,1,0.0,0.0,8.09179346522056e-05,1,26.0,Port Lincoln Airport,Australia,,0.0,0.4255095735761523,1.0202219764739442,2873.0,1703.0,
PUG,1,0.0,0.0,8.09179346522056e-05,1,26.0,Port Augusta Airport,Australia,,0.0,0.4255095735761523,1.0202219764739442,2873.0,1703.0,
SIN,125,182541.02548987363,0.17483870967741935,0.00284881587765561,25,59.536,Singapore Changi Airport,Singapore,0.5787775385737524,1460.328203918989,0.6266279898331619,1.1776355653281685,32.0,401.0,508.0
WYA,1,0.0,0.0,8.09179346522056e-05,1,26.0,Whyalla Airport,Australia,,0.0,0.4255095735761523,1.0202219764739442,2873.0,1703.0,
ADQ,8,37284.0,0.03571428571428571,0.00038254175151889916,2,5.75,Kodiak Airport,United States,1.8318021034484906,4660.5,0.5752448510931781,1.0234314034092753,194.0,1615.0,85.0
AKK,1,0.0,0.0,8.485463696311441e-05,1,8.0,Akhiok Airport,United States,,0.0,0.45843098921850206,0.9950432551825991,2158.5,2534.5,
AOS,2,3395.0,0.0,8.485463696312459e-05,1,4.5,,,1.9659971873737032,1697.5,0.5635180714770448,1.1824596391295306,259.5,389.5,47.0
KKB,2,6788.0,0.0,8.485463696312459e-05,1,5.0,,,2.18217555175408,3394.0,0.5645896372844905,1.2036224048363804,253.0,327.0,15.0
KLN,2,3395.0,0.0,8.485463696312459e-05,1,4.5,Larsen Bay Airport,United States,1.9659971873737032,1697.5,0.5635180714770448,1.1824596391295306,259.5,389.5,47.0
KOZ,2,0.0,1.0,8.485463696311441e-05,2,5.0,,,,0.0,0.4855795394697781,1.5248856935739967,1424.0,59.0,
OLH,1,0.0,0.0,8.485463696311441e-05,1,8.0,,,,0.0,0.45843098921850206,0.9950432551825991,2158.5,2534.5,
ORI,2,0.0,1.0,0.00012091785767243205,2,5.0,,,,0.0,0.4714101011950374,1.153260896811745,1792.0,461.0,
ADU,2,0.0,1.0,0.0001060806369051079,2,39.0,Ardabil Airport,Iran,,0.0,0.4079416571085199,0.9575639308942946,3423.5,3404.5,
ADZ,8,3397.309523809524,0.5714285714285714,0.0003125606620570763,6,25.125,Gustavo Rojas Pinilla International Airport,Colombia,1.084352097851963,424.6636904761905,0.49608362634120784,1.0061211915527495,1162.0,2111.0,286.0
BAQ,6,27.220463572503967,0.9333333333333333,0.00020434451414218013,6,54.666666666666664,Ernesto Cortissoz International Airport,Colombia,-0.23865646283297726,4.536743928750661,0.48818531126807896,1.049145572401628,1356.0,1185.0,1020.0
BOG,74,141911.42723242342,0.14365049981488337,0.0028803583347117444,20,45.513513513513516,El Dorado International Airport,Colombia,0.8337096493598273,1917.7219896273434,0.6325128172142394,1.1937156487544733,28.0,365.0,385.0
CLO,18,8478.655365304117,0.34640522875817,0.0006647546848266437,9,35.0,Alfonso Bonilla Aragon International Airport,Colombia,0.8538549333233585,471.03640918356206,0.5194134233358444,0.9804788245084912,787.0,3029.0,374.0
CTG,8,199.80755312837886,0.7857142857142857,0.0002379039294025294,7,73.375,Rafael Nuñez International Airport,Colombia,0.20030198405066224,24.975944141047357,0.4708495382021841,1.010006767306136,1806.0,1982.0,728.0
MDE,18,1376.4765041539301,0.45098039215686275,0.0005240268847338341,11,51.72222222222222,Jose Maria Córdova International Airport,Colombia,0.2866092362201346,76.47091689744056,0.49509376832379615,0.9747237728012574,1185.0,3228.0,664.0
PEI,4,66.02118511865699,0.6666666666666666,0.00018285404772910545,3,40.5,Matecaña International Airport,Colombia,0.2957150162462332,16.505296279664247,0.45452967282868684,1.0021889387889342,2261.0,2239.0,656.0
PTY,72,39721.28454848576,0.24921752738654146,0.001714457525531292,23,59.625,Tocumen International Airport,Panama,0.45384890694643915,551.6845076178578,0.5718866479641431,1.0083545439049055,218.0,2032.0,565.0
PVA,1,0.0,0.0,7.741914620777061e-05,1,8.0,El Embrujo Airport,Colombia,,0.0,0.45811254929449163,1.0172208886902352,2165.0,1776.0,
AEB,3,0.0,1.0,8.957269658101852e-05,3,93.33333333333333,Baise Youjiang Airport,China,,0.0,0.44911086081404333,0.9958039677308548,2359.0,2496.0,
KWL,41,330.00210707445274,0.6475609756097561,0.0006676646675269235,25,66.95121951219512,Guilin Liangjiang International Airport,China,-0.6826599079955531,8.0488318798647,0.5541613530363488,1.009443833948233,333.0,2005.0,1337.0
AEP,44,81767.68373820205,0.05813953488372093,0.0023730833090941923,8,9.318181818181818,Jorge Newbery Airpark,Argentina,0.9923969093418621,1858.356448595501,0.646078248920737,1.3706139225369478,15.0,148.0,320.0
AFA,3,0.5,0.6666666666666666,0.00016857082008250735,2,16.0,Suboficial Ay Santiago Germano Airport,Argentina,-1.0448762992117955,0.16666666666666666,0.4567081672719586,0.9925270882184478,2198.0,2639.0,1581.5
ASU,10,664.8755746153022,0.6666666666666666,0.0003256492536812052,8,51.1,Silvio Pettirossi International Airport,Paraguay,0.433469687930441,66.48755746153022,0.4759893940645205,1.0102666921328132,1668.0,1973.0,577.0
BHI,3,0.6432011401051648,0.6666666666666666,0.00019894180243214938,2,17.666666666666668,Comandante Espora Airport,Argentina,-0.9662962510126962,0.21440038003505493,0.4613426797663691,1.0011830745261698,2076.0,2268.0,1523.0
BRC,7,814.6171839280684,0.5714285714285714,0.00028675606751921227,4,17.285714285714285,San Carlos De Bariloche Airport,Argentina,0.7237351170943619,116.37388341829548,0.48999739109605794,1.0149418981818303,1317.0,1827.0,440.0
COR,11,3977.6358092830874,0.43636363636363634,0.0004344753180556331,6,33.90909090909091,Ingeniero Ambrosio Taravella Airport,Argentina,0.9309810363793254,361.60325538937155,0.49274324925779217,1.0076284884492923,1246.0,2060.0,341.0
CPC,1,0.0,0.0,9.111936220676074e-05,1,44.0,Aviador C. Campos Airport,Argentina,,0.0,0.43844859476931297,1.0638498265257563,2562.5,996.5,
CRD,6,6.333333333333333,0.5333333333333333,0.0003317198481992838,4,11.833333333333334,General E. Mosconi Airport,Argentina,-0.6936144606624908,1.0555555555555556,0.5044312509035274,1.0770336680457553,1009.0,859.0,1344.0
CTC,1,0.0,0.0,9.111936220676074e-05,1,44.0,Catamarca Airport,Argentina,,0.0,0.43844859476931297,1.0638498265257563,2562.5,996.5,
CWB,24,10806.554385964491,0.34057971014492755,0.0007991349303446367,9,28.333333333333332,Afonso Pena Airport,Brazil,0.7465474428715145,450.2730994151871,0.5403764423062799,0.9933859099162723,496.0,2604.0,421.0
EQS,4,0.0,1.0,0.000176883941016647,4,16.0,Brigadier Antonio Parodi Airport,Argentina,,0.0,0.4751386714961037,1.0355856819631961,1686.0,1382.0,
FLN,12,5651.8893605417725,0.4696969696969697,0.00043767611075271653,8,34.25,Hercílio Luz International Airport,Brazil,0.9852414198656526,470.9907800451477,0.5011620283253159,1.0045675623135066,1054.0,2166.0,322.0
FMA,1,0.0,0.0,9.111936220676074e-05,1,44.0,Formosa Airport,Argentina,,0.0,0.43844859476931297,1.0638498265257563,2562.5,996.5,
FTE,3,2.6914202013572828,0.6666666666666666,0.00017388230258650342,3,29.666666666666668,El Calafate Airport,Argentina,-0.5196925441425623,0.8971400671190942,0.45085870071510614,0.9892987164785831,2331.0,2769.0,1232.0
GIG,50,65908.86803888118,0.2816326530612245,0.0012571535994243164,20,70.92,Rio Galeão – Tom Jobim International Airport,Brazil,0.8438061947290958,1318.1773607776236,0.5650837768506537,1.0114620662294354,251.0,1944.0,377.0
GRU,92,236655.31620765332,0.16841853798375536,0.002308162643246558,29,65.41304347826087,Guarulhos - Governador André Franco Montoro International Airport,Brazil,0.8547736481186007,2572.340393561449,0.6135415679692782,1.0370255986997108,63.0,1361.0,373.0
IGR,3,191.22987210334117,0.3333333333333333,0.0001597086096056296,3,29.666666666666668,Cataratas Del Iguazú International Airport,Argentina,0.810541933079153,63.74329070111372,0.49138728031669815,1.0734129897996405,1279.0,896.0,392.0
IRJ,1,0.0,0.0,9.111936220676074e-05,1,44.0,Capitan V A Almonacid Airport,Argentina,,0.0,0.43844859476931297,1.0638498265257563,2562.5,996.5,
JUJ,2,0.0,1.0,0.00012469245496556043,2,27.5,Gobernador Horacio Guzman International Airport,Argentina,,0.0,0.4126422352575398,1.105840405952313,3311.0,630.0,
LUQ,2,0.0,1.0,0.0001627619607417826,2,23.5,Brigadier Mayor D Cesar Raul Ojeda Airport,Argentina,,0.0,0.4289647373854295,1.5262140030318856,2789.0,58.0,
MDQ,2,0.0,1.0,0.00014748620622915618,2,23.5,Ástor Piazzola International Airport,Argentina,,0.0,0.4206237116440378,1.2731204723959697,3017.0,241.0,
MDZ,8,2094.6099784219346,0.42857142857142855,0.00035900007151658963,4,19.125,El Plumerillo Airport,Argentina,0.9334579370099535,261.8262473027418,0.49911813265411037,0.9983269697788354,1103.0,2396.0,338.0
MVD,12,1373.304260336239,0.7727272727272727,0.00035285094066386146,9,63.083333333333336,Carrasco International /General C L Berisso Airport,Uruguay,0.5438160568241254,114.44202169468657,0.4972748509664356,1.0622893492771865,1142.0,1013.0,514.0
NQN,3,0.3333333333333333,0.6666666666666666,0.0002052026957760722,3,19.333333333333332,Presidente Peron Airport,Argentina,-1.1713863038066616,0.1111111111111111,0.4522972794710357,1.014107075880973,2301.0,1858.0,1640.5
PDP,2,0.0,1.0,0.0001292250939410731,2,24.5,Capitan Corbeta CA Curbelo International Airport,Uruguay,,0.0,0.4132510978199217,1.059272010609307,3274.0,1047.0,
PMY,1,0.0,0.0,9.111936220676074e-05,1,44.0,El Tehuelche Airport,Argentina,,0.0,0.43844859476931297,1.0638498265257563,2562.5,996.5,
POA,29,27356.407377618583,0.25123152709359603,0.0009027953323205799,9,30.137931034482758,Salgado Filho Airport,Brazil,0.915961930638298,943.3243923316753,0.5566675557462808,0.9964940235797142,314.0,2466.0,348.0
PRA,1,0.0,0.0,9.111936220676074e-05,1,44.0,General Urquiza Airport,Argentina,,0.0,0.43844859476931297,1.0638498265257563,2562.5,996.5,
PSS,1,0.0,0.0,9.111936220676074e-05,1,44.0,Libertador Gral D Jose De San Martin Airport,Argentina,,0.0,0.43844859476931297,1.0638498265257563,2562.5,996.5,
REL,7,1784.8677201973035,0.4285714285714286,0.00031864095937439977,4,15.285714285714286,Almirante Marco Andres Zar Airport,Argentina,0.9684715426894798,254.98110288532908,0.5005783229294294,0.9927759208860324,1065.0,2630.0,326.0
RES,1,0.0,0.0,9.111936220676074e-05,1,44.0,Resistencia International Airport,Argentina,,0.0,0.43844859476931297,1.0638498265257563,2562.5,996.5,
RGA,2,0.0,1.0,0.00013769738896480827,2,25.0,Hermes Quijada International Airport,Argentina,,0.0,0.417564417717666,1.1821832250774742,3111.0,392.0,
RGL,6,210.84297680780307,0.26666666666666666,0.0002739883926946335,3,10.5,Piloto Civil N. Fernández Airport,Argentina,0.4000773591814602,35.14049613463384,0.5097822822074801,1.0699533404784007,920.0,926.0,594.0
RHD,1,0.0,0.0,9.111936220676074e-05,1,44.0,Termas de Río Hondo international Airport,Argentina,,0.0,0.43844859476931297,1.0638498265257563,2562.5,996.5,
ROS,5,1344.6299859958594,0.6,0.00022415136314329494,4,38.0,Islas Malvinas Airport,Argentina,1.0941403792315085,268.9259971991719,0.4670351088779496,1.0102543737826917,1894.0,1974.0,282.0
RSA,2,0.0,1.0,9.111936220676074e-05,2,23.5,Santa Rosa Airport,Argentina,,0.0,0.4164394240658804,1.063457608461346,3165.0,1006.0,
SCL,41,85115.78850726112,0.2268292682926829,0.001328381184903974,18,55.0,Comodoro Arturo Merino Benítez International Airport,Chile,1.0498397317355814,2075.994841640515,0.5711370452752911,1.0821016587867722,224.0,815.0,295.0
SDE,1,0.0,0.0,9.111936220676074e-05,1,44.0,Vicecomodoro Angel D. La Paz Aragonés Airport,Argentina,,0.0,0.43844859476931297,1.0638498265257563,2562.5,996.5,
SFN,1,0.0,0.0,9.111936220676074e-05,1,44.0,Sauce Viejo Airport,Argentina,,0.0,0.43844859476931297,1.0638498265257563,2562.5,996.5,
SLA,4,0.6666666666666666,0.6666666666666666,0.00021353609351411912,3,16.5,Martin Miguel De Guemes International Airport,Argentina,-1.1381179406097655,0.16666666666666666,0.46349408701023076,1.0085167927832743,2005.0,2029.0,1627.0
TUC,1,0.0,0.0,9.111936220676074e-05,1,44.0,Teniente Benjamin Matienzo Airport,Argentina,,0.0,0.43844859476931297,1.0638498265257563,2562.5,996.5,
UAQ,2,0.0,1.0,9.111936220676074e-05,2,26.0,Domingo Faustino Sarmiento Airport,Argentina,,0.0,0.41567872814946083,1.0246242184538983,3192.0,1596.0,
USH,4,450.29750390643295,0.5,0.00021017686889143508,3,23.5,Malvinas Argentinas Airport,Argentina,0.8947572109292611,112.57437597660824,0.472119777109974,1.012586446492351,1774.0,1907.0,360.0
VDM,2,0.0,1.0,9.111936220676074e-05,2,25.5,Gobernador Castello Airport,Argentina,,0.0,0.4155406579907738,1.0313815661651957,3193.0,1448.0,
AER,18,157.75193970773003,0.5163398692810458,0.0003449723273696982,13,63.888888888888886,Sochi International Airport,Russia,-0.3892895327779881,8.763996650429446,0.4943102019343386,0.9982926496622296,1208.0,2401.0,1126.0
DYU,31,2044.9211828151776,0.30537634408602155,0.0005965925220850577,15,57.38709677419355,Dushanbe Airport,Tajikistan,0.06430600158621776,65.9651994456509,0.5148564747793067,1.0046431207435955,853.0,2162.0,801.0
EVN,33,901.3594817154361,0.36174242424242425,0.0005850399384783852,19,65.75757575757575,Zvartnots International Airport,Armenia,-0.23106831148370732,27.31392368834655,0.513107957624394,1.0256653648271177,877.0,1567.0,1010.0
KIV,25,454.0658672818345,0.4666666666666666,0.00038995664224562843,22,100.96,Chişinău International Airport,Moldova,-0.26839444896825915,18.162634691273382,0.523017354458899,0.9834269533842369,720.0,2965.0,1041.0
KJA,31,11540.086434395447,0.32903225806451614,0.0007345608923166345,15,50.25806451612903,Yemelyanovo Airport,Russia,0.6042327362561836,372.26085272243375,0.5252911079990656,1.0036077952494422,692.0,2189.0,495.0
KRR,35,1610.5712580644313,0.3596638655462185,0.0006088624309261403,20,65.94285714285714,Krasnodar Pashkovsky International Airport,Russia,-0.08739395864918542,46.01632165898375,0.5116413440132395,1.0018345815523737,890.0,2248.0,909.0
KZN,21,284.549755155008,0.42857142857142855,0.0004062015411600504,13,57.23809523809524,Kazan International Airport,Russia,-0.30329769413656704,13.549988340714666,0.5004074099390655,1.007849227434083,1070.0,2047.0,1057.0
LBD,19,147.0455925522655,0.368421052631579,0.0003873298891373748,12,38.26315789473684,Khudzhand Airport,Tajikistan,-0.4456116265565319,7.739241713277131,0.5197681709450054,1.1651453017703497,782.0,431.0,1176.0
MSQ,41,956.6100413944215,0.48048780487804876,0.0006521897501906769,27,90.85365853658537,Minsk National Airport,Belarus,-0.3505864720116084,23.33195222913223,0.5397432140624722,0.9801123051226658,501.0,3038.0,1096.0
OMS,15,66.62044205513665,0.44761904761904764,0.0003023172964811699,12,58.53333333333333,Omsk Central Airport,Russia,-0.5422683758115102,4.441362803675776,0.49584486387345383,1.0553570496382718,1164.0,1090.0,1251.0
SVX,67,24328.047447209025,0.1899592944369064,0.0013494483124369464,22,47.61194029850746,Koltsovo Airport,Russia,0.34666690495842234,363.10518577923915,0.5738975028695626,1.0133530346748056,206.0,1887.0,621.0
TAS,57,12376.4753136897,0.2769423558897243,0.0010829415171008136,24,67.78947368421052,Tashkent International Airport,Uzbekistan,0.23862324416101416,217.13114585420527,0.5415990197330115,0.9919601757275781,475.0,2668.0,700.0
VKO,74,47455.73635287048,0.14550166604961123,0.0014823120045769397,26,55.91891891891892,Vnukovo International Airport,Russia,0.4919298575428267,641.2937344982497,0.591362665517635,1.0672180845109702,128.0,962.0,543.0
AES,10,1.806927860149481,0.8,0.00018167068991166582,10,97.7,Ålesund Airport,Norway,-1.4098887867661425,0.1806927860149481,0.49092490430059216,0.9866215780799921,1289.0,2866.0,1726.0
GDN,47,2093.388007825629,0.32469935245143383,0.0006810422084104847,28,75.85106382978724,Gdańsk Lech Wałęsa Airport,Poland,-0.1931155161874018,44.5401703792687,0.5361530326327402,1.0109369461323257,550.0,1955.0,978.0
TRD,31,15530.813602669916,0.3419354838709677,0.0006296091717656544,19,54.25806451612903,Trondheim Airport Værnes,Norway,0.696900092209055,500.9939871829005,0.5258255487501293,0.983516073703307,684.0,2963.0,450.0
VNO,46,1825.1937902176264,0.3884057971014493,0.0006745543962377218,29,91.65217391304348,Vilnius International Airport,Lithuania,-0.22221098748358248,39.67812587429623,0.5446046136902021,0.9896302526139317,444.0,2758.0,1000.0
AET,3,1.0909090909090908,0.6666666666666666,0.0001917742741692341,2,10.666666666666666,Allakaket Airport,United States,-0.8014574187048403,0.3636363636363636,0.4648846181176066,0.9696792556680083,1965.0,3330.0,1422.0
BTT,4,1698.2121212121212,0.5,0.00030252240478325726,2,8.0,Bettles Airport,United States,1.308929136099756,424.5530303030303,0.5064136478975081,0.9896215295967472,980.0,2759.0,232.0
FAI,24,89886.4182968369,0.05797101449275362,0.0018615235982156783,3,8.166666666666666,Fairbanks International Airport,United States,1.4075119289242672,3745.267429034871,0.6369472311560894,1.2801753216085483,21.0,229.0,204.0
HUS,4,679.8060606060719,0.5,0.0001411894771683443,3,9.25,Hughes Airport,United States,1.0232746887399724,169.95151515151798,0.5046059957610323,1.048399800259365,1006.0,1195.0,306.0
AEX,3,0.0,1.0,9.933612224660398e-05,3,191.33333333333334,Alexandria International Airport,United States,,0.0,0.48131453416355885,1.1045398426136255,1519.5,642.5,
AEY,1,0.0,0.0,0.00013213567017947894,1,5.0,Akureyri Airport,Iceland,,0.0,0.4823686780124013,0.9923134974972607,1490.0,2647.0,
RKV,5,10182.0,0.1,0.0005172123195016351,2,3.4,Reykjavik Airport,Iceland,1.7258096055959673,2036.4,0.5778839138833212,1.080614942067819,183.0,829.0,113.0
AFL,1,0.0,0.0,8.118750565731322e-05,1,18.0,Piloto Osvaldo Marques Dias Airport,Brazil,,0.0,0.4319655180187633,0.9774281879837177,2712.0,3166.0,
CGB,18,17432.00357664769,0.2418300653594771,0.0007830620426776568,7,19.555555555555557,Marechal Rondon Airport,Brazil,1.0787394778113384,968.4446431470939,0.5456605992241789,1.005349125846424,434.0,2136.0,288.0
AFZ,1,0.0,0.0,8.213757479852197e-05,1,38.0,Sabzevar National Airport,Iran,,0.0,0.4251059816896232,1.0205693747739042,2888.0,1687.0,
AGA,22,1283.9224643858922,0.45454545454545453,0.0003507500723148122,19,105.95454545454545,Al Massira Airport,Morocco,0.13723920545787613,58.36011201754056,0.5142444295732476,0.9931801102290337,862.0,2617.0,754.0
EUN,3,0.0,1.0,8.873881577288699e-05,3,66.0,Hassan I Airport,Western Sahara,,0.0,0.44227193447190033,1.0023591445669562,2493.5,2232.5,
LIL,32,277.43486154307135,0.2862903225806452,0.00044783427500261593,22,52.40625,Lille-Lesquin Airport,France,-0.5791430980719547,8.66983942322098,0.5458721856455635,1.094566216979535,431.0,714.0,1279.0
VIL,3,0.0,1.0,8.873881577288699e-05,3,66.0,Dakhla Airport,Western Sahara,,0.0,0.44227193447190033,1.0023591445669562,2493.5,2232.5,
AGB,1,0.0,0.0,5.811166667400422e-05,1,86.0,Augsburg Airport,Germany,,0.0,0.4505115139621544,1.3872653551986296,2336.5,128.5,
AGF,2,0.0,1.0,9.29516694944114e-05,2,63.0,Agen-La Garenne Airport,France,,0.0,0.41299510688728536,0.9989172889111596,3291.0,2367.0,
DCM,3,1.8709597167149743,0.6666666666666666,0.00011520009006654623,2,50.333333333333336,Castres-Mazamet Airport,France,-0.633145588192204,0.6236532389049915,0.45560890227582257,1.0066709706865489,2237.0,2093.0,1306.0
AGH,2,6.36174961266567,0.0,8.710650914140169e-05,2,69.5,Ängelholm-Helsingborg Airport,Sweden,0.006637690223886833,3.180874806332835,0.5076583935528503,1.1034984373848153,958.0,650.0,848.0
AGM,5,13574.0,0.0,0.0006467957139700599,1,1.8,,,1.8155239136968944,2714.8,0.6202960592414245,1.3053824541929617,46.0,205.0,87.5
IOQ,1,0.0,0.0,0.00015416484723910196,1,5.0,,,,0.0,0.500389651526844,1.0441794774690283,1072.5,1260.5,
KUS,5,23971.992639787753,0.2,0.000461327397017142,2,5.8,,,1.9929745268327954,4794.398527957551,0.5631696484412944,1.0055385333963565,261.0,2131.0,30.0
KUZ,1,0.0,0.0,0.00015416484723910196,1,5.0,,,,0.0,0.500389651526844,1.0441794774690283,1072.5,1260.5,
SGG,1,0.0,0.0,0.00015416484723910196,1,5.0,,,,0.0,0.500389651526844,1.0441794774690283,1072.5,1260.5,
TQI,1,0.0,0.0,0.00015416484723910196,1,5.0,,,,0.0,0.500389651526844,1.0441794774690283,1072.5,1260.5,
AGN,2,0.0,1.0,0.00012334523978248905,2,9.0,Angoon Seaplane Base,United States,,0.0,0.4337507868087918,0.9939780531714908,2678.5,2575.5,
TKE,2,0.0,1.0,0.00014905302967935724,2,9.0,,,,0.0,0.4344003476527198,0.9659581740178765,2646.5,3358.5,
BOD,49,1217.2809085463261,0.5093537414965986,0.000701760288108756,31,88.77551020408163,Bordeaux-Mérignac Airport,France,-0.38878635413111373,24.842467521353594,0.5650224981695484,1.0146599995945031,252.0,1835.0,1125.0
BTS,18,90.9494539585514,0.4901960784313726,0.0002725957842086557,17,79.33333333333333,M. R. Štefánik Airport,Slovakia,-0.561120783385462,5.052747442141745,0.5093275267929731,1.013223926699298,931.0,1890.0,1259.0
BUD,77,3542.007649264866,0.42857142857142855,0.0010731892724510782,31,92.6103896103896,Budapest Liszt Ferenc International Airport,Hungary,-0.34305364211211836,46.00009934110216,0.5751750833831945,0.9685794320951578,195.0,3345.0,1091.0
BVE,5,4.98587379199798,0.5,0.00011493635593889073,5,91.0,Brive Souillac Airport,France,-0.6522739662886303,0.997174758399596,0.47171400417674747,1.0106637665058864,1784.0,1964.0,1318.0
CIA,50,403.1831517028436,0.3183673469387755,0.0006633236293992181,27,55.3,Ciampino–G. B. Pastine International Airport,Italy,-0.7464061359707759,8.063663034056871,0.5513875134104306,1.0742631675275414,367.0,890.0,1377.0
CWL,21,3439.5379329523143,0.4666666666666667,0.00032215199239422134,19,85.80952380952381,Cardiff International Airport,United Kingdom,0.47429386750419045,163.78752061677687,0.512738349155701,1.0550009606392665,880.0,1096.0,553.0
EXT,19,6037.638469156109,0.4502923976608187,0.0003393245638406936,14,86.78947368421052,Exeter International Airport,United Kingdom,0.7135211540271682,317.77044574505834,0.5099442057837759,1.0041530200406097,917.0,2174.0,443.0
FMM,21,65.9168048465802,0.29523809523809524,0.00030616085398102574,18,67.85714285714286,Memmingen Allgau Airport,Germany,-0.7596199251335423,3.1388954688847717,0.5329051210415259,1.071334303736233,585.0,909.0,1388.0
FMO,11,6.026988891085072,0.7272727272727273,0.0001789324385749105,11,104.9090909090909,Münster Osnabrück Airport,Germany,-1.0946622310864338,0.5479080810077338,0.4937923843752306,1.0192491816970568,1223.0,1723.0,1610.0
GSE,20,1415.1975138747277,0.3526315789473684,0.00031727936666765594,18,66.9,Gothenburg City Airport,Sweden,0.2282425991662714,70.75987569373639,0.5094621185860725,1.0310954161184198,928.0,1455.0,705.0
GVA,101,8832.272072243444,0.37168316831683174,0.0014357056096196094,31,89.13861386138613,Geneva Cointrin International Airport,Switzerland,-0.2305528842455288,87.448238339044,0.5869930697563259,1.0020703914665292,145.0,2243.0,1009.0
HAU,10,14.24395183401321,0.5555555555555556,0.00017315929871651006,10,82.1,Haugesund Airport,Norway,-0.7656761413547845,1.4243951834013209,0.4795819549676485,1.0264996056726634,1570.0,1550.0,1391.0
IBZ,59,822.5898174976937,0.3816481589713618,0.0007733771606772285,31,83.98305084745763,Ibiza Airport,Spain,-0.629208673484511,13.94220029657108,0.5566636746840519,0.9899579610004988,315.0,2743.0,1304.0
KRK,52,953.2854538868346,0.4110105580693816,0.0007087504093129136,31,88.25,Kraków John Paul II International Airport,Poland,-0.5028617340563399,18.33241257474682,0.5547194386446946,0.9997831938150942,327.0,2328.0,1218.0
MLN,4,0.9603722223403074,0.5,0.00010343808123137558,4,74.0,Melilla Airport,Spain,-1.024223937224387,0.24009305558507685,0.4751638117364486,1.0186781386871506,1685.0,1736.0,1557.0
MMX,13,4629.944788273223,0.23076923076923075,0.0002842733190377393,9,55.53846153846154,Malmö Sturup Airport,Sweden,0.8720949790267147,356.1495990979402,0.5031518268148207,1.0762635676291212,1029.0,867.0,364.0
MXP,113,24315.372295326608,0.3109987357774968,0.0016618143776234444,31,87.84955752212389,Malpensa International Airport,Italy,0.014004527252599602,215.18028579935051,0.5918607364427384,0.9984948690289571,126.0,2386.0,842.0
NUE,32,450.76344913572854,0.5080645161290323,0.0004330575247548815,26,101.34375,Nuremberg Airport,Germany,-0.4277060072838068,14.086357785491517,0.5424711509039791,0.9829853878775342,470.0,2973.0,1157.0
NYO,31,117.76413259745097,0.3333333333333333,0.0004315996403663977,23,58.29032258064516,Stockholm Skavsta Airport,Sweden,-0.8263108324923532,3.7988429870145475,0.547181329022483,1.0625344036785054,415.0,1011.0,1441.0
PRG,94,7959.407781012045,0.37428506062685885,0.0013503753184855465,31,85.2872340425532,Václav Havel Airport Prague,Czech Republic,-0.21732995547450193,84.67455086183027,0.5803047502162557,0.9879813528165607,168.0,2824.0,997.0
RTM,30,1410.492487388625,0.3333333333333333,0.00043070248718385,26,86.56666666666666,Rotterdam The Hague Airport,Netherlands,-0.030723174857866263,47.0164162462875,0.5291528853626088,1.0179666707451582,640.0,1757.0,871.0
RYG,35,158.53383147549545,0.39663865546218485,0.0004817481698870493,26,66.4,"Moss Airport, Rygge",Norway,-0.8107552966914381,4.529538042157013,0.5453541315946008,1.0168480418077084,436.0,1780.0,1429.0
SEN,14,2.549400889825108,0.6813186813186813,0.0002134935658754701,14,102.28571428571429,Southend Airport,United Kingdom,-1.5165233699616254,0.1821000635589363,0.5162957766292475,1.0997785725272478,832.0,673.0,1743.0
SOF,41,607.3067802889178,0.5439024390243903,0.0005828716789168674,31,111.5609756097561,Sofia Airport,Bulgaria,-0.492352822013889,14.812360494851655,0.5799135355881438,1.077649098074866,172.0,848.0,1214.0
TLS,47,9714.319218569412,0.5087881591119334,0.0007881500069409903,31,96.68085106382979,Toulouse-Blagnac Airport,France,0.2857659622370179,206.68764294828534,0.5815245341051719,1.0686252262554277,164.0,940.0,666.0
TMP,10,34.17572376791926,0.6222222222222222,0.0001761028397000781,10,87.6,Tampere-Pirkkala Airport,Finland,-0.49260843343485194,3.417572376791926,0.47099624919509664,0.9692372454139162,1800.0,3336.0,1215.0
TRF,30,261.8342298690466,0.41379310344827586,0.00044086625237393657,24,76.83333333333333,"Sandefjord Airport, Torp",Norway,-0.5561460623313079,8.727807662301554,0.5284358050800952,1.0065361157539015,652.0,2098.0,1257.0
TSF,38,208.094030521689,0.2972972972972973,0.0005172735905108804,26,58.8421052631579,Treviso-Sant'Angelo Airport,Italy,-0.7781948983263329,5.4761586979391845,0.5514073970978425,1.0709387168148394,366.0,914.0,1398.0
VLC,57,1609.0731006165483,0.4335839598997494,0.0007842386693559099,31,90.94736842105263,Valencia Airport,Spain,-0.3979248011524979,28.229352642395586,0.5552914105082273,0.9866436882305892,321.0,2865.0,1136.0
VST,3,0.012987012987012988,0.6666666666666666,8.105627745150371e-05,3,122.0,Stockholm Västerås Airport,Sweden,-2.1839257060405393,0.004329004329004329,0.4759031544894751,1.0699030008663462,1672.0,928.0,1806.0
WAW,78,11893.09349834715,0.38694638694638694,0.0011181767066546788,31,89.3076923076923,Warsaw Chopin Airport,Poland,0.026667199192285402,152.47555767111731,0.5728557897914315,0.9985333696109426,213.0,2384.0,833.0
WRO,31,380.66088122866097,0.46021505376344085,0.0004270068270467017,26,88.0,Copernicus Wrocław Airport,Poland,-0.4602504321133024,12.279383265440677,0.5336610927964213,0.9861516433528196,573.0,2876.0,1188.0
YUL,96,164307.3329646628,0.2138157894736842,0.002100343693054113,30,75.13541666666667,Montreal / Pierre Elliott Trudeau International Airport,Canada,0.7138577763549351,1711.5347183819042,0.6025262261462452,0.990303101564504,91.0,2721.0,442.0
AGR,3,747.2706735252125,0.6666666666666666,0.00010177702378128767,2,31.0,Agra Airport,India,1.2357991615063761,249.09022450840416,0.5100716820780924,1.3651711381922138,909.0,150.0,254.0
HJR,2,0.0,1.0,8.746481097128881e-05,2,4.5,Khajuraho Airport,India,,0.0,0.4945226361730744,1.483077587882527,1202.0,71.0,
AGS,3,0.0,1.0,9.507089562128038e-05,3,149.66666666666666,Augusta Regional At Bush Field,United States,,0.0,0.4656801946297049,1.0076761576855302,1943.5,2057.5,
DCA,91,6566.002400125495,0.293040293040293,0.0016695326198955098,30,52.46153846153846,Ronald Reagan Washington National Airport,United States,-0.256743585951311,72.1538725288516,0.5806610386948841,1.0534135324924516,167.0,1116.0,1030.0
AGT,2,0.0,1.0,9.321517815271203e-05,2,51.0,Guarani International Airport,Paraguay,,0.0,0.4103962970495153,0.978103117593545,3369.0,3136.0,
AGU,7,14.51510256507585,0.8095238095238094,0.00017919406793703708,7,106.57142857142857,Jesús Terán Paredo International Airport,Mexico,-0.5329023958092124,2.0735860807251214,0.468027248830659,0.9809512047844758,1871.0,3011.0,1239.0
CUN,81,25615.450520770955,0.2984567901234568,0.001541704543199663,30,78.03703703703704,Cancún International Airport,Mexico,0.24204707663067135,316.2401298860612,0.5728707077934517,1.0034077099467145,212.0,2192.0,697.0
AGX,1,0.0,0.0,6.300088837150643e-05,1,22.0,Agatti Airport,India,,0.0,0.4321224731455435,1.039022442900731,2709.0,1328.0,
COK,22,3487.169068170073,0.7012987012987013,0.0004863633825421427,18,64.13636363636364,Cochin International Airport,India,0.4489924333247645,158.5076849168215,0.5288201578571586,1.092170508483546,644.0,743.0,570.0
MED,43,7775.5279204690905,0.3133997785160576,0.0009526853312213982,22,49.55813953488372,Prince Mohammad Bin Abdulaziz Airport,Saudi Arabia,0.27288771519505056,180.8262307085835,0.5363700183397018,0.9718848583061847,549.0,3278.0,674.0
TIF,9,9.88499808536461,0.8611111111111112,0.00019852861837926845,9,100.22222222222223,Ta’if Regional Airport,Saudi Arabia,-0.8126360371080176,1.0983331205960678,0.48352366929279533,1.0022970714189845,1470.0,2235.0,1432.0
TUU,7,0.0,1.0,0.00017755265885960425,7,80.57142857142857,Tabuk Airport,Saudi Arabia,,0.0,0.4976197426537302,1.08314801532541,1136.0,800.0,
AHE,3,1.0,0.6666666666666666,0.00023491055528643395,2,12.666666666666666,Ahe Airport,French Polynesia,-0.8286060178879473,0.3333333333333333,0.4711059308423194,0.9817845977473535,1797.0,2998.0,1446.0
PPT,32,98923.99592093001,0.06653225806451613,0.0019237727733211905,5,14.15625,Faa'a International Airport,French Polynesia,1.2544023211048498,3091.374872529063,0.6363853937778393,1.2727281759368358,22.0,242.0,250.0
XMH,3,0.5,0.6666666666666666,0.00028228344802609884,2,13.666666666666666,Manihi Airport,French Polynesia,-1.0448762992117955,0.16666666666666666,0.48361290536986234,1.061213933972433,1468.0,1026.0,1581.5
AHN,1,0.0,0.0,6.0100363794856806e-05,1,47.0,Athens Ben Epps Airport,United States,,0.0,0.43260248701605747,1.0812158828888982,2701.0,821.0,
BNA,47,6017.100155944005,0.6614246068455134,0.0008786670973420982,30,85.25531914893617,Nashville International Airport,United States,0.1363135686122336,128.0234075732767,0.5905228482107064,1.25247569429199,132.0,263.0,755.0
AHO,31,809.8093514369084,0.30752688172043013,0.00044478218249940427,23,58.096774193548384,Alghero-Fertilia Airport,Italy,-0.22471566255125155,26.1228823044164,0.5305147859841541,1.0381102929898274,616.0,1346.0,1004.0
AOI,10,40.65142576277106,0.4,0.00016841901403205815,10,99.4,Ancona Falconara Airport,Italy,-0.43846861556200895,4.065142576277106,0.49287491429580216,1.063970690716893,1241.0,988.0,1166.0
CUF,5,12.27879494761437,0.2,0.00011127930045272053,5,51.6,Cuneo International Airport,Italy,-0.3710683792460799,2.455758989522874,0.5090875489897306,1.091118317797105,937.0,746.0,1110.0
GRO,50,2626.2493294128735,0.24081632653061225,0.0006907830527371966,26,52.86,Girona Airport,Spain,-0.161720159040294,52.52498658825747,0.5441439389420069,1.08259700771256,451.0,808.0,957.0
LIN,33,2102.4982775110634,0.4659090909090909,0.00048598330807443077,26,96.27272727272727,Milano Linate Airport,Italy,0.03319885814645677,63.71206901548677,0.5321461439014908,0.9985630828044576,594.0,2383.0,828.0
OTP,68,18561.46532993748,0.38454784899034244,0.0010660307883224125,31,85.91176470588235,Henri Coandă International Airport,Romania,0.2528302125583773,272.9627254402571,0.5664544488842017,1.0068257466400232,244.0,2088.0,690.0
PMF,4,0.7452405437199533,0.5,9.353397279772269e-05,4,62.5,Parma Airport,Italy,-1.1033545323246892,0.18631013592998832,0.4801046009244973,1.0696866468096007,1553.0,931.0,1614.0
PSA,65,2914.074645694506,0.3557692307692308,0.000872738197565183,31,74.98461538461538,Pisa International Airport,Italy,-0.29616888904716654,44.83191762606933,0.5519734078549562,0.9707590218467943,359.0,3307.0,1055.0
TRN,29,571.7880752493181,0.4655172413793104,0.00042924954432172776,23,104.58620689655173,Turin Airport,Italy,-0.290881266026656,19.71683018101097,0.5289330003563252,0.9876241320523361,643.0,2837.0,1053.0
TRS,11,23.706888249419784,0.4727272727272728,0.0001779312153222257,11,80.9090909090909,Trieste–Friuli Venezia Giulia Airport,Italy,-0.6673560586406592,2.155171659038162,0.48502777161997457,1.0324236306076269,1439.0,1429.0,1332.0
AHU,2,0.0,1.0,9.584475315250683e-05,2,47.5,Cherif Al Idrissi Airport,Morocco,,0.0,0.40941567556125086,0.9931813762685411,3393.0,2616.0,
AIA,2,0.0,1.0,6.564031622477524e-05,2,86.0,Alliance Municipal Airport,United States,,0.0,0.4565749695702669,1.4938490319793567,2203.0,67.0,
CDR,2,0.0,1.0,0.0001000038446553005,2,86.0,Chadron Municipal Airport,United States,,0.0,0.4246629373078655,1.1527104401932928,2911.0,462.0,
AIN,2,0.0,1.0,0.00017579195425155352,2,4.5,Wainwright Airport,United States,,0.0,0.48535132152675275,1.0073091634328608,1428.5,2071.0,
ATK,2,0.0,1.0,0.0001757919542515311,2,4.5,Atqasuk Edward Burnell Sr Memorial Airport,United States,,0.0,0.48535132152675275,1.0073091634329432,1428.5,2070.0,
BRW,7,11871.333333333338,0.2380952380952381,0.00046834774683891773,3,10.142857142857142,Wiley Post Will Rogers Memorial Airport,United States,1.559666452167327,1695.9047619047626,0.5376325150875381,0.9977650848657033,534.0,2428.0,163.0
AIT,2,0.0,1.0,0.00010302960280528016,2,5.5,Aitutaki Airport,Cook Islands,,0.0,0.46582316234577126,1.3323721579811878,1939.0,172.0,
AIU,2,0.0,1.0,0.00014681718399749607,2,5.5,Enua Airport,Cook Islands,,0.0,0.4617698128725844,1.0096203607200143,2069.0,1994.0,
RAR,9,17152.43690801997,0.16666666666666666,0.0006228002852585654,4,35.888888888888886,Rarotonga International Airport,Cook Islands,1.5146236438158114,1905.8263231133299,0.5351239296846159,1.093355974189904,559.0,725.0,177.0
AJA,26,4918.962706976834,0.3753846153846154,0.0004524701928195001,18,68.57692307692308,Ajaccio-Napoléon Bonaparte Airport,France,0.4500595269350158,189.19087334526284,0.5011285614786626,1.0118441184890106,1055.0,1937.0,568.0
AVN,2,0.2857142857142857,0.0,7.595580353144025e-05,2,18.0,Avignon-Caumont Airport,France,-0.9615564582287508,0.14285714285714285,0.4928384762821553,2.5992066995225986,1245.0,18.0,1517.0
BES,11,18.301127000794043,0.6363636363636364,0.00019779866228393782,11,85.18181818181819,Brest Bretagne Airport,France,-0.7481057184910973,1.6637388182540038,0.4768734244002245,0.9910648943573892,1641.0,2701.0,1380.0
CFR,4,0.0,1.0,0.00010250215594130173,4,79.25,Caen-Carpiquet Airport,France,,0.0,0.45777008216502574,0.9853662074448579,2176.0,2907.0,
LGG,8,27.470258872751245,0.25,0.00015978499414966895,7,43.125,Liège Airport,Belgium,-0.41880818314611806,3.4337823590939056,0.4970378550731301,1.1027636219701669,1148.0,654.0,1153.0
MPL,20,169.42478451521464,0.3526315789473684,0.00031055439279643903,18,89.1,Montpellier-Méditerranée Airport,France,-0.4340389803474003,8.471239225760732,0.5220143338362568,1.003374046104462,740.0,2193.0,1160.0
NCE,90,14254.545941370076,0.3390761548064919,0.001347351573960064,31,82.28888888888889,Nice-Côte d'Azur Airport,France,-0.00785189877213359,158.38384379300084,0.5730500722004002,1.0043164078589708,211.0,2172.0,856.0
OLB,33,85.92350463670738,0.5473484848484849,0.000453057000054486,26,95.54545454545455,Olbia Costa Smeralda Airport,Italy,-0.9644360461026865,2.6037425647487082,0.5537446142368995,1.0136674640481322,338.0,1873.0,1522.0
PIS,5,4.01625749588785,0.4,0.00011502293435173538,5,58.2,Poitiers-Biard Airport,France,-0.719749125306613,0.8032514991775701,0.4828377440084807,1.0603030844514572,1481.0,1035.0,1358.0
AJF,2,0.0,1.0,8.002794290247981e-05,2,96.0,Al-Jawf Domestic Airport,Saudi Arabia,,0.0,0.43124487447834964,0.9922356513994417,2726.0,2655.0,
AJI,2,0.0,1.0,8.226399007810747e-05,2,140.5,Ağrı Airport,Turkey,,0.0,0.447073088375064,0.9887945166035242,2404.5,2795.5,
AJL,3,0.0,1.0,0.00013150173015182725,3,18.0,Lengpui Airport,India,,0.0,0.43384636274789684,1.1748556365396399,2666.0,407.0,
CCU,37,21116.66745254524,0.24474474474474472,0.0010275117508514967,15,38.648648648648646,Netaji Subhash Chandra Bose International Airport,India,0.6802114819002378,570.7207419606822,0.5526053602148739,1.0773179159008264,349.0,852.0,459.0
GAU,12,2103.3050482256212,0.36363636363636365,0.00040008056417721935,5,34.25,Lokpriya Gopinath Bordoloi International Airport,India,0.676823752281182,175.27542068546845,0.49487951706419614,1.016541099195685,1193.0,1791.0,461.0
IMF,5,1.0,0.7,0.00020793008613737444,3,11.6,Imphal Airport,India,-1.1535552515362892,0.2,0.47573752311035883,1.0106439830338427,1675.0,1965.0,1631.0
AJR,1,0.0,0.0,0.00010981860451457582,1,2.0,Arvidsjaur Airport,Sweden,,0.0,0.5219158146432631,0.9919583395577941,743.5,2669.5,
LYC,2,3395.0,0.0,0.00015437418505970756,1,62.5,Lycksele Airport,Sweden,1.9659971873737032,1697.5,0.546977803454775,1.1309994017344716,417.5,531.5,47.0
AJU,8,21.741368574401825,0.8571428571428571,0.0002513759391399298,7,38.875,Santa Maria Airport,Brazil,-0.49178377716778987,2.717671071800228,0.485546701155566,1.0519254937488127,1425.0,1130.0,1212.0
BSB,45,64594.46796767387,0.2101010101010101,0.0014396472168708944,9,31.622222222222224,Presidente Juscelino Kubistschek International Airport,Brazil,0.9045434689548447,1435.4326215038636,0.5909863865761361,1.1907050708337528,129.0,369.0,356.0
MCZ,7,20.591436839470088,0.9523809523809524,0.00022281160631544542,7,42.0,Zumbi dos Palmares Airport,Brazil,-0.4237962586033523,2.9416338342100126,0.49919243857567647,1.0879182666410059,1099.0,770.0,1155.0
REC,18,5134.558877630006,0.4836601307189542,0.0004982815133427744,9,51.27777777777778,Guararapes - Gilberto Freyre International Airport,Brazil,0.6973628069563084,285.2532709794448,0.5002061848368575,0.9776702415335272,1079.0,3158.0,449.0
SDU,18,5809.077981446794,0.3986928104575163,0.0005975434864687986,8,22.0,Santos Dumont Airport,Brazil,0.735873809484516,322.7265545248219,0.5264090835366845,1.0290879876005739,680.0,1495.0,427.0
SSA,30,23217.82028394279,0.26436781609195403,0.0009481824327541982,9,37.86666666666667,Deputado Luiz Eduardo Magalhães International Airport,Brazil,0.843216737950332,773.927342798093,0.54976233934146,1.006095632279443,383.0,2112.0,378.0
VCP,51,30759.57804240905,0.10823529411764707,0.0017776364139706262,9,12.156862745098039,Viracopos International Airport,Brazil,0.5934337140466802,603.1289812237069,0.6222618785501672,1.2826612565764626,38.0,227.0,505.0
AKB,1,0.0,0.0,0.00020445269318520817,1,3.0,Atka Airport,United States,,0.0,0.5412323555576046,1.202266359034838,486.0,334.0,
DUT,3,3.0,0.0,0.0005655639434857646,1,1.0,Unalaska Airport,United States,-0.48582573196923284,1.0,0.621709160268903,1.6424268226047443,40.0,51.0,1202.5
AKF,2,0.0,1.0,8.473050387225295e-05,2,18.5,Kufra Airport,Libya,,0.0,0.4216226943217327,1.012290100755627,3007.0,1921.0,
BEN,12,707.1976829120508,0.5606060606060607,0.0002696497425228341,9,64.83333333333333,Benina International Airport,Libya,0.3367446498056555,58.9331402426709,0.468406667556991,0.9704039736569782,1858.0,3317.0,629.0
TIP,25,15609.396018554035,0.3066666666666667,0.0006300217033143099,15,67.96,Tripoli International Airport,Libya,0.8353126682114597,624.3758407421614,0.5193850250014718,0.9977232904941441,789.0,2430.0,383.0
AKI,2,1.0,0.0,0.000256929655503725,2,2.0,Akiak Airport,United States,-0.5706793007833109,0.5,0.5571868902469174,1.1706099758013981,309.5,415.0,1269.5
KKI,2,1.0,0.0,0.00025692965550371265,2,2.0,,,-0.5706793007833109,0.5,0.5571868902469174,1.170609975801386,309.5,416.0,1269.5
TLT,2,3393.0,0.0,0.0002435881789421947,2,15.5,,,1.965813326400582,1696.5,0.518402601663167,1.0450715929592822,798.5,1234.0,63.5
AKJ,3,0.0,1.0,0.00010589597308259089,3,73.33333333333333,Asahikawa Airport,Japan,,0.0,0.4327053480499188,0.9700410170501623,2693.0,3326.0,
HND,74,92617.99938738516,0.11810440577563865,0.0023030313878995936,23,43.648648648648646,Tokyo Haneda International Airport,Japan,0.7005679836374162,1251.5945863160157,0.6253415638955234,1.086468545093704,34.0,778.0,447.0
NGO,43,6287.964560730644,0.3067552602436323,0.0009350288758026321,22,58.44186046511628,Chubu Centrair International Airport,Japan,0.20663384566848075,146.2317339704801,0.5300302066923639,0.9796977982641581,628.0,3054.0,720.0
TPE,103,51614.639124043875,0.260422615648201,0.0019324102500831912,25,61.10679611650485,Taiwan Taoyuan International Airport,Taiwan,0.30779758986503475,501.11300120430946,0.5854548780099836,1.1191394772944168,153.0,571.0,646.0
APW,5,0.0,1.0,0.00020445842474482856,5,54.4,Faleolo International Airport,Samoa,,0.0,0.4783853440919608,1.4174434874182809,1599.0,112.0,
BHE,3,0.0,1.0,0.00016627691723850773,3,30.666666666666668,Woodbourne Airport,New Zealand,,0.0,0.4378149906344064,1.0059645345982497,2592.0,2116.0,
CHC,21,8377.49216971561,0.23809523809523808,0.0009592954478912858,7,22.714285714285715,Christchurch International Airport,New Zealand,0.7520505827584526,398.92819855788616,0.55030366937636,1.0058008105842584,377.0,2128.0,417.0
DUD,4,0.0,1.0,0.00019853814532990266,4,38.25,Dunedin Airport,New Zealand,,0.0,0.4640182859346942,1.2144169007652084,1989.0,311.0,
GIS,2,0.0,1.0,0.0001255068607031287,2,35.5,Gisborne Airport,New Zealand,,0.0,0.41240891278185615,1.052070670673896,3319.0,1126.0,
HLZ,4,0.0,1.0,0.0002096944146256851,4,24.25,Hamilton International Airport,New Zealand,,0.0,0.47299370873690605,1.1981028043072703,1749.5,354.0,
ICN,133,157570.89866373077,0.18967874231032125,0.002629752074233844,30,71.01503759398496,Incheon International Airport,South Korea,0.4934184421276626,1184.7435989754192,0.6179733859972468,0.9910923262255869,51.0,2700.0,542.0
KAT,1,0.0,0.0,8.276996499637408e-05,1,50.0,Kaitaia Airport,New Zealand,,0.0,0.4305062435988406,1.1987535724362284,2744.5,351.5,
KKE,1,0.0,0.0,8.276996499637408e-05,1,50.0,Kerikeri Airport,New Zealand,,0.0,0.4305062435988406,1.1987535724362284,2744.5,351.5,
NAN,24,43354.041110580896,0.213768115942029,0.0010191050095507436,9,36.083333333333336,Nadi International Airport,Fiji,1.1800092899844563,1806.4183796075374,0.5601008322069602,1.0078550905621244,286.0,2046.0,268.0
NOU,9,3721.821024241269,0.4444444444444444,0.000387796049516355,6,48.55555555555556,La Tontouta International Airport,New Caledonia,1.0378919313403514,413.53566936014096,0.48064958260592217,1.0013871918179083,1537.0,2258.0,300.0
NPE,3,0.0,1.0,0.00016627691723845428,3,30.666666666666668,Hawke's Bay Airport,New Zealand,,0.0,0.4378149906344064,1.0059645345980388,2592.0,2118.5,
NPL,3,0.0,1.0,0.00016627691723845428,3,30.666666666666668,New Plymouth Airport,New Zealand,,0.0,0.4378149906344064,1.0059645345980388,2592.0,2118.5,
NRT,104,210582.61943427584,0.2373039581777446,0.00213785485092438,30,84.92307692307692,Narita International Airport,Japan,0.7403630541332237,2024.8328791757292,0.6137691428326105,1.005249863851224,61.0,2140.0,424.0
NSN,4,0.0,1.0,0.00020969441462562392,4,24.25,Nelson Airport,New Zealand,,0.0,0.47299370873690605,1.1981028043069455,1749.5,355.0,
PMR,5,0.25,0.9,0.00025539704345429873,4,20.0,Palmerston North Airport,New Zealand,-1.586095814183986,0.05,0.49379632824892167,1.43014604573852,1222.0,107.0,1757.0
PPQ,2,0.0,1.0,0.00012354002153169968,2,35.5,Paraparaumu Airport,New Zealand,,0.0,0.4132470379440253,1.0562668896861505,3275.0,1079.0,
ROT,3,0.0,1.0,0.00016627691723845428,3,30.666666666666668,Rotorua Regional Airport,New Zealand,,0.0,0.4378149906344064,1.0059645345980388,2592.0,2118.5,
TBU,4,0.0,1.0,0.00019812109222965747,4,42.75,Fua'amotu International Airport,Tonga,,0.0,0.46525902686640264,1.2747963405298677,1957.0,238.0,
TRG,3,0.0,1.0,0.00016627691723845428,3,30.666666666666668,Tauranga Airport,New Zealand,,0.0,0.4378149906344064,1.0059645345980388,2592.0,2118.5,
TUO,2,0.0,1.0,0.0001255068607031287,2,35.5,Taupo Airport,New Zealand,,0.0,0.41240891278185615,1.052070670673896,3319.0,1126.0,
VLI,21,57821.16561299735,0.10952380952380954,0.001286106997465965,5,14.095238095238095,Bauerfield International Airport,Vanuatu,1.3547974473067128,2753.3888387141596,0.6056939587681158,1.1368416511999537,84.0,508.0,222.0
WAG,1,0.0,0.0,8.276996499637408e-05,1,50.0,Wanganui Airport,New Zealand,,0.0,0.4305062435988406,1.1987535724362284,2744.5,351.5,
WHK,1,0.0,0.0,8.276996499637408e-05,1,50.0,Whakatane Airport,New Zealand,,0.0,0.4305062435988406,1.1987535724362284,2744.5,351.5,
WLG,21,8645.851034187162,0.19047619047619047,0.0010558527174623167,6,15.238095238095237,Wellington International Airport,New Zealand,0.7618886197143961,411.7071921041506,0.5735069625089189,1.0759740026175537,208.0,869.0,410.0
WRE,2,0.0,1.0,0.0001255068607031287,2,35.5,Whangarei Airport,New Zealand,,0.0,0.41240891278185615,1.052070670673896,3319.0,1126.0,
ZQN,6,0.0,1.0,0.00025742744367477033,6,48.833333333333336,Queenstown International Airport,New Zealand,,0.0,0.5080109006679803,1.459928196031112,950.0,83.0,
AKN,10,37280.5,0.06666666666666667,0.0008659448107085941,2,5.2,King Salmon Airport,United States,1.6898254967169655,3728.05,0.6070547017851127,1.0857899209039235,79.0,784.0,144.0
DLG,2,0.0,1.0,0.00022212098380107497,2,22.0,Dillingham Airport,United States,,0.0,0.4542492007706137,1.3921796336382528,2268.0,126.0,
KCG,2,3393.0,0.0,0.0001668850907146027,2,6.0,,,1.965813326400582,1696.5,0.5215401689187011,0.9758508138060715,750.0,3202.0,63.5
KLL,2,0.0,1.0,0.0001668850907146027,2,6.0,,,,0.0,0.4594063657469188,1.001205848470187,2125.5,2264.5,
PIP,2,1697.0,0.0,0.0001668850907146027,2,6.0,Pilot Point Airport,United States,1.7496349891063836,848.5,0.5201751920995024,0.9855586379453044,774.0,2901.0,97.5
WSN,2,0.0,1.0,0.0001668850907146027,2,6.0,South Naknek Nr 2 Airport,United States,,0.0,0.4594063657469188,1.001205848470187,2125.5,2264.5,
AKP,3,1696.287878787879,0.6666666666666666,0.00028399552301774965,2,10.0,Anaktuvuk Pass Airport,United States,1.4915773132271064,565.429292929293,0.5082440918320265,1.0832614586695712,949.0,798.0,186.0
AKU,2,0.0,1.0,7.97784043742104e-05,2,81.5,Aksu Airport,China,,0.0,0.4301173782969846,1.0598589508240497,2767.5,1039.5,
CTU,108,49014.477139597744,0.22204915195569402,0.0020551468654730204,25,45.72222222222222,Chengdu Shuangliu International Airport,China,0.2615160262906408,453.8377512925717,0.599823288288551,1.1326477417699803,94.0,525.0,683.0
AKV,2,5647.593225157417,0.0,0.00021317094182315296,2,3.0,Akulivik Airport,Canada,2.124788149467738,2823.7966125787084,0.5415447404036159,0.9711325020470161,477.0,3298.0,24.0
YIK,2,2258.5932251572326,0.0,0.00024138646716618812,2,2.0,Ivujivik Airport,Canada,1.8388330494352696,1129.2966125786163,0.5544984270235729,1.0156877646419415,329.0,1813.0,81.0
YPX,4,9042.509891823076,0.16666666666666666,0.0003123393760627592,3,4.75,Puvirnituq Airport,Canada,1.8307258703665368,2260.627472955769,0.5431470013980091,1.001695618664278,462.0,2253.0,86.0
AKX,4,0.0,1.0,0.00011799542179993412,4,71.5,Aktobe Airport,Kazakhstan,,0.0,0.45051790421674587,1.0012663725270654,2335.0,2262.0,
ALA,45,17444.05130712642,0.27777777777777773,0.0009421183098299379,23,70.66666666666667,Almaty Airport,Kazakhstan,0.496079092574325,387.6455846028094,0.5377544363292664,0.9774916607962095,531.0,3162.0,540.0
SCO,17,717.9811313824451,0.3382352941176471,0.0003790444003238141,10,45.05882352941177,Aktau Airport,Kazakhstan,0.11989955596535332,42.23418419896736,0.49761955032548283,1.021956607930085,1137.0,1650.0,766.0
TSE,34,9912.801718990268,0.30124777183600715,0.0007377352171725429,19,65.11764705882354,Astana International Airport,Kazakhstan,0.49804595859896056,291.5529917350079,0.521944266941331,0.992139822106593,742.0,2664.0,537.0
AKY,2,0.0,1.0,0.00012492002899160178,2,15.5,Sittwe Airport,Burma,,0.0,0.41421587632537266,0.982575880848597,3224.5,2979.0,
RGN,29,40207.24552009427,0.33251231527093594,0.0009098168736091358,17,59.93103448275862,Yangon International Airport,Burma,1.0361166655159582,1386.4567420722162,0.5427074363110027,1.0097818272533514,465.0,1991.0,301.0
SNW,2,0.0,1.0,0.00012492002899156546,2,15.5,Thandwe Airport,Burma,,0.0,0.41421587632537266,0.9825758808486504,3224.5,2978.0,
CIT,10,57.76180654029225,0.5777777777777778,0.0002191019474368375,8,61.7,Shymkent Airport,Kazakhstan,-0.32886069341393387,5.776180654029225,0.4576189051053148,1.00818185256121,2179.0,2039.0,1080.0
DMB,5,2.046761658888349,0.7,0.00010950644635908506,5,68.6,Taraz Airport,Kazakhstan,-0.9300738457136629,0.4093523317776698,0.46547656621141575,1.02041369455048,1950.0,1697.0,1500.0
DZN,2,0.0,1.0,8.044852436803245e-05,2,39.5,Zhezkazgan Airport,Kazakhstan,,0.0,0.418821201884943,1.1615645764948563,3073.5,445.5,
FRU,22,1033.9789017223902,0.5108225108225108,0.00044943196529003397,15,67.68181818181819,Manas International Airport,Kyrgyzstan,0.06968689470922196,46.99904098738137,0.497936594983624,0.9813416262940261,1123.0,3005.0,795.0
GUW,7,740.6084868336856,0.6666666666666666,0.00017551521403317427,6,93.85714285714286,Atyrau Airport,Kazakhstan,0.6940171656250052,105.80121240481222,0.47278241861321163,1.0863332436652913,1759.0,780.0,451.0
GYD,39,1764.019341736535,0.43184885290148445,0.0006954780238525082,23,86.07692307692308,Heydar Aliyev International Airport,Azerbaijan,-0.12783641944004165,45.23126517273166,0.523391041217215,0.9928303181571655,713.0,2629.0,928.0
IKA,44,3718.306096514651,0.3995771670190275,0.0007690093646257002,25,95.54545454545455,Imam Khomeini International Airport,Iran,0.028088096494677337,84.50695673896934,0.5339673402329224,1.0067456929104819,571.0,2091.0,832.0
KBP,62,7109.798450095307,0.4262295081967213,0.0009992358621145356,31,91.2741935483871,Boryspil International Airport,Ukraine,0.01218016782556405,114.6741685499243,0.5684633418619836,0.9881168855102823,233.0,2820.0,844.0
KGF,6,122.63425938832756,0.5333333333333333,0.00016985037577429542,4,83.66666666666667,Sary-Arka Airport,Kazakhstan,0.23099576179419787,20.439043231387927,0.4662331519622178,1.056242990817436,1926.0,1080.0,702.0
KOV,2,0.0,1.0,8.059982135442937e-05,2,117.5,Kokshetau Airport,Kazakhstan,,0.0,0.43916852363401115,0.9989132999846227,2539.0,2368.0,
KSN,3,0.0,1.0,9.747508117732011e-05,3,51.0,Kostanay West Airport,Kazakhstan,,0.0,0.43297600442376405,1.0085440516207,2690.0,2028.0,
KUF,20,381.76076854362344,0.5052631578947369,0.0003691167542574194,15,72.55,Kurumoch International Airport,Russia,-0.18056503832189133,19.08803842718117,0.4984236326596199,0.9887236190294912,1117.0,2799.0,972.0
KZO,4,0.7,0.6666666666666666,0.0001234628809522027,4,25.5,Kzyl-Orda Southwest Airport,Kazakhstan,-1.1228948208644962,0.175,0.4597461314978848,0.9966478340317962,2116.0,2460.0,1625.0
OVB,53,9052.486383214497,0.260522496371553,0.0010436221441982997,22,54.867924528301884,Tolmachevo Airport,Russia,0.18732304144690617,170.80162987197164,0.5384562040321867,0.977243940816786,520.0,3170.0,733.0
PLX,3,0.0,1.0,0.00011141258309321611,3,28.333333333333332,Semipalatinsk Airport,Kazakhstan,,0.0,0.43479539131612355,1.1313260491988688,2639.0,529.0,
PPK,2,0.0,1.0,8.044852436803245e-05,2,39.5,Petropavlosk South Airport,Kazakhstan,,0.0,0.418821201884943,1.1615645764948563,3073.5,445.5,
PWQ,3,0.0,1.0,9.904320178369909e-05,3,89.66666666666667,Pavlodar Airport,Kazakhstan,,0.0,0.4386743192870373,0.9865754793940403,2555.0,2867.0,
SGN,54,44531.08923070141,0.26484975541579314,0.0014025432466667495,23,64.9074074074074,Tan Son Nhat International Airport,Vietnam,0.6725139288839199,824.6498005685446,0.5643357767870566,0.9878581885832156,255.0,2830.0,465.0
TBS,25,1013.102547891117,0.4766666666666666,0.00043508992607003033,19,96.44,Tbilisi International Airport,Georgia,-0.017995264612903895,40.52410191564468,0.5097034625433617,0.9975653148513792,923.0,2434.0,860.0
UKK,6,3433.70737057013,0.4666666666666667,0.00021856982629576591,4,46.5,Ust-Kamennogorsk Airport,Kazakhstan,1.2706790479281367,572.2845617616883,0.47386261385469697,1.0112672250382877,1715.0,1949.0,243.0
ALB,19,6789.839876948482,0.7602339181286549,0.0004386751595546746,17,107.0,Albany International Airport,United States,0.7501558648501031,357.3599935236043,0.5511391437386038,1.1778602291659157,369.0,400.0,420.0
CLE,56,17796.86514122042,0.5064935064935066,0.0011537438971481813,30,73.28571428571429,Cleveland Hopkins International Airport,United States,0.36321291876473344,317.80116323607893,0.579240299702515,1.0974871429998592,173.0,693.0,612.0
EWR,153,100794.4893132524,0.20528035775713793,0.0027414721216317225,30,69.14379084967321,Newark Liberty International Airport,United States,0.26489994275008977,658.7875118513228,0.6181116727216317,0.9777000601702651,50.0,3157.0,681.0
IAD,127,81239.2286939212,0.22734658167729033,0.002413455173788396,30,71.4015748031496,Washington Dulles International Airport,United States,0.31608239895281137,639.6789660938678,0.6028081620340385,0.9653636573607951,89.0,3363.0,642.0
MSS,1,0.0,0.0,6.383451721269674e-05,1,19.0,Massena International Richards Field,United States,,0.0,0.4343816935246091,1.057842368266674,2648.5,1061.5,
OGS,1,0.0,0.0,6.383451721269674e-05,1,19.0,Ogdensburg International Airport,United States,,0.0,0.4343816935246091,1.057842368266674,2648.5,1061.5,
EVE,7,584.1770430732735,0.7142857142857143,0.0002095002692705059,5,44.0,"Harstad/Narvik Airport, Evenes",Norway,0.6199866766982791,83.45386329618192,0.471525963480628,1.0211346598284226,1791.0,1674.0,485.0
KEF,34,64961.83405463995,0.48663101604278075,0.0005969960441565247,28,114.38235294117646,Keflavik International Airport,Iceland,1.0846201816532408,1910.6421780776454,0.5936884842134101,1.487804736896554,116.0,69.0,285.0
KIR,6,0.2845653109462431,0.8,0.00011650467184320509,6,98.16666666666667,Kerry Airport,Ireland,-1.661669069194413,0.04742755182437385,0.4759376343917053,1.0183308190717806,1670.0,1744.0,1770.0
KRS,8,0.04528657616892911,0.9642857142857143,0.00015734618934063697,8,91.875,Kristiansand Airport,Norway,-2.4181342232953122,0.005660822021116139,0.502325683873149,1.030757740241976,1041.0,1461.0,1814.0
KSD,2,0.0,1.0,7.362961667057506e-05,2,110.0,Karlstad Airport,Sweden,,0.0,0.4477167146091595,1.0077361248877585,2388.0,2055.0,
KTW,27,441.42163491589264,0.33618233618233617,0.00039741205701503834,22,73.25925925925925,Katowice International Airport,Poland,-0.32616310463440146,16.348949441329356,0.5240854933973962,1.0009313827829582,705.0,2278.0,1078.0
KUN,19,54.04615286909671,0.41520467836257313,0.00028241490510066416,17,71.94736842105263,Kaunas International Airport,Lithuania,-0.7579058501009919,2.8445343615314056,0.5201466908570456,1.0305417723891293,775.0,1469.0,1387.0
MOL,6,54.949834022189805,0.6,0.00015082436580922306,5,63.666666666666664,Molde Airport,Norway,-0.019483080220847188,9.158305670364967,0.45602311640090376,0.9981755185624939,2225.0,2411.0,861.0
MST,11,19.900356814552573,0.2363636363636364,0.00016114323993157917,10,62.45454545454545,Maastricht Aachen Airport,Netherlands,-0.7219669019592151,1.8091233467775067,0.5204464091614261,1.252024496070017,769.0,264.0,1360.0
OUL,3,0.0,1.0,9.185677660040402e-05,3,103.0,Oulu Airport,Finland,,0.0,0.4493861073550279,0.9892064419137456,2354.0,2778.0,
TFS,85,5538.214767659114,0.2935574229691877,0.0011297182217166136,31,75.17647058823529,Tenerife South Airport,Spain,-0.26646931815635244,65.15546785481311,0.5620649586630945,0.9906531296083813,272.0,2712.0,1038.0
TKU,7,22.357603047002982,0.6190476190476191,0.000157962472237949,6,78.42857142857143,Turku Airport,Finland,-0.398120429575619,3.1939432924289974,0.4573610157515792,0.9683713856359586,2190.0,3346.0,1137.0
TOS,20,28782.455765209983,0.2421052631578947,0.0007135224247826068,7,34.15,"Tromsø Airport,",Norway,1.1681779758869137,1439.1227882604992,0.5385672823130787,0.9895382715209567,516.0,2763.0,271.0
UME,6,46.39787453803654,0.4,0.0001764883363722135,4,58.833333333333336,Umeå Airport,Sweden,-0.07226522774019359,7.732979089672757,0.467261852439908,1.0883851392890846,1892.0,763.0,896.0
VXO,6,180.39775954023756,0.5333333333333333,0.00015507088129095595,5,98.66666666666667,Växjö Kronoberg Airport,Sweden,0.3514192395118057,30.06629325670626,0.4739282451007295,1.066978028700434,1712.0,964.0,619.0
WMI,26,41.90297819772454,0.5384615384615384,0.0003589179007020465,23,72.0,Modlin Airport,Poland,-1.0368327244800732,1.6116530076047901,0.5445061017700291,1.0429280344742642,446.0,1272.0,1563.0
ALF,8,6521.862821274381,0.4642857142857143,0.00023811882933289316,4,20.0,Alta Airport,Norway,1.2878389521629214,815.2328526592976,0.49773477898819696,0.9995551946450584,1129.0,2337.0,237.0
HFT,9,6076.296054953291,0.4166666666666667,0.00039864227664976993,4,6.666666666666667,Hammerfest Airport,Norway,1.1908347022555783,675.1440061059212,0.5379609959847067,1.020988459594359,526.0,1679.0,264.0
KKN,6,4519.8041080288385,0.5333333333333333,0.00018952626498434447,4,24.5,Kirkenes Airport (Høybuktmoen),Norway,1.3564287334650897,753.300684671473,0.49011848544511166,1.0204209324798905,1309.0,1695.0,221.0
LKL,3,0.0,1.0,0.00013029826239964955,3,11.333333333333334,Banak Airport,Norway,,0.0,0.44572883027362814,1.2937964189982134,2430.0,215.0,
SOJ,3,0.0,1.0,0.00015185527035813524,3,12.333333333333334,Sørkjosen Airport,Norway,,0.0,0.44323067935474275,1.038223644423263,2468.0,1343.0,
VDS,8,3445.7173978340493,0.5,0.0002750358915471135,4,7.75,Vadsø Airport,Norway,1.0887665456487885,430.71467472925616,0.5142997841948368,1.039912213687932,861.0,1318.0,283.0
AZR,6,3397.866666666667,0.4,0.00020733366223429778,3,18.833333333333332,Touat Cheikh Sidi Mohamed Belkebir Airport,Algeria,1.267405180301193,566.3111111111111,0.4889337212547412,0.980258640472817,1336.0,3032.0,247.0
BJA,4,0.0,1.0,0.0001083874463722899,4,88.5,Soummam Airport,Algeria,,0.0,0.4554243992511806,0.9858745723747864,2248.0,2884.0,
BLJ,4,0.0,1.0,0.0001083874463722899,4,88.5,Batna Airport,Algeria,,0.0,0.4554243992511806,0.9858745723747864,2248.0,2884.0,
BSK,3,0.0,1.0,9.448535556252722e-05,3,89.33333333333333,Biskra Airport,Algeria,,0.0,0.44236842670820953,0.99416822963847,2487.0,2568.0,
CZL,12,1155.4759692168418,0.5303030303030303,0.00028087130762665557,9,80.91666666666667,Mohamed Boudiaf International Airport,Algeria,0.4899292800028144,96.28966410140349,0.47565427290847995,0.9823785802664027,1677.0,2981.0,545.0
DJG,3,0.5833333333333334,0.6666666666666666,6.430174912864404e-05,3,26.0,Djanet Inedbirene Airport,Algeria,-0.9967794276850701,0.19444444444444445,0.49116617664576345,1.4488618380499088,1285.0,86.0,1542.0
EBH,1,0.0,0.0,6.430174912864404e-05,1,67.0,El Bayadh Airport,Algeria,,0.0,0.417403228183881,1.030728950628856,3132.0,1464.0,
ELU,1,0.0,0.0,6.430174912864404e-05,1,67.0,Guemar Airport,Algeria,,0.0,0.417403228183881,1.030728950628856,3132.0,1464.0,
ETZ,5,0.13333333333333333,0.9,0.00011957400678084814,5,73.6,Metz-Nancy-Lorraine Airport,France,-1.782229298426193,0.026666666666666665,0.46832725845357764,1.044234970527493,1860.0,1256.0,1784.0
GHA,4,1.7000000000000002,0.6666666666666666,0.00014972785865483302,3,27.0,Noumérat - Moufdi Zakaria Airport,Algeria,-0.8460455210557973,0.42500000000000004,0.4487962326351036,0.9846810875557337,2366.0,2924.0,1458.0
HME,6,2677.642425390765,0.33333333333333337,0.0002043020270977825,4,45.333333333333336,Oued Irara Airport,Algeria,1.1930804535846409,446.2737375651275,0.4803157858662691,1.0412520264478777,1547.0,1293.0,263.0
HRM,2,0.0,1.0,9.324453630078644e-05,2,36.5,Hassi R'Mel Airport,Algeria,,0.0,0.4116271303571383,0.9977458509127762,3336.0,2429.0,
INZ,3,1.0,0.6666666666666666,0.00014026743773119186,3,26.0,In Salah Airport,Algeria,-0.8286060178879473,0.3333333333333333,0.4447669571617391,0.9780951599684167,2442.0,3137.0,1446.0
MLA,77,5047.297279689768,0.372863978127136,0.0010679261451478645,31,89.6103896103896,Malta International Airport,Malta,-0.23255169693009617,65.54931532064634,0.5659038488024856,0.975375436579536,248.0,3208.0,1012.0
MLH,11,811.7504821650443,0.41818181818181815,0.0002347055707381796,9,45.27272727272727,,,0.4351158977761027,73.79549837864039,0.4791971362214318,1.016485200453513,1583.0,1795.0,576.0
MUW,2,0.0,1.0,6.430174912864404e-05,2,34.5,Ghriss Airport,Algeria,,0.0,0.4533667992438143,1.3441364333160732,2278.0,160.0,
MZW,1,0.0,0.0,6.430174912864404e-05,1,67.0,Mecheria Airport,Algeria,,0.0,0.417403228183881,1.030728950628856,3132.0,1464.0,
OGX,6,2703.399320221691,0.26666666666666666,0.00024502738462879874,3,17.333333333333332,Ain el Beida Airport,Algeria,1.1960674303199277,450.56655337028184,0.49774967845280577,0.9803651437623199,1128.0,3030.0,261.0
QSF,5,0.0,1.0,0.0001283374198849899,5,73.0,Ain Arnat Airport,Algeria,,0.0,0.46520320120302816,1.027739451092323,1960.0,1526.0,
TEE,1,0.0,0.0,6.430174912864404e-05,1,67.0,Cheikh Larbi Tébessi Airport,Algeria,,0.0,0.417403228183881,1.030728950628856,3132.0,1464.0,
TGR,1,0.0,0.0,6.430174912864404e-05,1,67.0,Touggourt Sidi Madhi Airport,Algeria,,0.0,0.417403228183881,1.030728950628856,3132.0,1464.0,
TID,2,0.0,1.0,9.162999250829789e-05,2,34.5,Bou Chekif Airport,Algeria,,0.0,0.4128259348389409,0.9988433812406575,3297.0,2369.0,
TLM,4,0.0,1.0,0.0001083874463722899,4,88.5,Zenata – Messali El Hadj Airport,Algeria,,0.0,0.4554243992511806,0.9858745723747864,2248.0,2884.0,
ALH,2,0.0,1.0,0.00013404854599543932,2,20.0,Albany Airport,Australia,,0.0,0.4117050533764912,0.9931993412360178,3334.5,2612.0,
BQB,2,0.0,1.0,0.00013404854599540555,2,20.0,Busselton Regional Airport,Australia,,0.0,0.4117050533764912,0.9931993412359866,3334.5,2613.0,
ALO,1,0.0,0.0,6.191628392609612e-05,1,206.0,Waterloo Regional Airport,United States,,0.0,0.47326570445639776,0.9857401378106572,1731.5,2891.5,
ALS,2,0.0,1.0,0.00011039003921932006,2,86.5,San Luis Valley Regional Bergman Field,United States,,0.0,0.42669676051070654,1.3239080805091676,2847.0,180.0,
FMN,3,35.02758629006038,0.3333333333333333,0.00015794019880442753,2,58.0,Four Corners Regional Airport,United States,0.28095128789077306,11.675862096686792,0.4842308592200282,1.094033998993087,1457.0,718.0,670.0
ALW,1,0.0,0.0,6.54797722784092e-05,1,94.0,Walla Walla Regional Airport,United States,,0.0,0.4218611646097341,0.9923189690193817,3000.0,2644.0,
AMA,6,4.685188564720883,0.6,0.000136286712331548,6,126.5,Rick Husband Amarillo International Airport,United States,-0.7876613009322629,0.7808647607868138,0.47403850638975703,1.0088724591159761,1707.0,2020.0,1412.0
AMD,18,105.71832256934469,0.7058823529411765,0.0003828793737990032,15,68.55555555555556,Sardar Vallabhbhai Patel International Airport,India,-0.5141709799435045,5.873240142741372,0.5147594901060669,1.0036590085296115,854.0,2187.0,1228.0
BLR,41,12591.49874245555,0.374390243902439,0.000940775839140473,19,60.1219512195122,Kempegowda International Airport,India,0.4535875935202535,307.1097254257451,0.5308024071877301,0.9749604042284464,613.0,3225.0,566.0
DWC,41,4067.7375895738146,0.19146341463414634,0.000697070812688201,22,50.146341463414636,Al Maktoum International Airport,United Arab Emirates,0.10103427093475308,99.21311194082475,0.5467942516286222,1.0606334514250828,421.0,1031.0,775.0
GOI,12,154.27850545271167,0.7878787878787878,0.00026840370966160055,11,80.08333333333333,Dabolim Airport,India,-0.13830956186417281,12.856542121059306,0.49062328674780503,1.047551619070663,1300.0,1205.0,935.0
HYD,32,9729.71834311657,0.4173387096774194,0.0007558079439226615,18,58.03125,Rajiv Gandhi International Airport,India,0.5307942771779021,304.0536982223928,0.5228585569669398,0.9935141359546217,724.0,2597.0,520.0
JAI,9,4.839564389189235,0.9166666666666666,0.00021908310807887134,9,59.55555555555556,Jaipur International Airport,India,-1.0354730390939566,0.5377293765765816,0.49916466107175383,1.0622414959133364,1101.0,1015.0,1560.0
MAA,40,8368.309073974542,0.4230769230769231,0.0008373633470550073,20,59.975,Chennai International Airport,India,0.34181641418584024,209.20772684936355,0.5282124986622782,0.98576078882678,655.0,2887.0,625.0
PNQ,13,231.6783163391031,0.6923076923076924,0.00029772955911070776,11,55.69230769230769,Pune Airport,India,-0.062365665771191674,17.82140894916178,0.48356730956031435,1.0438915059262104,1469.0,1264.0,890.0
AQJ,2,0.0,1.0,7.637923153955766e-05,2,147.0,Aqaba King Hussein International Airport,Jordan,,0.0,0.4574576477911906,0.9768556653617649,2187.5,3177.5,
BGW,13,79.60799493573397,0.5384615384615384,0.0002575440848042174,13,92.07692307692308,Baghdad International Airport,Iraq,-0.39566796957814176,6.123691918133383,0.4873116264705067,0.9949666086402843,1375.0,2542.0,1132.0
BSR,7,1.6320076604507465,0.8571428571428572,0.00015761175251579576,7,116.42857142857143,Basrah International Airport,Iraq,-1.2147669151348575,0.2331439514929638,0.48209534186273995,1.0065218230975252,1497.0,2099.0,1663.0
HBE,21,669.2703171497001,0.5238095238095238,0.0003888855328959051,15,64.85714285714286,Borg El Arab International Airport,Egypt,-0.036440043826579914,31.870015102366672,0.49545554168871125,0.987867375845358,1175.0,2829.0,875.0
HOD,4,0.0,1.0,9.95330113030109e-05,4,69.0,Hodeidah International Airport,Yemen,,0.0,0.4568190820605428,0.9978369270530543,2197.0,2420.0,
ISU,8,1.8964194630005946,0.8214285714285714,0.00016600831398945118,8,138.375,Sulaymaniyah International Airport,Iraq,-1.252858955809708,0.23705243287507433,0.49767787451134754,1.011560752914026,1134.0,1941.0,1672.0
LCA,55,1531.0011166313063,0.4067340067340068,0.0008094918966814795,31,89.52727272727273,Larnaca International Airport,Cyprus,-0.39072198938160996,27.836383938751023,0.5509397020888877,0.9902101617192327,371.0,2729.0,1127.0
MRA,7,19.430448469798925,0.7619047619047619,0.00016592972096839508,6,67.85714285714286,,,-0.44190355338187715,2.775778352828418,0.4605262049536756,0.9632143823893002,2097.0,3374.0,1173.0
OSM,2,0.0,1.0,7.637923153955766e-05,2,147.0,Mosul International Airport,Iraq,,0.0,0.4574576477911906,0.9768556653617649,2187.5,3177.5,
SSH,19,479.8128667291747,0.36257309941520466,0.00032883955062200284,18,102.21052631578948,Sharm El Sheikh International Airport,Egypt,-0.0766094768305718,25.253308775219722,0.5155195787944412,0.9965983722786516,845.0,2462.0,900.0
AMQ,10,19236.86694497126,0.24444444444444446,0.00047391111607810864,3,14.2,"Pattimura Airport, Ambon",Indonesia,1.4833852708917792,1923.6866944971262,0.5389398461089286,1.0133445354064508,510.0,1888.0,191.0
CGK,64,101417.79453214342,0.19196428571428573,0.0018225907588770324,23,48.0625,Soekarno-Hatta International Airport,Indonesia,0.8212417649872802,1584.653039564741,0.594561074973081,1.0400131014064204,112.0,1317.0,391.0
FKQ,4,2.3000000000000003,0.6666666666666666,0.0002403340293670317,3,6.0,Fakfak Airport,Indonesia,-0.7517302428114767,0.5750000000000001,0.49918017600401854,1.0146089292671008,1100.0,1836.0,1383.0
LUV,3,3395.0,0.3333333333333333,0.00031650670555035824,2,4.333333333333333,Dumatumbun Airport,Indonesia,1.7080704702690668,1131.6666666666667,0.5226248974036508,0.9883416967288913,730.0,2816.0,129.0
MKW,5,95.24377035135092,0.6,0.00030275241558614904,3,11.0,Rendani Airport,Indonesia,0.26810886779209137,19.048754070270185,0.49160034044893924,1.028410598642523,1273.0,1517.0,677.0
NBX,3,9.0,0.3333333333333333,0.00018952062374658418,3,7.333333333333333,Nabire Airport,Indonesia,-0.1430454460505183,3.0,0.5022440824224237,1.131313293835824,1043.0,530.0,942.0
SOQ,6,3536.977304889141,0.4,0.0003731608091643104,3,9.5,Dominique Edward Osok Airport,Indonesia,1.2799245738212952,589.4962174815236,0.5147238285309947,0.9831924278987657,855.0,2968.0,241.0
SUB,26,7731.941999125105,0.29846153846153844,0.0007826379503968788,10,35.96153846153846,Juanda International Airport,Indonesia,0.5911708459534242,297.3823845817348,0.527902913004794,0.9934026346925594,661.0,2599.0,506.0
SXK,2,0.0,1.0,8.896784793824668e-05,2,6.5,Saumlaki/Olilit Airport,Indonesia,,0.0,0.46484815520713424,1.3931701102478264,1967.0,125.0,
UPG,26,34230.7074093822,0.16,0.0012023172363591612,7,18.26923076923077,Hasanuddin International Airport,Indonesia,1.0553708662207781,1316.5656695916232,0.5800695722173773,1.0780417841328438,171.0,846.0,293.0
AUA,25,5150.625611376022,0.42333333333333334,0.0005617017268455875,17,86.12,Queen Beatrix International Airport,Aruba,0.48936777875874615,206.02502445504086,0.5091521515824113,1.0008890204977328,935.0,2280.0,546.0
BEG,52,3386.342208840329,0.41025641025641024,0.0007836514136589709,31,89.86538461538461,Belgrade Nikola Tesla Airport,Serbia,-0.10735797931223216,65.12196555462171,0.5520836347100964,0.9793273374393806,357.0,3078.0,919.0
BJV,21,182.78443523233116,0.3142857142857143,0.000311392134298113,20,100.14285714285714,Milas Bodrum International Airport,Turkey,-0.4413944250173528,8.704020725349103,0.538479493775005,1.0199798858806288,519.0,1718.0,1169.0
BON,6,7.499603930354851,0.7333333333333333,0.000149165739820168,6,138.5,Flamingo International Airport,Netherlands Antilles,-0.6408770837989634,1.2499339883924752,0.4804291157848238,1.025516047856807,1543.0,1571.0,1312.0
BRI,41,465.897866530544,0.4536585365853658,0.0005533158427079012,27,81.26829268292683,Bari Karol Wojtyła Airport,Italy,-0.5750571192645841,11.363362598305951,0.5412972373064139,0.9838879317923322,484.0,2957.0,1278.0
BRN,12,38.097709110391925,0.6666666666666666,0.00020471670149608536,11,107.66666666666667,Bern Belp Airport,Switzerland,-0.5746912840896319,3.1748090925326604,0.4799205620311789,0.9905190874636178,1560.0,2716.0,1276.0
CFE,6,3.0528280533603906,0.8,0.00012810623621526464,6,140.0,Clermont-Ferrand Auvergne Airport,France,-0.9213078525191588,0.5088046755600651,0.4863971333402372,1.0568873729846386,1398.0,1071.0,1489.0
CFU,39,495.7500850023308,0.33198380566801616,0.0005255718141305417,28,88.74358974358974,Ioannis Kapodistrias International Airport,Greece,-0.5238665477808502,12.711540641085406,0.5498347129728663,1.0241625696567873,382.0,1606.0,1234.0
CHQ,39,640.200702643091,0.37112010796221323,0.0005327022725911639,27,83.41025641025641,Chania International Airport,Greece,-0.44408201002044356,16.415402631874127,0.5375239700133073,0.9964651155316469,536.0,2467.0,1175.0
CPT,23,8105.400726610997,0.1857707509881423,0.000738270502288284,7,41.73913043478261,Cape Town International Airport,South Africa,0.6838790923979243,352.4087272439564,0.5324094773778254,0.9884739925918589,590.0,2809.0,457.0
CTA,50,1023.7150215365826,0.5387755102040817,0.000691923623686999,31,97.2,Catania-Fontanarossa Airport,Italy,-0.4556725043314649,20.474300430731653,0.5721436086284689,1.0228905378551312,217.0,1629.0,1181.0
CUR,19,2087.211312883308,0.30409356725146197,0.00047254717463692236,12,55.10526315789474,Hato International Airport,Netherlands Antilles,0.3821069090549215,109.85322699385831,0.5002978342002559,0.9881240433700764,1078.0,2819.0,604.0
DBV,42,1244.200357034581,0.5029036004645762,0.0005909891104644644,31,102.02380952380952,Dubrovnik Airport,Croatia,-0.28390239261718053,29.62381802463288,0.5665101698123817,1.0218976172792404,242.0,1658.0,1050.0
DLM,29,484.1456159367253,0.37192118226600984,0.00040977891676899277,26,104.20689655172414,Dalaman International Airport,Turkey,-0.3427946766647044,16.694676411611216,0.5415149085502923,0.9946780847133135,478.0,2551.0,1090.0
EZE,41,30969.19313115027,0.32195121951219513,0.001092368354221763,20,77.8048780487805,Ministro Pistarini International Airport,Argentina,0.7343894191213418,755.3461739304944,0.5486670527572599,0.9919357141451982,397.0,2671.0,431.0
FAO,64,3592.441616169761,0.2931547619047619,0.000839193114277855,31,76.5,Faro Airport,Portugal,-0.22100846913240305,56.131900252652514,0.5503217160517964,0.9759833653381796,376.0,3200.0,998.0
FLR,26,56.785616169832345,0.7138461538461539,0.0003816029157994429,26,121.3076923076923,Peretola Airport,Italy,-0.9420040983336884,2.184062160378167,0.5744206186235044,1.1041146556301624,201.0,646.0,1506.0
FNC,30,406.44805590740685,0.5057471264367815,0.00044853285241914045,27,101.36666666666666,Madeira Airport,Portugal,-0.4189404602519596,13.548268530246895,0.5450272814316903,0.9943806532699643,439.0,2558.0,1154.0
FUK,37,12468.178891494614,0.37237237237237236,0.0008321115108133368,22,57.810810810810814,Fukuoka Airport,Japan,0.5158176474655004,336.9778078782328,0.5302690364749664,0.9758972236628398,625.0,3201.0,526.0
HAV,33,9661.259610816624,0.2765151515151515,0.0007030680132202213,20,78.6969696969697,José Martí International Airport,Cuba,0.5090165482851923,292.7654427520189,0.5309121200618409,0.9911649018851195,612.0,2696.0,530.0
HER,62,3464.4688760967124,0.33844526705446853,0.0008141729298343462,31,80.85483870967742,Heraklion International Nikos Kazantzakis Airport,Greece,-0.21212984596494802,55.87853025962439,0.5488946178542317,0.9650026087455076,394.0,3364.0,992.0
HGH,72,7615.735054838949,0.31885758998435054,0.001259938466674349,25,51.09722222222222,Hangzhou Xiaoshan International Airport,China,-0.06149226508288387,105.77409798387428,0.553782723703195,1.0005158753037224,337.0,2300.0,889.0
HOG,9,11.933570719290755,0.7777777777777778,0.0001273337515800225,9,126.55555555555556,Frank Pais International Airport,Cuba,-0.7538725482193749,1.3259523021434172,0.5027871326089545,1.137271833094435,1032.0,507.0,1384.0
INN,6,5.350207977751077,0.6666666666666667,0.00012036793704063029,6,164.33333333333334,Innsbruck Airport,Austria,-0.7462481673487432,0.8917013296251795,0.49725076174993554,1.1039505909067806,1143.0,647.0,1376.0
INV,11,1044.9672064878596,0.34545454545454546,0.0002177493162604073,8,84.36363636363636,Inverness Airport,United Kingdom,0.5139138507058454,94.9970187716236,0.48616213687530574,1.0534635336949172,1406.0,1115.0,527.0
JER,30,436.5566229039504,0.38620689655172413,0.00043233890848816533,22,84.93333333333334,Jersey Airport,Jersey,-0.39664346982944454,14.55188743013168,0.5223105996420445,0.9953569618015259,734.0,2515.0,1133.0
JKH,5,0.0,1.0,0.0001180863657477425,5,93.4,Chios Island National Airport,Greece,,0.0,0.46917172421886744,0.9877425681266065,1845.0,2833.0,
JMK,11,0.7354931248966714,0.8727272727272727,0.0001760947581710739,10,131.54545454545453,Mikonos Airport,Greece,-1.7509676285509914,0.06686301135424286,0.5222108862257095,1.0176010309973658,736.0,1767.0,1778.0
JTR,11,28.028139565139085,0.7818181818181819,0.0001667165070633165,10,119.18181818181819,Santorini Airport,Greece,-0.615111716600231,2.548012687739917,0.4942728650852773,1.0411189637467786,1210.0,1297.0,1298.0
KGS,30,783.3835715685451,0.4551724137931034,0.00044389853619313603,26,96.03333333333333,Kos Airport,Greece,-0.21420865560410965,26.112785718951503,0.5312053616495421,0.9847712384649454,609.0,2920.0,994.0
KIT,4,1.9664367504447828,0.6666666666666666,8.860443383008924e-05,4,93.25,Kithira Airport,Greece,-0.8006181567264165,0.4916091876111957,0.4735957059446442,0.989854349210543,1723.0,2747.0,1420.0
KIX,57,18021.847490965927,0.33959899749373434,0.0011433873358102206,25,78.26315789473684,Kansai International Airport,Japan,0.35587339990829053,316.1727629994022,0.5490835556128776,0.9956362220490964,391.0,2504.0,614.0
KYA,3,0.3210558017577302,0.6666666666666666,8.958980883067538e-05,3,194.0,Konya Airport,Turkey,-1.1830955065359836,0.10701860058591006,0.5100529731733764,1.2793186857719427,911.0,231.0,1651.0
LIM,57,75263.8607489754,0.20614035087719298,0.0019887234165891555,20,53.75438596491228,Jorge Chávez International Airport,Peru,0.8018682191433975,1320.4186096311475,0.5884738108975563,1.0825387438093002,136.0,809.0,396.0
LJU,22,145.72966359983204,0.5714285714285714,0.00034311862041899835,18,116.9090909090909,Ljubljana Jože Pučnik Airport,Slovenia,-0.5416746460936179,6.624075618174183,0.5273344867891981,0.9821155025628496,668.0,2990.0,1250.0
LPI,2,0.0,1.0,7.109601366935437e-05,2,185.0,Linköping City Airport,Sweden,,0.0,0.493085076828581,1.2882014700348046,1237.0,221.0,
NAP,51,425.7576750168348,0.5090196078431373,0.0006937598992218015,31,96.13725490196079,Naples International Airport,Italy,-0.7420048580049716,8.348189706212446,0.5745940020748297,1.0321625426076673,199.0,1436.0,1372.0
NDR,12,44.64491154533589,0.5,0.00020029153408575884,12,118.0,Nador International Airport,Morocco,-0.5252104812313422,3.7204092954446573,0.4952919258041872,1.0040956178017335,1181.0,2176.0,1235.0
OPO,61,13353.290356334612,0.3120218579234973,0.0009593482235272634,31,81.8360655737705,Francisco de Sá Carneiro Airport,Portugal,0.21918164871878323,218.90639928417397,0.5578234750897026,0.979762273280793,303.0,3052.0,710.0
PBM,7,761.5659912467152,0.2857142857142857,0.0001994988180818183,6,49.0,Johan Adolf Pengel International Airport,Suriname,0.7027237687191586,108.7951416066736,0.480750475826303,1.0773785559638294,1532.0,850.0,446.0
PDL,17,9365.789548157929,0.34558823529411764,0.00046244388906544593,11,89.3529411764706,João Paulo II Airport,Portugal,0.9212637333254756,550.9287969504664,0.5099648020695065,1.0053065104770427,916.0,2139.0,345.0
PFO,25,413.57758927587986,0.3333333333333333,0.00038159174449966816,22,85.64,Paphos International Airport,Cyprus,-0.29753548088115117,16.543103571035193,0.5278839174881439,1.003910252872404,662.0,2182.0,1056.0
PMO,39,1606.206133717516,0.4979757085020243,0.0005567733534462362,28,94.23076923076923,Falcone–Borsellino Airport,Italy,-0.1570781782821231,41.18477265942349,0.5488131554855784,1.0026751717406146,396.0,2229.0,951.0
POP,16,338.6193700970873,0.6166666666666667,0.00022383534251804667,13,110.1875,Gregorio Luperon International Airport,Dominican Republic,-0.07603342229113204,21.163710631067957,0.5070046187812816,1.0240377170248813,973.0,1608.0,899.0
PUJ,48,11949.729610947534,0.43617021276595747,0.0008184985118289222,30,107.58333333333333,Punta Cana International Airport,Dominican Republic,0.33699343448099756,248.9527002280736,0.5772710974422925,1.0524351142070851,188.0,1123.0,628.0
PVK,9,317.17365693397096,0.6388888888888888,0.00019055977892557476,7,121.0,Aktion National Airport,Greece,0.26955632683123165,35.24151743710789,0.4740051202019728,1.037933138405819,1708.0,1351.0,676.0
RAK,49,2327.716030541754,0.4336734693877551,0.0006908582029416241,31,89.12244897959184,Menara Airport,Morocco,-0.18651893891109023,47.504408786566415,0.5533938388662801,0.9916995218640032,341.0,2678.0,975.0
RHO,51,5397.788210606166,0.2949019607843137,0.000777734438643926,31,80.15686274509804,Diagoras Airport,Greece,0.05046653288133546,105.83898452168953,0.5504612073161318,0.9939979288412288,374.0,2574.0,814.0
SKG,55,3352.645250341494,0.3488215488215488,0.000823107339565606,31,83.61818181818182,Thessaloniki Macedonia International Airport,Greece,-0.14615825623086282,60.957186369845346,0.5464485936257819,0.9726017405323788,425.0,3265.0,943.0
SMI,8,0.7365427910067898,0.9642857142857143,0.00014958485407814715,8,117.375,Samos Airport,Greece,-1.5479460983862416,0.09206784887584872,0.50592059122414,1.031189460353793,989.0,1451.0,1751.0
SPC,7,38.49742151373872,0.8095238095238094,0.00014042819435444116,7,155.71428571428572,La Palma Airport,Spain,-0.22856533040893914,5.499631644819817,0.5047734789004142,1.1244202902657543,1005.0,550.0,1008.0
SUF,22,92.16478507955028,0.4718614718614718,0.00030229073522877807,22,96.18181818181819,Lamezia Terme Airport,Italy,-0.6846308255341137,4.189308412706831,0.5371135103692523,1.0013301322137456,540.0,2260.0,1339.0
SXM,34,15102.804084703357,0.33868092691622104,0.0007712155178551098,17,75.08823529411765,Princess Juliana International Airport,Netherlands Antilles,0.6294196991764455,444.20012013833406,0.5233030043259062,0.987447018713827,715.0,2845.0,482.0
TLL,28,10277.484674245412,0.46296296296296297,0.000522590476319173,24,97.53571428571429,Lennart Meri Tallinn Airport,Estonia,0.6328260963665024,367.05302408019327,0.5397404553934183,1.0750697706638686,502.0,885.0,478.0
TNG,12,24.155237385412757,0.712121212121212,0.00020932668536700514,12,133.91666666666666,Ibn Batouta Airport,Morocco,-0.7168604933879424,2.0129364487843966,0.5035220097789525,1.0155648099918,1020.0,1815.0,1356.0
UIO,26,29478.256981836872,0.28615384615384615,0.0008763550545656064,13,57.65384615384615,Mariscal Sucre International Airport,Ecuador,1.0087343675478229,1133.7791146860336,0.5399077358191611,1.0127683056161787,500.0,1904.0,318.0
VCE,73,8904.770542865208,0.4356925418569254,0.0010610232768872893,31,96.46575342465754,Venice Marco Polo Airport,Italy,-0.02147702382319151,121.9831581214412,0.5811477234823437,0.9969684215313279,166.0,2454.0,866.0
VRA,11,833.4894700150195,0.5818181818181818,0.00018630737930200967,9,114.54545454545455,Juan Gualberto Gomez International Airport,Cuba,0.44336177243238356,75.77177000136541,0.4866665421376611,1.046371856547328,1390.0,1217.0,574.0
VRN,23,85.89160717892389,0.6205533596837944,0.0003257277457906127,22,109.82608695652173,Verona Villafranca Airport,Italy,-0.7349020811691743,3.7344177034314736,0.5468692915028196,1.0187401314363085,420.0,1734.0,1365.0
VXE,6,1064.991836695073,0.6666666666666667,0.00016421411530173077,5,104.0,São Pedro Airport,Cape Verde,0.9054148230949789,177.49863944917885,0.48164422122968426,1.1565351366017327,1505.0,454.0,355.0
XMN,72,7502.657845367506,0.33528951486697967,0.0012472299956083166,25,52.291666666666664,Xiamen Gaoqi International Airport,China,-0.06615970711778993,104.2035811856598,0.5531415320924409,1.0005858104771068,345.0,2297.0,894.0
YVR,76,111402.7868031156,0.1968421052631579,0.0021150000212460563,28,69.07894736842105,Vancouver International Airport,Canada,0.741222536635509,1465.8261421462578,0.5974319874115144,1.066806894958042,103.0,966.0,423.0
YYC,60,75517.74161980533,0.23389830508474577,0.0016054689479525787,27,65.23333333333333,Calgary International Airport,Canada,0.7702899550907513,1258.6290269967553,0.5766141866711889,1.1327471088338714,189.0,524.0,407.0
YYZ,147,249941.25970131523,0.19206038579815488,0.0030311334758804562,30,71.04081632653062,Lester B. Pearson International Airport,Canada,0.5736996930497025,1700.2806782402397,0.6324625470572567,1.0245246960486112,29.0,1598.0,509.0
ZAG,28,4585.946571334242,0.5238095238095238,0.0004595563909497452,20,105.82142857142857,Zagreb Airport,Croatia,0.38104514997963407,163.78380611908008,0.5313371410149319,1.0339623073158895,608.0,1400.0,605.0
ZTH,13,40.61967725824012,0.5512820512820512,0.0002102411255838132,11,113.84615384615384,"Zakynthos International Airport ""Dionysios Solomos""",Greece,-0.6056090036610604,3.1245905583261626,0.4861013976945804,0.9898278610791831,1411.0,2751.0,1288.0
ANI,9,33861.96666666667,0.08333333333333333,0.0007777715989606799,3,6.444444444444445,Aniak Airport,United States,1.7268393344667918,3762.4407407407407,0.5876412374432584,1.055877806364515,143.0,1086.0,112.0
BET,29,106381.11666666673,0.04433497536945813,0.002334161163241991,3,3.7586206896551726,Bethel Airport,United States,1.3396984334044708,3668.314367816094,0.6657384780556005,1.4025309424943697,11.0,123.0,225.0
CDB,4,10182.0,0.0,0.0004631484581815638,1,9.25,Cold Bay Airport,United States,1.8677569211173575,2545.5,0.5645288383124244,1.075711283761682,254.0,876.0,79.0
CDV,2,235.4592973080394,0.0,0.0001853451665699741,2,18.0,Merle K (Mudhole) Smith Airport,United States,1.1333864539940501,117.7296486540197,0.5126197467031981,1.0514510840124642,883.0,1147.0,275.0
ENA,1,0.0,0.0,9.94454689507138e-05,1,34.0,Kenai Municipal Airport,United States,,0.0,0.44590727031434535,1.2381665067654022,2425.5,283.5,
HNL,52,89472.91566617685,0.29260935143288086,0.001324763755761398,24,73.42307692307692,Daniel K Inouye International Airport,United States,0.9142274275305623,1720.632993580324,0.5705002657995192,1.014667965987349,225.0,1834.0,350.0
HOM,1,0.0,0.0,9.94454689507138e-05,1,34.0,Homer Airport,United States,,0.0,0.44590727031434535,1.2381665067654022,2425.5,283.5,
ILI,1,0.0,0.0,9.94454689507138e-05,1,34.0,Iliamna Airport,United States,,0.0,0.44590727031434535,1.2381665067654022,2425.5,283.5,
JNU,16,43195.871979405965,0.058333333333333334,0.0013034109351246995,3,10.4375,Juneau International Airport,United States,1.4367956077519572,2699.741998712873,0.6092284089523641,1.1295765125815367,71.0,537.0,197.0
KSM,4,11750.416666666662,0.0,0.0003739880332364545,2,10.25,St Mary's Airport,United States,1.9124580298460536,2937.6041666666656,0.5461654963526739,1.0359689006422832,427.0,1375.0,75.0
MCG,5,10181.0,0.2,0.00045203827570847703,2,9.6,McGrath Airport,United States,1.725778960596448,2036.2,0.5414980290573015,1.0002812282053828,479.0,2309.0,114.5
OME,16,38998.549999999996,0.11666666666666667,0.0011675092536236184,3,5.625,Nome Airport,United States,1.404901588497483,2437.4093749999997,0.6096488363321686,1.148619962863772,70.0,475.0,205.0
SCC,5,4849.324619989409,0.4,0.0004134528743508085,3,13.8,Deadhorse Airport,United States,1.4943646696386579,969.8649239978819,0.5116321649267064,0.9864323104892925,891.0,2872.0,181.0
SDP,1,0.0,0.0,9.94454689507138e-05,1,34.0,Sand Point Airport,United States,,0.0,0.44590727031434535,1.2381665067654022,2425.5,283.5,
SNP,2,0.0,1.0,0.0001729486416533956,2,18.0,St Paul Island Airport,United States,,0.0,0.4316126565398354,1.3187627792625431,2718.5,189.0,
STG,2,0.0,1.0,0.00017294864165336897,2,18.0,St George Airport,United States,,0.0,0.4316126565398354,1.3187627792622156,2718.5,190.0,
UNK,6,8424.050000000003,0.4,0.000418016559222003,3,10.5,Unalakleet Airport,United States,1.5506943253091339,1404.008333333334,0.5242372307056696,0.9912909793466127,704.0,2690.0,166.0
VDZ,1,0.0,0.0,9.94454689507138e-05,1,34.0,Valdez Pioneer Field,United States,,0.0,0.44590727031434535,1.2381665067654022,2425.5,283.5,
ANF,6,77.25447874001641,0.4666666666666667,0.000259625867095479,4,19.166666666666668,Andrés Sabella Gálvez International Airport,Chile,0.08681450930414356,12.875746456669402,0.4778982520400272,1.0412122174108291,1614.0,1294.0,783.0
CJC,4,0.3333333333333333,0.8333333333333334,0.00020551867332194921,3,13.5,El Loa Airport,Chile,-1.3543882219336136,0.08333333333333333,0.47413497318238174,1.2234647529579128,1705.5,301.0,1702.0
IQQ,5,133.46497253785552,0.5,0.00022168471709364462,4,16.0,Diego Aracena Airport,Chile,0.37338156811135204,26.692994507571104,0.47791444911393616,1.0218709876970893,1613.0,1659.0,609.0
LSC,4,0.3333333333333333,0.8333333333333334,0.00020551867332190807,3,13.5,La Florida Airport,Chile,-1.3543882219336136,0.08333333333333333,0.47413497318238174,1.2234647529579117,1705.5,302.0,1702.0
ANG,1,0.0,0.0,6.326425963300567e-05,1,9.0,Angoulême-Brie-Champniers Airport,France,,0.0,0.4660319867210802,1.196609732379862,1934.0,359.0,
FSC,9,3397.828310903761,0.4444444444444444,0.00020175547519917154,8,64.0,Figari Sud-Corse Airport,France,1.0094749411253845,377.5364789893068,0.477002189241035,1.0195727958659788,1639.0,1721.0,316.0
CHU,2,1696.0,0.0,0.00013865327002372325,2,6.0,Chuathbaluk Airport,United States,1.7494510739449383,848.0,0.5249969567246024,1.0142554260118184,697.0,1849.0,102.0
HCR,2,3393.0,0.0,0.0002497995562749348,2,5.5,Holy Cross Airport,United States,1.965813326400582,1696.5,0.5212351895231356,0.9510169984217648,754.5,3412.0,63.5
KLG,3,101.66666666666666,0.6666666666666666,0.00030912053876024987,3,14.0,Kalskag Airport,United States,0.6134199709409512,33.888888888888886,0.4935710649145744,1.0992622305705908,1230.0,676.0,491.0
RSH,4,116.66666666666667,0.5,0.0002833544796975078,3,11.0,Russian Mission Airport,United States,0.4733575827495964,29.166666666666668,0.4902305748346577,1.0189657944485202,1306.0,1726.0,555.0
SHX,2,3393.0,0.0,0.00024979955627489224,2,5.5,Shageluk Airport,United States,1.965813326400582,1696.5,0.5212351895231356,0.9510169984217662,754.5,3411.0,63.5
ANM,3,0.0,1.0,0.00016332055468696306,3,10.333333333333334,Antsirabato Airport,Madagascar,,0.0,0.45336954515207273,1.069643873276236,2277.0,933.0,
TMM,6,3400.062882035614,0.4,0.0003089178689420143,3,7.5,Toamasina Airport,Madagascar,1.2676067845413013,566.6771470059357,0.5113476460674151,0.9919230153993248,893.0,2672.0,245.0
TNR,21,33649.73350824354,0.19047619047619047,0.0007603744704763296,7,38.80952380952381,Ivato Airport,Madagascar,1.1858897924875,1602.3682622973113,0.5440430289186323,0.9951442453363781,454.0,2531.0,265.0
WMN,4,1.5,0.6666666666666666,0.00020974377485056801,3,8.25,Maroantsetra Airport,Madagascar,-0.8850979314200329,0.375,0.48071962124188405,0.9598891388722168,1534.0,3385.0,1470.5
ANR,1,0.0,0.0,5.920484513270566e-05,1,36.0,Antwerp International Airport (Deurne),Belgium,,0.0,0.4421610119757542,1.1500654188034174,2498.5,473.5,
ANS,1,0.0,0.0,7.386597769052736e-05,1,57.0,Andahuaylas Airport,Peru,,0.0,0.4175170179361856,1.050151547702233,3124.0,1165.0,
ANU,23,3164.5912189984942,0.3715415019762846,0.0004739990351118276,13,62.34782608695652,V.C. Bird International Airport,Antigua and Barbuda,0.39042965560781406,137.5909225651519,0.4973805154105278,0.985457221658221,1140.0,2905.0,598.0
AXA,4,0.10912300466459536,0.8333333333333334,0.00012150091610083148,4,31.25,Clayton J Lloyd International Airport,Anguilla,-1.7028018770621824,0.02728075116614884,0.4636093967119557,1.3336361024188257,1999.0,168.0,1774.0
BGI,19,6382.639980156609,0.36257309941520466,0.0004385596696187994,11,65.84210526315789,Sir Grantley Adams International Airport,Barbados,0.7308593049559066,335.9284200082426,0.5000680949181865,0.9761349537310144,1084.0,3195.0,435.0
DOM,9,59.4519275989647,0.5,0.00021170921767072446,6,19.333333333333332,Douglas-Charles Airport,Dominica,-0.25283966296487603,6.6057697332183,0.4834919096232788,1.107663682851487,1471.0,624.0,1027.0
KIN,19,226.38499101800318,0.5321637426900585,0.0004106419795832033,14,71.6842105263158,Norman Manley International Airport,Jamaica,-0.3109801820420404,11.914999527263324,0.49673104434754417,0.9921744875305549,1152.0,2663.0,1062.0
MIA,138,145666.77737990188,0.17941394266370464,0.002773557502376138,30,57.86231884057971,Miami International Airport,United States,0.445432764489866,1055.556357825376,0.6210617109671369,0.9923366806603836,42.0,2642.0,572.0
NEV,6,1.778671928254406,0.7333333333333333,0.00016359150363907414,5,22.666666666666668,Vance W. Amory International Airport,Saint Kitts and Nevis,-1.089857209637413,0.2964453213757343,0.47351339529537295,1.0549042659711574,1724.0,1099.0,1609.0
PTP,13,3994.418022171692,0.4615384615384615,0.0003096927481813014,9,59.61538461538461,Pointe-à-Pitre Le Raizet,Guadeloupe,0.8260273180825258,307.26292478243784,0.4827294695869227,0.9970187774171948,1485.0,2450.0,386.0
SBH,7,176.7354718791264,0.4761904761904762,0.0001808845314686967,5,20.285714285714285,Gustaf III Airport,France,0.24696065950625684,25.247924554160914,0.48327681096323744,1.056701095281604,1475.0,1076.0,695.0
SDQ,30,2104.3641377814483,0.47126436781609193,0.0006060734109189842,20,84.46666666666667,Las Américas International Airport,Dominican Republic,0.09410487125441368,70.14547125938161,0.5149791129883691,0.999563380297957,849.0,2336.0,779.0
SJU,49,20754.04795707664,0.3112244897959184,0.0010740114856693163,23,66.36734693877551,Luis Munoz Marin International Airport,Puerto Rico,0.496117827222818,423.55199912401304,0.5372802172021977,0.9834017647922575,538.0,2966.0,539.0
SKB,6,58.273859725695594,0.6666666666666667,0.0001462923240090256,5,48.333333333333336,Robert L. Bradshaw International Airport,Saint Kitts and Nevis,-0.0011576890906247561,9.712309954282599,0.4580340604078158,0.9961339356900882,2173.0,2477.0,853.0
SLU,7,23.314727672702112,0.5238095238095238,0.00017631463615838845,6,17.428571428571427,George F. L. Charles Airport,Saint Lucia,-0.3850412566013804,3.3306753818145873,0.4828296978807729,1.068432867219953,1482.0,944.0,1121.0
TAB,5,4.889620252447113,0.8,0.00011183855117053502,5,93.8,Tobago-Crown Point Airport,Trinidad and Tobago,-0.6583563387366462,0.9779240504894225,0.4679164358788247,1.0080817063751786,1873.0,2040.0,1323.0
UVF,12,72.60812699824668,0.6363636363636364,0.00023183394974069746,11,111.83333333333333,Hewanorra International Airport,Saint Lucia,-0.3734676206224459,6.05067724985389,0.4815862319669491,0.9885341610162315,1508.0,2808.0,1114.0
ANV,2,1.0,0.0,0.00026152067353226246,2,2.0,Anvik Airport,United States,-0.5706793007833109,0.5,0.5578362686425887,1.1752715467891512,301.5,405.0,1269.5
KGX,2,1.0,0.0,0.00026152067353224815,2,2.0,,,-0.5706793007833109,0.5,0.5578362686425887,1.1752715467891364,301.5,406.0,1269.5
ANX,4,0.3333333333333333,0.8333333333333334,0.0001619329933056836,3,11.5,Andøya Airport,Norway,-1.3543882219336136,0.08333333333333333,0.47030040161182285,1.2278342409221623,1815.0,297.0,1702.0
BOO,15,14722.766154070812,0.2571428571428572,0.0005358674047306945,5,16.666666666666668,Bodø Airport,Norway,1.142016051709665,981.5177436047209,0.5370061435007356,1.0161002245739894,543.0,1805.0,273.0
AOE,1,0.0,0.0,5.728937905829324e-05,1,153.0,Anadolu Airport,Turkey,,0.0,0.477541617979534,1.0807532823473656,1624.0,827.0,
AOG,2,0.0,1.0,7.62732602305663e-05,2,180.5,Anshan Air Base,China,,0.0,0.47807257277606885,1.1798752885839947,1609.0,396.0,
TPS,28,366.82428268548347,0.24603174603174605,0.00041898219108123334,18,39.67857142857143,Vincenzo Florio Airport Trapani-Birgi,Italy,-0.4070564064363764,13.100867238767266,0.5434974052046541,1.2033984255194836,461.0,331.0,1145.0
AOJ,5,626.2531465609871,0.5,0.00016419303368406634,4,54.4,Aomori Airport,Japan,0.855725886259892,125.25062931219743,0.46765245317526116,1.0514666540102942,1882.0,1146.0,371.0
CTS,37,8212.640157437436,0.26576576576576577,0.000897534778327889,14,39.4054054054054,New Chitose Airport,Japan,0.3855509702998696,221.96324749830907,0.5438188210249221,1.0518924082773575,457.0,1131.0,603.0
ITM,22,1224.57180011195,0.19480519480519481,0.0006290925684814891,8,17.727272727272727,Osaka International Airport,Japan,0.12247211589015573,55.662354550543185,0.5481748807442735,1.1346959851637743,405.0,520.0,764.0
NKM,6,7.0763064642036415,0.0,0.00022008826348652696,4,5.166666666666667,Nagoya Airport,Japan,-0.6590043993274054,1.1793844107006068,0.5533576109890426,1.2795017366154644,342.0,230.0,1324.0
AOK,4,2884.796335626648,0.5,0.00013749222945236164,3,87.25,Karpathos Airport,Greece,1.4742575569665664,721.199083906662,0.5006927671732374,1.2218633616068937,1062.0,303.0,194.0
KSJ,2,0.5,0.0,0.00011928752155693216,2,4.0,Kasos Airport,Greece,-0.7869495821071592,0.25,0.5183840973283493,1.3310624409761487,800.0,173.0,1405.0
AOO,2,0.0,1.0,0.000105201427972505,2,64.5,Altoona Blair County Airport,United States,,0.0,0.4134972144700318,1.0684886263110365,3253.5,941.0,
JST,2,0.0,1.0,0.00010520142797247443,2,64.5,John Murtha Johnstown Cambria County Airport,United States,,0.0,0.4134972144700318,1.0684886263110134,3253.5,942.0,
AOQ,1,0.0,0.0,0.00013005049181029902,1,9.0,,,,0.0,0.47610024383141963,1.05439659049557,1665.0,1105.0,
JUV,9,37281.0,0.08333333333333333,0.0009089038159000653,2,2.3333333333333335,Upernavik Airport,Greenland,1.7568521978876215,4142.333333333333,0.6245585179829162,1.233202329452317,37.0,291.0,93.0
AOR,2,3.499927432660242,0.0,9.386910473585641e-05,2,62.0,Sultan Abdul Halim Airport,Malaysia,-0.17980861251503208,1.749963716330121,0.5049979333832301,1.080479745143138,1001.0,832.0,971.0
SZB,12,3512.1615933175617,0.19696969696969696,0.00042176735967680654,7,17.666666666666668,Sultan Abdul Aziz Shah International Airport,Malaysia,0.8367991218027948,292.6801327764635,0.5210476592060218,1.0362497663305623,758.0,1369.0,382.0
KZB,1,0.0,0.0,0.00011633601728289744,1,2.0,,,,0.0,0.5221706169001387,0.9958952545008101,737.5,2491.5,
APF,1,0.0,0.0,6.167271569397593e-05,1,138.0,Naples Municipal Airport,United States,,0.0,0.4393287009321881,0.9826619498625565,2536.0,2975.0,
APL,7,2119.7555783693483,0.6190476190476191,0.0002766264826173494,4,26.428571428571427,Nampula Airport,Mozambique,1.0221240394804778,302.82222548133547,0.48896407806642234,1.0010047422991115,1334.0,2277.0,311.0
BEW,6,436.128147427953,0.7333333333333333,0.0002455731693999784,4,20.0,Beira Airport,Mozambique,0.6268547293996215,72.6880245713255,0.48823571331672777,1.0829769404242457,1354.0,801.0,484.0
POL,6,16.353770472195666,0.7333333333333333,0.00021767829517964934,4,33.333333333333336,Pemba Airport,Mozambique,-0.39762989939085086,2.725628412032611,0.46539769343635284,1.0003154880209872,1953.0,2307.0,1135.0
TET,6,1727.5438084657915,0.6,0.00026130448736343207,4,19.333333333333332,Chingozi Airport,Mozambique,1.0563455106044513,287.9239680776319,0.4846197147709317,1.0139695280262984,1450.0,1868.0,292.0
VXC,2,0.0,1.0,0.00011481807017750386,2,6.5,Lichinga Airport,Mozambique,,0.0,0.45311400878029073,1.0901439289220278,2285.0,750.0,
APN,2,0.0,1.0,8.000803404659741e-05,2,133.0,Alpena County Regional Airport,United States,,0.0,0.4447643807625599,0.9824172268781347,2443.0,2980.0,
APO,2,0.0,1.0,0.0001294043538202736,2,41.0,Antonio Roldan Betancourt Airport,Colombia,,0.0,0.4146860946574568,1.0807595821186708,3218.0,825.0,
EOH,8,6794.0,0.17857142857142858,0.0004904431140537166,3,11.125,Enrique Olaya Herrera Airport,Colombia,1.3005939509265867,849.25,0.5350447532051573,0.993562455358408,560.0,2596.0,233.0
AQA,1,0.0,0.0,7.3836849430378e-05,1,51.0,Araraquara Airport,Brazil,,0.0,0.41612068867931046,1.0122735409507515,3175.0,1923.0,
AQG,7,0.0,1.0,0.00015012110811078017,7,98.71428571428571,Anqing Tianzhushan Airport,China,,0.0,0.4987146347264378,1.0113028408733764,1111.0,1947.0,
HAK,38,131.48651121394388,0.6230440967283073,0.0006180511500410782,25,62.31578947368421,Haikou Meilan International Airport,China,-0.9214351985093697,3.4601713477353653,0.5589601518734236,1.0231868925964076,292.0,1619.0,1490.0
SHA,69,4954.674080414553,0.28346121057118495,0.0012078163391993821,25,37.52173913043478,Shanghai Hongqiao International Airport,China,-0.16854834933942978,71.8068707306457,0.5665472728636608,1.0571283924374872,241.0,1069.0,965.0
WUH,66,7068.389024672368,0.38554778554778557,0.0011426680069795585,25,53.22727272727273,Wuhan Tianhe International Airport,China,-0.029413185921667053,107.09680340412679,0.5516179549267158,1.0115479681532595,363.0,1942.0,870.0
AQI,2,0.0,1.0,8.002794290247981e-05,2,96.0,Al Qaisumah/Hafr Al Batin Airport,Saudi Arabia,,0.0,0.43124487447834964,0.9922356513994417,2726.0,2655.0,
AQP,5,12.202380952380945,0.6,0.0002555190836306754,3,16.8,Rodríguez Ballón International Airport,Peru,-0.3730161750360148,2.440476190476189,0.47260541015755936,1.0590168726020868,1763.5,1051.0,1113.0
CUZ,5,12.202380952380949,0.6,0.0002555190836306288,3,16.8,Alejandro Velasco Astete International Airport,Peru,-0.37301617503601464,2.44047619047619,0.47260541015755936,1.0590168726020737,1763.5,1052.0,1112.0
JUL,3,0.0,1.0,0.00016074246612484615,3,22.333333333333332,Inca Manco Capac International Airport,Peru,,0.0,0.4370220255834625,1.0029155278653294,2610.0,2210.0,
LPB,17,24862.46881983801,0.15441176470588236,0.0008059645868583348,4,19.705882352941178,El Alto International Airport,Bolivia,1.2258797835460553,1462.498165872824,0.5587922872706218,1.021855599794322,294.0,1660.0,256.0
TCQ,2,0.0,1.0,0.00011730422190769221,2,31.0,Coronel FAP Carlos Ciriani Santa Rosa International Airport,Peru,,0.0,0.41123297717234264,1.0489219159362344,3345.5,1189.0,
ARC,1,0.0,0.0,0.0001806096234541855,1,2.0,Arctic Village Airport,United States,,0.0,0.5493178455131139,1.0941239592544176,389.0,717.0,
VEE,2,3395.0,0.0,0.0003209412884471223,1,3.0,Venetie Airport,United States,1.9659971873737032,1697.5,0.5629273193141917,1.0198303612809614,262.0,1719.0,47.0
ARH,6,6722.176786547652,0.2,0.0002670512121341609,3,44.666666666666664,Talagi Airport,Russia,1.4802798544376912,1120.362797757942,0.5070080050426603,1.0968577293845432,972.0,697.0,192.0
CSH,1,0.0,0.0,8.204183091653612e-05,1,6.0,Solovki Airport,Russia,,0.0,0.46635183605407254,1.014986089893005,1919.0,1826.0,
MMK,5,304.5281495383924,0.4,0.0001714051303964187,4,58.0,Murmansk Airport,Russia,0.630767950968735,60.90562990767849,0.4733636412752939,1.0801984208061048,1727.0,836.0,480.0
NNM,3,4.416666666666666,0.0,0.00014995070003512369,3,5.333333333333333,Naryan Mar Airport,Russia,-0.36514789834535044,1.472222222222222,0.5333662167602042,1.03059775558611,577.0,1468.0,1104.0
USK,2,1.0,0.0,0.00011630715918719788,2,5.0,Usinsk Airport,Russia,-0.5706793007833109,0.5,0.5095669008166119,1.3063476892651913,926.0,204.0,1269.5
ARI,4,116.90571310806375,0.6666666666666666,0.0001529409466260847,4,17.25,Chacalluta Airport,Chile,0.47399623188518575,29.226428277015938,0.47953044428337366,1.0816626946658845,1573.0,818.0,554.0
ARK,2,0.0,1.0,6.832460384213808e-05,2,15.5,Arusha Airport,Tanzania,,0.0,0.4588774155192768,1.111782371671251,2142.0,606.0,
ZNZ,9,1193.457298101295,0.5555555555555556,0.00025173153819556027,8,63.111111111111114,Abeid Amani Karume International Airport,Tanzania,0.6830223027945309,132.60636645569946,0.4648251910526114,0.9843414657805888,1968.0,2932.0,458.0
ARM,1,0.0,0.0,7.546410917034389e-05,1,85.0,Armidale Airport,Australia,,0.0,0.4354907523087704,1.408868363994767,2630.5,116.5,
EVG,2,0.0,1.0,0.00010613629777792405,2,63.0,Sveg Airport,Sweden,,0.0,0.4131893050868863,1.0753348415335393,3276.5,880.0,
GEV,4,2.1666666666666665,0.5,0.0001775500975894492,2,33.25,Gällivare Airport,Sweden,-0.7703633643931462,0.5416666666666666,0.46699250863407354,1.0678953509803983,1898.0,946.0,1393.0
HAD,4,9.00460675552281,0.5,0.00012426637379415957,3,36.75,Halmstad Airport,Sweden,-0.32588769800510303,2.2511516888807024,0.46089762883648905,1.0426804845376774,2091.0,1274.0,1077.0
HFS,2,100.01155195085899,0.0,0.00010564124034337319,2,63.0,Hagfors Airport,Sweden,0.8662253878528748,50.00577597542949,0.5242741895809204,1.0757534904253012,702.0,873.0,366.0
JKG,2,0.0,1.0,8.743497565354793e-05,2,64.0,Jönköping Airport,Sweden,,0.0,0.41504005835162366,1.0386435164858778,3209.0,1338.0,
KID,1,0.0,0.0,6.1028371222318116e-05,1,124.0,Kristianstad Airport,Sweden,,0.0,0.4338936522690606,1.0096159215662,2663.5,1995.5,
KLR,2,6.36174961266567,0.0,8.710650914140169e-05,2,69.5,Kalmar Airport,Sweden,0.006637690223886833,3.180874806332835,0.5076583935528503,1.1034984373848153,958.0,650.0,848.0
KLX,8,22.881752938882226,0.7857142857142857,0.0001494171846982548,7,134.25,Kalamata Airport,Greece,-0.47583280122073723,2.8602191173602782,0.48608920768427133,1.0301736748754324,1413.0,1475.0,1198.0
KRF,2,0.0,1.0,9.875776696003475e-05,2,64.0,Kramfors Sollefteå Airport,Sweden,,0.0,0.4134349527837417,1.0362444085925409,3255.5,1370.5,
KRN,2,0.0,1.0,9.875776696003475e-05,2,64.0,Kiruna Airport,Sweden,,0.0,0.4134349527837417,1.0362444085925409,3255.5,1370.5,
LLA,5,104.93043981245992,0.3,0.00019163308500671635,3,28.0,Luleå Airport,Sweden,0.29832974582928984,20.986087962491986,0.4837937952851561,1.0549328020420368,1464.0,1098.0,655.0
MHQ,3,0.0,1.0,9.843668849528307e-05,3,73.33333333333333,Mariehamn Airport,Finland,,0.0,0.43609405228581877,0.9711350662410124,2622.0,3296.0,
MXX,2,0.0,1.0,0.00010613629777789632,2,63.0,Mora Airport,Sweden,,0.0,0.4131893050868863,1.0753348415334822,3276.5,881.0,
OER,1,0.0,0.0,6.1028371222318116e-05,1,124.0,Örnsköldsvik Airport,Sweden,,0.0,0.4338936522690606,1.0096159215662,2663.5,1995.5,
OSD,3,6.36174961266567,0.6666666666666666,0.00011210902346075583,3,48.333333333333336,Åre Östersund Airport,Sweden,-0.2512890268807496,2.12058320422189,0.45847295689697426,1.0038789187165482,2156.0,2184.0,1026.0
POR,3,27.95172755264129,0.6666666666666666,0.00012027415692802466,2,71.66666666666667,Pori Airport,Finland,0.21054360552888535,9.317242517547097,0.4761500514166976,1.0355364089029362,1662.0,1383.0,715.0
PUY,14,170.76637925239723,0.46153846153846156,0.00021669802163610733,14,105.5,Pula Airport,Croatia,-0.20468798829491872,12.197598518028373,0.5032249114514243,1.0217915110601266,1027.0,1662.0,985.0
RNB,2,6.36174961266567,0.0,8.710650914140169e-05,2,69.5,Ronneby Airport,Sweden,0.006637690223886833,3.180874806332835,0.5076583935528503,1.1034984373848153,958.0,650.0,848.0
SDL,4,9.406194057110111,0.5,0.00013409832118339488,3,44.0,Sundsvall-Härnösand Airport,Sweden,-0.3122739544990672,2.351548514277528,0.45620357498709735,1.0248783789098403,2210.0,1593.0,1064.0
SFT,3,5.882848075034656,0.3333333333333333,8.553289081905129e-05,3,109.0,Skellefteå Airport,Sweden,-0.2757078474182529,1.9609493583448854,0.5105304230198875,1.1394336639067641,901.0,504.0,1047.0
SJJ,13,93.59763445412499,0.6794871794871794,0.00023232657569560754,12,100.0,Sarajevo International Airport,Bosnia and Herzegovina,-0.34515615473144695,7.199818034932691,0.48377663279564387,1.002063844036866,1465.0,2244.0,1092.0
SPU,37,1073.743592308538,0.5315315315315315,0.0005333702799204597,28,95.32432432432432,Split Airport,Croatia,-0.24924481651743488,29.020097089419945,0.552615874539927,1.0054008849782419,348.0,2134.0,1025.0
VAA,2,0.0,1.0,7.925553115214707e-05,2,106.5,Vaasa Airport,Finland,,0.0,0.43515837023901804,0.9770662638185938,2634.0,3176.0,
VBY,4,12.77336054660668,0.3333333333333333,0.00011917798385408131,4,43.0,Visby Airport,Sweden,-0.21680032881483297,3.19334013665167,0.48140066590143527,1.0699371321654394,1515.0,927.0,996.0
VHM,2,3395.0,0.0,0.00015437418505970756,1,62.5,Vilhelmina Airport,Sweden,1.9659971873737032,1697.5,0.546977803454775,1.1309994017344716,417.5,531.5,47.0
ART,2,0.0,1.0,7.778473664809068e-05,2,164.5,Watertown International Airport,United States,,0.0,0.4673458893742807,1.0678236010954365,1888.0,950.0,
ARU,2,20.591436839470088,0.0,9.516226515598703e-05,2,71.5,Araçatuba Airport,Brazil,0.37311828055860086,10.295718419735044,0.5165310990332034,1.06536235537381,830.0,978.0,610.0
ARW,1,0.0,0.0,5.662754994699e-05,1,80.0,Arad International Airport,Romania,,0.0,0.4580705890437553,1.5099884509558144,2169.5,62.5,
ASB,11,318.8166467925905,0.5272727272727272,0.00022831447254242435,10,122.72727272727273,Ashgabat International Airport,Turkmenistan,0.14351664975616243,28.983331526599137,0.4858657016034144,1.0114981038754407,1414.0,1943.0,752.0
ATQ,6,38.15067911430506,0.4666666666666667,0.00016603778158284644,5,62.5,Sri Guru Ram Dass Jee International Airport,India,-0.13332913719418837,6.358446519050844,0.460900837021058,1.0676997189741568,2090.0,952.0,934.0
ASE,2,0.0,1.0,8.470818353293075e-05,2,159.5,Aspen-Pitkin Co/Sardy Field,United States,,0.0,0.4575341479180913,1.0404855672547308,2181.0,1304.0,
ASF,7,4.566454303199693,0.5714285714285714,0.0001623357906455668,7,85.57142857142857,Astrakhan Airport,Russia,-0.8937295638736817,0.6523506147428133,0.466690857951742,1.008940267365802,1907.0,2018.0,1479.0
MRV,16,171.44136242757165,0.5,0.00031312653191992943,13,73.9375,Mineralnyye Vody Airport,Russia,-0.28839986979346455,10.715085151723228,0.49559373668754575,0.9977726172828755,1171.0,2427.0,1052.0
ASJ,2,0.0,1.0,9.533154400113782e-05,2,48.0,Amami Airport,Japan,,0.0,0.4101126325670858,0.9939246939735525,3376.5,2578.5,
AYQ,3,0.0,1.0,0.00014657847086926382,3,41.0,Ayers Rock Connellan Airport,Australia,,0.0,0.43122864344858103,0.9870090089927909,2730.0,2858.0,
VVI,12,7823.018083110871,0.45454545454545453,0.000420618689070517,7,50.666666666666664,Viru Viru International Airport,Bolivia,1.0866704679848602,651.9181735925725,0.4940446463325561,1.0095725957607768,1216.0,2000.0,284.0
ASV,1,0.0,0.0,0.00012679344999848606,1,11.0,Amboseli Airport,Kenya,,0.0,0.4720885773254908,1.1199295780771243,1776.5,565.5,
WIL,11,24143.06043806065,0.05454545454545454,0.000971574989815378,2,2.909090909090909,Nairobi Wilson Airport,Kenya,1.493635309271591,2194.823676187332,0.6179342210951153,1.1698263732471155,52.0,420.0,182.0
ATA,1,0.0,0.0,7.386597769052736e-05,1,57.0,Comandante FAP German Arias Graziani Airport,Peru,,0.0,0.4175170179361856,1.050151547702233,3124.0,1165.0,
ATC,2,0.0,1.0,0.00012164620978318723,2,21.0,Arthur's Town Airport,Bahamas,,0.0,0.4127747188995299,0.9794034445019606,3300.5,3076.0,
NAS,40,36364.687989415776,0.26666666666666666,0.0011808738772763516,19,66.45,Lynden Pindling International Airport,Bahamas,0.8002077972953188,909.1171997353944,0.5503978282588061,1.0138268215777566,375.0,1871.0,397.0
TBI,2,0.0,1.0,0.00012164620978315203,2,21.0,New Bight Airport,Bahamas,,0.0,0.4127747188995299,0.9794034445020185,3300.5,3073.0,
ATD,1,0.0,0.0,0.00010328262561185983,1,21.0,Uru Harbour Airport,Solomon Islands,,0.0,0.45128420368577116,1.4266141038716984,2322.5,109.5,
HIR,21,57679.47864357859,0.08571428571428572,0.0014594518172951906,4,8.761904761904763,Honiara International Airport,Solomon Islands,1.354031943945281,2746.641840170409,0.6209699510007488,1.1761910984637476,43.0,404.0,223.0
AXD,2,0.0,1.0,9.642969264995238e-05,2,54.0,Dimokritos Airport,Greece,,0.0,0.40954955969690987,0.9839931888851264,3386.0,2951.0,
EFL,7,6.675291509557857,0.7142857142857143,0.00013053844364475242,7,104.42857142857143,Kefallinia Airport,Greece,-0.7752661235552359,0.9536130727939796,0.4750425798793651,1.0029118748559598,1689.0,2211.0,1397.0
IEV,20,3941.5186159637014,0.2631578947368421,0.0003714579353594029,17,62.1,Kiev Zhuliany International Airport,Ukraine,0.5478356115643416,197.07593079818508,0.5145053650463638,1.0993448670978272,859.0,674.0,513.0
IOA,1,0.0,0.0,6.030787863543087e-05,1,104.0,Ioannina Airport,Greece,,0.0,0.4340172865212438,1.0008110606934035,2657.5,2288.0,
JIK,3,1.8497378130369218,0.6666666666666666,0.00010035698048884501,3,56.666666666666664,Ikaria Airport,Greece,-0.6367049002228926,0.6165792710123073,0.45922961619280817,1.014404996615402,2130.0,1845.0,1308.0
JKL,3,1.3325486932382768,0.6666666666666666,0.0001116568349000879,2,45.666666666666664,Kalymnos Airport,Greece,-0.739029408087131,0.44418289774609226,0.45641001084420035,1.0098329744139212,2205.0,1989.0,1369.0
JNX,1,0.0,0.0,6.030787863543087e-05,1,104.0,Naxos Airport,Greece,,0.0,0.4340172865212438,1.0008110606934035,2657.5,2288.0,
JSH,4,511.76667688454575,0.16666666666666666,0.00016998500712739326,2,29.25,Sitia Airport,Greece,0.9346823767215714,127.94166922113644,0.5039384397561854,1.0546568112459789,1015.0,1104.0,336.0
JSI,1,0.0,0.0,6.030787863543087e-05,1,104.0,Skiathos Island National Airport,Greece,,0.0,0.4340172865212438,1.0008110606934035,2657.5,2288.0,
JSY,1,0.0,0.0,6.030787863543087e-05,1,104.0,Syros Airport,Greece,,0.0,0.4340172865212438,1.0008110606934035,2657.5,2288.0,
JTY,2,0.0,1.0,9.818134362279524e-05,2,53.5,Astypalaia Airport,Greece,,0.0,0.4093647417294785,0.9763799418163405,3394.0,3185.0,
KSO,1,0.0,0.0,6.030787863543087e-05,1,104.0,Kastoria National Airport,Greece,,0.0,0.4340172865212438,1.0008110606934035,2657.5,2288.0,
KVA,5,0.054985313696020596,0.8,0.00010896026113397722,5,123.4,Alexander the Great International Airport,Greece,-2.058605256458129,0.01099706273920412,0.4759658691815532,1.0138344090510225,1669.0,1870.0,1797.0
KZI,1,0.0,0.0,6.030787863547233e-05,1,104.0,Filippos Airport,Greece,,0.0,0.4340172865212438,1.0008110606934038,2657.5,2284.0,
LRS,3,0.5,0.6666666666666666,0.0001336710528967603,2,36.333333333333336,Leros Airport,Greece,-1.0448762992117955,0.16666666666666666,0.446645269543703,0.9913513935148406,2412.0,2689.0,1581.5
LXS,4,1.4579551385433736,0.6666666666666666,0.0001332681969290733,3,42.75,Limnos Airport,Greece,-0.8939685105367567,0.3644887846358434,0.44415764188471724,0.9895833071890059,2455.0,2760.0,1480.0
MJT,9,157.7844193342892,0.75,0.00016331559860773866,7,96.44444444444444,Mytilene International Airport,Greece,0.051703336162411344,17.531602148254354,0.47945027167902937,1.0212766096233457,1579.0,1670.0,813.0
MLO,1,0.0,0.0,6.030787863543087e-05,1,104.0,Milos Airport,Greece,,0.0,0.4340172865212438,1.0008110606934035,2657.5,2288.0,
PAS,1,0.0,0.0,6.030787863543087e-05,1,104.0,Paros National Airport,Greece,,0.0,0.4340172865212438,1.0008110606934035,2657.5,2288.0,
SKU,2,0.0,1.0,7.32641978692875e-05,2,79.5,Skiros Airport,Greece,,0.0,0.4424238673771257,1.2546234272116312,2486.0,260.0,
TIA,18,47.57330460953671,0.5294117647058824,0.0002808181845781591,17,103.72222222222223,Tirana International Airport Mother Teresa,Albania,-0.7633146231207106,2.642961367196484,0.5187766079104102,1.0089020532007655,795.0,2019.0,1389.0
ATW,7,111.12247554134758,0.5238095238095238,0.000175050595203368,7,129.14285714285714,Appleton International Airport,United States,0.10218046999590812,15.874639363049655,0.4813556376739338,1.0535306894885232,1517.0,1113.0,773.0
AUS,42,819.8771983772683,0.653890824622532,0.0007625475367727416,30,94.78571428571429,Austin Bergstrom International Airport,United States,-0.4140406731499195,19.520885675649247,0.5822624080396742,1.131864812446054,161.0,527.0,1149.0
AVL,8,186.55540888843788,0.35714285714285715,0.00018872101755815514,8,111.875,Asheville Regional Airport,United States,0.17888972713344103,23.319426111054735,0.48945488375924767,1.0727275140775885,1328.0,898.0,738.0
AVP,6,19.997902772217362,0.6666666666666667,0.00014973497047077376,6,145.33333333333334,Wilkes Barre Scranton International Airport,United States,-0.3348627679106354,3.3329837953695605,0.48048813788618494,1.0250500139669219,1541.0,1589.0,1087.0
AZO,4,0.0,1.0,0.00011604565662848122,4,172.25,Kalamazoo Battle Creek International Airport,United States,,0.0,0.4882901804069449,1.0415583724450195,1349.0,1289.0,
BDA,8,16.082216067126957,0.75,0.0001750598230213453,8,151.0,L.F. Wade International International Airport,Bermuda,-0.5858562758211286,2.0102770083908696,0.4937108972670903,1.0311198887868716,1224.0,1454.0,1282.0
BDL,26,84.0136237757525,0.8492307692307692,0.0004912130513706018,24,109.03846153846153,Bradley International Airport,United States,-0.8197902476755844,3.2312932221443273,0.582445882457721,1.1197441392999792,159.0,568.0,1437.0
BHM,20,57.84482511570339,0.7631578947368421,0.00038684944795602295,18,115.65,Birmingham-Shuttlesworth International Airport,United States,-0.7693412090003161,2.8922412557851693,0.5425091017298573,1.0045892848907931,469.0,2165.0,1392.0
BJX,10,29.517433558580816,0.7333333333333333,0.0002315453155765472,9,114.3,Del Bajío International Airport,Mexico,-0.5383289661692979,2.9517433558580817,0.4796357401487191,0.9996751526904101,1569.0,2331.0,1246.0
BMI,8,57.680390532334904,0.75,0.00019259251313713326,8,149.875,Central Illinois Regional Airport at Bloomington-Normal,United States,-0.1873534731334088,7.210048816541863,0.49302359129095985,1.0482917438522217,1238.0,1196.0,976.0
BQK,1,0.0,0.0,6.25404903842708e-05,1,217.0,Brunswick Golden Isles Airport,United States,,0.0,0.476463755164232,1.0929783795000594,1651.0,733.0,
BTR,4,0.0,1.0,0.00011627199202308927,4,178.75,Baton Rouge Metropolitan Airport,United States,,0.0,0.49007191521416493,1.049688033406674,1313.5,1176.5,
BTV,10,34.105495954650536,0.7111111111111111,0.00021099389860760277,10,133.4,Burlington International Airport,United States,-0.49325024776295656,3.4105495954650538,0.49103375903004187,0.9966987111294578,1286.0,2457.0,1216.0
BUF,20,2.0915675184983185,0.9315789473684211,0.00037907195307719613,20,117.7,Buffalo Niagara International Airport,United States,-1.8051745173814366,0.10457837592491592,0.5921491352442548,1.2017373930826685,122.0,337.0,1789.0
BZE,20,41894.104047300614,0.3157894736842105,0.0006029231942747521,10,66.95,Philip S. W. Goldson International Airport,Belize,1.2853007753885766,2094.705202365031,0.5318647187247936,1.0481359652899531,598.0,1198.0,238.0
CAE,10,0.14215135863462833,0.9777777777777779,0.0002138363360598696,10,146.7,Columbia Metropolitan Airport,United States,-2.2031766383249463,0.014215135863462833,0.5438960706132488,1.0883243302594539,455.0,765.0,1807.0
CAK,11,0.015873015873015872,0.9818181818181818,0.0002312790200741609,11,129.72727272727272,Akron Canton Regional Airport,United States,-2.9478211384411876,0.001443001443001443,0.549095883059748,1.07573546490355,390.0,875.0,1827.0
CCS,47,60740.843386410925,0.18501387604070305,0.0015307993384768423,20,56.38297872340426,Simón Bolívar International Airport,Venezuela,0.8576888586866409,1292.3583699236367,0.5765050524717029,1.04248891859726,190.0,1277.0,368.0
CHA,8,134.49906314187774,0.5357142857142857,0.00018755156708230784,8,132.375,Lovell Field,United States,0.0768084099508248,16.812382892734718,0.4839437189991399,1.051939717649827,1462.0,1129.0,790.0
CHO,6,0.0,1.0,0.00014453026778759196,6,147.33333333333334,Charlottesville Albemarle Airport,United States,,0.0,0.505302667451351,1.012179436914975,995.0,1929.0,
CHS,20,8.758038644081784,0.8894736842105262,0.0003612415758958079,20,119.55,Charleston Air Force Base-International Airport,United States,-1.3583550890113596,0.43790193220408924,0.5839793164979333,1.1004694831369688,156.0,670.0,1706.0
CID,11,447.067685721221,0.4,0.00025271092066670353,9,119.18181818181819,The Eastern Iowa Airport,United States,0.24900600690360122,40.64251688374736,0.49018116969406317,1.0595397954047248,1307.0,1044.0,692.0
CMH,33,130.1226355089733,0.8087121212121212,0.0005934353714699396,29,107.6969696969697,John Glenn Columbus International Airport,United States,-0.8349448198309094,3.943110166938585,0.6013702908806989,1.190571013289436,92.0,370.0,1452.0
COS,11,1.7636363636363641,0.9818181818181818,0.0002505047060285979,11,150.0,City of Colorado Springs Municipal Airport,United States,-1.4780844124201225,0.16033057851239674,0.5522445259866313,1.049142273885304,353.0,1186.0,1735.0
CRW,9,2.3873738316134583,0.9166666666666666,0.0002024254338871904,9,144.11111111111111,Yeager Airport,United States,-1.2559503623010178,0.265263759068162,0.5166961978071611,1.030494265642733,826.0,1470.0,1674.0
CSG,1,0.0,0.0,6.25404903842708e-05,1,217.0,Columbus Metropolitan Airport,United States,,0.0,0.476463755164232,1.0929783795000594,1651.0,733.0,
CVG,47,5841.686297806612,0.6216466234967623,0.0008685170549285595,30,89.7872340425532,Cincinnati Northern Kentucky International Airport,United States,0.1270823994512482,124.2911978256726,0.5857296016007103,1.1829022415123205,150.0,386.0,759.0
CZM,9,0.0,1.0,0.0002140833838029119,9,143.88888888888889,Cozumel International Airport,Mexico,,0.0,0.5341335434025435,1.1059781549261263,567.0,629.0,
DAB,2,0.0,1.0,7.947636016075609e-05,2,179.0,Daytona Beach International Airport,United States,,0.0,0.47223439258786504,1.1550413517387834,1771.0,457.0,
DAY,16,0.45066431138326213,0.95,0.00031669148737485404,16,128.1875,James M Cox Dayton International Airport,United States,-2.14214897220139,0.028166519461453883,0.585593176593285,1.1815152802558593,152.0,394.0,1800.0
DHN,1,0.0,0.0,6.25404903842708e-05,1,217.0,Dothan Regional Airport,United States,,0.0,0.476463755164232,1.0929783795000594,1651.0,733.0,
DSM,17,563.3602010681059,0.6176470588235294,0.0003456856761403488,14,121.70588235294117,Des Moines International Airport,United States,0.044229118536746624,33.1388353569474,0.5134969298721178,1.0105025264499152,873.0,1969.0,819.0
ECP,5,0.0,1.0,0.00012897820314407293,5,89.2,Northwest Florida Beaches International Airport,United States,,0.0,0.4657949154926385,0.9931884060190074,1941.0,2614.0,
ELP,13,13.76758527824503,0.858974358974359,0.0002558635102635463,13,122.76923076923077,El Paso International Airport,United States,-0.9431859847763969,1.0590450214034637,0.5284763668614472,1.0615379701695218,650.0,1022.0,1507.0
EVV,4,0.0,1.0,0.0001162064850152494,4,186.5,Evansville Regional Airport,United States,,0.0,0.49423767003568436,1.0605224266363924,1211.0,1032.0,
EWN,2,0.0,1.0,7.947636016075609e-05,2,179.0,Coastal Carolina Regional Airport,United States,,0.0,0.47223439258786504,1.1550413517387834,1771.0,457.0,
EYW,8,2.2852541777822823,0.7857142857142857,0.0001754129715895489,8,95.625,Key West International Airport,United States,-1.194665698203522,0.2856567722227853,0.4736659936773983,0.9911433068251552,1719.0,2698.0,1658.0
FAR,10,320.9370791307878,0.48888888888888893,0.00023805231941144867,9,125.0,Hector International Airport,United States,0.20621419574331276,32.09370791307878,0.48389542478302766,1.0356920191161931,1463.0,1379.0,721.0
FAY,4,0.14215135863462833,0.8333333333333334,0.0001113521408412422,4,144.0,Fayetteville Regional Grannis Field,United States,-1.6203006875719679,0.03553783965865708,0.4796660643628348,1.054845320025007,1568.0,1101.0,1765.0
FNT,8,0.015873015873015872,0.9642857142857143,0.00018152838388764197,8,123.25,Bishop International Airport,United States,-2.7452445818532047,0.001984126984126984,0.5136624642080734,1.0593184737241885,869.0,1045.0,1826.0
FPO,10,4.184575755681338,0.7777777777777778,0.00022056343361544448,10,93.0,Grand Bahama International Airport,Bahamas,-1.1478681588687738,0.4184575755681338,0.4875914951157227,0.9943259700010473,1369.0,2563.0,1630.0
FSD,9,283.157100787095,0.4444444444444444,0.00021765594848744836,9,128.66666666666666,Joe Foss Field Airport,United States,0.23415931733226278,31.461900087454996,0.49016083887467815,1.04371565400575,1308.0,1266.0,701.0
FSM,2,0.0,1.0,8.158387600397469e-05,2,202.5,Fort Smith Regional Airport,United States,,0.0,0.4795307998560807,1.3870731607404863,1572.0,131.0,
FWA,10,368.4847625294523,0.3111111111111111,0.0002336003035583106,9,103.1,Fort Wayne International Airport,United States,0.2493199950856774,36.84847625294523,0.49253070107905245,1.112310474310086,1251.0,602.0,691.0
GCM,19,8643.985691714033,0.5555555555555556,0.00046350968232160907,15,101.05263157894737,Owen Roberts International Airport,Cayman Islands,0.8254869415094305,454.9466153533702,0.5262906618977193,1.0671515287789632,681.0,963.0,387.0
GDL,41,3650.0232503566313,0.30609756097560975,0.00088825775333938,18,50.65853658536585,Don Miguel Hidalgo Y Costilla International Airport,Mexico,0.06722669297618553,89.0249573257715,0.5322818683947149,1.0004103252902354,592.0,2305.0,799.0
GGT,6,183.2454525659882,0.7333333333333333,0.00014093588757684353,5,107.0,Exuma International Airport,Bahamas,0.35630607753127586,30.540908760998033,0.48254613953331377,1.076509667911865,1487.0,863.0,613.0
GNV,5,0.015873015873015872,0.9,0.00012823473599777614,5,133.4,Gainesville Regional Airport,United States,-2.4462632621430065,0.0031746031746031746,0.47799733730067595,1.0029851056511085,1611.0,2209.0,1816.0
GPT,4,0.0,1.0,0.00011627199202308927,4,178.75,Gulfport Biloxi International Airport,United States,,0.0,0.49007191521416493,1.049688033406674,1313.5,1176.5,
GRB,4,0.0,1.0,0.00011604565662848122,4,172.25,Austin Straubel International Airport,United States,,0.0,0.4882901804069449,1.0415583724450195,1349.0,1289.0,
GRK,3,0.0,1.0,9.933612224660398e-05,3,191.33333333333334,Robert Gray  Army Air Field Airport,United States,,0.0,0.48131453416355885,1.1045398426136255,1519.5,642.5,
GRR,20,660.2031565154625,0.6947368421052631,0.00039906686961200215,17,110.95,Gerald R. Ford International Airport,United States,-0.009659355194622245,33.01015782577313,0.5200224524739321,1.0232957069524509,778.0,1617.0,857.0
GSO,14,362.4447869017311,0.7142857142857143,0.0002890230475132479,13,131.42857142857142,Piedmont Triad International Airport,United States,0.03012471777222729,25.88891335012365,0.5152702481634273,1.0548196398415537,847.0,1102.0,830.0
GSP,20,582.079839672517,0.6368421052631579,0.000384715784789281,17,105.75,Greenville Spartanburg International Airport,United States,-0.048954148295871816,29.10399198362585,0.5123990199333045,0.9970691845108482,886.0,2449.0,885.0
GTR,1,0.0,0.0,6.25404903842708e-05,1,217.0,Golden Triangle Regional Airport,United States,,0.0,0.476463755164232,1.0929783795000594,1651.0,733.0,
GUA,21,3243.7051132226043,0.6142857142857143,0.0005015421603101209,15,91.33333333333333,La Aurora Airport,Guatemala,0.4560034362786426,154.46214824869543,0.5172786064804805,1.0292018350265428,818.0,1489.0,564.0
HSV,9,0.14215135863462833,0.9722222222222222,0.0002042011220753838,9,160.44444444444446,Huntsville International Carl T Jones Field,United States,-2.136154121781241,0.015794595403847592,0.5381968367751807,1.0898925625404847,524.0,751.0,1799.0
ICT,12,260.18660391931786,0.6818181818181818,0.000264385479800779,11,134.75,Wichita Eisenhower National Airport,United States,0.024760308495465667,21.682216993276487,0.4972430785450143,1.0268531699222812,1144.0,1545.0,836.0
ILM,5,0.0,1.0,0.00012613684996629987,5,128.4,Wilmington International Airport,United States,,0.0,0.47786686171931586,1.0018881148350065,1616.0,2245.0,
IND,35,212.01017441952575,0.8168067226890756,0.0006446303696054058,29,107.34285714285714,Indianapolis International Airport,United States,-0.7200639212795185,6.057433554843593,0.6025288347132388,1.1941419707263958,90.0,364.0,1359.0
JAN,9,2.0980901428903187,0.8333333333333334,0.00019724616595298471,9,137.55555555555554,Jackson-Medgar Wiley Evers International Airport,United States,-1.296251859436791,0.23312112698781318,0.5051426723214651,1.0017447611461179,998.0,2252.0,1685.0
JAX,26,186.25696632222912,0.8276923076923077,0.0004902542923710678,24,114.15384615384616,Jacksonville International Airport,United States,-0.5713823789765609,7.163729473931889,0.5813390043985339,1.0971284564214436,165.0,695.0,1275.0
LAN,6,25.19508090821639,0.6666666666666667,0.0001514077406657539,6,138.33333333333334,Capital City Airport,United States,-0.2627813148249374,4.199180151369398,0.47492961484545443,1.0179942078991806,1690.0,1756.0,1035.0
LEX,13,378.06670245800564,0.576923076923077,0.0002751912437369359,11,118.76923076923077,Blue Grass Airport,United States,0.09043313088921931,29.082054035231202,0.4870961241230082,1.0036616564730063,1381.0,2186.0,782.0
LFT,3,0.0,1.0,9.933612224660398e-05,3,191.33333333333334,Lafayette Regional Airport,United States,,0.0,0.48131453416355885,1.1045398426136255,1519.5,642.5,
LGA,70,1920.6466474131544,0.34285714285714286,0.0012515589571935211,29,52.94285714285714,La Guardia Airport,United States,-0.4733856971055277,27.437809248759347,0.567682731110258,1.0863560699342598,239.0,779.0,1195.0
LIR,15,4660.8283811705915,0.6952380952380952,0.00038798423935723555,13,118.6,Daniel Oduber Quiros International Airport,Costa Rica,0.7831392106030476,310.72189207803945,0.526962748483529,1.1360956388236225,671.0,511.0,401.0
LIT,17,102.70130475788037,0.7205882352941176,0.00032218657511056146,16,114.23529411764706,Bill & Hillary Clinton National Airport/Adams Field,United States,-0.486844862697038,6.041253221051786,0.5248754208533524,0.9996519298950333,699.0,2332.0,1204.0
LWB,2,0.0,1.0,7.88217356042326e-05,2,172.0,Greenbrier Valley Airport,United States,,0.0,0.46938493169824086,1.1230804150301656,1836.0,555.0,
MBJ,29,595.0018619991015,0.6428571428571429,0.0005006712487457025,24,118.93103448275862,Sangster International Airport,Jamaica,-0.2784643996597846,20.517305586175915,0.5523232862374704,1.0050543121821176,351.0,2145.0,1048.0
MBS,4,0.0,1.0,0.00011604565662848122,4,172.25,MBS International Airport,United States,,0.0,0.4882901804069449,1.0415583724450195,1349.0,1289.0,
MCN,2,0.0,1.0,7.884567233593686e-05,2,159.5,Middle Georgia Regional Airport,United States,,0.0,0.46029751916490047,1.0295568973218676,2102.0,1485.0,
MDT,12,332.38658234040514,0.6818181818181818,0.0002581198132604597,11,129.33333333333334,Harrisburg International Airport,United States,0.10117194250279374,27.69888186170043,0.4949792383816353,1.0310030986280398,1189.0,1458.0,774.0
MEI,1,0.0,0.0,6.25404903842708e-05,1,217.0,Key Field,United States,,0.0,0.476463755164232,1.0929783795000594,1651.0,733.0,
MEM,32,8538.550836248347,0.6673387096774194,0.0006304970788116957,28,89.875,Memphis International Airport,United States,0.4900474842279186,266.82971363276084,0.5760504757329151,1.1822391340777885,192.0,391.0,544.0
MGA,8,0.5153602262925739,0.9642857142857143,0.0002061840017810519,8,98.0,Augusto C. Sandino (Managua) International Airport,Nicaragua,-1.6593659833951082,0.06442002828657174,0.4999582510966559,1.0259253053925086,1085.0,1563.0,1769.0
MGM,3,0.0,1.0,9.851974578045997e-05,3,182.0,Montgomery Regional (Dannelly Field) Airport,United States,,0.0,0.4771311837646486,1.0873557197715695,1637.0,773.0,
MHT,14,1.2626417417497242,0.9120879120879122,0.00026027755225890555,14,119.78571428571429,Manchester-Boston Regional Airport,United States,-1.7357593444347192,0.09018869583926602,0.5514229974753325,1.0829233302481946,365.0,803.0,1775.0
MKE,30,37.667397387231105,0.9287356321839081,0.0005638928546977354,29,110.53333333333333,General Mitchell International Airport,United States,-1.1611114492727654,1.2555799129077034,0.6205854942331642,1.3837148971885294,45.0,135.0,1635.0
MLB,2,0.0,1.0,7.947636016075609e-05,2,179.0,Melbourne International Airport,United States,,0.0,0.47223439258786504,1.1550413517387834,1771.0,457.0,
MLI,10,306.6043079428546,0.48888888888888893,0.00023457184943686851,9,129.3,Quad City International Airport,United States,0.19195927827462386,30.660430794285457,0.48546317000178185,1.0365039305576629,1426.0,1365.0,732.0
MLU,3,0.0,1.0,9.933612224660398e-05,3,191.33333333333334,Monroe Regional Airport,United States,,0.0,0.48131453416355885,1.1045398426136255,1519.5,642.5,
MOB,5,0.0,1.0,0.00013397870008494383,5,184.2,Mobile Regional Airport,United States,,0.0,0.5039164085796194,1.093334879022167,1017.0,726.0,
MSL,1,0.0,0.0,6.25404903842708e-05,1,217.0,Northwest Alabama Regional Airport,United States,,0.0,0.476463755164232,1.0929783795000594,1651.0,733.0,
MSN,11,0.4504350859809727,0.9636363636363636,0.00023864581462573048,11,136.36363636363637,Dane County Regional Truax Field,United States,-1.9039556354063862,0.04094864418008843,0.5489374458532672,1.059316927100035,393.0,1046.0,1793.0
MSY,39,239.74154827144247,0.8097165991902834,0.0007118840258010956,30,101.33333333333333,Louis Armstrong New Orleans International Airport,United States,-0.7505465803387069,6.147219186447243,0.6064206826657295,1.2613683475151172,81.0,253.0,1382.0
OAJ,3,0.0,1.0,9.507089562128038e-05,3,149.66666666666666,Albert J Ellis Airport,United States,,0.0,0.4656801946297049,1.0076761576855302,1943.5,2057.5,
OKC,22,268.8597665961509,0.7489177489177489,0.00043685179563138677,20,113.18181818181819,Will Rogers World Airport,United States,-0.3505870258174669,12.220898481643223,0.5474045055680272,1.0243763256970841,413.0,1601.0,1097.0
OMA,20,7.048418139614147,0.9368421052631579,0.0003822476263818515,20,125.15,Eppley Airfield,United States,-1.4261143637309257,0.3524209069807073,0.5926220970419549,1.141896438435663,120.0,495.0,1729.0
ORF,19,6.099148511882996,0.912280701754386,0.0003693160832920901,19,135.52631578947367,Norfolk International Airport,United States,-1.4386191940305908,0.3210078164148945,0.5889740441947787,1.1264447836063887,135.0,543.0,1731.0
PAP,13,2391.474359979924,0.5,0.0003061846141203181,10,77.46153846153847,Toussaint Louverture International Airport,Haiti,0.6659689275027003,183.95956615230185,0.4848648818581403,0.9811139866877626,1443.0,3009.0,468.0
PBI,23,578.5294448926949,0.6442687747035574,0.00046103724772454067,19,98.08695652173913,Palm Beach International Airport,United States,-0.13976923618627923,25.153454125769343,0.5206172334960306,1.006564943783463,766.0,2096.0,937.0
PHF,5,23.454948682793148,0.6,0.00013654310182003275,5,140.2,Newport News Williamsburg International Airport,United States,-0.16913176460522503,4.690989736558629,0.48022034490853177,1.0253622587092497,1550.0,1575.0,967.0
PIA,10,375.8730307739926,0.48888888888888893,0.00023294337208988285,9,126.1,General Wayne A. Downing Peoria International Airport,United States,0.25551407148471666,37.587303077399255,0.4846462291967926,1.0372203219879912,1449.0,1360.0,685.0
PIB,1,0.0,0.0,6.25404903842708e-05,1,217.0,Hattiesburg Laurel Regional Airport,United States,,0.0,0.476463755164232,1.0929783795000594,1651.0,733.0,
PIT,37,245.0187841562792,0.8318318318318318,0.0006675132642499234,30,109.91891891891892,Pittsburgh International Airport,United States,-0.7102649874716713,6.622129301521059,0.6089110943532599,1.271632681196541,73.0,247.0,1355.0
PLS,21,12598.423425091953,0.4523809523809524,0.0005143757402085952,14,78.76190476190476,Providenciales Airport,Turks and Caicos Islands,0.879358703937146,599.9249250043787,0.5188570634136468,0.9888612621078778,792.0,2790.0,363.0
PNS,11,2.3715508279283632,0.9272727272727274,0.00022925034122266616,11,128.8181818181818,Pensacola Regional Airport,United States,-1.3856769525924715,0.21559552981166938,0.5311454463640445,1.0263528974206453,610.0,1554.0,1720.0
PVD,19,7.743118230743363,0.8596491228070176,0.00032261976636227286,19,106.26315789473684,Theodore Francis Green State Airport,United States,-1.3641558599878447,0.407532538460177,0.5612681250261866,1.058881584703788,282.0,1053.0,1708.0
PVR,21,450.9131418110733,0.6619047619047619,0.0004541610686227956,18,101.80952380952381,Licenciado Gustavo Díaz Ordaz International Airport,Mexico,-0.15965775991097556,21.47205437195587,0.5211397760123576,1.0093128090878767,757.0,2007.0,954.0
PWM,12,2.576890600754357,0.8787878787878788,0.00024348636624356166,12,137.16666666666666,Portland International Jetport Airport,United States,-1.4151178250002368,0.21474088339619643,0.5340244421646708,1.0435739373200543,569.0,1268.0,1728.0
RDU,39,319.48968065233475,0.8205128205128205,0.0007075031827910929,30,104.87179487179488,Raleigh Durham International Airport,United States,-0.6609481001070778,8.192043093649609,0.6088916188229153,1.2555296228781192,74.0,258.0,1326.0
RIC,19,28.811678752328675,0.8888888888888888,0.0003694433796226693,18,125.0,Richmond International Airport,United States,-0.9541793927177297,1.516404144859404,0.5693687728300229,1.0467681745633697,231.0,1212.0,1514.0
ROA,9,140.400128480401,0.5833333333333334,0.000200260845567061,9,122.22222222222223,Roanoke–Blacksburg Regional Airport,United States,0.015281150948008287,15.600014275600111,0.4771709809607392,1.0089762300362577,1636.0,2015.0,841.0
ROC,18,2.824698983840719,0.9215686274509803,0.0003437688298792407,18,121.11111111111111,Greater Rochester International Airport,United States,-1.6443961168690198,0.15692772132448438,0.5781038634212498,1.1162853925259915,181.0,586.0,1767.0
RTB,10,1598.3193338830654,0.7555555555555555,0.00023256814360036795,9,81.8,Juan Manuel Galvez International Airport,Honduras,0.7071379709482813,159.83193338830654,0.49079475768734343,1.06200025553864,1296.0,1018.0,445.0
SAL,32,2630.3859111711877,0.5504032258064516,0.0007134723505445066,20,85.9375,Monseñor Óscar Arnulfo Romero International Airport,El Salvador,0.12266553277153926,82.19955972409961,0.5325168704715082,1.0214036253414422,587.0,1666.0,763.0
SAP,15,2734.1131362606366,0.6857142857142857,0.0003566037324598715,11,82.8,Ramón Villeda Morales International Airport,Honduras,0.6167163204135092,182.27420908404244,0.5019972661475944,1.0419388349155,1045.0,1283.0,488.0
SAT,35,640.8319258240502,0.6756302521008404,0.0006664000095795823,28,98.65714285714286,San Antonio International Airport,United States,-0.3749370982239353,18.309483594972864,0.570376526279101,1.056537708076243,227.0,1077.0,1117.0
SAV,13,0.4897835399924697,0.9358974358974358,0.0002627514363984399,13,145.0,Savannah Hilton Head International Airport,United States,-1.9840921333060404,0.03767565692249767,0.5628254478626413,1.105503355185352,264.0,633.0,1795.0
SBN,9,289.6417342756187,0.3055555555555556,0.00021223679468639368,9,105.88888888888889,South Bend Regional Airport,United States,0.24122417217719316,32.18241491951319,0.4939959454705252,1.1190905334895354,1218.0,572.0,698.0
SDF,23,6.110754325507446,0.9209486166007905,0.0004360089540484592,23,125.04347826086956,Louisville International Standiford Field,United States,-1.559561162143402,0.2656849706742368,0.6077848150183046,1.22359100568121,76.0,300.0,1752.0
SGF,9,380.09691680900403,0.3055555555555556,0.0002169124624842754,9,116.11111111111111,Springfield Branson National Airport,United States,0.32602327982574586,42.232990756556006,0.4977017853320349,1.1355407064797192,1132.0,514.0,637.0
SHV,5,0.0,1.0,0.0001381017915272649,5,175.4,Shreveport Regional Airport,United States,,0.0,0.5007346429619666,1.0668557521876803,1061.0,965.0,
SJC,30,397.2888921362497,0.6022988505747126,0.000609294386139961,19,83.13333333333334,Norman Y. Mineta San Jose International Airport,United States,-0.4260519742865269,13.242963071208322,0.5269180895939573,1.0497745968013183,672.0,1174.0,1156.0
SJD,22,675.5192157245403,0.6277056277056277,0.00046926934312628517,18,97.4090909090909,Los Cabos International Airport,Mexico,-0.063132910653968,30.705418896570016,0.5173261805541759,1.0152909144325217,816.0,1820.0,891.0
SJO,38,90860.50919115868,0.3285917496443812,0.0013023127389351866,20,73.13157894736842,Juan Santamaria International Airport,Costa Rica,1.1185547270108258,2391.066031346281,0.5701428390677904,1.0495229415261933,228.0,1179.0,277.0
SNA,22,248.87150650847443,0.7142857142857143,0.000454953919094247,19,99.77272727272727,John Wayne Airport-Orange County Airport,United States,-0.37469095755492793,11.312341204930656,0.5299653345884373,1.0147715171731828,632.0,1831.0,1116.0
SRQ,6,0.20526231703094028,0.9333333333333333,0.00014386622024027245,6,147.83333333333334,Sarasota Bradenton International Airport,United States,-1.7635953084961526,0.03421038617182338,0.49937592280058274,1.0124777539345062,1096.0,1909.0,1780.0
STL,61,24243.267392986934,0.4781420765027322,0.001359720267642481,30,72.32786885245902,St Louis Lambert International Airport,United States,0.40525819262216484,397.4306129997858,0.5843531411284253,1.0935416387272696,155.0,723.0,591.0
STT,19,3130.0771573845996,0.4678362573099415,0.0004337425596744605,12,83.57894736842105,Cyril E. King Airport,Virgin Islands,0.5085431764979778,164.7409030202421,0.4948480897947384,0.9865646538609736,1195.0,2869.0,531.0
SYR,16,387.2645478541273,0.8416666666666667,0.00031522981840256733,15,124.6875,Syracuse Hancock International Airport,United States,-0.03415161533459604,24.204034240882955,0.5436884802341754,1.0810867389677519,459.0,823.0,873.0
TGU,11,4347.123595770607,0.6727272727272727,0.0002969860144942746,9,65.54545454545455,Toncontín International Airport,Honduras,0.9586960566480907,395.19305416096427,0.49160501227813386,1.0204479454307338,1272.0,1694.0,329.0
TLH,7,0.015873015873015872,0.9523809523809524,0.00016287265707800433,7,135.14285714285714,Tallahassee Regional Airport,United States,-2.6603018505519813,0.0022675736961451248,0.5106450000690628,1.0133762139115254,900.0,1883.0,1825.0
TRI,4,35.097557587479926,0.16666666666666666,0.00011829103699080496,4,109.75,Tri-Cities Regional TN/VA Airport,United States,0.09857202505839661,8.774389396869982,0.5141394940669708,1.0984090112400833,864.0,685.0,777.0
TTN,14,3396.1867083160114,0.7362637362637362,0.0003112550554889973,13,78.14285714285714,Trenton Mercer Airport,United States,0.7282630564592381,242.5847648797151,0.5135289251392311,1.0982516131905535,871.0,688.0,438.0
TUL,18,156.97942298397865,0.738562091503268,0.00036571880679634117,16,122.72222222222223,Tulsa International Airport,United States,-0.39082122010763765,8.72107905466548,0.5326612266133063,1.0061924780660936,586.0,2109.0,1128.0
TUP,2,3394.9999999999995,0.0,0.0001567414949022944,1,109.0,Tupelo Regional Airport,United States,1.9659971873737032,1697.4999999999998,0.5627075080056589,1.2763847469519267,265.0,237.0,47.0
TUS,16,1.4300006584907778,0.9666666666666667,0.0003225486407741407,16,122.8125,Tucson International Airport,United States,-1.7818663217919897,0.08937504115567362,0.5801585757063454,1.1299180465960628,170.0,536.0,1783.0
TYS,17,610.3952602724356,0.6544117647058824,0.00034400208271511665,14,124.52941176470588,McGhee Tyson Airport,United States,0.06924858662051331,35.90560354543739,0.5176942849890639,1.0290432081926075,812.0,1496.0,796.0
VLD,1,0.0,0.0,6.25404903842708e-05,1,217.0,Valdosta Regional Airport,United States,,0.0,0.476463755164232,1.0929783795000594,1651.0,733.0,
VPS,5,0.0,1.0,0.00013186652748361358,5,161.2,Destin-Ft Walton Beach Airport,United States,,0.0,0.49529251992001705,1.028590228018446,1180.0,1515.0,
XNA,14,155.9208712230347,0.8351648351648352,0.0002935133690653516,13,139.92857142857142,Northwest Arkansas Regional Airport,United States,-0.2330647915705894,11.137205087359622,0.5376645433810084,1.0968936956468835,533.0,696.0,1014.0
ATM,3,805.4516694579897,0.6666666666666666,0.00010556079706209311,3,10.0,Altamira Airport,Brazil,1.2591924946550814,268.48388981932993,0.5215531928617012,1.27232927992602,748.5,243.5,248.5
BEL,19,30859.6400004844,0.21637426900584797,0.000621058558452639,7,23.789473684210527,Val de Cans/Júlio Cezar Ribeiro International Airport,Brazil,1.2225489360462534,1624.1915789728632,0.5437776311188284,0.9941565980200455,458.0,2569.0,257.0
ORX,3,0.3333333333333333,0.6666666666666666,0.0001360508168037336,3,4.666666666666667,Oriximiná Airport,Brazil,-1.1713863038066616,0.1111111111111111,0.49842619294796425,1.1818051476366378,1116.0,393.0,1640.5
STM,8,11982.61862506684,0.17857142857142858,0.0003013972323542522,3,6.125,Maestro Wilson Fonseca Airport,Brazil,1.47763498733936,1497.827328133355,0.5478901564147451,1.0044647751747862,408.0,2168.0,193.0
SXR,6,7.585547928007382,0.6,0.0002107802957857405,3,33.166666666666664,Sheikh ul Alam Airport,India,-0.6373218190796635,1.2642579880012303,0.4605469542992319,1.0433957096428907,2096.0,1271.0,1309.0
ATT,3,0.0,1.0,0.00023832143072820657,3,11.666666666666666,,,,0.0,0.4690046739304123,1.0324149146993007,1850.0,1430.0,
KUK,3,0.0,1.0,0.00023567968341257393,3,11.666666666666666,Kasigluk Airport,United States,,0.0,0.466394747537367,1.0264097951369004,1917.0,1553.0,
AZA,32,3673.10045457505,0.05846774193548387,0.000824563240583949,9,12.1875,Phoenix-Mesa-Gateway Airport,United States,0.2268480908787061,114.78438920547032,0.5937035612121723,1.207506147744131,115.0,319.0,707.0
ATY,2,22.23258971930225,0.0,0.00012077130879672669,2,67.0,Watertown Regional Airport,United States,0.39704458728215736,11.116294859651125,0.5108309646931789,1.0609534899577087,899.0,1029.0,595.0
PIR,3,3420.187197094368,0.0,0.00020357356129252746,2,57.666666666666664,Pierre Regional Airport,United States,1.7103767150904994,1140.062399031456,0.5290460778124376,1.1192989559684101,641.0,570.0,118.0
ATZ,5,0.0,1.0,0.0001304182387324068,5,82.4,Assiut International Airport,Egypt,,0.0,0.46565873233455485,1.0049711368295668,1946.5,2151.5,
JBQ,2,0.4013056835637481,0.0,8.499551141042571e-05,2,19.0,La Isabela International Airport,Dominican Republic,-0.8555562478458502,0.20065284178187404,0.48839373979335826,2.3301561043263983,1346.0,25.0,1459.0
LRM,9,80.11029472023158,0.5,0.0001695344182724209,9,95.22222222222223,Casa De Campo International Airport,Dominican Republic,-0.15978633285391058,8.90114385780351,0.4774933681566484,1.0158641333116825,1627.0,1811.0,956.0
LSP,3,0.0,1.0,0.00011213237180323016,3,30.333333333333332,Josefa Camejo International Airport,Venezuela,,0.0,0.43280924955439115,1.0837454902800525,2692.0,796.0,
MAR,8,2471.9127124024544,0.5714285714285714,0.00025125593723196064,6,40.375,La Chinita International Airport,Venezuela,0.9851348912280563,308.9890890503068,0.47705097706497446,0.9875700480971754,1638.0,2843.0,323.0
VLN,6,10.48685884551415,0.6,0.00019220395766644108,5,24.0,Arturo Michelena International Airport,Venezuela,-0.5362679494348099,1.7478098075856916,0.4690610726901398,1.044452286908604,1847.0,1254.0,1242.0
AUC,1,0.0,0.0,7.72947729521084e-05,1,74.0,Santiago Perez Airport,Colombia,,0.0,0.4303587059277822,1.4342868825611672,2756.5,98.5,
AUG,1,0.0,0.0,6.200316059300852e-05,1,103.0,Augusta State Airport,United States,,0.0,0.4259556126891993,0.989232395651639,2855.0,2774.0,
CMB,41,23914.768761040123,0.4390243902439025,0.0009324530057437345,23,84.58536585365853,Bandaranaike International Colombo Airport,Sri Lanka,0.6537353204945405,583.2870429521981,0.5520941191535842,1.0009214576732621,355.0,2279.0,471.0
DAC,34,19671.673820160056,0.43315508021390375,0.0009458815373835775,22,75.38235294117646,Hazrat Shahjalal International Airport,Bangladesh,0.7118842676956124,578.5786417694135,0.5448390743580088,0.9787036442654587,440.0,3109.0,444.0
HKT,32,8475.842530558839,0.43951612903225806,0.0006848265445495607,22,88.75,Phuket International Airport,Thailand,0.48774756839129607,264.8700790799637,0.5303041401200059,1.0092996760157358,624.0,2008.0,548.0
ISB,38,17398.607871031814,0.3413940256045519,0.0008108656327860034,22,79.47368421052632,New Islamabad International Airport,Pakistan,0.6028189848374882,457.8581018692583,0.5347095881531541,0.9732462952208399,562.0,3256.0,499.0
KHI,37,21411.48051485995,0.35435435435435436,0.0009556947406513222,22,60.027027027027025,Jinnah International Airport,Pakistan,0.6845374029421029,578.6886625637825,0.5359894801821133,0.9765133985061225,553.0,3184.0,455.0
KIH,9,569.9311088720435,0.6666666666666666,0.0002691967205809378,8,47.666666666666664,Kish International Airport,Iran,0.4524160051243299,63.32567876356039,0.46956614709322303,0.9768149588113123,1829.0,3179.0,567.0
KTM,32,32812.6182744223,0.28024193548387094,0.0010533897859679785,19,66.03125,Tribhuvan International Airport,Nepal,0.9100849377919197,1025.3943210756968,0.5475451877815012,0.9983163205701676,412.0,2397.0,351.0
LHE,34,9414.312719651314,0.47058823529411764,0.0006412238267527629,22,88.70588235294117,Alama Iqbal International Airport,Pakistan,0.48194742674727564,276.89155057797984,0.5336342758388037,1.0163815547098898,574.0,1798.0,551.0
MLE,29,18981.29514872349,0.35960591133004927,0.0006724929849948459,20,90.0,Malé International Airport,Maldives,0.8019225369997001,654.5274189214996,0.5377414851385549,1.001016236618994,532.0,2276.0,395.0
MNL,78,114679.62145510419,0.15817515817515818,0.002511669364582177,24,46.93589743589744,Ninoy Aquino International Airport,Philippines,0.733744094597526,1470.2515571167205,0.6188371082333975,1.1280192332800223,48.0,542.0,432.0
RYK,3,0.0,1.0,0.00010097172632321351,3,53.666666666666664,Shaikh Zaid Airport,Pakistan,,0.0,0.43044213267851744,0.9960514288158648,2749.0,2479.0,
SEZ,9,3509.216422877886,0.5,0.00025645474236328476,8,90.55555555555556,Seychelles International Airport,Seychelles,1.019539288246629,389.91293587532067,0.482795589897845,1.0283694483190824,1483.0,1518.0,313.0
TRV,17,3368.9306265877667,0.7647058823529411,0.00038141455623877656,16,67.29411764705883,Trivandrum International Airport,India,0.6022413002624764,198.17238979928038,0.527392092289513,1.1395620242372735,667.0,503.0,500.0
ZYL,4,0.09430176682846407,0.8333333333333334,0.0001161040024104435,4,121.0,Osmany International Airport,Bangladesh,-1.748348088540699,0.023575441707116018,0.4666629479881915,1.0337759711525594,1909.0,1404.0,1777.0
AUK,2,16.0,0.0,0.00022343722874142968,2,2.5,Alakanuk Airport,United States,0.2944018245120822,8.0,0.5435668569131322,1.0879855785438706,460.0,766.0,659.0
EMK,3,1775.1500000000008,0.0,0.0003046039039124048,2,11.333333333333334,Emmonak Airport,United States,1.5057559724104215,591.7166666666669,0.5234453513774834,1.0564018947467184,711.0,1078.0,178.0
SXP,2,1675.6666666666677,0.0,0.00021864285514206012,2,3.0,,,1.7456877587613766,837.8333333333338,0.5356184005177809,0.9687001354051111,555.0,3343.0,107.0
AUQ,4,3393.0,0.6666666666666666,0.0003047184995456096,3,10.5,Hiva Oa-Atuona Airport,French Polynesia,1.5248846911689937,848.25,0.5046035801806521,1.0442005482427097,1007.5,1257.0,172.5
NHV,4,3393.0,0.6666666666666666,0.00030471849954557254,3,10.5,Nuku Hiva Airport,French Polynesia,1.5248846911689937,848.25,0.5046035801806521,1.0442005482427013,1007.5,1258.0,172.5
UAH,3,0.0,1.0,0.00024239293698280934,3,3.6666666666666665,Ua Huka Airport,French Polynesia,,0.0,0.5303849298031696,1.3075343499892693,620.5,201.0,
UAP,3,0.0,1.0,0.00024239293698276863,3,3.6666666666666665,Ua Pou Airport,French Polynesia,,0.0,0.5303849298031696,1.3075343499892014,620.5,202.0,
AUR,1,0.0,0.0,6.031164397560125e-05,1,123.0,Aurillac Airport,France,,0.0,0.43781158138560966,1.0348452881703616,2596.5,1391.5,
HRL,7,1.280901993064089,0.6666666666666666,0.00014602315586847027,7,47.714285714285715,Valley International Airport,United States,-1.290350726039204,0.18298599900915558,0.47424216893137716,1.0710845853924296,1704.0,913.0,1683.0
LBB,8,62.37626752036115,0.6071428571428571,0.00017212626630196682,7,92.125,Lubbock Preston Smith International Airport,United States,-0.16293303434472217,7.797033440045143,0.45791624812512205,0.9745728115789648,2175.0,3229.0,958.0
LGB,12,4.308894738043378,0.893939393939394,0.0002578969326007996,12,89.25,Long Beach /Daugherty Field/ Airport,United States,-1.2547130629482153,0.35907456150361483,0.5181352905174555,1.0436870212090512,802.0,1267.0,1673.0
AUU,3,0.0,1.0,0.00017207084224461232,3,12.0,Aurukun Airport,Australia,,0.0,0.4476656896565582,0.9860044556243193,2389.0,2879.0,
CUQ,3,0.0,1.0,0.00015467109647526153,3,12.0,Coen Airport,Australia,,0.0,0.44477258657558544,1.0384461157496414,2441.0,1340.0,
AUX,3,3.533333333333333,0.6666666666666666,0.00013188266667168882,3,18.666666666666668,Araguaína Airport,Brazil,-0.4347713779926908,1.1777777777777778,0.4557967182280959,1.0059788942769754,2230.0,2115.0,1162.0
MAB,8,15213.51257878546,0.25,0.0001977581134191644,3,10.5,João Correa da Rocha Airport,Brazil,1.5521206493033421,1901.6890723481824,0.5303680372896253,1.1351236861213008,622.0,517.0,165.0
PMW,3,0.5,0.6666666666666666,0.00013711738082529285,3,19.666666666666668,Brigadeiro Lysias Rodrigues Airport,Brazil,-1.0448762992117955,0.16666666666666666,0.4455690795816064,1.0002526287722495,2433.0,2310.0,1581.5
AUY,1,0.0,0.0,0.00012069044545385738,1,5.0,Aneityum Airport,Vanuatu,,0.0,0.48219217123394337,0.9900958166439775,1494.0,2731.0,
TAH,5,10181.0,0.2,0.0004498874681745194,2,5.8,Tanna Airport,Vanuatu,1.725778960596448,2036.2,0.5511920884320457,1.002997517234346,368.0,2207.0,114.5
AVA,3,0.0,1.0,9.336219666970733e-05,3,93.0,Anshun Huangguoshu Airport,China,,0.0,0.4445921009310094,0.9823697276298796,2444.0,2982.0,
LIG,10,324.82098910220714,0.24444444444444446,0.00019249695425151261,9,69.8,Limoges Airport,France,0.20996743223358,32.482098910220714,0.49949376473799184,1.1480398226477204,1094.0,477.0,716.0
AVV,1,0.0,0.0,7.546410917034389e-05,1,85.0,Avalon Airport,Australia,,0.0,0.4354907523087704,1.408868363994767,2630.5,116.5,
AWD,2,0.0,1.0,0.0002098964268762435,2,3.5,Aniwa Airport,Vanuatu,,0.0,0.5066824865205398,1.1360850713776984,977.5,512.0,
FTA,2,0.0,1.0,0.00020989642687620262,2,3.5,Futuna Airport,Vanuatu,,0.0,0.5066824865205398,1.136085071377684,977.5,513.0,
AWZ,14,1635.4743265935085,0.6373626373626374,0.0003729247538147191,8,40.642857142857146,Ahwaz Airport,Iran,0.5002694850786864,116.81959475667918,0.49382843524325204,1.0374837979788796,1221.0,1357.0,536.0
BND,12,905.6574573291826,0.5757575757575757,0.00037140933280187314,8,30.416666666666668,Bandar Abbas International Airport,Iran,0.4139211196200215,75.47145477743189,0.5003776239048215,1.0518810164947805,1075.0,1132.0,586.0
IFN,15,5997.280812415144,0.5523809523809524,0.0004104410050450668,8,53.2,Esfahan Shahid Beheshti International Airport,Iran,0.8618014989541487,399.81872082767626,0.5005048021853091,1.0087463716253673,1066.0,2024.0,367.0
PGU,5,0.125,0.9,0.00018382701187021492,5,20.4,Persian Gulf International Airport,Iran,-1.8023660955078342,0.025,0.48420072399699393,1.3198296328630836,1459.0,188.0,1788.0
RAS,8,126.47521464005177,0.7857142857142857,0.00022932177707984057,7,36.25,Sardar-e-Jangal Airport,Iran,0.05761627459199464,15.809401830006472,0.4780326463988241,1.021150446064028,1610.0,1673.0,807.0
SRY,4,0.0,1.0,0.00014338438787855602,4,23.25,Dasht-e Naz Airport,Iran,,0.0,0.46205900853499454,1.062640233771641,2062.0,1010.0,
TBZ,11,911.3197877271742,0.7454545454545454,0.000271152106673963,8,69.36363636363636,Tabriz International Airport,Iran,0.4712159617327566,82.8472534297431,0.47850518467912967,1.0001093606512677,1594.0,2313.0,558.0
AXK,1,0.0,0.0,6.712796898191146e-05,1,25.0,Ataq Airport,Yemen,,0.0,0.4229264767273712,1.0017455548508059,2954.5,2250.5,
AXM,2,0.0,1.0,9.496307327838381e-05,2,85.5,El Eden Airport,Colombia,,0.0,0.42501532072182074,1.1339510926704208,2894.0,522.0,
AXP,2,0.0,1.0,0.00012164620978318723,2,21.0,Spring Point Airport,Bahamas,,0.0,0.4127747188995299,0.9794034445019606,3300.5,3076.0,
CRI,2,0.0,1.0,0.00012164620978315203,2,21.0,Colonel Hill Airport,Bahamas,,0.0,0.4127747188995299,0.9794034445020185,3300.5,3073.0,
AXR,2,0.0,1.0,0.00010260982076859502,2,17.0,Arutua Airport,French Polynesia,,0.0,0.4152394150900702,1.040112602329692,3198.0,1314.0,
KKR,2,0.0,1.0,0.0001314279235175473,2,17.0,Kaukura Airport,French Polynesia,,0.0,0.412839681192113,0.990711161141835,3296.0,2711.0,
AXT,5,3.1618239197275986,0.8,0.00015193706646224794,5,61.8,Akita Airport,Japan,-0.7943828620914767,0.6323647839455198,0.4537528794948904,1.0089514096504097,2271.0,2016.0,1414.0
LLI,4,1.5,0.5,0.0001750166250030113,2,20.25,Lalibella Airport,Ethiopia,-0.8850979314200329,0.375,0.472038749946463,1.0727641543222894,1780.0,897.0,1470.5
AYP,1,0.0,0.0,7.386597769052736e-05,1,57.0,Coronel FAP Alfredo Mendivil Duarte Airport,Peru,,0.0,0.4175170179361856,1.050151547702233,3124.0,1165.0,
DRS,18,21.00318977353823,0.6013071895424836,0.0002734378643732178,18,99.22222222222223,Dresden Airport,Germany,-1.018414891613391,1.1668438763076796,0.5257650821113778,0.9957118562790277,688.0,2501.0,1553.0
ERF,6,1.1762719397665982,0.5333333333333333,0.00011794478517805133,6,96.66666666666667,Erfurt Airport,Germany,-1.2188794748137772,0.19604532329443303,0.4818681013176022,1.0383789393430682,1499.0,1341.0,1665.0
FDH,12,66.75758777227246,0.5757575757575757,0.00020652166910997124,11,102.5,Friedrichshafen Airport,Germany,-0.399679408390128,5.5631323143560385,0.4785002652629434,0.9818876685500793,1595.0,2997.0,1140.0
GRQ,8,4.652385458960674,0.42857142857142855,0.00011593315410134436,8,65.625,Eelde Airport,Netherlands,-0.9728554387425447,0.5815481823700842,0.5008163773034945,1.1259063357749048,1059.0,544.0,1526.0
GRZ,11,0.6775079981816763,0.8909090909090909,0.00018091975690672722,11,126.27272727272727,Graz Airport,Austria,-1.7765900074289327,0.06159163619833421,0.5331714605267117,1.0236095651983825,579.0,1613.0,1782.0
KSF,2,0.19171643382051134,0.0,6.947228521215075e-05,2,96.0,Kassel-Calden Airport,Germany,-1.0860414512591448,0.09585821691025567,0.505197398284393,4.453970813828433,997.0,7.0,1606.0
LNZ,8,4.470124573320083,0.75,0.0001326023035594592,8,119.75,Linz Hörsching Airport,Austria,-0.9853246304553925,0.5587655716650104,0.4913153317444475,1.032733180982033,1282.0,1425.0,1530.0
RLG,5,0.20866558636288418,0.8,0.0001056374656418135,5,111.6,Rostock-Laage Airport,Germany,-1.642485134126819,0.041733117272576836,0.47488578838237305,1.0059319502667576,1691.0,2123.0,1766.0
ROV,22,357.06924247903385,0.48484848484848486,0.00039164434527960885,16,80.5909090909091,Platov International Airport,Russia,-0.262056788893091,16.23042011268336,0.4988689699086427,0.9821662727241031,1110.0,2984.0,1034.0
SZG,21,69.71057731188341,0.6047619047619047,0.0002993250552993945,19,102.80952380952381,Salzburg Airport,Austria,-0.7421601523303474,3.3195513005658768,0.5266908960677752,0.9844359625148262,676.0,2929.0,1373.0
ZQW,7,1.2119862254808842,0.6190476190476191,0.00011498239981992637,7,73.28571428571429,Zweibrücken Airport,Germany,-1.3076062378201538,0.17314088935441202,0.4876423145070265,1.1007797763603546,1367.0,662.0,1686.0
BIL,12,17003.97632510841,0.2424242424242424,0.00053205476845647,7,59.583333333333336,Billings Logan International Airport,United States,1.328909392631991,1416.9980270923677,0.517812183380051,1.0692182490976458,809.0,935.0,228.0
BIS,5,45.69653055558542,0.4,0.00014352781203256015,5,103.2,Bismarck Municipal Airport,United States,0.038961832749869814,9.139306111117083,0.4806342249485147,1.0827611726628557,1539.0,804.0,822.0
BLI,9,158.5073754473762,0.75,0.00021714074481576784,9,69.66666666666667,Bellingham International Airport,United States,0.05312968628844093,17.61193060526402,0.47273549473873955,0.9922505260493437,1761.0,2651.0,811.0
BZN,7,62.80363395645685,0.7619047619047619,0.00018313353885583437,7,122.57142857142857,Gallatin Field,United States,-0.0758598651760518,8.971947708065263,0.478155129839729,1.0112098226551165,1606.0,1953.0,898.0
DLH,4,28.691418303817137,0.6666666666666666,0.00012003623115713266,4,125.5,Duluth International Airport,United States,0.03569114851649269,7.172854575954284,0.47466992805214037,1.0180210914136283,1697.0,1752.0,824.0
EUG,9,142.36339667676646,0.8055555555555556,0.00021888412309775763,9,96.44444444444444,Mahlon Sweet Field,United States,0.01961391064314857,15.818155186307385,0.47968293119659494,1.026022862439763,1567.0,1562.0,840.0
GFK,5,3419.6992097808256,0.2,0.00018664548352611957,4,69.4,Grand Forks International Airport,United States,1.3853829608407022,683.9398419561651,0.5027486090363685,1.1573938525604832,1034.0,452.0,209.0
GRI,3,29.632070068660163,0.6666666666666666,0.00010249035148204628,3,117.66666666666667,Central Nebraska Regional Airport,United States,0.22875831332344868,9.877356689553388,0.4922193928261354,1.0811021357268897,1257.0,822.0,704.0
GTF,7,41.08791098910112,0.7142857142857143,0.00018712591588827146,6,93.85714285714286,Great Falls International Airport,United States,-0.2082462698592361,5.869701569871588,0.4573948261755081,0.9711329071461375,2189.0,3297.0,988.0
IDA,4,8.965053483184857,0.6666666666666666,0.00012527407714687643,4,106.75,Idaho Falls Regional Airport,United States,-0.3272612485165485,2.241263370796214,0.4582370603015991,0.9876282801537228,2162.0,2835.0,1079.0
MOT,4,9.189919435348308,0.6666666666666666,0.0001237602634558118,4,116.5,Minot International Airport,United States,-0.31953174344391444,2.297479858837077,0.46482278467045635,0.9983489861579039,1969.0,2395.0,1069.0
MSO,7,38.97632510839224,0.7619047619047619,0.0001839934167795471,7,101.42857142857143,Missoula International Airport,United States,-0.22470787913026094,5.568046444056034,0.46580592811118254,0.9890653840539577,1940.0,2783.0,1003.0
OGD,1,0.0,0.0,6.611203694221514e-05,1,32.0,Ogden Hinckley Airport,United States,,0.0,0.4178354570435723,0.9902925594164972,3101.0,2722.0,
PSC,8,70.14670782874869,0.7857142857142857,0.0002016739433527402,8,101.875,Tri Cities Airport,United States,-0.12630157012525556,8.768338478593586,0.46910044856443,0.9963782001720716,1846.0,2471.0,927.0
PVU,3,75.00515049514128,0.6666666666666666,0.00010220477392016828,3,72.0,Provo Municipal Airport,United States,0.5185237787732966,25.00171683171376,0.4900485862897254,1.092517786739746,1316.0,742.0,525.0
RAP,7,67.2885418556624,0.7619047619047619,0.0001809067280613706,7,136.0,Rapid City Regional Airport,United States,-0.05433819977109765,9.612648836523201,0.48690935905975136,1.0381602251766235,1387.0,1345.0,887.0
RFD,5,43.86560214195009,0.1,0.000140400713922154,5,52.8,Chicago Rockford International Airport,United States,0.026203062157534217,8.773120428390019,0.5154336354678917,1.0927454827848067,846.0,739.0,835.0
RST,3,28.691418303817137,0.3333333333333333,0.00010270130223700542,3,123.0,Rochester International Airport,United States,0.21869306664344462,9.563806101272379,0.5092908937646401,1.169850920502774,933.0,419.0,712.0
STC,2,25.704385228122852,0.0,8.381874500406971e-05,2,119.0,St Cloud Regional Airport,United States,0.44231828355234876,12.852192614061426,0.5334140874250063,1.1734771355498725,576.0,412.0,575.0
AZD,5,3.147524522686953,0.8,0.00014914759622764367,5,48.8,Shahid Sadooghi Airport,Iran,-0.7957971418830675,0.6295049045373906,0.45506394647874765,1.0043658874368784,2253.0,2171.0,1415.0
AZI,4,6789.000000000001,0.16666666666666666,0.0002947263045038904,2,48.0,Bateen Airport,United Arab Emirates,1.741292878379002,1697.2500000000002,0.5174527178900299,1.1123197584432745,815.0,601.0,108.0
FJR,1,0.0,0.0,0.0001068389155712775,1,4.0,Fujairah International Airport,United Arab Emirates,,0.0,0.4889173405685079,0.9846994098797804,1337.5,2922.5,
XSB,2,0.0,1.0,0.0001233189387647401,2,96.0,Sir Bani Yas Airport,United Arab Emirates,,0.0,0.4347629906863708,1.6699586226934147,2640.0,49.0,
ZDY,1,0.0,0.0,0.0001068389155712775,1,4.0,,,,0.0,0.4889173405685079,0.9846994098797804,1337.5,2922.5,
AZN,3,0.0,1.0,9.578269150986041e-05,3,120.0,Andizhan Airport,Uzbekistan,,0.0,0.4517558511405801,0.9954514436272844,2312.0,2508.0,
BMW,1,0.0,0.0,7.358184468073422e-05,1,6.0,Bordj Badji Mokhtar Airport,Algeria,,0.0,0.46938459643259817,1.0457183854192342,1837.0,1222.0,
AZS,5,9.304199021811254,0.9,0.0001290451571660875,5,94.0,Samaná El Catey International Airport,Dominican Republic,-0.4576230153938186,1.8608398043622507,0.475080896164865,1.066429946970872,1688.0,971.0,1183.0
IXE,10,1.389906805307483,0.9333333333333333,0.00018762282855316081,10,76.4,Mangalore International Airport,India,-1.4917580655108023,0.1389906805307483,0.5122768778430155,1.0123225253224861,887.0,1919.0,1736.0
NJF,9,1.6024117759752234,0.9166666666666666,0.0001737960328374963,9,96.44444444444444,Al Najaf International Airport,Iraq,-1.3803446081610038,0.17804575288613594,0.4996740006391749,0.9939476767896304,1091.0,2577.0,1719.0
SKT,9,1.1161932737731368,0.9722222222222222,0.00020055052541323844,9,77.77777777777777,Sialkot Airport,Pakistan,-1.4931637458762983,0.12402147486368187,0.5091079374558268,1.0216610782717597,936.0,1664.0,1737.0
BAL,3,0.3210558017577302,0.6666666666666666,9.771633597536263e-05,3,126.33333333333333,Batman Airport,Turkey,-1.1830955065359836,0.10701860058591006,0.47324710770151523,1.051792408267406,1739.0,1136.0,1651.0
BAV,17,50.3013224716074,0.7205882352941176,0.00031064288203228713,15,77.6470588235294,Baotou Airport,China,-0.7095570300547571,2.958901321859259,0.51266623232085,0.9993787374359047,882.0,2344.0,1354.0
CGO,55,819.7113664547068,0.45858585858585854,0.0009212774366014124,25,53.27272727272727,Zhengzhou Xinzheng International Airport,China,-0.5856436747537651,14.903843026449215,0.5521170910156152,1.0108468459686808,354.0,1960.0,1281.0
CIF,10,21.88852572320826,0.6222222222222222,0.00020728118791405348,9,59.5,Chifeng Airport,China,-0.6316263440831609,2.188852572320826,0.46523615987685907,1.0051414339680755,1958.0,2143.0,1305.0
CSX,70,2434.6868011487236,0.37142857142857144,0.0011927648550299718,25,48.31428571428572,Changsha Huanghua International Airport,China,-0.3993901021552495,34.78124001641034,0.561940235857133,1.0505825851493948,276.0,1158.0,1138.0
NKG,54,2627.5681329084155,0.45981830887491265,0.0009105742729468175,25,61.333333333333336,Nanjing Lukou Airport,China,-0.21052040270046418,48.65866912793362,0.537566643100965,0.9980225057863914,535.0,2413.0,991.0
SHE,62,3691.8962668090776,0.3241671073506081,0.001082292339627938,25,50.46774193548387,Taoxian Airport,China,-0.1922918441209701,59.54671398079157,0.5459307991721112,1.0133748945915289,430.0,1884.0,977.0
SJW,35,3509.92687730503,0.5546218487394958,0.0006303691115626373,24,55.08571428571429,Shijiazhuang Daguocun International Airport,China,0.15566539419540643,100.28362506585799,0.5371653908299533,1.0060358234713929,539.0,2114.0,746.0
TSN,52,784.985716984121,0.4358974358974359,0.0008886754689661666,25,51.92307692307692,Tianjin Binhai International Airport,China,-0.5634697239706277,15.095879172771559,0.5518120320783668,1.017645091429795,362.0,1765.0,1262.0
TYN,47,229.45481101526343,0.5587419056429233,0.0007798406777590345,25,56.57446808510638,Taiyuan Wusu Airport,China,-0.8829220739995755,4.882017255643903,0.5614133747528472,1.0240538025340544,280.0,1607.0,1467.0
XIY,86,17233.12099347065,0.2601915184678522,0.0015656669925214162,25,38.2093023255814,Xi'an Xianyang International Airport,China,0.08027444634514674,200.38512783105406,0.5853885647624382,1.0481184017205156,154.0,1199.0,789.0
BAX,2,0.2637362637362637,0.0,7.802557642884484e-05,2,167.0,Barnaul Airport,Russia,-0.9865307485266556,0.13186813186813184,0.5280866366768047,4.4834784657763125,658.0,5.0,1533.0
BAY,1,0.0,0.0,5.793876025925817e-05,1,68.0,Tautii Magheraus Airport,Romania,,0.0,0.4477861832160371,1.0852930462510806,2383.0,788.0,
BAZ,1,0.0,0.0,8.265552802900363e-05,1,18.0,Barcelos Airport,Brazil,,0.0,0.43264776086959056,0.9840679077830294,2697.0,2944.0,
MAO,18,43162.08016366987,0.20261437908496732,0.0008141495752546808,8,30.944444444444443,Eduardo Gomes International Airport,Brazil,1.3616266284898844,2397.8933424261036,0.5535734852704639,0.9954043829899624,339.0,2512.0,218.0
BBA,3,0.0,1.0,0.000179324592896353,3,17.0,Balmaceda Airport,Chile,,0.0,0.4445608882241776,0.9933085398305584,2445.0,2608.0,
PMC,5,3396.8333333333335,0.4,0.0003119396730437328,3,10.8,El Tepual Airport,Chile,1.383289680721203,679.3666666666667,0.5015982328274047,0.9843280205403554,1049.0,2933.0,211.0
PUQ,5,3609.942476477791,0.4,0.00025344551734375793,3,11.4,Pdte. Carlos Ibañez del Campo Airport,Chile,1.4022750570402653,721.9884952955582,0.4945114031326865,0.9708500449129768,1204.0,3305.0,206.0
BBI,7,5.709662733165551,0.8095238095238094,0.00017418749260363203,6,43.714285714285715,Biju Patnaik Airport,India,-0.8240189191394057,0.8156661047379359,0.4665942460849698,1.0101622297429527,1911.0,1977.0,1439.0
IXZ,4,1.2700119532209082,0.8333333333333334,0.00010675988505833947,4,45.5,Vir Savarkar International Airport,India,-0.9370288433217622,0.31750298830522705,0.4666675666166192,1.0639935957539755,1908.0,987.0,1503.0
VTZ,9,45.30665429330336,0.8333333333333334,0.00022916892080051838,7,52.55555555555556,Vishakhapatnam Airport,India,-0.33761774931440974,5.034072699255929,0.4746034891756657,1.0140334505333233,1700.0,1862.0,1088.0
BBK,3,0.0,1.0,0.00013801799686045715,3,32.333333333333336,Kasane Airport,Botswana,,0.0,0.4296805862749241,0.9956311510318028,2782.0,2505.0,
GBE,8,51.471968194394286,0.42857142857142855,0.0003024899115879315,5,27.125,Sir Seretse Khama International Airport,Botswana,-0.22288537904102176,6.433996024299286,0.4882895760980547,1.132387954812369,1351.0,526.0,1001.0
MUB,6,4.483333333333333,0.6,0.0002401494664763412,4,22.5,Maun Airport,Botswana,-0.8014021081360096,0.7472222222222222,0.4725316739004025,1.078741620841597,1765.0,842.0,1421.0
BBN,2,0.0,1.0,0.00013517367291326817,2,13.0,Bario Airport,Malaysia,,0.0,0.41687345466037473,0.9938554587064529,3140.5,2584.0,
MUR,6,3398.0,0.26666666666666666,0.0003941709242107981,2,4.833333333333333,Marudi Airport,Malaysia,1.2674174235102964,566.3333333333334,0.5410676042401348,1.0018710092810683,489.0,2246.0,246.0
MYY,20,27049.846573719828,0.19473684210526318,0.0008264286145696015,7,21.65,Miri Airport,Malaysia,1.1488068026660683,1352.4923286859914,0.5560737269591721,1.000720608557151,317.0,2293.0,272.0
BSA,2,0.5,0.0,0.00011670451532515238,2,5.5,Bosaso Airport,Somalia,-0.7869495821071592,0.25,0.5067680441207659,1.3697116390571322,975.0,149.0,1405.0
BCD,4,0.0,1.0,0.00016857159462074943,4,30.25,Bacolod-Silay Airport,Philippines,,0.0,0.4596468898924542,1.07715107725075,2118.0,856.0,
CEB,29,12218.162347596906,0.1527093596059113,0.0010684859278197718,8,28.75862068965517,Mactan Cebu International Airport,Philippines,0.6644717175563304,421.31594302058295,0.5679678134409111,1.0097800997513338,238.0,1992.0,469.0
CGY,5,0.25,0.9,0.00019962794186742682,4,25.6,Laguindingan Airport,Philippines,-1.586095814183986,0.05,0.4762006191076389,1.2869803797898158,1661.0,224.0,1757.0
DVO,9,271.2692071944692,0.5277777777777778,0.00033603693623182206,5,29.0,Francisco Bangoy International Airport,Philippines,0.22077707074460734,30.141023021607687,0.4894722068716261,1.0425029088344575,1326.0,1276.0,709.0
BCI,2,0.0,1.0,7.647080395568992e-05,2,32.5,Barcaldine Airport,Australia,,0.0,0.4276396516238498,1.208031748592671,2821.5,316.5,
LRE,4,601.1902957658486,0.3333333333333333,0.00029595051034259784,2,16.75,Longreach Airport,Australia,0.9849296430319597,150.29757394146216,0.4982163323125719,0.9762550990336095,1122.0,3192.0,324.0
BJL,7,36.728662738136066,0.6666666666666666,0.0001744030565481774,6,57.57142857142857,Banjul International Airport,Gambia,-0.24324044774830017,5.246951819733724,0.45009969135412253,0.9693795073327378,2341.0,3331.0,1023.0
BJZ,2,0.0,1.0,7.120301549236727e-05,2,161.0,Badajoz Airport,Spain,,0.0,0.4803968286363781,1.1365451921083143,1544.5,509.5,
CLJ,18,126.30426807659339,0.5359477124183006,0.0002699873229911625,17,83.88888888888889,Cluj-Napoca International Airport,Romania,-0.45865916695248904,7.016903782032966,0.5097398279263968,0.986649020484652,922.0,2864.0,1186.0
EAS,2,0.0,1.0,7.120301549236727e-05,2,161.0,San Sebastian Airport,Spain,,0.0,0.4803968286363781,1.1365451921083143,1544.5,509.5,
FEZ,16,260.13387155035434,0.35,0.0002652377011035376,14,71.0625,Saïss Airport,Morocco,-0.15830485194473454,16.258366971897146,0.507793508052491,1.022896912668049,955.0,1628.0,952.0
GOA,17,215.3882309790884,0.5147058823529411,0.0002667954196798701,17,110.70588235294117,Genoa Cristoforo Colombo Airport,Italy,-0.2557633303082486,12.669895939946377,0.5156062063808647,0.994509371991597,840.0,2553.0,1029.0
GRX,5,8.806888346662747,0.6,0.00012036958648277357,4,97.8,Federico Garcia Lorca Airport,Spain,-0.47476234469718553,1.7613776693325494,0.46242626123975095,0.9828729562062937,2052.0,2974.0,1196.0
LCG,6,2.214414154753183,0.9333333333333333,0.00012456824936623364,6,111.66666666666667,A Coruña Airport,Spain,-1.0214888455807407,0.36906902579219714,0.48997847464136235,1.0508818384796288,1318.0,1154.0,1555.0
LEI,15,114.16144077244802,0.5619047619047619,0.00022727175955381101,14,117.4,Almería International Airport,Spain,-0.37421801583934805,7.610762718163201,0.5097668364995745,0.9944058821949598,921.0,2556.0,1115.0
LEN,1,0.0,0.0,5.7039980733869225e-05,1,163.0,Leon Airport,Spain,,0.0,0.4861290872307452,1.1974843402545976,1408.0,357.0,
MAH,26,37.246073231906735,0.5507692307692308,0.0003531550693058183,26,106.15384615384616,Menorca Airport,Spain,-1.0735909842454874,1.4325412781502591,0.5612155291540634,1.0822525015638536,283.0,813.0,1602.0
POZ,19,164.17633427375745,0.43859649122807015,0.0002791361987739004,18,94.78947368421052,Poznań-Ławica Airport,Poland,-0.4112284067756298,8.640859698618813,0.5170564766185705,1.006954481789537,820.0,2084.0,1148.0
RGS,1,0.0,0.0,5.7039980733869225e-05,1,163.0,Burgos Airport,Spain,,0.0,0.4861290872307452,1.1974843402545976,1408.0,357.0,
RNS,9,17.448200250497685,0.5833333333333334,0.00016775485732466037,9,88.33333333333333,Rennes-Saint-Jacques Airport,France,-0.6353450912745463,1.938688916721965,0.47090828707251464,0.97247841391491,1805.0,3267.0,1307.0
SLM,1,0.0,0.0,5.7039980733869225e-05,1,163.0,Salamanca Airport,Spain,,0.0,0.4861290872307452,1.1974843402545976,1408.0,357.0,
TSR,12,12.664346829608595,0.6060606060606061,0.0001928462849617154,12,87.0,Timişoara Traian Vuia Airport,Romania,-0.9183299632624418,1.0553622358007162,0.48948379557291727,1.020305686108049,1325.0,1699.0,1488.0
VGO,5,0.04,0.9,0.00010942611100102775,5,136.4,Vigo Airport,Spain,-2.157883336126363,0.008,0.4850452452618375,0.9998360510052229,1438.0,2325.0,1804.0
VLL,2,0.0,1.0,5.7039980733869225e-05,2,145.0,Valladolid Airport,Spain,,0.0,0.49007593769544194,2.2611174513331473,1312.0,27.0,
XRY,16,24.900142229566224,0.6833333333333333,0.0002287228359132291,16,115.625,Jerez Airport,Spain,-0.8903858906928098,1.556258889347889,0.5257840767635165,1.0301145886606593,686.0,1476.0,1478.0
BCV,5,0.25,0.9,0.00023277848562975006,4,8.2,,,-1.586095814183986,0.05,0.5173082966281811,1.2894063552329387,817.0,220.0,1757.0
CUK,4,0.0,1.0,0.00019112338820124547,4,9.5,,,,0.0,0.4947238572275876,1.0465155552458683,1196.5,1215.0,
SPR,7,6788.25,0.4761904761904762,0.00035852530427783416,4,6.142857142857143,San Pedro Airport,Belize,1.3852725036910087,969.75,0.5382830861287833,1.0321841793811015,523.0,1435.0,210.0
SQS,4,0.0,1.0,0.00019112338820119774,4,9.5,,,,0.0,0.4947238572275876,1.046515555245938,1196.5,1214.0,
TZA,6,7.249999999999999,0.6666666666666667,0.00026952013061579144,4,7.5,,,-0.6514382992850839,1.2083333333333333,0.508469318539146,1.0581096602969058,947.0,1059.0,1317.0
BDB,1,0.0,0.0,7.647080395568992e-05,1,61.0,Bundaberg Airport,Australia,,0.0,0.42417390028793484,1.2770901245137316,2926.0,234.0,
BDH,2,0.0,1.0,8.522964629647428e-05,2,107.5,Bandar Lengeh Airport,Iran,,0.0,0.4316536061074547,0.9744267162493606,2716.0,3232.0,
BDJ,8,327.8215226037885,0.5,0.00028400710525381805,6,17.875,Syamsudin Noor Airport,Indonesia,0.35478372801754443,40.97769032547356,0.4888633481339982,1.0548788399045392,1339.0,1100.0,615.0
BDO,9,173.237151223652,0.5833333333333334,0.0002764160988100443,7,40.22222222222222,Husein Sastranegara International Airport,Indonesia,0.08085518644355726,19.248572358183555,0.4698529058051316,1.0040055202064504,1824.0,2178.0,788.0
BPN,14,3763.519985745909,0.4945054945054945,0.0004811597603502829,7,33.07142857142857,Sultan Aji Muhamad Sulaiman Airport,Indonesia,0.7603071445805876,268.82285612470776,0.5010987912952446,1.0189455954955444,1056.0,1728.0,413.0
JOG,13,178.9009395453135,0.6410256410256411,0.0003961660409343842,7,36.0,Adi Sutjipto International Airport,Indonesia,-0.14302627520834035,13.761610734254884,0.4945452303788954,1.1169726196215637,1200.0,583.0,941.0
KBU,2,1.9000000000000004,0.0,0.00011369185583219016,2,17.0,,,-0.37041314602643644,0.9500000000000002,0.49417681451226075,1.472543776269799,1213.0,78.0,1109.0
PKN,6,1817.3984340837208,0.4666666666666667,0.00023049146715883832,4,18.833333333333332,Iskandar Airport,Indonesia,1.0721662104186105,302.8997390139535,0.48337833540166814,0.9889556152729156,1474.0,2788.0,289.0
SRG,9,301.7781066438251,0.6944444444444444,0.00028362873935617526,7,46.0,Achmad Yani Airport,Indonesia,0.2540314064668723,33.53090073820279,0.4709857222914635,1.010691951030375,1802.0,1963.0,688.0
BTH,17,3550.462656034284,0.23529411764705882,0.000618035976576564,7,13.117647058823529,Hang Nadim International Airport,Indonesia,0.6186164883389572,208.85074447260493,0.5414046450642062,1.0290178093413762,481.0,1497.0,486.0
JHB,12,112.43479823585486,0.45454545454545453,0.0003698670853893906,7,27.083333333333332,Senai International Airport,Malaysia,-0.23702579888748268,9.36956651965457,0.5057458912949787,1.146575353790982,992.0,481.0,1019.0
PKU,7,94.55320341611719,0.6666666666666666,0.00022035826415140567,7,50.285714285714285,Sultan Syarif Kasim Ii (Simpang Tiga) Airport,Indonesia,0.05179978834010181,13.50760048801674,0.4580630459086052,0.9801937187288162,2171.0,3033.0,812.0
BDP,1,0.0,0.0,7.219024205396735e-05,1,32.0,Bhadrapur Airport,Nepal,,0.0,0.4133394955372043,0.9750894778957812,3267.0,3219.0,
BDQ,2,0.0,1.0,8.616565999480917e-05,2,91.5,Vadodara Airport,India,,0.0,0.4273529823836069,1.0251801181914066,2826.0,1584.0,
BDS,19,27.332432557903157,0.32748538011695905,0.00027362837281202663,19,85.21052631578948,Brindisi – Salento Airport,Italy,-0.9706245545550172,1.438549081994903,0.5413844690121427,1.1002028515383981,482.0,671.0,1525.0
BDU,1,0.0,0.0,5.976162266843102e-05,1,105.0,Bardufoss Airport,Norway,,0.0,0.43913414329652645,1.0166923553811378,2543.5,1787.5,
BEB,2,0.0,1.0,8.26393626224372e-05,2,34.0,Benbecula Airport,United Kingdom,,0.0,0.4185970551002665,1.066649166203299,3081.0,969.0,
BNX,3,0.2532152238231277,0.6666666666666666,8.480904986345533e-05,3,67.33333333333333,Banja Luka International Airport,Bosnia and Herzegovina,-1.2571594107514017,0.08440507460770924,0.46627258173412284,1.034476146642399,1924.0,1395.0,1675.0
SKP,23,1010.409502942352,0.2608695652173913,0.0003562522989633006,18,75.8695652173913,Skopje Alexander the Great Airport,Macedonia,0.03421540805664705,43.930847954015306,0.5217682338190767,1.0445526459560406,747.0,1253.0,826.0
TGD,12,65.98255220986309,0.6515151515151515,0.0002087576425601849,12,150.41666666666666,Podgorica Airport,Montenegro,-0.40332296628116265,5.49854601748859,0.5057557611355619,1.021030334820573,991.0,1678.0,1143.0
TIV,6,6.659291916213698,0.6,0.0001324843551728893,6,152.16666666666666,Tivat Airport,Montenegro,-0.677955676806707,1.1098819860356164,0.4891530428289002,1.0418381383608288,1331.0,1285.0,1334.0
VAR,9,18.056062256788664,0.5555555555555556,0.00016880447186548106,9,96.77777777777777,Varna Airport,Bulgaria,-0.6246602439181017,2.006229139643185,0.4723195576187919,0.9865698889529579,1767.0,2868.0,1300.0
BEJ,1,0.0,0.0,7.342284702831866e-05,1,14.0,Kalimarau Airport,Indonesia,,0.0,0.4381569229412054,1.0513648131611975,2575.0,1150.0,
BVS,1,0.0,0.0,7.353734112450505e-05,1,19.0,Breves Airport,Brazil,,0.0,0.4243708043448136,0.9691440364222844,2915.5,3338.0,
CAY,4,527.9388657963428,0.3333333333333333,0.0001328869973861309,4,40.0,Cayenne-Rochambeau Airport,French Guiana,0.9443895963375867,131.9847164490857,0.491309305009741,1.067813654837741,1283.0,951.0,334.0
CKS,4,1874.0614829805286,0.5,0.00020838582369952645,3,16.25,Carajás Airport,Brazil,1.3396723047149806,468.51537074513215,0.48396482251384704,0.9765442435893811,1461.0,3182.0,226.0
CNF,35,15044.10656211321,0.25882352941176473,0.0010271578198453738,9,26.257142857142856,Tancredo Neves International Airport,Brazil,0.6097649788844085,429.8316160603774,0.5608412047943555,1.0134614499315184,284.0,1881.0,493.0
FOR,19,4223.7923269760095,0.41520467836257313,0.0005438955796900847,9,35.1578947368421,Pinto Martins International Airport,Brazil,0.602045617496957,222.30485931452682,0.5090409868888166,0.9910078810660259,938.0,2704.0,501.0
IMP,6,3412.127189179107,0.5333333333333333,0.00017582883361492248,4,19.333333333333332,Prefeito Renato Moreira Airport,Brazil,1.268711924958338,568.6878648631845,0.4908397358127165,1.0219594537152965,1295.0,1649.0,244.0
MCP,1,0.0,0.0,7.35373411244738e-05,1,19.0,Alberto Alcolumbre Airport,Brazil,,0.0,0.4243708043448136,0.9691440364221868,2915.5,3339.0,
MEU,3,805.4516694579897,0.6666666666666666,0.00010556079706209311,3,10.0,Monte Dourado Airport,Brazil,1.2591924946550814,268.48388981932993,0.5215531928617012,1.27232927992602,748.5,243.5,248.5
SLZ,8,264.9503484403645,0.75,0.00025422334955841003,6,34.125,Marechal Cunha Machado International Airport,Brazil,0.28834797373485493,33.11879355504556,0.4801706989225446,1.0550792225572043,1551.0,1092.0,663.0
SFA,5,40.657487846477096,0.6,0.0001344669374326813,5,69.0,Sfax Thyna International Airport,Tunisia,0.0025065445377356016,8.13149756929542,0.4609139538775338,0.9820466043035031,2089.0,2993.0,851.0
BIA,23,641.8573280060731,0.4782608695652174,0.0003600563923494733,20,90.73913043478261,Bastia-Poretta Airport,France,-0.10735848260312576,27.906840348090135,0.5112286560013798,0.9922263402663904,894.0,2659.0,920.0
CYF,2,0.0,1.0,0.0002697806276370598,2,16.0,Chefornak Airport,United States,,0.0,0.4734546949350339,1.334406786987879,1725.0,166.0,
EEK,2,0.0,1.0,0.00023601083456163064,2,16.0,Eek Airport,United States,,0.0,0.4582819123181587,1.2016039678326784,2160.0,338.0,
GNU,2,0.0,1.0,0.0001343930753531116,2,15.5,,,,0.0,0.4137805910492508,0.9801428995890953,3234.5,3034.5,
HPB,3,0.0,1.0,0.00023372708757061437,3,11.666666666666666,Hooper Bay Airport,United States,,0.0,0.4656310219121454,1.0225101731343058,1948.5,1641.0,
KKH,3,0.5,0.6666666666666666,0.000261019236829802,2,11.333333333333334,Kongiganak Airport,United States,-1.0448762992117955,0.16666666666666666,0.4775147150925763,0.98760927035737,1625.0,2838.0,1581.5
KPN,3,0.5,0.6666666666666666,0.0003185589465504664,2,11.333333333333334,Kipnuk Airport,United States,-1.0448762992117955,0.16666666666666666,0.4913203297165423,1.0694307576088788,1281.0,934.0,1581.5
KWK,3,0.5,0.6666666666666666,0.00024532625100577744,2,11.666666666666666,Kwigillingok Airport,United States,-1.0448762992117955,0.16666666666666666,0.4746878637221005,0.9778124700427203,1696.0,3140.0,1581.5
KWN,3,3395.0,0.3333333333333333,0.0003586509148535967,2,10.666666666666666,Quinhagak Airport,United States,1.7080704702690668,1131.6666666666667,0.5093817870262493,0.9781717285099357,929.0,3135.0,129.0
KWT,2,3393.0,0.0,0.00024358817894215817,2,15.5,Kwethluk Airport,United States,1.965813326400582,1696.5,0.518402601663167,1.0450715929592735,798.5,1235.0,63.5
MLL,3,3.5,0.6666666666666666,0.0001343930753531116,2,12.0,Marshall Don Hunter Sr Airport,United States,-0.43772886044250736,1.1666666666666667,0.4661454607327156,1.0558778669807902,1928.0,1085.0,1165.0
NME,3,1130.6666666667147,0.6666666666666666,0.0001343930753531116,2,12.0,Nightmute Airport,United States,1.365014352245449,376.8888888889049,0.5058118715549567,1.15104288333514,990.0,471.0,216.0
OOK,4,1132.1666666667147,0.5,0.000191510132378184,2,9.25,Toksook Bay Airport,United States,1.1824260908869333,283.0416666666787,0.4956993341962823,0.9929387772550241,1169.0,2623.0,266.0
PQS,3,32.333333333333336,0.3333333333333333,0.00029787947688433966,2,11.333333333333334,,,0.25597870328602723,10.777777777777779,0.5001102765086156,1.0678888629599699,1082.0,947.0,684.0
VAK,3,0.0,1.0,0.00023372708757059474,3,11.666666666666666,Chevak Airport,United States,,0.0,0.4656310219121454,1.0225101731342832,1948.5,1642.0,
WNA,2,0.0,1.0,0.0001343930753531116,2,15.5,Napakiak Airport,United States,,0.0,0.4137805910492508,0.9801428995890953,3234.5,3034.5,
WTL,2,0.0,1.0,0.0001343930753531116,2,16.0,,,,0.0,0.41338676494427584,0.9953332039855483,3262.0,2516.0,
BEU,2,2021.4086121466407,0.0,0.0002244250549723257,2,2.0,Bedourie Airport,Australia,1.80421607504975,1010.7043060733204,0.552315654500714,1.014244433132879,352.0,1851.0,89.0
BQL,2,5410.408612146671,0.0,0.00018664050883500559,2,5.5,Boulia Airport,Australia,2.111401316393347,2705.2043060733354,0.5266356587343085,0.9649449897687968,677.0,3365.0,25.0
BVI,2,6.910256410256411,0.0,0.00023739591259588376,2,2.0,Birdsville Airport,Australia,0.03244212003169095,3.4551282051282053,0.5542583023545419,1.1465736636932902,332.0,482.0,829.0
UEL,3,0.0,1.0,0.00014671705805584495,3,9.0,Quelimane Airport,Mozambique,,0.0,0.4597851056343915,1.2075075810270945,2113.0,318.0,
BFD,2,0.0,1.0,0.00010734219133448632,2,29.0,Bradford Regional Airport,United States,,0.0,0.41038357742310766,1.0336017516654166,3371.5,1407.5,
JHW,2,0.0,1.0,0.00010734219133445475,2,29.0,Chautauqua County-Jamestown Airport,United States,,0.0,0.41038357742310766,1.0336017516652387,3371.5,1409.5,
BFF,1,0.0,0.0,6.564031622477524e-05,1,170.0,Western Neb. Rgnl/William B. Heilig Airport,United States,,0.0,0.45603552366054423,1.0446710779746566,2218.0,1246.0,
BFI,3,2.0,0.3333333333333333,0.00045617418019910976,2,1.6666666666666667,Boeing Field King County International Airport,United States,-0.612335736564099,0.6666666666666666,0.590343806231778,1.5210037791561446,133.0,61.0,1295.0
CLM,1,0.0,0.0,0.00023808360244849784,1,3.0,William R Fairchild International Airport,United States,,0.0,0.5499786218952866,1.3303319988117768,380.0,174.0,
ESD,2,0.0,1.0,0.00023808360244849784,2,2.5,Orcas Island Airport,United States,,0.0,0.5324646242647684,1.445469811026527,589.0,87.0,
BFJ,7,1.5238815356631445,0.8571428571428572,0.00015568223060588793,7,82.42857142857143,Bijie Feixiong Airport,China,-1.2361554133653532,0.2176973622375921,0.47394866147381826,0.9947092536801875,1710.0,2549.0,1668.0
KMG,95,26371.78646757672,0.22642777155655094,0.0019286214134267765,25,40.32631578947368,Kunming Changshui International Airport,China,0.1497102700600226,277.5977522902813,0.590909012585423,1.0968456293400075,130.0,698.0,748.0
SZX,86,4853.343704817814,0.2615595075239398,0.001509199601904603,25,40.01162790697674,Shenzhen Bao'an International Airport,China,-0.315096406086856,56.434229125788534,0.5823041096285844,1.0792961768907623,160.0,840.0,1067.0
BFL,5,0.0,1.0,0.0001379678125757628,5,136.8,Meadows Field,United States,,0.0,0.4829711060522521,0.99778661419556,1479.0,2423.0,
BFN,3,0.0,1.0,0.0001285569424417514,3,39.666666666666664,Bram Fischer International Airport,South Africa,,0.0,0.4246969914064952,0.9929914554955446,2898.5,2621.5,
DUR,13,1250.4587066687209,0.3076923076923077,0.0004498881436371149,7,29.923076923076923,King Shaka International Airport,South Africa,0.4636604268833491,96.1891312822093,0.5039195942928122,1.031158178743945,1016.0,1452.0,561.0
BFQ,2,0.0,1.0,0.00012756191692311675,2,8.5,,,,0.0,0.4338015148678167,0.9821649232382809,2673.0,2987.0,
JQE,2,0.0,1.0,0.00015263720524889078,2,8.5,Jaqué Airport,Panama,,0.0,0.4378323051646041,0.9704537674215364,2586.0,3314.0,
MJV,17,53.91557807815354,0.3235294117647059,0.00025355093692935063,16,87.58823529411765,San Javier Airport,Spain,-0.6879071102816964,3.171504592832561,0.525259946408364,1.071424671577437,693.0,907.0,1341.0
NBE,28,206.29807159554898,0.46825396825396826,0.0003653820205121682,25,102.28571428571429,Enfidha - Hammamet International Airport,Tunisia,-0.5866383396124922,7.367788271269606,0.5393577294331747,1.003655784828156,506.0,2188.0,1283.0
REU,16,16.425205272974413,0.375,0.0002356571484737915,16,85.0625,Reus Air Base,Spain,-1.0202005228374036,1.0265753295609008,0.5304232613663662,1.1106531983735566,619.0,609.0,1554.0
BFV,1,0.0,0.0,7.270424707569495e-05,1,48.0,Buri Ram Airport,Thailand,,0.0,0.4136258440336152,0.9777396313524509,3241.5,3150.5,
DMK,48,44126.15569749821,0.14450354609929078,0.0016091108448847034,19,34.625,Don Mueang International Airport,Thailand,0.7445885372090809,919.294910364546,0.5994041766549077,1.1458605355787281,95.0,486.0,422.0
BGA,3,0.0,1.0,0.00012228061051864847,3,54.666666666666664,Palonegro Airport,Colombia,,0.0,0.42786743035042596,0.995650021223092,2816.5,2502.5,
BGF,4,0.0,1.0,7.8241209124972e-05,4,91.5,Bangui M'Poko International Airport,Central African Republic,,0.0,0.4760589298194708,1.2406124715302083,1666.0,279.0,
NSI,12,4391.121417043544,0.42424242424242425,0.0003773283642869028,8,70.75,Yaoundé Nsimalen International Airport,Cameroon,0.9064879382568717,365.9267847536287,0.485320412952148,1.0004858485051205,1430.0,2302.0,354.0
BGG,2,0.0,1.0,8.226399007810747e-05,2,140.5,Bingöl Çeltiksuyu Airport,Turkey,,0.0,0.447073088375064,0.9887945166035242,2404.5,2795.5,
FDF,11,1014.8876744076891,0.38181818181818183,0.0002461765274814107,9,68.36363636363636,Martinique Aimé Césaire International Airport,Martinique,0.5048007387966325,92.26251585524447,0.4790538824556984,1.0282983112786408,1587.0,1519.0,534.0
GND,8,727.76430665453,0.6428571428571429,0.00021882620776503611,6,64.75,Point Salines International Airport,Grenada,0.6036158186640245,90.97053833181624,0.46029028131689403,0.9889578758810658,2103.0,2787.0,497.0
OGL,1,0.0,0.0,6.613755934513298e-05,1,19.0,Eugene F. Correira International Airport,Guyana,,0.0,0.43031229372472946,1.0074803456841577,2765.0,2065.0,
POS,21,2734.6325612260307,0.34285714285714286,0.00048685125946747323,12,65.42857142857143,Piarco International Airport,Trinidad and Tobago,0.40273700221534503,130.2205981536205,0.4957897455151133,0.9766951355388335,1167.0,3180.0,593.0
SVD,5,2.001989676989677,0.7,0.0001565657393983698,5,12.8,Argyle International Airport,Saint Vincent and the Grenadines,-0.9369747228993639,0.40039793539793533,0.4867862867948341,1.09359508073469,1389.0,722.0,1502.0
BGM,3,0.0,1.0,9.32751747556181e-05,3,128.33333333333334,Greater Binghamton/Edwin A Link field,United States,,0.0,0.456173900833896,1.0212693059133278,2211.0,1671.0,
BNN,6,106.11651080749776,0.7333333333333333,0.00015717006231272935,4,35.0,Brønnøysund Airport,Norway,0.18585735870227246,17.68608513458296,0.4695399645353096,1.0321065745611864,1831.0,1437.0,735.0
FAE,4,0.0,1.0,9.884207422536808e-05,4,61.75,Vagar Airport,Faroe Islands,,0.0,0.4582401442160286,1.0274824092340296,2161.0,1532.0,
FDE,3,0.0,1.0,9.446530964847789e-05,3,53.333333333333336,,,,0.0,0.43494971733455656,1.015330791067951,2636.0,1819.0,
FRO,6,1.7131782945736433,0.6666666666666667,0.0001146434592991397,4,34.166666666666664,Florø Airport,Norway,-1.1015628666330526,0.2855297157622739,0.4644910038161558,1.0704318421248642,1980.0,921.0,1613.0
HOV,4,0.3333333333333333,0.8333333333333334,0.0001240713002002032,3,41.0,"Ørsta-Volda Airport, Hovden",Norway,-1.3543882219336136,0.08333333333333333,0.4507273248364887,1.2691776365027585,2334.0,248.0,1702.0
SKE,1,0.0,0.0,5.94238747634672e-05,1,49.0,Skien Airport,Norway,,0.0,0.43377225069285813,1.0917763744549722,2677.0,744.0,
SOG,4,1.834387351778656,0.6666666666666666,0.00013932230847870722,3,40.0,Sogndal Airport,Norway,-0.8223069237090905,0.458596837944664,0.4419038214393877,0.9846050921497027,2501.0,2926.0,1438.0
BGR,6,35.13762781321659,0.4,0.00014660064344925437,6,83.33333333333333,Bangor International Airport,United States,-0.1589986768935393,5.856271302202765,0.47915586079706274,1.0957425495270903,1585.0,705.0,953.0
CAG,38,1749.8500086529525,0.2887624466571835,0.0005314682656734397,26,63.473684210526315,Cagliari Elmas Airport,Italy,-0.11382907836486039,46.04868443823559,0.5283601673355863,1.0422331382193049,653.0,1280.0,923.0
CRA,2,0.09090909090909091,0.0,6.871686869991526e-05,2,82.5,Craiova Airport,Romania,-1.3188515501666147,0.045454545454545456,0.4971549266681855,5.979864159922234,1146.0,2.0,1690.0
LBC,4,0.30931565869120203,0.5,9.254771047347464e-05,4,79.75,Lübeck Blankensee Airport,Germany,-1.37772069789717,0.07732891467280051,0.48162065369681745,1.029795903786998,1506.0,1479.0,1718.0
LDE,5,7.378546124116686,0.5,0.00011249400428468206,5,133.6,Tarbes-Lourdes-Pyrénées Airport,France,-0.529975239470048,1.4757092248233372,0.48897822498865917,1.0449810914984923,1333.0,1237.0,1237.0
LPP,3,0.0,1.0,8.03742768942313e-05,3,56.0,Lappeenranta Airport,Finland,,0.0,0.4487701117648761,1.4840271888169556,2367.0,70.0,
LWO,16,77.99646585672086,0.44166666666666665,0.00025681708124277266,16,92.5,Lviv International Airport,Ukraine,-0.5341336378111363,4.874779116045054,0.5141084833740518,1.0280478445988412,865.0,1524.0,1241.0
OMO,1,0.0,0.0,5.662754994699e-05,1,80.0,Mostar International Airport,Bosnia and Herzegovina,,0.0,0.4580705890437553,1.5099884509558144,2169.5,62.5,
PSR,9,2.1929552443451725,0.5833333333333334,0.00015258800726707325,9,64.55555555555556,Pescara International Airport,Italy,-1.2824538792837568,0.2436616938161303,0.4860899270211418,1.125530845846103,1412.0,546.0,1681.0
BHB,1,0.0,0.0,6.200316059300852e-05,1,103.0,Hancock County-Bar Harbor Airport,United States,,0.0,0.4259556126891993,0.989232395651639,2855.0,2774.0,
IOM,10,3407.710069313238,0.2888888888888889,0.0002131170766769042,9,69.9,Isle of Man Airport,Isle of Man,0.9433585189464896,340.77100693132377,0.4926439510295031,1.1225240615118344,1247.0,558.0,335.0
BHH,3,0.0,1.0,9.764893302827392e-05,3,80.0,Bisha Airport,Saudi Arabia,,0.0,0.4380217135731318,0.9886833885983191,2578.0,2804.0,
BHJ,1,0.0,0.0,6.57206331987286e-05,1,85.0,Bhuj Airport,India,,0.0,0.4216044505299986,1.0892686753902556,3010.0,756.0,
BHK,4,0.0,1.0,0.00011981667641229848,4,91.75,Bukhara Airport,Uzbekistan,,0.0,0.4531877584180522,1.0004147634084055,2281.0,2304.0,
BHO,3,0.0,1.0,0.0001071790285463156,3,63.666666666666664,Raja Bhoj International Airport,India,,0.0,0.43058894745522525,0.9898382101603899,2742.0,2748.0,
DBO,2,0.0,1.0,0.0001182215828482122,2,44.5,Dubbo City Regional Airport,Australia,,0.0,0.41275913168954637,1.0667018573399711,3305.0,968.0,
BHR,1,0.0,0.0,7.219024205396735e-05,1,32.0,Bharatpur Airport,Nepal,,0.0,0.4133394955372043,0.9750894778957812,3267.0,3219.0,
BHS,2,0.0,1.0,0.00013124192899188116,2,43.5,Bathurst Airport,Australia,,0.0,0.41593763970468056,1.1004879537998233,3186.5,666.5,
PKE,2,0.0,1.0,0.00013124192899185237,2,43.5,Parkes Airport,Australia,,0.0,0.41593763970468056,1.1004879537996035,3186.5,668.5,
BHU,1,0.0,0.0,6.57206331987286e-05,1,85.0,Bhavnagar Airport,India,,0.0,0.4216044505299986,1.0892686753902556,3010.0,756.0,
BHV,4,0.0,1.0,0.00012705548941528878,4,28.5,Bahawalpur Airport,Pakistan,,0.0,0.45635737060071013,1.0687582274441505,2206.0,939.0,
BVC,13,47.03223829178577,0.6410256410256411,0.0002223143627138867,12,114.23076923076923,Rabil Airport,Cape Verde,-0.5598740643455898,3.6178644839835203,0.48816662814159334,0.9974822489467503,1357.0,2437.0,1258.0
BZG,3,0.19367720018865853,0.6666666666666666,8.084784708774975e-05,3,126.0,Bydgoszcz Ignacy Jan Paderewski Airport,Poland,-1.340793294764325,0.06455906672955285,0.48498772044246696,1.0617009013682552,1440.0,1020.0,1696.0
GIB,5,2.1395567024157773,0.1,0.00010802353725166096,5,130.2,Gibraltar Airport,Gibraltar,-0.9162392952617121,0.4279113404831555,0.5369978255559722,1.2516036546324218,544.0,266.0,1486.0
HRG,26,163.4579209431423,0.49846153846153846,0.00038915538327681005,22,103.65384615384616,Hurghada International Airport,Egypt,-0.6121223139832427,6.286843113197781,0.5322140887928385,0.9881088310295991,593.0,2822.0,1291.0
LDY,5,1.4553583190820296,0.4,0.00010457121574296046,5,73.4,City of Derry Airport,United Kingdom,-1.03647205814376,0.2910716638164059,0.49503908426355114,1.064651517924857,1187.0,982.0,1562.0
WAT,2,0.023477812177502583,0.0,6.875294514395185e-05,2,114.5,Waterford Airport,Ireland,-1.7412547886698644,0.011738906088751291,0.49648619373948083,4.537608333473156,1156.0,3.0,1776.0
BHY,15,8.251196034770706,0.8285714285714285,0.0002755895125671376,14,86.33333333333333,Beihai Airport,China,-1.193953400887575,0.5500797356513804,0.523433805234358,1.0188488532582398,712.0,1733.0,1657.0
LYA,9,0.7644618633071575,0.8055555555555556,0.00018425214695551423,9,87.11111111111111,Luoyang Airport,China,-1.6112625494464905,0.0849402070341286,0.48558804608672035,0.9998312449759347,1423.0,2326.0,1763.0
EBU,4,5.819653723952272,0.0,0.00010042707357285882,4,49.5,Saint-Étienne-Bouthéon Airport,France,-0.46207957343941997,1.454913430988068,0.520270297422487,1.0779641586478423,771.0,847.0,1191.0
BIK,2,0.0,1.0,0.00013703505389316308,2,17.5,Frans Kaisiepo Airport,Indonesia,,0.0,0.41350250312447845,0.9911512360899896,3252.0,2697.0,
DJJ,9,12330.940840615733,0.1111111111111111,0.0005666712669968542,3,11.777777777777779,Sentani International Airport,Indonesia,1.4116507278309753,1370.1045378461924,0.5518771139465137,1.0124503717534161,361.0,1911.0,202.0
GDV,1,0.0,0.0,8.189678862986424e-05,1,12.0,Dawson Community Airport,United States,,0.0,0.4444354202937435,1.0672480849419703,2449.0,958.0,
GGW,1,0.0,0.0,8.189678862986424e-05,1,12.0,Wokal Field Glasgow International Airport,United States,,0.0,0.4444354202937435,1.0672480849419703,2449.0,958.0,
HVR,1,0.0,0.0,8.189678862986424e-05,1,12.0,Havre City County Airport,United States,,0.0,0.4444354202937435,1.0672480849419703,2449.0,958.0,
OLF,1,0.0,0.0,8.189678862986424e-05,1,12.0,L M Clayton Airport,United States,,0.0,0.4444354202937435,1.0672480849419703,2449.0,958.0,
SDY,1,0.0,0.0,8.189678862986424e-05,1,12.0,Sidney - Richland Regional Airport,United States,,0.0,0.4444354202937435,1.0672480849419703,2449.0,958.0,
BIM,1,0.0,0.0,6.187787619051694e-05,1,97.0,South Bimini Airport,Bahamas,,0.0,0.4245950958146225,0.9166824974550479,2912.5,3424.5,
BIQ,13,62.92672960498376,0.5256410256410257,0.00021446376882734838,13,100.6923076923077,Biarritz-Anglet-Bayonne Airport,France,-0.46903557773987237,4.840517661921828,0.49217944398318497,0.9995402514268771,1258.0,2338.0,1194.0
BIR,1,0.0,0.0,7.219024205396735e-05,1,32.0,Biratnagar Airport,Nepal,,0.0,0.4133394955372043,0.9750894778957812,3267.0,3219.0,
BJB,1,0.0,0.0,8.213757479852197e-05,1,38.0,Bojnord Airport,Iran,,0.0,0.4251059816896232,1.0205693747739042,2888.0,1687.0,
BJF,5,2.4166666666666665,0.7,0.00015638055433794742,4,6.2,Båtsfjord Airport,Norway,-0.8782391836205521,0.4833333333333333,0.5157406520711869,1.0963345478093776,838.0,702.0,1466.0
BVG,5,1.1666666666666665,0.8,0.00019597867523362997,4,6.2,Berlevåg Airport,Norway,-1.105458380009564,0.2333333333333333,0.5169019161044816,1.1054945842433095,822.0,634.0,1617.0
MEH,6,692.5084457527944,0.6666666666666667,0.00023164218728449746,4,6.333333333333333,Mehamn Airport,Norway,0.7711242139784588,115.4180742921324,0.5227183340015996,1.0947797853076213,726.0,711.0,406.0
VAW,3,163.35878670667978,0.6666666666666666,0.00013104103970989543,3,6.333333333333333,"Vardø Airport, Svartnes",Norway,0.76139151657998,54.452928902226596,0.5155541055273608,1.2654654998445694,843.0,250.0,412.0
BJI,1,0.0,0.0,6.309213309717725e-05,1,131.0,Bemidji Regional Airport,United States,,0.0,0.43251909060205135,0.9949779937643558,2703.0,2540.0,
OXB,5,1.2843434343434343,0.8,0.00014564055009095363,5,31.0,Osvaldo Vieira International Airport,Guinea-Bissau,-1.0754749687388878,0.25686868686868686,0.4639863788272179,1.0186184297520182,1990.0,1737.0,1603.0
RAI,15,7418.655391461224,0.26666666666666666,0.00043775210914102447,9,48.333333333333336,Praia International Airport,Cape Verde,0.9281638618433158,494.57702609741494,0.506056101846221,0.9953693698912018,987.0,2514.0,343.0
BJM,4,0.0,1.0,0.00012808127602665116,4,64.25,Bujumbura International Airport,Burundi,,0.0,0.4484762098108068,1.0258385301099782,2373.0,1565.0,
BKC,2,0.0,1.0,0.00021773942941286778,2,8.0,Buckland Airport,United States,,0.0,0.4627308586956028,1.0033062700708077,2042.5,2195.5,
DRG,2,0.0,1.0,0.0002177394294128447,2,8.0,Deering Airport,United States,,0.0,0.4627308586956028,1.0033062700707578,2042.5,2197.5,
BKG,4,1.806483267399658,0.6666666666666666,0.00011352390000493804,4,79.5,Branson Airport,United States,-0.827089615707799,0.4516208168499145,0.45284608225973644,0.9878947858071474,2289.0,2828.0,1442.0
BKI,30,17637.668978520524,0.2873563218390805,0.0008680424793298684,14,50.666666666666664,Kota Kinabalu International Airport,Malaysia,0.757449863268752,587.9222992840174,0.5370487543076966,1.012660686396261,541.0,1905.0,416.0
BTU,5,0.0,1.0,0.00018311481170753139,5,36.4,Bintulu Airport,Malaysia,,0.0,0.4775077945571718,1.2430173699327758,1626.0,273.0,
BWN,14,1824.8841829952466,0.6153846153846154,0.0003317290576770186,12,88.85714285714286,Brunei International Airport,Brunei,0.5344609067654477,130.34887021394619,0.49247691713760133,1.0100102484130116,1252.0,1981.0,518.0
KBR,7,14.261309542788894,0.8095238095238094,0.00021624816845544932,7,46.42857142857143,Sultan Ismail Petra Airport,Malaysia,-0.5384061074756975,2.0373299346841276,0.4705860461344826,1.0238885500118773,1809.0,1611.0,1247.0
KCH,14,5122.017618273193,0.3626373626373626,0.00048698783264001296,7,25.214285714285715,Kuching International Airport,Malaysia,0.8564673095040434,365.8584013052281,0.5114568637953507,1.0189596207153961,892.0,1727.0,370.0
KUD,2,0.0,1.0,0.00010358201328326195,2,17.0,Kudat Airport,Malaysia,,0.0,0.41541615724671294,1.047378546904899,3197.0,1210.0,
LBU,3,0.0,1.0,0.0001237116697922567,3,54.0,Labuan Airport,Malaysia,,0.0,0.4269937333950416,0.9954262352935074,2835.0,2511.0,
LDU,1,0.0,0.0,6.88041127785404e-05,1,30.0,Lahad Datu Airport,Malaysia,,0.0,0.41697667526341103,0.9968786551558961,3138.0,2455.0,
LWY,3,3395.0,0.3333333333333333,0.00018639578711165364,2,17.0,Lawas Airport,Malaysia,1.7080704702690668,1131.6666666666667,0.4939975443141501,0.9911704789665757,1217.0,2695.0,129.0
MZV,4,2.3222222222222224,0.6666666666666666,0.0001551844241560528,4,19.5,Mulu Airport,Malaysia,-0.7487301037121498,0.5805555555555556,0.46019508837219586,0.9896436059281505,2108.0,2757.0,1381.0
PEN,20,1118.07358115146,0.42105263157894735,0.0005328598089110825,10,51.6,Penang International Airport,Malaysia,0.1547132376187853,55.903679057573,0.5008135508592555,0.98980032896615,1060.0,2752.0,747.0
PPS,5,6.050468975468974,0.7,0.0001884010149249111,5,30.8,Puerto Princesa Airport,Philippines,-0.5918911725335361,1.2100937950937949,0.45951375992056764,0.992287454743368,2123.0,2650.0,1284.0
SBW,6,0.28695652173913044,0.9333333333333333,0.00021060722474109322,5,32.166666666666664,Sibu Airport,Malaysia,-1.6590581769348618,0.04782608695652174,0.48877870438137866,1.2012973366718647,1340.0,339.0,1768.0
SDK,4,169.734322346565,0.6666666666666666,0.00016366070825751323,3,37.25,Sandakan Airport,Malaysia,0.590335129273706,42.43358058664125,0.46256735519219605,1.0319900617337814,2047.0,1439.0,507.0
TWU,5,34.983590388086604,0.5,0.0001826464643475492,4,32.6,Tawau Airport,Malaysia,-0.04439009039985102,6.996718077617321,0.451985011581576,1.034798167978739,2306.0,1394.0,880.0
CEI,3,15.177915248928338,0.6666666666666666,0.00010826514579974426,3,88.33333333333333,Chiang Rai International Airport,Thailand,0.020017315084540993,5.059305082976112,0.4746108242831421,1.014550286772507,1699.0,1837.0,838.5
CGP,11,35.907242932093894,0.7090909090909091,0.0002294895105732023,11,84.36363636363636,Shah Amanat International Airport,Bangladesh,-0.5378169564915307,3.264294812008536,0.4778802865709968,0.9894386692155767,1615.0,2766.0,1244.0
CNX,26,12084.481280074786,0.41846153846153844,0.0006720354315524812,17,67.1923076923077,Chiang Mai International Airport,Thailand,0.7305035861219705,464.78774154133794,0.5180661704790726,0.9930765214266154,804.0,2619.0,436.0
CRK,8,38.48189875372934,0.6785714285714286,0.0002021333556299923,8,88.375,Diosdado Macapagal International Airport,Philippines,-0.31363389520447843,4.810237344216167,0.4546749493548204,0.9577750356628456,2259.0,3402.0,1066.0
FOC,47,718.9304596533834,0.5430157261794635,0.000801419910619735,25,63.5531914893617,Fuzhou Changle International Airport,China,-0.5265860377572666,15.296392758582625,0.5454060688081632,0.998832845140295,435.0,2370.0,1236.0
HAN,46,25687.00607455217,0.2985507246376812,0.0011404465611517956,23,64.84782608695652,Noi Bai International Airport,Vietnam,0.6028422269535905,558.4131755337428,0.5405346435989385,0.9886019318087315,494.0,2806.0,498.0
HDY,5,15.177915248928338,0.9,0.00015213573744009566,5,86.6,Hat Yai International Airport,Thailand,-0.3049319185638011,3.0355830497856675,0.47580522465116865,1.0643424118763067,1674.0,984.0,1059.0
IXB,5,73.48344870991424,0.8,0.0001649141151243833,5,54.8,Bagdogra Airport,India,0.18717936143118252,14.696689741982848,0.4662477022179979,1.016154409038219,1925.0,1803.0,734.0
KBV,6,17.03505810607119,0.8666666666666666,0.00017531758901027884,6,73.83333333333333,Krabi Airport,Thailand,-0.38489513286553606,2.839176351011865,0.4738506240592593,1.0178287012238052,1716.0,1761.0,1120.0
KHH,37,6591.984215093895,0.557057057057057,0.0006797434532153482,25,70.70270270270271,Kaohsiung International Airport,Taiwan,0.3169644625370472,178.16173554307824,0.5400882432667493,1.0099888828761132,499.0,1985.0,641.0
KKC,2,15.177915248928338,0.0,9.100905946912862e-05,2,85.0,Khon Kaen Airport,Thailand,0.27794403218917746,7.588957624464169,0.5225583786077528,1.1051138212543885,731.5,636.5,671.5
LPQ,7,92.41741895428919,0.38095238095238093,0.00020501884545069207,6,35.0,Luang Phabang International Airport,Laos,0.04467118713352255,13.202488422041313,0.476377165797848,1.0989978691280125,1659.0,678.0,818.0
LPT,1,0.0,0.0,6.25143882576752e-05,1,122.0,Lampang Airport,Thailand,,0.0,0.4284527970106475,1.0352641852789486,2799.0,1385.0,
MDL,8,1192.5718753185608,0.39285714285714285,0.0002961615413364901,4,38.5,Mandalay International Airport,Burma,0.757715534946246,149.0714844148201,0.4777930392102625,1.0128771975792903,1619.0,1901.0,415.0
MFM,38,786.7596198443614,0.48364153627311524,0.0007073901575276702,25,65.23684210526316,Macau International Airport,Macau,-0.36323984886469557,20.704200522220038,0.5307076337443376,0.9994603700355837,614.0,2343.0,1102.0
NGB,38,482.8556223450697,0.5832147937411095,0.0006569053552536465,25,66.57894736842105,Ningbo Lishe International Airport,China,-0.5155657204708843,12.706726903817625,0.5409954671135981,0.9989501782357798,491.0,2366.0,1230.0
NNG,44,2117.25034735016,0.5591966173361522,0.0007821978288729461,25,63.06818181818182,Nanning Wuxu Airport,China,-0.14762148809298897,48.119326076140005,0.5390644673905558,1.0004551576204601,509.0,2303.0,944.0
NYT,2,0.0,1.0,7.977047458829086e-05,2,108.5,Naypyidaw Airport,Burma,,0.0,0.4347376014765124,0.9829984899851313,2641.0,2972.0,
PNH,15,107.78831287484182,0.8476190476190476,0.0003478104824497379,14,86.06666666666666,Phnom Penh International Airport,Cambodia,-0.3921413478329308,7.185887524989455,0.5254453526272516,1.0382738588659428,691.0,1342.0,1130.0
PUS,36,745.911255278227,0.45555555555555555,0.0007076487758940111,23,62.833333333333336,Gimhae International Airport,South Korea,-0.3454815836361298,20.71975709106186,0.5289437514510613,1.0060412967983627,642.0,2113.0,1093.0
REP,20,4220.070474646952,0.6052631578947368,0.0004822704879515998,15,82.25,Siem Reap International Airport,Cambodia,0.5691415872200729,211.0035237323476,0.514939859696219,1.0205720103528502,850.0,1681.0,510.0
SWA,24,48.417425037752395,0.746376811594203,0.00041417230098314567,22,75.70833333333333,Jieyang Chaoshan International Airport,China,-0.9408288749708799,2.01739270990635,0.5532777510534558,1.0621871682804842,344.0,1017.0,1505.0
TAO,54,1413.8228640653133,0.4388539482879106,0.0009659350402351644,25,57.55555555555556,Liuting Airport,China,-0.4038934563267178,26.181904890098394,0.5403773812741652,1.00052123886882,495.0,2299.0,1144.0
TDX,1,0.0,0.0,6.25143882576752e-05,1,122.0,Trat Airport,Thailand,,0.0,0.4284527970106475,1.0352641852789486,2799.0,1385.0,
THS,1,0.0,0.0,6.25143882576752e-05,1,122.0,Sukhothai Airport,Thailand,,0.0,0.4284527970106475,1.0352641852789486,2799.0,1385.0,
TNA,41,1282.9090397431917,0.6097560975609756,0.0006950262007047002,25,66.29268292682927,Yaoqiang Airport,China,-0.25901416496218055,31.290464383980286,0.5410708771955185,0.9995337122958307,488.0,2339.0,1032.0
UBP,2,15.177915248928338,0.0,9.100905946912862e-05,2,85.0,Ubon Ratchathani Airport,Thailand,0.27794403218917746,7.588957624464169,0.5225583786077528,1.1051138212543885,731.5,636.5,671.5
ULN,15,29655.227084531864,0.15238095238095237,0.0006095717080363408,7,58.46666666666667,Chinggis Khaan International Airport,Mongolia,1.3605004356905677,1977.015138968791,0.541021375239757,1.0893086848902946,490.0,753.0,219.0
URT,3,15.177915248928338,0.6666666666666666,0.00011079340036368133,3,94.0,Surat Thani Airport,Thailand,0.020017315084540993,5.059305082976112,0.47396506652339276,1.017821594411852,1709.0,1762.0,838.5
USM,10,502.8460781502939,0.6000000000000001,0.00027272766553156666,7,59.1,Samui Airport,Thailand,0.3463197885956568,50.28460781502939,0.4625064009926649,0.9633461923959373,2049.0,3373.0,622.0
UTH,4,15.177915248928338,0.8333333333333334,0.00013117015366707893,4,57.0,Udon Thani Airport,Thailand,-0.16298460304241094,3.7944788122320845,0.46765603398591576,1.0088663618361504,1881.0,2021.0,959.0
VTE,17,14153.117442897177,0.2867647058823529,0.0005725097044347164,9,50.94117647058823,Wattay International Airport,Laos,1.0500845507235939,832.5363201704222,0.5133381068507687,0.9954486602751697,875.0,2510.0,294.0
ZVK,3,37.18709097257903,0.6666666666666666,0.00012081055651928312,3,48.0,Savannakhet Airport,Laos,0.29961764460173357,12.395696990859676,0.46467774356537017,1.0103414103829016,1977.0,1972.0,652.0
BKM,1,0.0,0.0,9.702171554582313e-05,1,3.0,Bakalalan Airport,Malaysia,,0.0,0.49668454354953745,1.0017974314611489,1153.5,2249.0,
NKC,9,586.821540137372,0.5555555555555556,0.00022432639794895656,7,59.888888888888886,Nouakchott–Oumtounsy International Airport,Mauritania,0.4615283989964595,65.2023933485969,0.46138729877407514,0.9648520648825535,2075.0,3366.0,562.0
BKQ,2,0.0,1.0,7.647080395568992e-05,2,32.5,Blackall Airport,Australia,,0.0,0.4276396516238498,1.208031748592671,2821.5,316.5,
BKS,2,0.0,1.0,9.931765820931223e-05,2,40.5,Fatmawati Soekarno Airport,Indonesia,,0.0,0.4083066306007006,0.9921235858150753,3417.5,2665.5,
BKW,2,0.0,1.0,6.049082108420337e-05,2,64.5,Raleigh County Memorial Airport,United States,,0.0,0.4585189861198035,1.7089965491318864,2153.0,47.0,
SHD,2,0.0,1.0,8.619942004496682e-05,2,64.5,Shenandoah Valley Regional Airport,United States,,0.0,0.41597030051100325,1.0549574626642664,3184.0,1097.0,
BKY,3,6790.999999999998,0.0,0.00017585879965000925,2,2.6666666666666665,Bukavu Kavumu Airport,Congo (Kinshasa),1.9243866999123198,2263.666666666666,0.5578925880401896,0.9855066229178934,300.0,2902.0,70.0
KND,2,10163.999999999998,0.0,0.0001624139463632844,2,11.5,Kindu Airport,Congo (Kinshasa),2.3081334853189963,5081.999999999999,0.5318574190702477,1.025562813070862,599.0,1570.0,10.0
KOO,2,3394.999999999999,0.0,0.00011894956571549547,1,2.0,Kongolo Airport,Congo (Kinshasa),1.9659971873737032,1697.4999999999995,0.5775533854841052,1.0759961603973769,185.0,868.0,47.0
BKZ,1,0.0,0.0,8.6668883366054e-05,1,4.0,Bukoba Airport,Tanzania,,0.0,0.4869836107238049,1.0281126605252064,1385.0,1523.0,
MWZ,4,3395.0,0.5,0.00019980850589111084,3,25.25,Mwanza Airport,Tanzania,1.5250685521421146,848.75,0.4813575649414295,1.0048914581221602,1516.0,2156.0,170.5
BLA,6,325.84982492412905,0.5333333333333333,0.00021108213161337682,5,47.166666666666664,General José Antonio Anzoategui International Airport,Venezuela,0.5359033689804211,54.308304154021506,0.4616401985193681,1.0135138878551764,2070.0,1878.0,517.0
PMV,14,1495.120375695398,0.15384615384615385,0.0005092192967793369,6,11.714285714285714,Del Caribe Santiago Mariño International Airport,Venezuela,0.47227384464893474,106.79431254967129,0.5488724532809922,1.105563614052609,395.0,632.0,557.0
PZO,6,6794.740848411436,0.2,0.0003059212488585748,4,12.666666666666666,General Manuel Carlos Piar International Airport,Venezuela,1.4836298904015872,1132.4568080685726,0.5203806409285654,0.9897556465828814,770.0,2755.0,190.0
BLD,1,0.0,0.0,0.0002947305057603342,1,1.0,,,,0.0,0.5968842445239431,1.7275687756553506,107.5,41.0,
GCW,1,0.0,0.0,0.000294730505760109,1,1.0,,,,0.0,0.5968842445239431,1.7275687756546636,107.5,44.0,
BLE,2,165.08248039436342,0.0,0.00010411881176489588,2,17.0,Borlange Airport,Sweden,1.0225932068010268,82.54124019718171,0.5185968027101987,1.1408216720079105,796.0,498.0,307.0
ORB,2,3.654769001890828,0.0,0.00010704717249366907,2,7.5,Örebro Airport,Sweden,-0.16630140569539253,1.827384500945414,0.5071409137968338,1.1735728120237385,968.0,411.0,964.0
PSP,17,44.590932533287315,0.875,0.0003795097934552811,16,105.76470588235294,Palm Springs International Airport,United States,-0.7471547445713658,2.622996031369842,0.5447344575888798,1.0308704703171734,442.0,1460.0,1379.0
CCF,10,7.934984838995931,0.3111111111111111,0.00016626729681211422,10,68.6,Carcassonne Airport,France,-0.9482190919124381,0.7934984838995931,0.5111366533675651,1.2149540788520334,895.0,310.0,1511.0
ZAD,24,227.71272692498036,0.3188405797101449,0.0003481172272436932,19,79.58333333333333,Zadar Airport,Croatia,-0.45776397023392057,9.488030288540848,0.5231410470661547,1.0227456615987909,717.0,1634.0,1184.0
IAS,7,1.3921011405441321,0.6190476190476191,0.00013395192016824351,7,89.42857142857143,Iaşi Airport,Romania,-1.2643758136204808,0.1988715915063046,0.4784529564892318,1.0492394533339648,1596.0,1183.0,1677.0
CJB,8,12.5239179256911,0.8571428571428571,0.0001973275157422495,8,64.875,Coimbatore International Airport,India,-0.6638823239208713,1.5654897407113875,0.4778472086109042,0.999694050904533,1618.0,2330.0,1329.0
HBX,2,0.0,1.0,8.571211978041816e-05,2,63.0,Hubli Airport,India,,0.0,0.4151121410226443,1.0527986365013637,3202.0,1119.0,
IDR,7,1.0257936507936507,0.8571428571428572,0.0001886346650775457,7,40.714285714285715,Devi Ahilyabai Holkar Airport,India,-1.359647951549588,0.14654195011337867,0.48339294504784225,1.074388691827797,1473.0,889.0,1707.0
IXG,1,0.0,0.0,6.420106244593111e-05,1,41.0,Belgaum Airport,India,,0.0,0.41796961331861265,1.0252089702706657,3099.5,1579.5,
LKO,9,196.95726028189378,0.6666666666666666,0.00024689497831916494,7,74.0,Chaudhary Charan Singh International Airport,India,0.12089422177386228,21.884140031321532,0.4612664811097211,0.9872489680483452,2079.0,2851.0,765.0
MYQ,1,0.0,0.0,6.420106244593111e-05,1,41.0,Mysore Airport,India,,0.0,0.41796961331861265,1.0252089702706657,3099.5,1579.5,
NAG,8,13.349423271827028,0.7857142857142857,0.00019104775845152545,7,46.125,Dr. Babasaheb Ambedkar International Airport,India,-0.6439656787804258,1.6686779089783785,0.4694511109385488,1.0167248121288948,1833.0,1785.0,1314.0
VGA,2,0.0,1.0,8.42772109563303e-05,2,36.5,Vijayawada Airport,India,,0.0,0.4164224197616303,1.0556709140872804,3168.0,1088.0,
BLV,1,0.0,0.0,6.397712444098993e-05,1,50.0,Scott AFB/Midamerica Airport,United States,,0.0,0.4164988049622407,1.0359570148069843,3158.5,1376.5,
BLZ,5,0.0,1.0,0.00015695179056709633,5,50.2,Chileka International Airport,Malawi,,0.0,0.46629751717365103,1.2774085946917246,1923.0,232.0,
THN,1,0.0,0.0,7.028771378332512e-05,1,15.0,Trollhättan-Vänersborg Airport,Sweden,,0.0,0.43788499135548986,1.0525297647260061,2582.0,1122.0,
BME,8,179.99462662133493,0.7142857142857143,0.0002809518919554675,6,34.25,Broome International Airport,Australia,0.1677192911782083,22.499328327666866,0.47947479476562516,1.051157716178854,1578.0,1151.0,743.0
KNX,3,0.0,1.0,0.000141087441345193,3,22.0,Kununurra Airport,Australia,,0.0,0.43381043027416727,1.0170804790071852,2668.0,1777.0,
KTA,6,8.630715506110517,0.9333333333333333,0.00019807957890393695,6,42.166666666666664,Karratha Airport,Australia,-0.5970465026120608,1.4384525843517528,0.48727234242148776,1.052736011040669,1377.0,1121.0,1286.0
PHE,6,7.823163970482566,0.8666666666666666,0.0002270016920375456,6,35.0,Port Hedland International Airport,Australia,-0.6276980491447351,1.3038606617470945,0.4820627487279658,1.0511277098609473,1498.0,1152.0,1303.0
BMU,2,0.0,1.0,9.966766062599081e-05,2,26.0,Muhammad Salahuddin Airport,Indonesia,,0.0,0.4112932081874313,1.0241647765388902,3341.0,1605.0,
LOP,10,688.2012964727373,0.6222222222222222,0.00034064666747949236,7,45.4,Lombok International Airport,Indonesia,0.4442283193514013,68.82012964727373,0.47643502145838057,0.9915053203029932,1657.0,2681.0,573.0
BMV,4,0.0,1.0,0.00013524602467786685,4,31.25,Buon Ma Thuot Airport,Vietnam,,0.0,0.45550151860358423,1.021824105880534,2240.0,1661.0,
DAD,20,1592.7468781573396,0.42105263157894735,0.0004682271598286434,14,62.75,Da Nang International Airport,Vietnam,0.26511962146121537,79.63734390786698,0.49493074057861464,0.9837075782495471,1191.0,2960.0,680.0
VII,5,6.662878787878789,0.7,0.00016462503431076612,4,28.2,Vinh Airport,Vietnam,-0.5618082624757579,1.3325757575757577,0.45577558566652765,0.9900286651582054,2231.0,2737.0,1261.0
BMY,2,0.0,1.0,0.00013525139450072952,2,5.5,Île Art - Waala Airport,New Caledonia,,0.0,0.45775639858577943,1.0569014054558368,2177.0,1070.0,
GEA,9,32.5,0.08333333333333333,0.00105905529716294,2,1.6666666666666667,Nouméa Magenta Airport,New Caledonia,-0.4412724703886677,3.611111111111111,0.6416923117846676,1.8268276520244249,17.0,38.0,1168.0
KOC,2,0.0,1.0,0.00021421604385055997,2,5.5,Koumac Airport,New Caledonia,,0.0,0.4812696104273252,1.008287349706742,1523.0,2036.0,
MKL,2,0.1969111969111969,0.0,7.684794245075027e-05,2,39.5,McKellar-Sipes Regional Airport,United States,-1.0776996599839386,0.09845559845559845,0.4871244717910589,2.5636933300217,1380.0,19.0,1604.0
BNB,2,0.0,1.0,8.767395651203048e-05,2,11.5,Boende Airport,Congo (Kinshasa),,0.0,0.43312744391493824,1.1345173424670911,2687.0,521.0,
MDK,3,3394.999999999999,0.3333333333333333,0.00031275923136087573,2,7.666666666666667,Mbandaka Airport,Congo (Kinshasa),1.7080704702690668,1131.6666666666663,0.5078882436126301,0.9708324060455252,954.0,3306.0,129.0
BNC,2,0.0,1.0,0.00013569938676324958,2,3.5,Beni Airport,Congo (Kinshasa),,0.0,0.48846139957912654,1.2058532580167207,1345.0,324.0,
BUX,3,3.0,0.3333333333333333,0.00010188181523861011,2,2.6666666666666665,Bunia Airport,Congo (Kinshasa),-0.48582573196923284,1.0,0.5574880816916806,1.49305055821361,306.0,68.0,1202.5
GOM,4,5097.499999999998,0.16666666666666666,0.00022102339969912827,2,2.75,Goma International Airport,Congo (Kinshasa),1.6518847511308945,1274.3749999999995,0.5445346116541342,1.0011689182319372,445.0,2270.0,149.0
ZBR,6,439.0322355426063,0.6,0.00019615357870630292,5,56.666666666666664,Konarak Airport,Iran,0.6289254672105111,73.17203925710105,0.4635574661698097,1.0169616280601008,2002.0,1778.0,483.0
CNJ,3,0.0,1.0,0.00016407216853825027,3,26.666666666666668,Cloncurry Airport,Australia,,0.0,0.43930726322439695,1.014153194496329,2537.0,1853.0,
CTL,4,8156.591387853331,0.3333333333333333,0.0002731815135098156,2,17.25,Charleville Airport,Australia,1.7985541758400605,2039.1478469633328,0.5032820501005535,0.979876239783917,1025.0,3046.0,90.0
EMD,1,0.0,0.0,7.647080395568992e-05,1,61.0,Emerald Airport,Australia,,0.0,0.42417390028793484,1.2770901245137316,2926.0,234.0,
GLT,3,33.912026482128276,0.6666666666666666,0.00015222936629985973,3,49.666666666666664,Gladstone Airport,Australia,0.27085263814905963,11.304008827376093,0.4595891873558532,0.9879408738440457,2120.0,2827.0,675.0
HBA,3,0.0,1.0,0.00013536010230055757,3,67.0,Hobart International Airport,Australia,,0.0,0.4315540227684519,1.0142518924448198,2721.0,1850.0,
HTI,4,0.0,1.0,0.00017269151495766623,4,57.75,Hamilton Island Airport,Australia,,0.0,0.45570418555945125,1.2929257061661725,2232.0,216.0,
HVB,2,0.0,1.0,0.00010772533726179228,2,73.0,Hervey Bay Airport,Australia,,0.0,0.42043500693879654,1.1017891145618468,3020.5,658.5,
INU,3,218.2698555702255,0.3333333333333333,0.00017821614054976546,3,22.666666666666668,Nauru International Airport,Nauru,0.851807382795965,72.7566185234085,0.4883063951848863,1.0362396964859601,1347.0,1372.0,376.0
ISA,9,22221.963063253756,0.25,0.0004981794840801269,5,16.0,Mount Isa Airport,Australia,1.5954163186028647,2469.107007028195,0.5405504287134801,1.0082005746496636,493.0,2038.0,160.0
LDH,3,0.0,1.0,0.00015031442408620883,3,49.666666666666664,Lord Howe Island Airport,Australia,,0.0,0.4333902056352409,1.0338925408985513,2683.5,1401.0,
LST,5,10258.00503194345,0.4,0.00033095438146132054,3,41.2,Launceston Airport,Australia,1.7281300155986872,2051.60100638869,0.5016831291451105,1.1120246433230911,1048.0,604.0,110.0
MKY,5,46.666528809049936,0.7,0.0002204152113136591,4,42.8,Mackay Airport,Australia,0.04551558454338535,9.333305761809987,0.456548886133254,1.007077308810543,2204.0,2081.0,817.0
MOV,2,0.0,1.0,0.00011702188393067861,2,35.5,Moranbah Airport,Australia,,0.0,0.41180748014714746,1.009536234786597,3329.0,2002.0,
NLK,3,0.0,1.0,0.00010772533726179228,3,65.33333333333333,Norfolk Island International Airport,Norfolk Island,,0.0,0.4308195736142698,0.9902701033301066,2737.0,2727.0,
NTL,5,13.628273553931441,0.7,0.0002034758990413999,4,43.4,Newcastle Airport,Australia,-0.33853401226083474,2.725654710786288,0.45285203721640843,0.9747932901572,2288.0,3227.0,1089.0
POM,35,94023.0077429329,0.1092436974789916,0.0016524447566493977,9,23.571428571428573,Port Moresby Jacksons International Airport,Papua New Guinea,1.1815436795745615,2686.3716497980827,0.6207029299823646,1.1962632140961984,44.0,361.0,267.0
PPP,2,0.0,1.0,0.00010772533726179228,2,73.0,Proserpine Whitsunday Coast Airport,Australia,,0.0,0.42043500693879654,1.1017891145618468,3020.5,658.5,
PQQ,3,0.0,1.0,0.00015031442408617609,3,49.666666666666664,Port Macquarie Airport,Australia,,0.0,0.4333902056352409,1.033892540898363,2683.5,1402.0,
RMA,2,0.0,1.0,0.00013452187557648105,2,32.5,Roma Airport,Australia,,0.0,0.41519658085759226,1.075493638084608,3199.0,879.0,
ROK,3,0.3333333333333333,0.6666666666666666,0.00015707304366392762,3,23.0,Rockhampton Airport,Australia,-1.1713863038066616,0.1111111111111111,0.44504597189572315,0.9900196704247555,2437.0,2738.0,1640.5
SON,10,28255.77699387379,0.08888888888888889,0.000767923469370574,3,10.1,Santo Pekoa International Airport,Vanuatu,1.6033443428170857,2825.577699387379,0.5751187473543394,1.0299924313484536,196.0,1478.0,157.0
TSV,10,3107.573833704272,0.4222222222222222,0.00047707152911805577,5,27.2,Townsville Airport,Australia,0.9145915597358983,310.7573833704272,0.5054323901730826,1.0247437562509272,994.0,1595.0,349.0
TWB,4,10314.181458177834,0.3333333333333333,0.00025652103386559485,2,38.0,Toowoomba Airport,Australia,1.8717813567160215,2578.5453645444586,0.5011781355576986,1.0495962152195715,1053.0,1178.0,78.0
ZBL,1,0.0,0.0,7.647080395568992e-05,1,61.0,,,,0.0,0.42417390028793484,1.2770901245137316,2926.0,234.0,
BNK,3,0.0,1.0,0.00013768977704610314,3,48.333333333333336,Ballina Byron Gateway Airport,Australia,,0.0,0.4298750386597799,0.9912609277862966,2774.0,2691.0,
MQN,5,4.166666666666666,0.6,0.00018608282397838036,4,12.0,"Mo i Rana Airport, Røssvoll",Norway,-0.7082777341887784,0.8333333333333333,0.4754480178396204,1.0956952082323232,1680.0,706.0,1352.5
SSJ,5,89.55011317958743,0.8,0.0001626580887218634,4,32.4,Sandnessjøen Airport (Stokka),Norway,0.24887606475054394,17.910022635917485,0.4705817243138304,1.0322946082448734,1810.0,1434.0,693.0
BNS,1,0.0,0.0,7.189424475154387e-05,1,47.0,Barinas Airport,Venezuela,,0.0,0.4131219020749877,0.9796615324357757,3282.5,3059.5,
BNY,2,0.0,1.0,0.00017962195758581778,2,11.5,,,,0.0,0.43767705998427375,1.040243072279914,2602.5,1307.0,
RNL,2,0.0,1.0,0.00017962195758578338,2,11.5,Rennell/Tingoa Airport,Solomon Islands,,0.0,0.43767705998427375,1.0402430722798646,2602.5,1308.0,
BOB,7,4.666666666666666,0.5238095238095238,0.00031448959325462727,4,8.142857142857142,Bora Bora Airport,French Polynesia,-0.8869564057708421,0.6666666666666666,0.5208840946777986,1.0816702011001147,760.0,817.0,1475.0
HUH,4,0.0,1.0,0.00024352347006705412,4,12.0,Huahine-Fare Airport,French Polynesia,,0.0,0.5001005729244012,1.1104049245953087,1083.0,610.0,
MAU,3,0.0,1.0,0.0002026073217753896,3,14.666666666666666,Maupiti Airport,French Polynesia,,0.0,0.4553479794467975,0.9967141578044961,2250.0,2456.0,
MOZ,4,0.0,1.0,0.0001925465801958447,4,12.0,Moorea Airport,French Polynesia,,0.0,0.48361676396698305,1.0228353840651,1467.0,1631.0,
RFP,5,0.6666666666666666,0.8,0.00029086813632379254,4,10.0,Raiatea Airport,French Polynesia,-1.2800652561311556,0.13333333333333333,0.513504007697404,1.1237367233525128,872.0,553.0,1679.0
RGI,6,4.5,0.4,0.0004696273015342669,3,8.166666666666666,Rangiroa Airport,French Polynesia,-0.8002443626059549,0.75,0.5423089759242008,1.1409878667272975,472.0,496.0,1418.5
TIH,3,0.0,1.0,0.00022063448406739865,3,15.0,Tikehau Airport,French Polynesia,,0.0,0.4604624537792785,1.0140205381979612,2101.0,1866.0,
BOC,3,27040.0,0.3333333333333333,0.0002651202259944459,2,18.333333333333332,Bocas Del Toro International Airport,Panama,2.355499708754962,9013.333333333334,0.5230330242945037,1.040714160660051,719.0,1302.0,4.0
CLY,11,31.877734083160522,0.4,0.0001878509973704682,11,89.27272727272727,Calvi-Sainte-Catherine Airport,France,-0.5749561432780671,2.8979758257418657,0.49060227030263664,1.0597474736605643,1301.0,1043.0,1277.0
BUN,1,0.0,0.0,7.72947729521084e-05,1,74.0,Gerardo Tobar López Airport,Colombia,,0.0,0.4303587059277822,1.4342868825611672,2756.5,98.5,
CUC,3,0.0,1.0,0.00012228061051864847,3,54.666666666666664,Camilo Daza International Airport,Colombia,,0.0,0.42786743035042596,0.995650021223092,2816.5,2502.5,
CZU,1,0.0,0.0,7.72947729521084e-05,1,74.0,Las Brujas Airport,Colombia,,0.0,0.4303587059277822,1.4342868825611672,2756.5,98.5,
EJA,1,0.0,0.0,7.72947729521084e-05,1,74.0,Yariguíes Airport,Colombia,,0.0,0.4303587059277822,1.4342868825611672,2756.5,98.5,
EYP,1,0.0,0.0,7.72947729521084e-05,1,74.0,El Yopal Airport,Colombia,,0.0,0.4303587059277822,1.4342868825611672,2756.5,98.5,
FLA,1,0.0,0.0,7.72947729521084e-05,1,74.0,Gustavo Artunduaga Paredes Airport,Colombia,,0.0,0.4303587059277822,1.4342868825611672,2756.5,98.5,
GYE,19,14738.773150270648,0.391812865497076,0.0006437806961779115,12,59.26315789473684,José Joaquín de Olmedo International Airport,Ecuador,0.9919821527832622,775.7249026458236,0.5185624480017978,0.9836442380379555,797.0,2962.0,321.0
IBE,2,0.0,1.0,0.0001294043538202736,2,41.0,Perales Airport,Colombia,,0.0,0.4146860946574568,1.0807595821186708,3218.0,825.0,
IPI,1,0.0,0.0,7.72947729521084e-05,1,74.0,San Luis Airport,Colombia,,0.0,0.4303587059277822,1.4342868825611672,2756.5,98.5,
LET,4,10180.0,0.0,0.0003793163858174598,2,19.5,Alfredo Vásquez Cobo International Airport,Colombia,1.8676956281081518,2545.0,0.5415555058801104,1.138164195094881,476.0,506.0,80.0
MTR,2,0.0,1.0,0.0001294043538202736,2,41.0,Los Garzones Airport,Colombia,,0.0,0.4146860946574568,1.0807595821186708,3218.0,825.0,
MVP,2,0.0,1.0,0.00013409639667279934,2,39.5,Fabio Alberto Leon Bentley Airport,Colombia,,0.0,0.4161472806843247,1.088800488083642,3172.0,760.0,
MZL,1,0.0,0.0,7.72947729521084e-05,1,74.0,La Nubia Airport,Colombia,,0.0,0.4303587059277822,1.4342868825611672,2756.5,98.5,
NVA,1,0.0,0.0,7.72947729521084e-05,1,74.0,Benito Salas Airport,Colombia,,0.0,0.4303587059277822,1.4342868825611672,2756.5,98.5,
PCR,2,0.0,1.0,0.00013409639667275595,2,39.5,German Olano Airport,Colombia,,0.0,0.4161472806843247,1.0888004880833957,3172.0,761.5,
PDA,2,0.0,1.0,0.00013409639667275595,2,39.5,Obando Airport,Colombia,,0.0,0.4161472806843247,1.0888004880833957,3172.0,761.5,
PPN,1,0.0,0.0,7.72947729521084e-05,1,74.0,Guillermo León Valencia Airport,Colombia,,0.0,0.4303587059277822,1.4342868825611672,2756.5,98.5,
PSO,2,0.0,1.0,0.00010868596640221675,2,46.0,Antonio Narino Airport,Colombia,,0.0,0.4105937887250248,1.028967612831257,3363.0,1509.0,
PUU,3,3395.0,0.3333333333333333,0.00019266402531738818,2,31.0,Tres De Mayo Airport,Colombia,1.7080704702690668,1131.6666666666667,0.49129365943721093,1.0253247762858577,1284.0,1576.0,129.0
RCH,1,0.0,0.0,7.72947729521084e-05,1,74.0,Almirante Padilla Airport,Colombia,,0.0,0.4303587059277822,1.4342868825611672,2756.5,98.5,
RVE,2,0.0,1.0,0.00013442569209060125,2,38.0,Los Colonizadores Airport,Colombia,,0.0,0.4163737445603342,1.0657591165749198,3169.5,975.0,
SJE,1,0.0,0.0,7.72947729521084e-05,1,74.0,Jorge E. Gonzalez Torres Airport,Colombia,,0.0,0.4303587059277822,1.4342868825611672,2756.5,98.5,
SMR,2,0.0,1.0,0.00010204048695338788,2,46.0,Simón Bolívar International Airport,Colombia,,0.0,0.4083847272472649,1.0147971694635556,3416.0,1830.0,
TME,2,0.0,1.0,0.00013442569209057143,2,38.0,Gustavo Vargas Airport,Colombia,,0.0,0.4163737445603342,1.0657591165748144,3169.5,976.0,
UIB,3,5.25,0.6666666666666666,0.00016079554727038193,3,33.333333333333336,El Caraño Airport,Colombia,-0.31121885584764114,1.75,0.44966580328780975,0.9711513027109749,2349.0,3295.0,1063.0
VGZ,1,0.0,0.0,7.72947729521084e-05,1,74.0,Villa Garzón Airport,Colombia,,0.0,0.4303587059277822,1.4342868825611672,2756.5,98.5,
VUP,1,0.0,0.0,7.72947729521084e-05,1,74.0,Alfonso López Pumarejo Airport,Colombia,,0.0,0.4303587059277822,1.4342868825611672,2756.5,98.5,
VVC,5,3396.4999999999995,0.3,0.00033412719835700555,2,16.2,Vanguardia Airport,Colombia,1.3832590612842444,679.3,0.507137041377515,0.979993767839104,969.0,3042.0,212.0
BOI,16,127.33208774183883,0.8083333333333333,0.0003550863706031671,14,87.125,Boise Air Terminal/Gowen Field,United States,-0.38120559888036937,7.958255483864927,0.519476035743093,1.0317419468876312,786.0,1442.0,1119.0
GEG,10,0.0,1.0,0.00023487451234478524,10,96.9,Spokane International Airport,United States,,0.0,0.527727405954206,1.0791062259300643,666.0,841.0,
LWS,4,8.162664154983162,0.6666666666666666,0.0001457302753516594,3,51.0,Lewiston Nez Perce County Airport,United States,-0.35651658139889864,2.0406660387457904,0.4455992071495591,0.9860396479593061,2432.0,2878.0,1100.0
BOJ,11,103.02506468324971,0.5454545454545454,0.0002071156275012595,10,108.63636363636364,Burgas Airport,Bulgaria,-0.20894585996088447,9.36591497120452,0.4782858834917149,0.990095158945745,1604.0,2732.0,989.0
DIU,2,0.0,1.0,6.57206331987286e-05,2,43.5,Diu Airport,India,,0.0,0.448421224690109,1.2626744981067288,2374.0,251.0,
GWL,1,0.0,0.0,6.57206331987286e-05,1,85.0,Gwalior Airport,India,,0.0,0.4216044505299986,1.0892686753902556,3010.0,756.0,
IXC,3,0.0,1.0,0.00011602620189774214,3,63.0,Chandigarh Airport,India,,0.0,0.4298366930991489,0.9869109604384682,2775.0,2859.0,
IXD,2,0.0,1.0,8.616565999480917e-05,2,91.5,Allahabad Airport,India,,0.0,0.4273529823836069,1.0251801181914066,2826.0,1584.0,
IXJ,4,5.585547928007384,0.8333333333333334,0.00015195441492243903,3,48.0,Jammu Airport,India,-0.47489023570582806,1.396386982001846,0.4600505940293321,1.0073263730508228,2109.0,2067.0,1197.0
IXU,2,0.0,1.0,8.616565999480917e-05,2,91.5,Aurangabad Airport,India,,0.0,0.4273529823836069,1.0251801181914066,2826.0,1584.0,
JDH,2,0.0,1.0,8.616565999480917e-05,2,91.5,Jodhpur Airport,India,,0.0,0.4273529823836069,1.0251801181914066,2826.0,1584.0,
JGA,1,0.0,0.0,6.57206331987286e-05,1,85.0,Jamnagar Airport,India,,0.0,0.4216044505299986,1.0892686753902556,3010.0,756.0,
JLR,2,0.0,1.0,8.616565999480917e-05,2,91.5,Jabalpur Airport,India,,0.0,0.4273529823836069,1.0251801181914066,2826.0,1584.0,
MRU,27,11103.369378417481,0.358974358974359,0.0006068803544406155,19,97.07407407407408,Sir Seewoosagur Ramgoolam International Airport,Mauritius,0.680076851666778,411.2359029043512,0.5283337155910663,1.0180268233027336,654.0,1751.0,460.0
PAT,5,1.668687613430127,0.8,0.00015902464066778273,4,46.6,Lok Nayak Jayaprakash Airport,India,-0.9937933884931508,0.3337375226860254,0.45125621659756987,1.0101887615670337,2325.0,1976.0,1539.0
RAJ,1,0.0,0.0,6.57206331987286e-05,1,85.0,Rajkot Airport,India,,0.0,0.4216044505299986,1.0892686753902556,3010.0,756.0,
RPR,8,7.243756125056384,0.6785714285714286,0.0001730512704245401,7,34.875,Raipur Airport,India,-0.8347090455062811,0.905469515632048,0.4711105892384735,1.0629205335029548,1796.0,1008.0,1451.0
STV,2,0.0,1.0,8.616565999480917e-05,2,91.5,Surat Airport,India,,0.0,0.4273529823836069,1.0251801181914066,2826.0,1584.0,
UDR,2,0.0,1.0,8.616565999480917e-05,2,91.5,Maharana Pratap Airport,India,,0.0,0.4273529823836069,1.0251801181914066,2826.0,1584.0,
VNS,6,2680.573190382642,0.5333333333333333,0.00021209641519180948,4,42.833333333333336,Lal Bahadur Shastri Airport,India,1.1934217739741753,446.76219839710706,0.4730439916353378,1.0061607299752005,1746.0,2110.0,262.0
LKN,3,0.5,0.6666666666666666,0.0001705870130378223,2,6.666666666666667,Leknes Airport,Norway,-1.0448762992117955,0.16666666666666666,0.48023038813199576,0.9885591439567863,1549.0,2807.0,1581.5
MJF,5,4.166666666666666,0.6,0.00016793093275668613,4,11.8,Mosjøen Airport (Kjærstad),Norway,-0.7082777341887784,0.8333333333333333,0.47891706074089674,1.0975409159076444,1589.0,692.0,1352.5
NVK,1,0.0,0.0,7.457539546560755e-05,1,15.0,Narvik Framnes Airport,Norway,,0.0,0.43465331876470914,1.0331281609675689,2642.0,1420.0,
RET,2,0.0,1.0,0.00012290838249294966,2,9.0,Røst Airport,Norway,,0.0,0.43380326706525446,0.9963544132049655,2669.5,2472.0,
SKN,4,47.626169887116596,0.6666666666666666,0.00014867565353149451,3,10.5,Stokmarknes Skagen Airport,Norway,0.1938139735686986,11.906542471779149,0.4789136538817199,1.1518405812424817,1590.0,464.0,729.0
SVJ,3,0.5,0.6666666666666666,0.00015450195886839224,2,7.333333333333333,Svolvær Helle Airport,Norway,-1.0448762992117955,0.16666666666666666,0.4752871276418807,0.99371227092647,1684.0,2590.0,1581.5
ISP,11,66.48334768587453,0.5636363636363637,0.00020889131044456126,10,69.9090909090909,Long Island Mac Arthur Airport,United States,-0.345613632968374,6.043940698715867,0.4690482474980781,0.9916163244178285,1848.0,2679.0,1094.0
LEB,2,0.8618668422199902,0.0,8.273136866029521e-05,2,59.5,Lebanon Municipal Airport,United States,-0.6170612965447496,0.4309334211099951,0.49990413033206205,1.9329233222356246,1087.0,36.0,1299.0
PBG,5,43.168862637309196,0.3,0.00013814118992167308,5,60.8,Plattsburgh International Airport,United States,0.02120743716330437,8.63377252746184,0.48699478087787157,1.0639208873704467,1384.0,989.0,837.0
PQI,1,0.0,0.0,6.200316059300852e-05,1,103.0,Northern Maine Regional Airport at Presque Isle,United States,,0.0,0.4259556126891993,0.989232395651639,2855.0,2774.0,
PVC,1,0.0,0.0,6.200316059300852e-05,1,103.0,Provincetown Municipal Airport,United States,,0.0,0.4259556126891993,0.989232395651639,2855.0,2774.0,
RKD,1,0.0,0.0,6.200316059300852e-05,1,103.0,Knox County Regional Airport,United States,,0.0,0.4259556126891993,0.989232395651639,2855.0,2774.0,
RUT,1,0.0,0.0,6.200316059300852e-05,1,103.0,Rutland - Southern Vermont Regional Airport,United States,,0.0,0.4259556126891993,0.989232395651639,2855.0,2774.0,
SLK,1,0.0,0.0,6.200316059300852e-05,1,103.0,Adirondack Regional Airport,United States,,0.0,0.4259556126891993,0.989232395651639,2855.0,2774.0,
STI,8,3.641474946455762,0.8571428571428571,0.00018898802036896068,8,99.375,Cibao International Airport,Dominican Republic,-1.0492956749411986,0.45518436830697023,0.47915970531654123,0.9895051195435333,1584.0,2764.0,1599.0
YHZ,33,26409.32991081991,0.26136363636363635,0.0008193093736439587,16,56.39393939393939,Halifax / Stanfield International Airport,Canada,0.8227737937060846,800.2827245703003,0.5355874507269125,1.0136108944782238,556.0,1874.0,389.0
YOW,26,54842.07415461711,0.42153846153846153,0.0006542398695620067,16,81.84615384615384,Ottawa Macdonald-Cartier International Airport,Canada,1.202432933480452,2109.3105444083503,0.5468809516319626,1.048088064660699,419.0,1200.0,260.0
YTZ,13,1942.8706934200068,0.2948717948717949,0.0004012531134016982,8,50.38461538461539,Billy Bishop Toronto City Centre Airport,Canada,0.6011504669270947,149.451591801539,0.48989383739472014,1.0135269698481533,1319.0,1877.0,502.0
BPL,1,0.0,0.0,6.360363737747478e-05,1,55.0,Alashankou Bole (Bortala) airport,China,,0.0,0.4165613905618637,0.978260506597819,3154.0,3119.0,
MDC,11,13867.74913886701,0.2545454545454545,0.00055402423524981,5,24.454545454545453,Sam Ratulangi Airport,Indonesia,1.32064613458365,1260.704467169728,0.5295755445170257,1.0159339309219806,635.0,1810.0,229.0
PLW,4,0.0,1.0,0.00013693565557938521,4,32.5,Mutiara Airport,Indonesia,,0.0,0.4543139405761853,1.0098258949780499,2266.0,1990.0,
TRK,5,17.114883435278166,0.6,0.00019459524483186492,4,27.0,Juwata Airport,Indonesia,-0.26745707514220535,3.422976687055633,0.4580475707947866,1.0173624188340062,2172.0,1773.0,1039.0
BPS,6,35.05862018159569,0.8,0.0002053731323840092,6,42.0,Porto Seguro Airport,Brazil,-0.15970103193950544,5.843103363599282,0.46776493497723487,1.0057974414166884,1876.0,2129.0,955.0
CGH,26,3032.9277908417066,0.23076923076923075,0.0008486671164578147,8,14.307692307692308,Congonhas Airport,Brazil,0.2991800861491878,116.65106887852718,0.5637738448900689,1.140738705551111,257.0,499.0,653.0
BPT,1,0.0,0.0,6.325296148394544e-05,1,188.0,Southeast Texas Regional Airport,United States,,0.0,0.46328115174795603,0.9790361896369396,2013.0,3089.0,
BPX,2,0.0,1.0,8.22262027496463e-05,2,61.5,Qamdo Bangda Airport,China,,0.0,0.41874768030848375,1.0946350526795856,3075.5,712.5,
LXA,15,3994.9277370405002,0.3619047619047619,0.0003854445862714531,10,48.53333333333333,Lhasa Gonggar Airport,China,0.7350370267566142,266.3285158027,0.49346595188544173,1.0021095993035525,1231.0,2242.0,429.0
BQN,4,0.00909090909090909,0.8333333333333334,0.00010930457375198628,4,128.5,Rafael Hernandez Airport,Puerto Rico,-2.4782145090170884,0.0022727272727272726,0.471055595861394,1.0459407659770223,1799.0,1220.0,1818.0
BQS,5,1.134065934065934,0.8,0.00015571614028630926,5,52.0,Ignatyevo Airport,Russia,-1.114301217861414,0.2268131868131868,0.45454646448058844,1.0327808125578037,2260.0,1422.0,1619.0
HTA,9,127.06330403410061,0.5277777777777778,0.00023315579365523623,7,52.44444444444444,Chita-Kadala Airport,Russia,-0.015861081096035866,14.118144892677845,0.46156687680828506,1.0002516964995751,2073.0,2311.0,859.0
KHV,23,8131.525862927587,0.31620553359683795,0.0006091415240258576,11,51.30434782608695,Khabarovsk-Novy Airport,Russia,0.6848831450615648,353.54460273598204,0.5089405576566483,0.9884390961993211,939.0,2810.0,453.0
VVO,15,915.7919442092781,0.4666666666666667,0.00036063255946073945,11,73.33333333333333,Vladivostok International Airport,Russia,0.2754458904279466,61.05279628061854,0.48611234429333555,0.9805460279910407,1410.0,3021.0,673.0
YKS,23,19145.73407482167,0.2490118577075099,0.0007561323219741321,11,42.43478260869565,Yakutsk Airport,Russia,0.9520688519322619,832.4232206444204,0.5330168592646174,0.9959509963050539,584.0,2489.0,330.0
BRA,2,0.0,1.0,9.981249661719755e-05,2,37.5,Barreiras Airport,Brazil,,0.0,0.4085321420602419,1.0028405426350686,3415.0,2214.0,
BRD,2,0.0,1.0,0.00010972544886463478,2,66.5,Brainerd Lakes Regional Airport,United States,,0.0,0.4161131219391002,1.164703944258384,3178.5,434.5,
INL,2,0.0,1.0,0.00010972544886460592,2,66.5,Falls International Airport,United States,,0.0,0.4161131219391002,1.1647039442579719,3178.5,436.5,
BZR,9,6.1679731798110495,0.3333333333333333,0.00015070139095316263,9,66.77777777777777,Béziers-Vias Airport,France,-0.9597958944819568,0.6853303533123388,0.5035148242412829,1.1771458212902899,1021.0,402.0,1516.0
BRL,2,0.0,1.0,8.117898771765376e-05,2,133.5,Southeast Iowa Regional Airport,United States,,0.0,0.44358027645267184,0.9759950141212175,2463.5,3198.5,
BRM,3,0.5827106619242141,0.6666666666666666,0.00012395139896636544,3,26.666666666666668,Barquisimeto International Airport,Venezuela,-0.9971126586948563,0.19423688730807134,0.44825589423804213,0.9892554692997876,2377.0,2770.0,1544.0
BRO,2,0.0,1.0,8.100520772657473e-05,2,178.5,Brownsville South Padre Island International Airport,United States,,0.0,0.4700186788354273,1.1512921896622481,1818.5,466.5,
BRQ,1,0.0,0.0,5.673112413802419e-05,1,153.0,Brno-Tuřany Airport,Czech Republic,,0.0,0.4815733711063952,1.0988498628671486,1510.5,681.5,
BRR,1,0.0,0.0,5.8987302483228585e-05,1,63.0,Barra Airport,United Kingdom,,0.0,0.44060752738847836,1.0185809138919284,2515.5,1740.5,
CEG,2,0.0,1.0,7.021234449499783e-05,2,60.0,Hawarden Airport,United Kingdom,,0.0,0.44294636641491963,1.388011011027176,2479.0,127.0,
EGC,9,74.93420289023281,0.0,0.0001780643501188031,8,54.22222222222222,Bergerac-Roumanière Airport,France,-0.1806268464139723,8.326022543359201,0.5314634584532997,1.3533681551325039,605.0,155.0,973.0
RZE,11,16.856589025184675,0.43636363636363634,0.0001783275701976613,11,112.54545454545455,Rzeszów-Jasionka Airport,Poland,-0.7737596692160627,1.5324171841076977,0.4991981543045583,1.0768660205852163,1098.0,860.0,1396.0
DJE,25,296.7028071535213,0.5,0.00035088237230797444,22,93.08,Djerba Zarzis International Airport,Tunisia,-0.40115910135077393,11.868112286140851,0.5254617938050861,0.9806833112663712,690.0,3015.0,1141.0
MIR,10,29.544776101230866,0.7333333333333333,0.00018947225905605812,10,101.3,Monastir Habib Bourguiba International Airport,Tunisia,-0.5380400774270397,2.9544776101230865,0.47858861771812383,0.990444557546876,1593.0,2717.0,1245.0
OUD,9,20.866654377600362,0.3333333333333333,0.00016569482890241126,9,82.77777777777777,Angads Airport,Morocco,-0.5795211739860217,2.318517153066707,0.4936966555599586,1.121034617470066,1225.0,561.0,1280.0
NUI,2,0.0,1.0,0.00017136736233424972,2,6.0,Nuiqsut Airport,United States,,0.0,0.46213815506715356,0.9931856016854204,2060.0,2615.0,
PIZ,2,22.166666666666668,0.0,0.00017967293915936223,2,5.5,Point Lay LRRS Airport,United States,0.396118049119174,11.083333333333334,0.5098396821712615,1.0977581014339486,919.0,690.0,596.0
GLK,4,380.2042294791689,0.5,0.00015329918576442115,3,20.5,Galcaio Airport,Somalia,0.8419647918918546,95.05105736979222,0.4799922139016429,1.032872995450387,1558.0,1421.0,379.0
CGR,10,3444.308942958256,0.5333333333333333,0.00036877258422731476,7,31.8,Campo Grande Airport,Brazil,0.9466916675042912,344.4308942958256,0.4952662445436985,1.0071570516086215,1183.0,2076.0,333.0
GYN,11,281.0895736071362,0.6727272727272727,0.0003588547174829747,8,32.63636363636363,Santa Genoveva Airport,Brazil,0.10422098423707893,25.553597600648743,0.4950878250035925,1.0806422279545875,1186.0,828.0,772.0
IOS,7,35.05862018159569,0.8571428571428572,0.00023318449907352214,7,42.42857142857143,Bahia - Jorge Amado Airport,Brazil,-0.25776021876523375,5.008374311656527,0.48222046972264554,1.0275622708893866,1493.0,1530.0,1031.0
JDO,5,20.591436839470088,0.9,0.00017083576286805707,5,45.0,Orlando Bezerra de Menezes Airport,Brazil,-0.20975767019437766,4.118287367894018,0.4747836157657518,1.0216770760871081,1694.0,1663.0,990.0
JPA,6,20.591436839470088,0.9333333333333333,0.00019690512309983082,6,47.833333333333336,Presidente Castro Pinto International Airport,Brazil,-0.325737071777624,3.4319061399116815,0.48642346549570176,1.0408975911696696,1396.0,1301.0,1076.0
NAT,10,613.0752587584781,0.8,0.0002736983385796207,9,44.5,Governador Aluízio Alves International Airport,Brazil,0.4081616976077506,61.30752587584781,0.49453757203241155,1.068466803459802,1201.0,943.0,588.0
OPS,2,0.0,1.0,0.00010899887234682614,2,31.5,Presidente João Batista Figueiredo Airport,Brazil,,0.0,0.4096270299614181,1.0237861726989437,3385.0,1612.0,
PNZ,5,11.30411207481603,0.8,0.00016518720271655414,4,26.2,Senador Nilo Coelho Airport,Brazil,-0.396874031606037,2.260822414963206,0.46609808645016565,1.0300296697992115,1931.0,1477.0,1134.0
PVH,4,38.41634199134199,0.5,0.0002045733806534361,3,21.0,Governador Jorge Teixeira de Oliveira Airport,Brazil,0.12676275111836294,9.604085497835497,0.4640659388527685,1.0318870851225084,1987.0,1440.0,760.0
RAO,12,68.12489557287115,0.6666666666666666,0.0003832507246006405,8,31.583333333333332,Leite Lopes Airport,Brazil,-0.3933534403324117,5.677074631072596,0.5042405662459621,1.19900586783005,1010.0,340.0,1131.0
RBR,3,3395.0,0.3333333333333333,0.00020163019814769818,2,16.666666666666668,Plácido de Castro Airport,Brazil,1.7080704702690668,1131.6666666666667,0.4919356262793875,0.9880509107119303,1262.0,2823.0,129.0
SJP,6,35.80862018159571,0.7333333333333333,0.00021484337446394321,6,40.666666666666664,Prof. Eribelto Manoel Reino State Airport,Brazil,-0.15309663242388813,5.968103363599284,0.4656756215779531,0.9943298950485235,1945.0,2561.0,946.0
THE,7,612.994499354127,0.6190476190476191,0.00023932828503111064,6,33.57142857142857,Senador Petrônio Portela Airport,Brazil,0.6350106408827461,87.57064276487529,0.4728215015584,0.9888363672055722,1757.0,2792.0,477.0
UDI,9,62.06539673837233,0.6666666666666666,0.0003036623851714249,7,32.0,Ten. Cel. Aviador César Bombonato Airport,Brazil,-0.23941672657836466,6.896155193152481,0.481797529706048,1.1113361187106297,1501.0,607.0,1021.0
VIX,9,1935.3675348306576,0.6944444444444444,0.00029478903823965406,8,38.888888888888886,Eurico de Aguiar Salles Airport,Brazil,0.8338623070390111,215.0408372034064,0.48748982613359026,1.0122960917051567,1371.0,1920.0,384.0
BSC,1,0.0,0.0,9.631915673240675e-05,1,8.0,José Celestino Mutis Airport,Colombia,,0.0,0.4632759821686361,0.9887168335539643,2020.5,2800.5,
BSD,1,0.0,0.0,6.146566219485718e-05,1,95.0,Baoshan Yunduan Airport,China,,0.0,0.4251472863321944,0.9363481705821403,2880.5,3419.5,
BSG,2,0.0,1.0,9.351546310816765e-05,2,14.5,Bata Airport,Equatorial Guinea,,0.0,0.42211414739132047,1.0131088347224046,2995.0,1895.0,
PRN,17,3.5786151015897443,0.7573529411764706,0.0002652217826867728,17,119.17647058823529,Priština International Airport,Serbia,-1.534222223168368,0.21050677068174967,0.5535186053654422,1.081840460338485,340.0,816.0,1748.0
BSO,1,0.0,0.0,7.158033176028465e-05,1,78.0,Basco Airport,Philippines,,0.0,0.4222609730393567,1.0028106319994476,2987.0,2221.0,
BTC,1,0.0,0.0,0.00012002476428221353,1,3.0,Batticaloa Airport,Sri Lanka,,0.0,0.49748683961432133,0.9744170251989436,1138.5,3233.5,
GIU,3,6789.0,0.0,0.0002675830179459645,1,14.333333333333334,Sigiriya Air Force Base,Sri Lanka,1.9242947965059543,2263.0,0.5375085906030638,1.0553706065995505,537.0,1089.0,71.0
DJB,2,0.0,1.0,9.931765820931223e-05,2,40.5,Sultan Thaha Airport,Indonesia,,0.0,0.4083066306007006,0.9921235858150753,3417.5,2665.5,
NTX,1,0.0,0.0,7.511137469301986e-05,1,17.0,Ranai Airport,Indonesia,,0.0,0.4304956135995152,0.987493026824818,2747.0,2844.0,
PDG,3,29.577701834420598,0.6666666666666666,0.00011910199910386496,3,64.33333333333333,Minangkabau International Airport,Indonesia,0.22818531501204867,9.859233944806865,0.4658900635150602,1.0121331554429065,1938.0,1931.0,706.0
PGK,4,1.9333333333333331,0.6666666666666666,0.00016759536873398522,3,22.75,Pangkal Pinang (Depati Amir) Airport,Indonesia,-0.8059153477465023,0.4833333333333333,0.45182120494995276,0.9900395267014582,2307.0,2735.0,1425.0
PLM,8,327.0534069887909,0.6071428571428571,0.0002264942451687396,6,47.5,Sultan Mahmud Badaruddin II Airport,Indonesia,0.35405179757941485,40.881675873598866,0.4580305548671341,0.9778030096299555,2174.0,3141.0,616.0
PNK,4,1593.6072740613854,0.16666666666666666,0.0001775899453901137,3,24.25,Supadio Airport,Indonesia,1.2890927096863776,398.40181851534635,0.5032484219035892,1.0185933006993426,1026.0,1738.0,236.0
TKG,3,0.0,1.0,0.0001233826717584451,3,29.666666666666668,Radin Inten II (Branti) Airport,Indonesia,,0.0,0.43122641555740765,0.9959361774359586,2731.0,2490.0,
BTI,2,2.4999999999999996,0.0,0.0002377100971506615,2,5.0,Barter Island LRRS Airport,United States,-0.28478553981212223,1.2499999999999998,0.522657581941953,1.0534842496445878,729.0,1114.0,1051.0
FYU,5,7025.842046677333,0.2,0.0005798283889265596,2,6.4,Fort Yukon Airport,United States,1.6100448986009561,1405.1684093354665,0.5573748624554823,1.0105192177116604,307.0,1967.0,156.0
BTJ,3,0.0,1.0,0.00011084674215375963,3,65.33333333333333,Sultan Iskandar Muda International Airport,Indonesia,,0.0,0.43031263984462176,0.9905621896630836,2764.0,2714.0,
BTK,4,1.7039681758819105,0.8333333333333334,0.00012103874228503317,4,86.25,Bratsk Airport,Russia,-0.8453180646063851,0.42599204397047763,0.45861063715972783,1.021208236727467,2150.0,1672.0,1457.0
BTM,1,0.0,0.0,6.460594678824188e-05,1,92.0,Bert Mooney Airport,United States,,0.0,0.4222619411961352,1.038752932755194,2977.0,1334.0,
KSC,4,1.6190355531496075,0.6666666666666666,9.405559498367352e-05,4,84.0,Košice Airport,Slovakia,-0.8612709660691481,0.40475888828740186,0.4693424587839717,1.0103639703643408,1838.0,1971.0,1461.0
CXF,2,0.0,1.0,0.00010849558688064824,2,3.5,,,,0.0,0.49680357815093135,1.3649386057427528,1151.0,151.0,
BUA,4,1702.6923653254075,0.5,0.0001759243360606746,3,12.0,Buka Airport,Papua New Guinea,1.3097512062401242,425.6730913313519,0.4903499594177017,0.983434059766041,1304.0,2964.0,231.0
LNV,3,0.0,1.0,0.00018110189260480162,3,15.666666666666666,,,,0.0,0.4493270381799146,0.9788629604456496,2357.0,3103.0,
RAB,8,125.11008061217292,0.39285714285714285,0.00044156505371540223,4,11.5,Tokua Airport,Papua New Guinea,0.05423020655203994,15.638760076521615,0.5237652438663928,1.1732187261485907,709.0,413.0,810.0
BUC,2,0.0,1.0,0.00018639923408276846,2,3.0,Burketown Airport,Australia,,0.0,0.5067319795754514,1.19585319629136,976.0,362.0,
DMD,3,3254.0126658726167,0.3333333333333333,0.00024363833234455646,2,4.666666666666667,Doomadgee Airport,Australia,1.6948365223818769,1084.6708886242056,0.5144073248587939,0.9961945580645561,860.0,2475.0,142.0
ONG,3,281.6426867894952,0.3333333333333333,0.0002582075201915742,2,2.3333333333333335,Mornington Island Airport,Australia,0.9313414517337792,93.8808955964984,0.5458120539869348,1.203621049154536,432.0,328.0,339.0
BUL,1,0.0,0.0,8.434037709710888e-05,1,35.0,Bulolo Airport,Papua New Guinea,,0.0,0.4268869642168637,1.0271717202664248,2839.5,1538.5,
BUQ,3,0.0,1.0,0.0001433950300970489,3,34.0,Joshua Mqabuko Nkomo International Airport,Zimbabwe,,0.0,0.4308853031473913,0.9897988206384987,2736.0,2753.0,
VFA,5,1.9500000000000002,0.7,0.00021478241151573604,4,23.8,Victoria Falls International Airport,Zimbabwe,-0.9451844316959924,0.39,0.4659835543125943,1.0323167525593662,1936.0,1433.0,1508.0
BUR,12,425.46977322765144,0.7575757575757577,0.00028206071845880666,11,83.41666666666667,Bob Hope Airport,United States,0.1782062264993957,35.45581443563762,0.49283922388354723,1.045657854761177,1243.0,1224.0,739.0
IPL,2,0.08333333333333333,0.0,8.089825072873267e-05,2,34.5,Imperial County Airport,United States,-1.3460001493497218,0.041666666666666664,0.4806901491063504,2.30871583972333,1535.0,26.0,1697.0
BUS,5,3.794293522042144,0.8,0.0001258782763757461,5,100.2,Batumi International Airport,Georgia,-0.7374877176085755,0.7588587044084287,0.4602523882500612,1.01121953774315,2105.0,1952.0,1366.0
DNK,9,13.857716420195342,0.6944444444444444,0.00018656650159204458,8,101.44444444444444,Dnipropetrovsk International Airport,Ukraine,-0.7072308876305501,1.5397462689105934,0.46432975607612553,0.9742805633230543,1983.0,3244.0,1351.0
BUW,1,0.0,0.0,8.351610089901572e-05,1,26.0,Betoambari Airport,Indonesia,,0.0,0.42801075562005747,1.0123855593046658,2809.0,1915.0,
IRP,2,1694.4999999999995,0.0,7.307609018184287e-05,2,3.0,Matari Airport,Congo (Kinshasa),1.7491749977767794,847.2499999999998,0.5711675556710268,1.3486921716670688,223.0,157.0,104.0
BUZ,4,411.80207393743336,0.8333333333333334,0.00014710070733734066,4,73.25,Bushehr Airport,Iran,0.8668740491521443,102.95051848435834,0.49446871530733655,1.2530508366575925,1205.0,261.0,365.0
RBA,9,32.682058489917964,0.4722222222222222,0.00016696427263990249,9,116.22222222222223,Rabat-Salé Airport,Morocco,-0.43952951860280975,3.631339832213107,0.484417958531084,1.045708316179963,1454.0,1223.0,1167.0
TGM,4,0.1544377728379938,0.6666666666666666,6.776791382023882e-05,4,60.25,Transilvania Târgu Mureş International Airport,Romania,-1.5944352449814432,0.03860944320949845,0.48469944611164884,1.206615713419816,1447.0,323.0,1761.0
BVB,1,0.0,0.0,8.265552802900363e-05,1,18.0,Atlas Brasil Cantanhede Airport,Brazil,,0.0,0.43264776086959056,0.9840679077830294,2697.0,2944.0,
SID,16,2424.593161621775,0.5833333333333334,0.00023990377734652056,12,107.5625,Amílcar Cabral International Airport,Cape Verde,0.5381755350476725,151.53707260136093,0.5072718122242789,1.0705123174491715,966.0,919.0,516.0
BVH,1,0.0,0.0,8.118750565731322e-05,1,18.0,Brigadeiro Camarão Airport,Brazil,,0.0,0.4319655180187633,0.9774281879837177,2712.0,3166.0,
WNR,2,1379.0016442636097,0.0,0.00023013103145517447,2,2.0,Windorah Airport,Australia,1.6848918012750502,689.5008221318049,0.5531280400525348,1.015517772318997,346.0,1816.0,146.0
BVV,1,0.0,0.0,7.414083519597062e-05,1,12.0,,,,0.0,0.4429481460316119,1.0823952916474808,2477.0,811.0,
UUS,12,11594.061978940672,0.2727272727272727,0.00042255895527216634,8,59.083333333333336,Yuzhno-Sakhalinsk Airport,Russia,1.2094230786574616,966.1718315783893,0.5031975285815204,1.0421721910410369,1028.0,1281.0,259.0
BWA,1,0.0,0.0,7.219024205396735e-05,1,32.0,Gautam Buddha Airport,Nepal,,0.0,0.4133394955372043,0.9750894778957812,3267.0,3219.0,
BWK,1,0.0,0.0,5.86770918755775e-05,1,28.0,Bol Airport,Croatia,,0.0,0.44806608374072854,1.1832619178374932,2380.0,385.0,
BWT,3,2.0,0.6666666666666666,0.000180358613701732,2,20.666666666666668,Wynyard Airport,Australia,-0.612335736564099,0.6666666666666666,0.4592765178518484,0.9957413898838514,2128.0,2499.0,1295.0
KNS,2,0.0,1.0,0.0001229459481184533,2,29.0,King Island Airport,Australia,,0.0,0.41404987980717867,1.0751132235856669,3226.0,884.0,
BXB,1,0.0,0.0,9.707402382913714e-05,1,6.0,Babo Airport,Indonesia,,0.0,0.47044528025886,1.0256559096737843,1811.0,1568.0,
BXR,1,0.0,0.0,8.213757479852197e-05,1,38.0,Bam Airport,Iran,,0.0,0.4251059816896232,1.0205693747739042,2888.0,1687.0,
BXU,2,0.0,1.0,0.00010289802274805923,2,53.5,Bancasi Airport,Philippines,,0.0,0.40899027114073705,0.9743487848423861,3403.0,3239.0,
BYC,2,0.5,0.0,0.00014861223076393206,2,4.5,Yacuiba Airport,Bolivia,-0.7869495821071592,0.25,0.5102191461204582,1.2298571685540212,907.0,296.0,1405.0
SRZ,4,561.7620070607766,0.16666666666666666,0.00025909579482610417,2,7.0,El Trompillo Airport,Bolivia,0.9637648567044931,140.44050176519414,0.517482931900071,1.020456513617265,814.0,1693.0,328.0
TJA,5,2887.6892570696277,0.6,0.00029026352058354065,4,8.6,Capitan Oriel Lea Plaza Airport,Bolivia,1.3326229755167422,577.5378514139255,0.5105265128305431,1.0197505872082768,902.0,1720.0,227.0
BYN,2,3395.0,0.0,0.00018212150628178482,1,8.0,Bayankhongor Airport,Mongolia,1.9659971873737032,1697.5,0.5337781392504932,1.006537423931641,572.0,2097.0,47.0
LTI,1,0.0,0.0,0.00012161121603395166,1,2.0,Altai Airport,Mongolia,,0.0,0.5229465956016032,0.9987526518952146,723.0,2372.0,
BYO,1,0.0,0.0,7.3836849430378e-05,1,51.0,Bonito Airport,Brazil,,0.0,0.41612068867931046,1.0122735409507515,3175.0,1923.0,
DGA,5,3396.166666666667,0.5,0.00020794894666514076,3,7.6,,,1.3832284388421392,679.2333333333333,0.5052210293343128,0.9930832403439744,996.0,2618.0,213.0
FRS,2,1.9190476190476187,0.0,9.227122405575305e-05,2,20.5,Mundo Maya International Airport,Guatemala,-0.3673007804449424,0.9595238095238093,0.4968754900616683,1.5928824733194178,1149.0,55.0,1106.0
MID,8,50.11963680984861,0.75,0.00020492748974305287,7,73.0,Licenciado Manuel Crescencio Rejon Int Airport,Mexico,-0.2311925345185107,6.264954601231076,0.45981062737564266,0.979927864259471,2112.0,3044.0,1011.0
PLJ,5,6781.666666666666,0.5,0.00035473275377175125,3,6.8,,,1.5990083519104699,1356.3333333333333,0.5266946932633347,1.0063155908754173,675.0,2106.0,159.0
BZL,1,0.0,0.0,6.857319122104095e-05,1,34.0,Barisal Airport,Bangladesh,,0.0,0.41546497216630324,0.9952799694117832,3195.0,2519.0,
BZO,1,0.0,0.0,5.749712644475549e-05,1,162.0,Bolzano Airport,Italy,,0.0,0.4817874678492235,1.1582569791245916,1502.0,451.0,
BZV,13,3489.1948151342217,0.5897435897435898,0.0003704988043513269,11,53.84615384615385,Maya-Maya Airport,Congo (Brazzaville),0.7838348958579394,268.3996011641709,0.49634900757457984,0.9940233309605138,1158.0,2571.0,400.0
OLL,1,0.0,0.0,6.843449768716992e-05,1,13.0,Oyo Ollombo Airport,Congo (Brazzaville),,0.0,0.44656644989488575,1.1239408127839519,2413.0,552.0,
CAB,2,0.0,1.0,0.0001257485696903314,2,20.0,Cabinda Airport,Angola,,0.0,0.40947773968602075,0.9724512856723861,3388.5,3271.5,
SZA,2,0.0,1.0,0.00012574856969029924,2,20.0,Soyo Airport,Angola,,0.0,0.40947773968602075,0.9724512856723866,3388.5,3269.5,
CAC,3,20.591436839470088,0.6666666666666666,0.00012469551258172562,3,55.666666666666664,Cascavel Airport,Brazil,0.11519156345396439,6.863812279823363,0.4604726480633582,0.9977976149286726,2100.0,2422.0,769.5
PEG,5,1.4555616598477918,0.6,0.00010692816515258507,5,74.0,Perugia San Francesco d'Assisi – Umbria International Airport,Italy,-1.0364284672706003,0.2911123319695584,0.47392634825776464,1.0068886793467673,1713.0,2086.0,1561.0
CAH,1,0.0,0.0,6.62866454876545e-05,1,54.0,Cà Mau Airport,Vietnam,,0.0,0.4140205711992585,1.000081743063076,3228.0,2316.0,
ELQ,10,1.5377058936222823,0.9555555555555555,0.00022530265923866545,10,100.8,Gassim Airport,Saudi Arabia,-1.4602277090358544,0.15377058936222823,0.5187858090626536,1.0086856682230851,794.0,2026.0,1733.0
HMB,5,0.0,1.0,0.0001304182387324068,5,82.4,Sohag International Airport,Egypt,,0.0,0.46565873233455485,1.0049711368295668,1946.5,2151.5,
LXR,7,0.6508314908710223,0.9523809523809524,0.00015799863157256455,7,123.14285714285714,Luxor International Airport,Egypt,-1.5016044300452744,0.0929759272672889,0.5004099517140734,0.9985725288717735,1069.0,2382.0,1738.0
PZU,4,0.0,1.0,0.0001174784999996787,4,101.0,Port Sudan New International Airport,Sudan,,0.0,0.4552275220714813,1.0011951346883339,2252.0,2266.0,
RMF,4,0.31551993425101504,0.8333333333333334,9.844737738560928e-05,4,126.25,Marsa Alam International Airport,Egypt,-1.3715242761240973,0.07887998356275376,0.4774605501027525,1.0464802937539404,1630.0,1216.0,1714.0
TAI,6,1.2381851420105732,0.7333333333333333,0.0001626855720502028,6,60.0,Ta'izz International Airport,Yemen,-1.2028743017793688,0.20636419033509554,0.46192890287132077,1.0344527970290136,2065.0,1397.0,1662.0
YNB,8,1.5377058936222823,0.9285714285714286,0.00018016188471156917,8,105.875,Prince Abdulmohsin Bin Abdulaziz Airport,Saudi Arabia,-1.3182803935144645,0.19221323670278528,0.4934435942479119,0.9905702625553373,1233.0,2713.0,1689.0
CAJ,1,0.0,0.0,8.754841945248796e-05,1,6.0,Canaima Airport,Venezuela,,0.0,0.4676866441535841,1.0072372925473956,1879.5,2073.5,
CAL,1,0.0,0.0,5.8987302483228585e-05,1,63.0,Campbeltown Airport,United Kingdom,,0.0,0.44060752738847836,1.0185809138919284,2515.5,1740.5,
CGD,8,0.024691358024691357,0.9642857142857143,0.00016773619142610585,8,100.375,Changde Airport,China,-2.607387433597497,0.0030864197530864196,0.5040250257289014,1.0366120357964685,1014.0,1363.0,1822.5
CGQ,29,182.7216617068771,0.6502463054187192,0.0005035136820333103,24,68.51724137931035,Longjia Airport,China,-0.6468260009296268,6.300746955409554,0.5472369103390986,1.0096044368884465,414.0,1997.0,1315.0
CIH,11,24.178702130887185,0.7636363636363637,0.00021606461432097573,10,77.81818181818181,Changzhi Airport,China,-0.661207386979578,2.198063830080653,0.47639250160367164,0.9872014308038873,1658.0,2855.0,1327.0
CZX,18,26.49306207664009,0.7450980392156863,0.0003215506919001609,16,75.5,Changzhou Benniu Airport,China,-0.9459630167534643,1.4718367820355605,0.5260482951747074,1.0034437619317527,683.0,2190.0,1510.0
DAX,5,0.024691358024691357,0.9,0.00012465119904373048,5,138.4,Dachuan Airport,China,-2.3084061138872993,0.0049382716049382715,0.4813060314827075,1.0133644573627458,1522.0,1885.0,1811.5
DIG,5,17.022139262171702,0.7,0.00013635556888986743,5,75.4,Diqing Airport,China,-0.26915244103136887,3.4044278524343405,0.4593563339743787,0.9770677303766128,2127.0,3175.0,1043.0
DLC,59,3013.937712607512,0.3103448275862069,0.0010608483256878756,25,45.016949152542374,Zhoushuizi Airport,China,-0.22404695884170145,51.083690044195116,0.5538870083235972,1.0223031583840878,334.0,1644.0,1002.0
DOY,6,0.17089070163320852,0.9333333333333333,0.00013920245258082405,6,119.5,Dongying Shengli Airport,China,-1.8207760668163895,0.028481783605534754,0.4879680119696945,0.9805280282906111,1360.0,3022.0,1791.0
DYG,12,1.9255904495249982,0.893939393939394,0.0002267637032482125,12,93.0,Dayong Airport,China,-1.5060227986074348,0.16046587079374985,0.5214101933003656,1.027545079389586,751.0,1531.0,1739.0
FUG,9,1.0118354621666505,0.8055555555555556,0.00018099362950844372,9,88.88888888888889,Fuyang Xiguan Airport,China,-1.5237902453921388,0.11242616246296117,0.4845150195130102,0.9992986894613917,1453.0,2346.0,1746.0
GYS,4,0.024691358024691357,0.8333333333333334,0.00010600764856763244,4,128.75,Guangyuan Airport,China,-2.166458798365909,0.006172839506172839,0.473076840664833,1.0476825831626873,1744.0,1204.0,1805.0
HDG,6,0.6658614210989122,0.8,0.00013877382400611846,6,104.83333333333333,Handan Airport,China,-1.3964217549976627,0.11097690351648537,0.4678105272009549,1.027861506438241,1874.0,1525.0,1723.0
HET,37,3840.013662846644,0.46396396396396394,0.0007204719131950806,24,52.891891891891895,Baita International Airport,China,0.14835986059067074,103.78415304990929,0.5331544866185823,0.9900471602735887,580.0,2734.0,749.0
HFE,35,78.55280879044989,0.665546218487395,0.000582109388498318,25,67.42857142857143,Hefei Luogang International Airport,China,-1.029849198480514,2.244365965441425,0.5621952653104891,1.0492808883084246,270.0,1182.0,1558.0
HIA,12,1.7259473197689965,0.8636363636363636,0.00022941092404496691,12,89.16666666666667,Lianshui Airport,China,-1.5401745709700787,0.14382894331408305,0.5156679892683461,1.0294019554386076,839.0,1486.0,1749.0
HJJ,2,0.0,1.0,7.489849389319746e-05,2,110.0,Zhijiang Airport,China,,0.0,0.44526524095590986,0.9933415657226483,2436.0,2607.0,
HRB,58,13929.174731823481,0.28433151845130067,0.00110025945580359,24,44.672413793103445,Taiping Airport,China,0.2644360011183214,240.15818503143933,0.5538583915225324,0.9958059100186607,335.0,2495.0,682.0
HYN,7,0.8783959576720438,0.8095238095238094,0.0001502585278920259,7,99.71428571428571,Huangyan Luqiao Airport,China,-1.4080486406937676,0.12548513681029197,0.4743495313510189,1.0174909790375921,1703.0,1770.0,1725.0
HZH,2,0.0,1.0,7.523931745675777e-05,2,99.0,Liping Airport,China,,0.0,0.44037223621774557,0.9867977965966925,2524.0,2863.0,
JDZ,8,0.04908160192713038,0.9285714285714286,0.00016732380807703366,8,103.125,Jingdezhen Airport,China,-2.3930254888792066,0.006135200240891298,0.4976817780299344,1.0231008683450806,1133.0,1626.0,1813.0
JGS,7,0.024691358024691357,0.9523809523809524,0.0001528300437360863,7,111.14285714285714,Jinggangshan Airport,China,-2.5224447022962737,0.003527336860670194,0.4999445045319176,1.0071287424084248,1086.0,2078.0,1820.5
JIQ,6,0.0,1.0,0.00014028671120047242,6,119.66666666666667,Qianjiang Wulingshan Airport,China,,0.0,0.4932284099597986,1.0002163589479385,1236.0,2312.0,
JIU,4,0.0,1.0,0.0001062641534224396,4,124.5,Jiujiang Lushan Airport,China,,0.0,0.4682469541144129,0.9924195591897033,1863.0,2641.0,
JJN,18,23.261425535876327,0.7189542483660131,0.0003253911580557111,16,82.16666666666667,Quanzhou Jinjiang International Airport,China,-0.9865515608182203,1.2923014186597959,0.5201418540834651,0.9966873043250021,776.0,2459.0,1535.0
JNG,9,2.0188271224912433,0.8055555555555556,0.0001866911583260908,9,99.33333333333333,Jining Qufu Airport,China,-1.308267682586975,0.22431412472124926,0.48115765044070796,0.9914154180655063,1526.0,2684.0,1687.0
JUH,5,0.0,1.0,0.0001242683023249632,5,87.8,Jiuhuashan Airport,China,,0.0,0.46687404126032694,0.9944884186670098,1900.0,2554.0,
JZH,5,0.0,1.0,0.00012364198843873393,5,117.4,Jiuzhai Huanglong Airport,China,,0.0,0.47580630537288493,0.9844404071874161,1673.0,2928.0,
KHN,38,307.9562424801188,0.6614509246088194,0.0006438620205167736,25,67.13157894736842,Nanchang Changbei International Airport,China,-0.6558962617105749,8.104111644213653,0.5533025282234624,1.0145053570177889,343.0,1840.0,1321.0
KOW,10,0.9216986609364471,0.8888888888888888,0.00019849741810009747,10,92.7,Ganzhou Airport,China,-1.6199243958261114,0.09216986609364472,0.5074348642668982,0.9900868457240672,963.0,2733.0,1764.0
LHW,33,4069.964337166228,0.5738636363636364,0.0006102375933740473,24,60.72727272727273,Lanzhou Zhongchuan Airport,China,0.23928530378335205,123.33225264140084,0.5395291554101079,1.0045443393307023,505.0,2167.0,699.0
LJG,28,564.4937988124765,0.7037037037037037,0.0004890094550557862,24,73.57142857142857,Lijiang Airport,China,-0.27256471190697273,20.160492814731303,0.5440604620635043,1.0147418992242145,453.0,1832.0,1045.0
LLB,1,0.0,0.0,6.0414920653592345e-05,1,150.0,Libo Airport,China,,0.0,0.4510418840013282,1.0243610309970912,2330.0,1602.0,
LUM,4,0.0,1.0,0.00010964772063692314,4,140.0,Mangshi Airport,China,,0.0,0.47364213310910314,1.0064618039916842,1721.0,2101.0,
LYG,13,46.8347433917886,0.6666666666666666,0.0002509238470647576,12,79.92307692307692,Lianyungang Airport,China,-0.5611870048679137,3.602672568599123,0.4781692555346549,1.006689603117648,1605.0,2092.0,1260.0
LYI,14,30.175502487583103,0.7252747252747253,0.00026071293208844117,14,83.42857142857143,Shubuling Airport,China,-0.7454878875386254,2.1553930348273647,0.5001884683299169,1.0159637422618075,1080.0,1809.0,1375.0
LZH,13,1.230238207025627,0.9358974358974358,0.00024397651093174117,13,95.15384615384616,Liuzhou Bailian Airport,China,-1.6967291625704033,0.09463370823274055,0.5385636079586232,1.0491337310817366,517.0,1187.0,1773.0
LZO,11,0.068894256575416,0.9636363636363636,0.00021324352650712303,11,95.45454545454545,Luzhou Airport,China,-2.489802325386671,0.006263114234128727,0.5318060664357845,1.0576363832054563,600.0,1065.0,1819.0
MIG,16,16.3358094355018,0.7666666666666667,0.0002822938250934993,15,77.4375,Mianyang Airport,China,-1.0219033180098616,1.0209880897188626,0.5238948655812125,1.0165141875303112,708.0,1793.0,1556.0
MXZ,5,3.2307793953230948,0.4,0.00012361142989953546,5,84.6,Meixian Airport,China,-0.7876514027468607,0.6461558790646189,0.48097469211729466,1.0542204673355462,1529.0,1106.0,1411.0
NAO,6,0.024691358024691357,0.9333333333333333,0.0001401258146674438,6,129.66666666666666,Nanchong Airport,China,-2.4243855154705454,0.004115226337448559,0.49283861212645147,0.9862970458283521,1244.0,2874.0,1815.0
NNY,7,0.49417148087254825,0.8095238095238094,0.0001535727645995176,7,82.85714285714286,Nanyang Jiangying Airport,China,-1.5875226231358082,0.07059592583893547,0.47458700028667494,1.0423388193609289,1701.0,1279.0,1759.0
NTG,10,1.182710415801971,0.8666666666666667,0.00019685012415526337,10,85.6,,,-1.5421255272833474,0.1182710415801971,0.5029136796652585,0.9887510426163036,1030.0,2798.0,1750.0
RMQ,23,1767.3647437662166,0.44664031620553357,0.00044661802211199504,18,57.17391304347826,Taichung Ching Chuang Kang Airport,Taiwan,0.20867192767148285,76.84194538113985,0.5041287777670092,1.0084891830828195,1012.0,2030.0,717.0
SPN,10,1715.0010748272125,0.6888888888888889,0.00022038909694267693,9,90.5,Saipan International Airport,Northern Mariana Islands,0.7291226673796012,171.50010748272126,0.4830953852020933,1.0395988072620028,1477.0,1322.0,437.0
SYX,41,1227.1377105928636,0.5841463414634147,0.000674238048770774,25,61.926829268292686,Sanya Phoenix International Airport,China,-0.272881788680281,29.93018806324058,0.5391389878404989,1.0005689471063854,508.0,2298.0,1046.0
TEN,5,0.024691358024691357,0.9,0.00012044134504554019,5,112.2,Tongren Fenghuang Airport,China,-2.3084061138872993,0.0049382716049382715,0.4720867105207325,0.9738648812983125,1779.0,3248.0,1811.5
TVS,5,0.06896551724137931,0.9,0.00012137253220273817,5,89.0,,,-1.9879218866945894,0.013793103448275862,0.46651479611525326,0.990037626910371,1914.0,2736.0,1796.0
TXN,18,5.123977332236601,0.8562091503267973,0.00031942792932681673,18,83.0,Tunxi International Airport,China,-1.4585838368190762,0.28466540734647783,0.5563768917827223,1.0664444943705282,316.0,970.0,1732.0
WEF,7,0.25101375468990667,0.8095238095238094,0.00015216810109436224,7,106.0,Weifang Airport,China,-1.7988717461479822,0.03585910781284381,0.4774852104406112,1.0285096500481226,1628.0,1516.0,1786.0
WNZ,33,182.64022073670165,0.6136363636363636,0.0005656880530116261,24,65.12121212121212,Wenzhou Longwan International Airport,China,-0.7291599834512762,5.534552143536414,0.548646489515556,0.9929337379179564,398.0,2625.0,1363.0
WUS,9,0.03125,0.9722222222222222,0.00018383342890374507,9,100.22222222222223,Nanping Wuyishan Airport,China,-2.608812776843414,0.003472222222222222,0.5160460374625098,1.031048025475885,836.0,1457.0,1824.0
WUX,19,13.682368559494542,0.8245614035087719,0.000341178226634492,19,87.05263157894737,Sunan Shuofang International Airport,China,-1.18652628247987,0.7201246610260285,0.5538225687465486,1.0475470438541659,336.0,1206.0,1656.0
WXN,8,0.024691358024691357,0.9642857142857143,0.00017102482466784533,8,119.75,Wanxian Airport,China,-2.607387433597497,0.0030864197530864196,0.5102925563363606,1.0484339697203024,905.0,1194.0,1822.5
XFN,9,26.51608194641587,0.8333333333333334,0.00018465708417548206,9,104.0,Xiangyang Liuji Airport,China,-0.5047633913888412,2.9462313273795413,0.48148036181759624,1.0149317898630015,1512.0,1828.0,1223.0
XUZ,18,7.641927945287855,0.738562091503268,0.00032500047029053247,17,73.88888888888889,Xuzhou Guanyin Airport,China,-1.3338666997397512,0.42455155251599197,0.5369282604078791,1.0227224261565848,545.0,1636.0,1695.0
YBP,7,0.024691358024691357,0.9523809523809524,0.00015410392055654372,7,117.0,Yibin Caiba Airport,China,-2.5224447022962737,0.003527336860670194,0.5023964722182515,1.0064779780272604,1040.0,2100.0,1820.5
YCU,18,7.924152054456922,0.8823529411764706,0.00032359841379572346,18,82.83333333333333,Yuncheng Guangong Airport,China,-1.3225514582572353,0.4402306696920512,0.5548254571951281,1.0581533361481275,325.0,1058.0,1692.0
YIH,14,0.34167581211451903,0.9340659340659341,0.00026093788894806667,14,92.5,Yichang Sanxia Airport,China,-2.1435900165498394,0.024405415151037075,0.5499111777605732,1.107812926513213,381.0,622.0,1801.0
YIW,14,16.76814686470919,0.5934065934065934,0.0002655514496576904,14,73.85714285714286,Yiwu Airport,China,-0.928810372768173,1.1977247760506564,0.5021908226109151,1.028949761746064,1044.0,1510.0,1499.0
YNT,23,18.359692051476227,0.8063241106719368,0.0003993859926092336,23,83.47826086956522,Yantai Laishan Airport,China,-1.216314386835796,0.7982474804989664,0.5717185223690623,1.0945372676820944,219.0,715.0,1664.0
YNZ,13,6.453708512386598,0.8333333333333334,0.00023029647459091575,12,88.15384615384616,Yancheng Airport,China,-1.1795856703269227,0.4964391163374306,0.5049030570868553,1.0327479074365489,1002.0,1424.0,1646.0
YTY,13,0.9296569265999949,0.8717948717948718,0.00024164663021437977,13,88.23076923076923,Yangzhou Taizhou Airport,China,-1.7841385530437723,0.07151207127692269,0.5304846355500622,1.0494277954978617,617.0,1180.0,1785.0
ZHA,13,39.952986452973015,0.8461538461538461,0.0002485312167783001,13,95.07692307692308,Zhanjiang Airport,China,-0.6107725494850437,3.0733066502286936,0.510070713196459,1.0452715397271437,910.0,1232.0,1290.0
ZYI,13,0.20112784862823652,0.9358974358974358,0.00024142192998487044,13,87.84615384615384,Zunyi Xinzhou Airport,China,-2.2617899732255977,0.01547137297140281,0.5429033738826371,1.0826566116492953,464.0,807.0,1809.0
CAP,2,0.0,1.0,8.775862165653755e-05,2,17.0,Cap Haitien International Airport,Haiti,,0.0,0.4217293082222318,1.0054181528603954,3004.0,2133.0,
CAW,3,0.3333333333333333,0.6666666666666666,0.0001404591975725142,3,10.0,Bartolomeu Lisandro Airport,Brazil,-1.1713863038066616,0.1111111111111111,0.45954111365681594,0.9989756537550248,2121.0,2365.0,1640.5
MEA,3,17.375899171615785,0.6666666666666666,0.00014185095338130192,3,24.0,Macaé Airport,Brazil,0.062214673148683806,5.791966390538595,0.4615961165624297,1.0309676923428908,2071.0,1459.0,803.0
CBB,8,9608.219816431005,0.35714285714285715,0.0004364709421172041,4,17.75,Jorge Wilsterman International Airport,Bolivia,1.4087308085837467,1201.0274770538756,0.5197463571922905,1.007560078942436,783.0,2062.0,203.0
CIJ,3,0.0,1.0,0.00021558032150542788,3,10.666666666666666,Capitán Aníbal Arab Airport,Bolivia,,0.0,0.46388473961143445,1.017520421927282,1991.0,1768.0,
SRE,4,0.0,1.0,0.00022799845031581869,4,10.5,Juana Azurduy De Padilla Airport,Bolivia,,0.0,0.49938261173893356,1.0713227156984715,1095.0,910.0,
TDD,7,6814.93932773434,0.2380952380952381,0.0005494628876300644,3,5.142857142857143,Teniente Av. Jorge Henrich Arauz Airport,Bolivia,1.3864968346436843,973.5627611049057,0.5583082048331186,1.014392575119945,297.0,1846.0,208.0
CBH,1,0.0,0.0,6.314721464752868e-05,1,24.0,Béchar Boudghene Ben Ali Lotfi Airport,Algeria,,0.0,0.4300377945606592,1.0560768952709472,2770.0,1082.0,
CBO,1,0.0,0.0,7.158033176028465e-05,1,78.0,Awang Airport,Philippines,,0.0,0.4222609730393567,1.0028106319994476,2987.0,2221.0,
CBS,1,0.0,0.0,7.189424475154387e-05,1,47.0,,,,0.0,0.4131219020749877,0.9796615324357757,3282.5,3059.5,
CBT,2,0.0,1.0,0.00011531482313407219,2,22.0,Catumbela Airport,Angola,,0.0,0.411720602228155,0.9965697090700626,3332.5,2464.0,
VPE,6,4.5,0.4,0.0003035957333796562,3,8.5,Ngjiva Pereira Airport,Angola,-0.8002443626059549,0.75,0.5188411749364994,1.0613017970578147,793.0,1025.0,1418.5
CCC,8,117.2535424422128,0.5,0.0001414104834227762,7,64.375,Jardines Del Rey Airport,Cuba,0.03399454722374715,14.6566928052766,0.47729719085692096,1.098907585959715,1633.0,680.0,827.0
SLL,6,1.1161932737731368,0.9333333333333333,0.00014485507783516317,6,95.0,Salalah Airport,Oman,-1.2352370287716619,0.1860322122955228,0.4784418689086871,1.0021161871088136,1597.0,2241.0,1667.0
CCK,1,0.0,0.0,0.00012049736092654822,1,2.0,Cocos (Keeling) Islands Airport,Cocos (Keeling) Islands,,0.0,0.5226972387895801,0.9983125912680824,727.0,2398.0,
XCH,2,3394.9999999999995,0.0,0.00017950067073495792,1,19.5,Christmas Island Airport,Christmas Island,1.9659971873737032,1697.4999999999998,0.5317102889085142,1.0297953662917947,601.0,1480.0,47.0
CCM,2,0.0,1.0,0.00010483890727532078,2,31.5,Diomício Freitas Airport,Brazil,,0.0,0.4087169862261964,1.0095765086532167,3411.0,1999.0,
CCP,4,2.5,0.5,0.0002455659655129757,2,12.75,Carriel Sur Airport,Chile,-0.7257141750437107,0.625,0.48774798865568203,1.099302829899336,1364.0,675.0,1361.0
ZAL,3,0.5,0.6666666666666666,0.0001579643681726023,2,15.666666666666666,Pichoy Airport,Chile,-1.0448762992117955,0.16666666666666666,0.45502119260469387,0.9998306188199972,2255.0,2327.0,1581.5
ZCO,2,0.0,1.0,0.00012462044371487236,2,22.5,La Araucanía Airport,Chile,,0.0,0.41123476851183827,1.0058101677331441,3344.0,2126.0,
CUM,1,0.0,0.0,7.189424475154387e-05,1,47.0,Cumaná (Antonio José de Sucre) Airport,Venezuela,,0.0,0.4131219020749877,0.9796615324357757,3282.5,3059.5,
CZE,1,0.0,0.0,7.189424475154387e-05,1,47.0,José Leonardo Chirinos Airport,Venezuela,,0.0,0.4131219020749877,0.9796615324357757,3282.5,3059.5,
LFR,1,0.0,0.0,7.189424475154387e-05,1,47.0,La Fria Airport,Venezuela,,0.0,0.4131219020749877,0.9796615324357757,3282.5,3059.5,
MRD,1,0.0,0.0,7.189424475154387e-05,1,47.0,Alberto Carnevalli Airport,Venezuela,,0.0,0.4131219020749877,0.9796615324357757,3282.5,3059.5,
MUN,2,0.0,1.0,0.00010281113062738723,2,30.5,Maturín Airport,Venezuela,,0.0,0.40895404870198265,1.0140315055340017,3409.0,1864.0,
PYH,1,0.0,0.0,7.189424475154387e-05,1,47.0,Cacique Aramare Airport,Venezuela,,0.0,0.4131219020749877,0.9796615324357757,3282.5,3059.5,
SOM,1,0.0,0.0,7.189424475154387e-05,1,47.0,San Tomé Airport,Venezuela,,0.0,0.4131219020749877,0.9796615324357757,3282.5,3059.5,
STD,2,0.0,1.0,0.00010281113062738723,2,30.5,Mayor Buenaventura Vivas International Airport,Venezuela,,0.0,0.40895404870198265,1.0140315055340017,3409.0,1864.0,
SVZ,1,0.0,0.0,7.189424475154387e-05,1,47.0,San Antonio Del Tachira Airport,Venezuela,,0.0,0.4131219020749877,0.9796615324357757,3282.5,3059.5,
VIG,2,0.0,1.0,0.00010281113062738723,2,30.5,Juan Pablo Pérez Alfonso Airport,Venezuela,,0.0,0.40895404870198265,1.0140315055340017,3409.0,1864.0,
VLV,1,0.0,0.0,7.189424475154387e-05,1,47.0,Dr. Antonio Nicolás Briceño Airport,Venezuela,,0.0,0.4131219020749877,0.9796615324357757,3282.5,3059.5,
DIB,4,183.10197051572268,0.6666666666666666,0.00016532809502016948,3,37.25,Dibrugarh Airport,India,0.6139883920285342,45.77549262893067,0.4632040623044549,1.0314554273656482,2033.0,1446.0,490.0
DMU,2,0.0,1.0,0.00011465753580156323,2,20.5,Dimapur Airport,India,,0.0,0.41105227677600403,0.9798638501892809,3351.0,3047.0,
IXA,3,0.0,1.0,0.00013150173015172623,3,18.0,Agartala Airport,India,,0.0,0.43384636274789684,1.1748556365396128,2666.0,408.5,
IXR,4,0.0,1.0,0.00012205233848384885,4,56.25,Birsa Munda Airport,India,,0.0,0.4498971043267895,1.0146705187843361,2348.0,1833.0,
IXS,3,0.0,1.0,0.00013150173015172623,3,18.0,Silchar Airport,India,,0.0,0.43384636274789684,1.1748556365396128,2666.0,408.5,
PBH,5,7.783893929658544,0.6,0.0001765332966261443,5,24.0,Paro Airport,Bhutan,-0.5132888028543948,1.5567787859317088,0.4661833135720312,1.0176109850940755,1927.0,1766.0,1226.0
SHL,1,0.0,0.0,6.781457554592057e-05,1,37.0,Shillong Airport,India,,0.0,0.4150919999312245,0.9982247055321755,3207.0,2403.0,
CCV,4,1.5,0.5,0.0002977842216126974,2,7.75,Craig Cove Airport,Vanuatu,-0.8850979314200329,0.375,0.5102493524688846,1.0708763292322758,906.0,915.0,1470.5
LNB,2,0.0,1.0,0.00018324131938001975,2,12.5,Lamen Bay Airport,Vanuatu,,0.0,0.43829693078256265,1.0342335611081814,2571.0,1398.0,
NUS,5,14.5,0.4,0.00038872421863765796,2,7.8,Norsup Airport,Vanuatu,-0.3191886163779893,2.9,0.5323309929165494,1.0722608100628273,591.0,904.0,1068.0
ULB,3,0.5,0.6666666666666666,0.00019395677806357988,2,9.0,Uléi Airport,Vanuatu,-1.0448762992117955,0.16666666666666666,0.4704439990628673,0.9698065380878855,1812.0,3328.0,1581.5
KFP,1,0.0,0.0,0.0001426286232277843,1,4.0,False Pass Airport,United States,,0.0,0.498250798031788,0.9926146879202353,1120.0,2636.0,
KVC,1,0.0,0.0,0.0001426286232277843,1,4.0,King Cove Airport,United States,,0.0,0.498250798031788,0.9926146879202353,1120.0,2636.0,
NLG,1,0.0,0.0,0.0001426286232277843,1,4.0,Nelson Lagoon Airport,United States,,0.0,0.498250798031788,0.9926146879202353,1120.0,2636.0,
CDC,1,0.0,0.0,6.460594678824188e-05,1,92.0,Cedar City Regional Airport,United States,,0.0,0.4222619411961352,1.038752932755194,2977.0,1334.0,
OSR,3,3.0961373487061863,0.6666666666666666,8.315758909868915e-05,3,162.33333333333334,Ostrava Leos Janáček Airport,Czech Republic,-0.4759839263279406,1.0320457829020622,0.5096310045591044,1.1309505201224854,925.0,533.0,1199.0
PUF,4,0.9947745395432962,0.8333333333333334,0.00010251089742271593,4,131.75,Pau Pyrénées Airport,France,-1.013242617419675,0.24869363488582405,0.4815743300356788,1.0481857447796536,1509.0,1197.0,1550.0
RUN,13,7152.406274864114,0.32051282051282054,0.00041310430639460925,7,50.38461538461539,Roland Garros Airport,Reunion,1.0077902414122188,550.1850980664702,0.49539796743172554,1.005112630711603,1177.0,2144.0,319.0
UGC,7,104.57135723185652,0.7142857142857143,0.0001413763817793838,6,103.85714285714286,Urgench Airport,Uzbekistan,0.08322158944691838,14.938765318836646,0.4778613835455231,1.0167455943235197,1617.0,1784.0,785.0
YQB,20,20654.83185856964,0.2894736842105263,0.0005514211803164554,9,59.4,Quebec Jean Lesage International Airport,Canada,1.0646471485316193,1032.741592928482,0.5206284908647135,1.0139088110852124,765.0,1869.0,291.0
CDJ,2,3395.0000000000005,0.0,9.964774496701514e-05,1,1.5,Conceição do Araguaia Airport,Brazil,1.9659971873737032,1697.5000000000002,0.5932206393566539,1.2499481717388445,118.0,268.0,47.0
CMP,1,0.0,0.0,0.0001289101590862044,1,2.0,Santana do Araguaia Airport,Brazil,,0.0,0.5232204696371974,1.007802038058545,716.0,2049.0,
YAK,2,11.566666666666661,0.0,0.00020211693557473012,2,9.0,Yakutat Airport,United States,0.1931659776695884,5.7833333333333306,0.5034319303141935,1.1290240901046507,1023.0,539.0,731.0
CGM,1,0.0,0.0,7.552726685201613e-05,1,29.0,Camiguin Airport,Philippines,,0.0,0.4166342468313603,0.997776193679791,3149.5,2424.5,
DGT,2,0.0,1.0,0.00010289802274805923,2,53.5,Sibulan Airport,Philippines,,0.0,0.40899027114073705,0.9743487848423861,3403.0,3239.0,
DPL,3,0.0,1.0,0.00013463484450323504,3,38.666666666666664,Dipolog Airport,Philippines,,0.0,0.4270065683052467,0.9822663478460183,2834.0,2983.0,
GES,3,0.0,1.0,0.00013206965625528504,3,38.333333333333336,General Santos International Airport,Philippines,,0.0,0.42655219278844325,0.9838313649166757,2848.0,2958.0,
IAO,1,0.0,0.0,7.552726685201613e-05,1,29.0,Siargao Airport,Philippines,,0.0,0.4166342468313603,0.997776193679791,3149.5,2424.5,
ILO,8,268.3010045068063,0.6071428571428571,0.0002745565506567441,5,48.5,Iloilo International Airport,Philippines,0.29226904721263236,33.53762556335079,0.46480744649877714,0.9868814702803609,1973.0,2861.0,661.0
KLO,8,5.31757928493686,0.75,0.0002132497062182886,8,78.0,Kalibo International Airport,Philippines,-0.9311587432382318,0.6646974106171075,0.4696590379504853,0.9888305040803057,1828.0,2793.0,1501.0
LGP,2,0.0,1.0,0.00010289802274805923,2,53.5,Legazpi City International Airport,Philippines,,0.0,0.40899027114073705,0.9743487848423861,3403.0,3239.0,
MPH,2,0.0,1.0,0.00010289802274805923,2,53.5,Godofredo P. Ramos Airport,Philippines,,0.0,0.40899027114073705,0.9743487848423861,3403.0,3239.0,
OZC,2,0.0,1.0,0.00010289802274805923,2,53.5,Labo Airport,Philippines,,0.0,0.40899027114073705,0.9743487848423861,3403.0,3239.0,
PAG,2,0.0,1.0,0.00010289802274805923,2,53.5,Pagadian Airport,Philippines,,0.0,0.40899027114073705,0.9743487848423861,3403.0,3239.0,
SUG,2,0.0,1.0,0.00010289802274805923,2,53.5,Surigao Airport,Philippines,,0.0,0.40899027114073705,0.9743487848423861,3403.0,3239.0,
TAC,2,0.0,1.0,0.00010289802274805923,2,53.5,Daniel Z. Romualdez Airport,Philippines,,0.0,0.40899027114073705,0.9743487848423861,3403.0,3239.0,
USU,2,0.0,1.0,0.00010289802274805923,2,53.5,Francisco B. Reyes Airport,Philippines,,0.0,0.40899027114073705,0.9743487848423861,3403.0,3239.0,
ZAM,4,3395.0,0.5,0.00021017602927572005,3,29.25,Zamboanga International Airport,Philippines,1.5250685521421146,848.75,0.4789901266005428,1.0066091514249669,1588.0,2095.0,170.5
CEE,7,3435.300354332078,0.3333333333333333,0.00022225381239999193,5,68.85714285714286,Cherepovets Airport,Russia,1.1727645778293891,490.75719347601114,0.486417345127268,1.095165867572153,1397.0,710.0,270.0
KGD,10,31.985320745233615,0.6222222222222222,0.00020835002225309558,9,80.1,Khrabrovo Airport,Russia,-0.5132756412543567,3.1985320745233614,0.4610572890166868,0.9777426960346568,2083.0,3144.0,1225.0
VUS,1,0.0,0.0,7.11975387984797e-05,1,7.0,Velikiy Ustyug Airport,Russia,,0.0,0.46927585154259355,1.043422508542682,1841.0,1270.0,
CEK,14,24.471556285023,0.5494505494505495,0.00027533546136364665,12,60.0,Chelyabinsk Balandino Airport,Russia,-0.8108603254041938,1.7479683060730713,0.49284710707399587,1.0725890855498215,1242.0,901.0,1430.0
NMA,9,1.6361111987427779,0.7777777777777778,0.0001996287386189579,9,63.888888888888886,Namangan Airport,Uzbekistan,-1.3738509034598205,0.18179013319364198,0.4824307531145986,1.0286317115260624,1488.0,1512.0,1716.0
OSS,13,172.24925372532832,0.5512820512820512,0.00027970384971072595,12,66.3076923076923,Osh Airport,Kyrgyzstan,-0.1548483077008005,13.249942594256025,0.4803614381176054,1.005929133655899,1546.0,2124.0,947.0
CEM,2,0.0,1.0,0.00012748826315279197,2,13.0,Central Airport,United States,,0.0,0.41643479269026284,0.9857021912943121,3166.5,2896.5,
IRC,2,0.0,1.0,0.0001525745995441147,2,13.0,Circle City /New/ Airport,United States,,0.0,0.42296632818967417,1.0183291944610997,2952.5,1745.5,
CEN,4,0.0,1.0,0.00012765072020238483,4,45.25,Ciudad Obregón International Airport,Mexico,,0.0,0.45026145555716446,1.0304663331678905,2339.0,1471.0,
HMO,13,542.3163678438768,0.5,0.000329066918337973,8,42.76923076923077,General Ignacio P. Garcia International Airport,Mexico,0.20300049768565373,41.71664368029822,0.4788164148678571,1.012240271990571,1592.0,1926.0,725.0
CEZ,1,0.0,0.0,6.564031622477524e-05,1,170.0,Cortez Municipal Airport,United States,,0.0,0.45603552366054423,1.0446710779746566,2218.0,1246.0,
CFB,3,1.3000000000000003,0.6666666666666666,0.00014172589368353344,3,27.0,Cabo Frio Airport,Brazil,-0.7467452026425165,0.4333333333333334,0.44653732048670164,0.9786839218024431,2414.0,3110.0,1378.0
PLU,12,13007.645532368275,0.13636363636363635,0.000560071241615612,4,15.25,Pampulha - Carlos Drummond de Andrade Airport,Brazil,1.2453182673021443,1083.9704610306896,0.55071630913173,1.0085904182487342,372.0,2027.0,253.0
CFC,2,16.568125177060498,0.0,0.00013166530129051353,2,13.5,Caçador Airport,Brazil,0.3052885360303425,8.284062588530249,0.49949752170509515,1.111884426736409,1093.0,605.0,650.0
JCB,3,2.833333333333333,0.0,0.0002044322752962282,2,5.666666666666667,Santa Terezinha Airport,Brazil,-0.503659846552523,0.9444444444444443,0.5206132915467087,1.0638543533505944,767.0,990.0,1219.5
CFK,1,0.0,0.0,5.811166667400422e-05,1,86.0,Ech Cheliff Airport,Algeria,,0.0,0.4505115139621544,1.3872653551986296,2336.5,128.5,
CFN,2,0.0,1.0,7.079118257628342e-05,2,103.5,Donegal Airport,Ireland,,0.0,0.452321200945149,1.0749355180619666,2300.0,886.0,
CFS,2,0.0,1.0,0.0001030988742091092,2,70.0,Coffs Harbour Airport,Australia,,0.0,0.4164665281306129,1.040126041345123,3161.5,1311.5,
CGA,4,1.0,0.6666666666666666,0.0003783120233779974,3,5.75,,,-1.0116079360148993,0.25,0.5277307025236129,1.1235287343337907,665.0,554.0,1548.0
HYL,3,0.0,1.0,0.0002994129518906667,3,7.333333333333333,,,,0.0,0.5074303394859307,1.28976299913252,964.0,218.0,
KLW,2,0.0,1.0,0.00023824425507927083,2,9.5,Klawock Airport,United States,,0.0,0.4677088058361269,1.0641276630069167,1878.0,986.0,
KTN,15,48933.268723286164,0.07619047619047618,0.001328237110220682,3,9.266666666666667,Ketchikan International Airport,United States,1.5167620373022286,3262.2179148857444,0.6120821975847918,1.1542281480898386,65.0,459.0,176.0
JPR,1,0.0,0.0,8.118750565731322e-05,1,18.0,Ji-Paraná Airport,Brazil,,0.0,0.4319655180187633,0.9774281879837177,2712.0,3166.0,
LDB,7,42.908620181595765,0.7619047619047619,0.0002475089119938345,7,35.42857142857143,Governador José Richa Airport,Brazil,-0.1947178010422406,6.12980288308511,0.4769497158586648,1.0243323556566561,1640.0,1603.0,980.0
MGF,8,45.46417573715132,0.75,0.00027923998666884437,7,32.125,Regional de Maringá - Sílvio Nane Junior Airport,Brazil,-0.26161003328327115,5.683021967143915,0.48306311931378115,1.0636528136130126,1478.0,1004.0,1033.0
OAL,1,0.0,0.0,8.118750565731322e-05,1,18.0,Cacoal Airport,Brazil,,0.0,0.4319655180187633,0.9774281879837177,2712.0,3166.0,
ROO,1,0.0,0.0,8.118750565731322e-05,1,18.0,Maestro Marinho Franco Airport,Brazil,,0.0,0.4319655180187633,0.9774281879837177,2712.0,3166.0,
CLV,2,0.17467948717948717,0.0,0.00010158173592991707,2,38.5,Nelson Ribeiro Guimarães Airport,Brazil,-1.1150787228905685,0.08733974358974358,0.4810210903748022,2.054145733289982,1527.5,32.5,1620.5
CXJ,3,0.17467948717948717,0.6666666666666666,0.00013111498335565568,3,33.666666666666664,Hugo Cantergiani Regional Airport,Brazil,-1.373005439995205,0.05822649572649572,0.4425825865359003,0.9922922487751091,2481.0,2649.0,1715.0
IGU,7,158.92826814900664,0.7142857142857143,0.00023232590196411732,7,47.0,Cataratas International Airport,Brazil,0.21382462003935404,22.70403830700095,0.4660199889733046,0.9961868652661234,1935.0,2476.0,714.0
JOI,4,35.05862018159569,0.5,0.00015132848619150665,4,49.5,Lauro Carneiro de Loyola Airport,Brazil,0.098225685165131,8.764655045398923,0.45700521149767087,1.0181780495132553,2194.0,1749.0,778.0
JTC,3,1.1746794871794872,0.3333333333333333,0.00015116520731915594,2,26.333333333333332,Bauru - Arealva Airport,Brazil,-0.7783735318472924,0.39155982905982906,0.4783618848751272,1.3364856710338022,1601.0,165.0,1399.0
NVT,5,35.05862018159569,0.7,0.00017313625271209287,5,49.6,Ministro Victor Konder International Airport,Brazil,-0.04372163035625912,7.011724036319139,0.45250893401433206,0.9755866557129341,2295.0,3207.0,879.0
PPB,2,0.17467948717948717,0.0,0.00010158173592991707,2,38.5,Presidente Prudente Airport,Brazil,-1.1150787228905685,0.08733974358974358,0.4810210903748022,2.054145733289982,1527.5,32.5,1620.5
CGI,1,0.0,0.0,6.347227965579919e-05,1,61.0,Cape Girardeau Regional Airport,United States,,0.0,0.4175625174139811,0.9763109059601113,3114.5,3188.5,
KDI,2,0.0,1.0,0.00010772238441530811,2,45.0,Wolter Monginsidi Airport,Indonesia,,0.0,0.4103984212267258,1.022214953148178,3368.0,1647.0,
MLG,2,0.0,1.0,9.491897740657563e-05,2,53.0,Abdul Rachman Saleh Airport,Indonesia,,0.0,0.4097214854238971,0.9895585256232765,3382.0,2762.0,
PKY,2,0.0,1.0,9.502554969398291e-05,2,45.0,Tjilik Riwut Airport,Indonesia,,0.0,0.41005411286998206,0.9990031210937194,3378.0,2361.0,
SOC,4,128.82495112660823,0.6666666666666666,0.00014022510609055532,4,76.75,Adi Sumarmo Wiryokusumo Airport,Indonesia,0.5042884770295785,32.20623778165206,0.46919948358003316,1.0455895940500273,1844.0,1226.0,535.0
TJQ,2,0.0,1.0,0.00010402987523645746,2,34.0,Buluh Tumbang (H A S Hanandjoeddin) Airport,Indonesia,,0.0,0.40821894425894306,0.9878482970830371,3420.0,2832.0,
TNJ,1,0.0,0.0,6.841585938053391e-05,1,64.0,Raja Haji Fisabilillah International Airport,Indonesia,,0.0,0.4159236665945598,0.990535770415899,3189.0,2715.0,
TTE,3,0.0,1.0,0.00015053334804819685,3,33.666666666666664,Sultan Khairun Babullah Airport,Indonesia,,0.0,0.43266041688337237,0.9940085793063564,2694.0,2573.0,
HDF,5,5.7713765297049555,0.3,0.00010751825924734452,5,118.8,Heringsdorf Airport,Germany,-0.606625994254474,1.1542753059409911,0.5065117125375368,1.0980845775497143,979.0,689.0,1289.0
KLU,4,0.02857142857142857,0.8333333333333334,9.30525805130769e-05,4,107.25,Klagenfurt Airport,Austria,-2.1209194170792243,0.007142857142857143,0.4739437284529561,1.0649973404706288,1711.0,981.0,1798.0
RJK,8,15.25237452185561,0.6428571428571429,0.00013273999072039048,8,71.375,Rijeka Airport,Croatia,-0.6023863229637422,1.9065468152319514,0.47831521036770663,1.0073329291898314,1603.0,2066.0,1287.0
CJU,33,20187.08482115949,0.3333333333333333,0.0007878960048196725,22,51.72727272727273,Jeju International Airport,South Korea,0.7389441653962828,611.7298430654391,0.5364227938259435,0.9766470764574203,548.0,3181.0,425.0
DSN,19,35.685475061306946,0.783625730994152,0.0003410490166421376,18,69.36842105263158,Ordos Ejin Horo Airport,China,-0.8874203783499995,1.8781828979635236,0.5351434931579808,1.0148619281353628,558.0,1829.0,1476.0
HMI,6,84.11111338092604,0.7333333333333333,0.00014751909993880602,5,93.66666666666667,Hami Airport,China,0.11334608428551884,14.018518896821007,0.4732374462533321,1.0122274813904673,1743.0,1927.0,771.0
INC,30,994.4266448929168,0.639080459770115,0.0005354075538878195,24,62.166666666666664,,,-0.13978008625369231,33.14755482976389,0.5384847751272047,1.0123582885418563,518.0,1918.0,938.0
KRL,5,2.4946998917720205,0.8,0.00013023081500666706,5,62.6,Korla Airport,China,-0.868323671819418,0.49893997835440407,0.45710855523933597,1.02304344120441,2193.0,1627.0,1464.0
UYN,7,19.18692477440587,0.6666666666666666,0.00015531266998819096,7,91.85714285714286,Yulin Yuyang Airport,China,-0.44583874271539115,2.740989253486553,0.4609454069698874,0.9710722884994498,2088.0,3302.0,1178.0
XNN,19,4248.957288974351,0.5730994152046783,0.00041992745599339653,15,63.421052631578945,Xining Caojiabu Airport,China,0.6038990405618377,223.62933099865006,0.5076522689703392,1.0023369007628855,960.0,2234.0,496.0
ZUH,30,635.378902418773,0.574712643678161,0.0005156277641516955,22,53.53333333333333,Zhuhai Jinwan Airport,China,-0.27954427246558633,21.179296747292433,0.5388633770014429,1.0083317092199962,512.0,2033.0,1049.0
NBS,4,0.7404967918035896,0.6666666666666666,0.00010413398695064651,4,87.5,Changbaishan Airport,China,-1.1053469610171127,0.1851241979508974,0.4626412353928871,0.9976829638383288,2045.0,2431.0,1615.0
YNJ,6,0.058069381598793365,0.9333333333333333,0.0001385826378164129,6,106.0,Yanji Chaoyangchuan Airport,China,-2.1575574096518095,0.009678230266465561,0.48218447039996704,0.9815867182323923,1495.0,3002.0,1803.0
CMG,1,0.0,0.0,7.555524552351765e-05,1,10.0,Corumbá International Airport,Brazil,,0.0,0.44813225220119884,1.0166905412675926,2378.0,1790.0,
DOU,3,20.591436839470088,0.6666666666666666,0.0001265079348152631,3,51.0,Dourados Airport,Brazil,0.11519156345396439,6.863812279823363,0.45976202693537527,1.0004927045373144,2114.0,2301.0,769.5
HKK,1,0.0,0.0,8.497963239956715e-05,1,21.0,Hokitika Airfield,New Zealand,,0.0,0.4311752354868045,1.0982712761097273,2732.0,687.0,
IVC,2,0.0,1.0,0.00012771652810632174,2,21.0,Invercargill Airport,New Zealand,,0.0,0.41065339725012323,0.9839744521402,3362.0,2952.0,
CHG,2,0.0,1.0,7.529493060211712e-05,2,133.0,Chaoyang Airport,China,,0.0,0.4529659698797354,0.9615016806784282,2287.0,3381.0,
CKD,3,1.5,0.3333333333333333,0.0001620648553844063,2,2.6666666666666665,,,-0.702096013293081,0.5,0.5347670556929128,1.3024121669628086,561.0,209.0,1348.0
CHX,2,0.0,1.0,0.00012756191692311675,2,9.0,Cap Manuel Niño International Airport,Panama,,0.0,0.43071508029744743,0.9879787006127054,2740.0,2825.0,
CHY,2,0.0,1.0,0.0002074756477130725,2,13.0,Choiseul Bay Airport,Solomon Islands,,0.0,0.44684624177252336,1.1177351516090692,2411.0,574.0,
GZO,5,1.833333333333333,0.6,0.0004903201040060858,3,7.2,Nusatupe Airport,Solomon Islands,-0.9644335693955481,0.3666666666666666,0.541362458336006,1.166667620347272,483.0,430.0,1520.0
CIY,8,1.6670959926502698,0.5714285714285714,0.0001401936441775866,8,74.25,Comiso Airport,Italy,-1.2930724522889034,0.20838699908128372,0.4851305245691102,1.1053844614036479,1435.0,635.0,1684.0
CIC,1,0.0,0.0,6.189010243743464e-05,1,105.0,Chico Municipal Airport,United States,,0.0,0.4267923690526351,0.999198271246725,2844.0,2349.0,
HLD,9,962.5825033460923,0.3611111111111111,0.0002377005087585497,7,41.666666666666664,Dongshan Airport,China,0.6159428650242079,106.95361148289913,0.4774813243175934,1.010148577547124,1629.0,1978.0,489.0
DAT,7,28.295558146438747,0.6190476190476191,0.00015501648690040225,7,86.71428571428571,Datong Airport,China,-0.3246296100955379,4.042222592348392,0.4618262216933991,0.9619680630724419,2067.0,3380.0,1072.0
CIK,2,0.0,1.0,0.00025070179579961505,2,14.5,Chalkyitsik Airport,United States,,0.0,0.4682502281872364,1.1872078142840488,1862.0,372.0,
CIP,1,0.0,0.0,7.258234159976236e-05,1,19.0,Chipata Airport,Zambia,,0.0,0.424360273232673,0.9687170757576937,2917.5,3341.5,
CIU,1,0.0,0.0,6.112547681366171e-05,1,135.0,Chippewa County International Airport,United States,,0.0,0.44002387748053895,0.9938555223249333,2528.0,2582.0,
CIX,1,0.0,0.0,7.386597769052736e-05,1,57.0,Capitan FAP Jose A Quinones Gonzales International Airport,Peru,,0.0,0.4175170179361856,1.050151547702233,3124.0,1165.0,
CIZ,1,0.0,0.0,8.265552802900363e-05,1,18.0,Coari Airport,Brazil,,0.0,0.43264776086959056,0.9840679077830294,2697.0,2944.0,
CJA,1,0.0,0.0,7.386597769052736e-05,1,57.0,Mayor General FAP Armando Revoredo Iglesias Airport,Peru,,0.0,0.4175170179361856,1.050151547702233,3124.0,1165.0,
CPO,3,0.0,1.0,0.0001597831122051275,3,16.333333333333332,Desierto de Atacama Airport,Chile,,0.0,0.4400075319710418,0.9949426919278078,2530.0,2545.0,
CJJ,4,0.634473761832923,0.8333333333333334,0.00011001796596795928,4,93.5,Cheongju International Airport/Cheongju Air Base (K-59/G-513),South Korea,-1.153560739597082,0.15861844045823076,0.46291987579285043,1.016450779462714,2038.0,1796.0,1632.0
CJL,2,0.0,1.0,8.343496424827753e-05,2,27.5,Chitral Airport,Pakistan,,0.0,0.42104476002412017,1.0755462757696903,3015.0,878.0,
CJM,1,0.0,0.0,7.270424707569495e-05,1,48.0,Chumphon Airport,Thailand,,0.0,0.4136258440336152,0.9777396313524509,3241.5,3150.5,
CJS,6,0.0,1.0,0.00016740945397560373,6,37.166666666666664,Abraham González International Airport,Mexico,,0.0,0.49037201594813395,1.262062805213155,1303.0,252.0,
CUU,10,69.30620510612474,0.7555555555555555,0.0002464529174790919,8,66.3,General Roberto Fierro Villalobos International Airport,Mexico,-0.27201001415883724,6.930620510612473,0.4697610288751633,0.9848655299166048,1825.0,2918.0,1044.0
GMP,13,3767.060800518079,0.2692307692307692,0.0003843203332113128,8,42.15384615384615,Gimpo International Airport,South Korea,0.8077425303647031,289.7739077321599,0.49592575024038843,1.013726963505171,1163.0,1872.0,393.0
HIN,2,0.0,1.0,8.963250406888135e-05,2,23.0,Sacheon Air Base/Airport,South Korea,,0.0,0.41844877566419464,1.0231184843679433,3084.0,1623.0,
KPO,2,0.0,1.0,8.963250406888135e-05,2,23.0,Pohang Airport (G-815/K-3),South Korea,,0.0,0.41844877566419464,1.0231184843679433,3084.0,1623.0,
KUV,1,0.0,0.0,6.450386689742394e-05,1,33.0,Kunsan Air Base,South Korea,,0.0,0.42061927947944483,1.0108851454453058,3018.5,1956.5,
KWJ,2,0.0,1.0,8.963250406888135e-05,2,23.0,Gwangju Airport,South Korea,,0.0,0.41844877566419464,1.0231184843679433,3084.0,1623.0,
MWX,5,1.2496543009610979,0.7,0.00012691717809074505,5,96.8,Muan International Airport,South Korea,-1.0840180736393383,0.24993086019221958,0.45926104061053985,1.0222608907386723,2129.0,1645.0,1605.0
RSU,2,0.0,1.0,8.963250406888135e-05,2,23.0,Yeosu Airport,South Korea,,0.0,0.41844877566419464,1.0231184843679433,3084.0,1623.0,
TAE,4,0.0,1.0,0.00011363082808125441,4,131.75,Daegu Airport,South Korea,,0.0,0.46845370301050787,1.0224341622299191,1857.0,1643.0,
USN,2,0.0,1.0,8.963250406888135e-05,2,23.0,Ulsan Airport,South Korea,,0.0,0.41844877566419464,1.0231184843679433,3084.0,1623.0,
WJU,1,0.0,0.0,6.450386689742394e-05,1,33.0,Wonju/Hoengseong Air Base (K-38/K-46),South Korea,,0.0,0.42061927947944483,1.0108851454453058,3018.5,1956.5,
CKB,3,18.17442118961052,0.3333333333333333,0.00010196387312375091,2,59.666666666666664,North Central West Virginia Airport,United States,0.07623369816845454,6.05814039653684,0.4991227601890959,1.1120469239038768,1102.0,603.0,791.0
MGW,2,0.0,1.0,8.938058513590822e-05,2,65.0,Morgantown Municipal Walter L. Bill Hart Field,United States,,0.0,0.4147277312004943,1.0248581868705298,3216.0,1594.0,
RDV,2,0.0,1.0,0.00011308713940259954,2,3.5,,,,0.0,0.4939407630473903,1.2962071083613809,1220.0,214.0,
SLQ,4,5090.0,0.3333333333333333,0.00020921120789482383,2,4.0,Sleetmute Airport,United States,1.6514253467843039,1272.5,0.522697132756111,1.0090037517880013,728.0,2014.0,150.0
ENY,4,16.851798994203683,0.6666666666666666,0.00010843341416004942,4,105.5,Yan'an Ershilipu Airport,China,-0.13034315250337203,4.212949748550921,0.4700726736785125,1.0094946239015816,1816.0,2004.0,931.5
JHG,9,32.47477305146268,0.4722222222222222,0.00021883695903799082,6,45.77777777777778,Xishuangbanna Gasa Airport,China,-0.4415147525011236,3.6083081168291864,0.46406002998803586,1.1102964137950078,1988.0,611.0,1171.0
PZI,2,0.0,1.0,7.57002903153246e-05,2,98.5,Bao'anying Airport,China,,0.0,0.4384066101559275,0.9889715424482538,2570.0,2786.0,
TSA,19,4451.476231699547,0.3859649122807018,0.0004185408581518708,14,52.0,Taipei Songshan Airport,Taiwan,0.6184269991147637,234.28822272102877,0.49978162520174874,0.9804880543187944,1089.0,3027.0,487.0
XIC,3,0.0,1.0,9.295637664594025e-05,3,97.33333333333333,Xichang Qingshan Airport,China,,0.0,0.4459543940006343,0.9851319152789162,2422.0,2917.0,
ZAT,2,0.0,1.0,7.678160964920462e-05,2,92.0,Zhaotong Airport,China,,0.0,0.43483320842532525,1.0420674903099783,2637.0,1282.0,
CKH,1,0.0,0.0,7.21535964588898e-05,1,23.0,Chokurdakh Airport,Russia,,0.0,0.41928371596428277,0.9370554113126924,3050.0,3415.0,
CKX,1,0.0,0.0,0.0002947305057603342,1,1.0,,,,0.0,0.5968842445239431,1.7275687756553506,107.5,41.0,
TKJ,1,0.0,0.0,0.000294730505760109,1,1.0,Tok Junction Airport,United States,,0.0,0.5968842445239431,1.7275687756546636,107.5,44.0,
CKZ,1,0.0,0.0,6.574057847477773e-05,1,45.0,Çanakkale Airport,Turkey,,0.0,0.41359900918913056,0.9986453324107394,3249.0,2375.0,
CLD,1,0.0,0.0,6.327744317239707e-05,1,149.0,Mc Clellan-Palomar Airport,United States,,0.0,0.440583645361188,0.9991871166177421,2520.5,2353.5,
DUJ,2,0.0,1.0,0.00010734219133448632,2,29.0,DuBois Regional Airport,United States,,0.0,0.41038357742310766,1.0336017516654166,3371.5,1407.5,
ERI,3,0.0,1.0,9.450611368875778e-05,3,104.66666666666667,Erie International Tom Ridge Field,United States,,0.0,0.4473408604097713,0.9898887316930968,2399.0,2746.0,
FKL,2,0.0,1.0,0.00010734219133445475,2,29.0,Venango Regional Airport,United States,,0.0,0.41038357742310766,1.0336017516652387,3371.5,1409.5,
PKB,1,0.0,0.0,6.172176001734305e-05,1,56.0,Mid Ohio Valley Regional Airport,United States,,0.0,0.4218126988121385,0.9945305211600909,3003.0,2552.0,
CLL,2,0.0,1.0,8.100520772657473e-05,2,178.5,Easterwood Field,United States,,0.0,0.4700186788354273,1.1512921896622481,1818.5,466.5,
ESM,3,0.0,1.0,0.0001367885192948374,3,21.0,General Rivadeneira Airport,Ecuador,,0.0,0.43352972469039475,1.1825444538688754,2680.0,387.0,
GPI,1,0.0,0.0,7.560076931434989e-05,1,18.0,Juan Casiano Airport,Colombia,,0.0,0.4278940072458169,0.9891582419062206,2814.5,2781.5,
TCO,1,0.0,0.0,7.560076931434989e-05,1,18.0,La Florida Airport,Colombia,,0.0,0.4278940072458169,0.9891582419062206,2814.5,2781.5,
CLQ,2,0.0,1.0,8.771970654678812e-05,2,63.5,Licenciado Miguel de la Madrid Airport,Mexico,,0.0,0.41383388486279504,1.0409243778972532,3232.5,1299.5,
FLO,1,0.0,0.0,6.114544564072685e-05,1,141.0,Florence Regional Airport,United States,,0.0,0.4431546025351642,0.9928370664085618,2470.0,2627.0,
HHH,2,0.0,1.0,7.673998110125114e-05,2,116.0,Hilton Head Airport,United States,,0.0,0.44396092770331713,1.0154346537409988,2460.0,1818.0,
HTS,4,12.857510730951892,0.16666666666666666,0.00011961517464311601,4,61.25,Tri-State/Milton J. Ferguson Field,United States,-0.21475155203935586,3.214377682737973,0.5024650272016484,1.0717717659205648,1038.0,906.0,995.0
LUK,3,43.3301636505123,0.3333333333333333,0.00011704393198991065,2,72.66666666666667,Cincinnati Municipal Airport Lunken Field,United States,0.3473203352431706,14.4433878835041,0.49871332526404355,1.1169867532782674,1112.0,582.0,620.0
LYH,1,0.0,0.0,6.114544564072685e-05,1,141.0,Lynchburg Regional Preston Glenn Field,United States,,0.0,0.4431546025351642,0.9928370664085618,2470.0,2627.0,
PGV,1,0.0,0.0,6.114544564072685e-05,1,141.0,Pitt Greenville Airport,United States,,0.0,0.4431546025351642,0.9928370664085618,2470.0,2627.0,
SBY,2,0.0,1.0,7.701389836272141e-05,2,132.0,Salisbury Ocean City Wicomico Regional Airport,United States,,0.0,0.44756615437141223,0.9786804101924147,2391.0,3111.0,
CMA,2,3395.0000000000005,0.0,0.0002701093390712357,1,1.5,Cunnamulla Airport,Australia,1.9659971873737032,1697.5000000000002,0.5779790853302733,1.0457902634718166,182.0,1221.0,47.0
SGO,2,6788.000000000001,0.0,0.0002135167646659093,1,3.0,St George Airport,Australia,2.18217555175408,3394.0000000000005,0.5589829651306145,0.9703795980469684,291.0,3321.0,15.0
XTG,1,0.0,0.0,0.0001590060449694544,1,2.0,Thargomindah Airport,Australia,,0.0,0.5396950467643892,1.0291850009674879,503.0,1490.0,
GAN,3,19.217526744951524,0.6666666666666666,0.00012553462651474423,2,24.0,Gan International Airport,Maldives,0.09364632305119702,6.405842248317175,0.4722404503333094,1.1057550750171856,1769.0,631.0,780.0
HRI,6,41.51079042016641,0.6666666666666667,0.00010104589107536819,6,97.0,Mattala Rajapaksa International Airport,Sri Lanka,-0.10699224742518351,6.918465070027735,0.48724336896988246,1.065603152675916,1378.0,977.0,918.0
IXM,3,1.1071428571428572,0.6666666666666666,0.00010141103830147913,3,37.666666666666664,Madurai Airport,India,-0.7968485895239914,0.36904761904761907,0.45818113821926987,1.0053479814072088,2164.0,2137.0,1417.0
KCT,2,3395.0,0.0,0.00015830772313230992,1,21.0,Koggala Airport,Sri Lanka,1.9659971873737032,1697.5,0.5346062361353776,1.0393322258758666,563.0,1325.0,47.0
TRZ,4,0.0,1.0,0.00012049117865364875,4,79.5,Tiruchirapally Civil Airport Airport,India,,0.0,0.45243157502238535,1.0078043925647084,2297.0,2048.0,
CME,2,0.0,1.0,8.488201759650455e-05,2,132.0,Ciudad del Carmen International Airport,Mexico,,0.0,0.4412943107473626,0.9752933567990898,2509.0,3213.0,
RNO,14,4.343282969923571,0.901098901098901,0.0003012046783924029,14,105.78571428571429,Reno Tahoe International Airport,United States,-1.350292041897984,0.31023449785168367,0.5424673649682547,1.045539362244971,471.0,1230.0,1698.0
CMI,2,0.0,1.0,8.095966954580001e-05,2,197.0,University of Illinois Willard Airport,United States,,0.0,0.47939361620356574,1.3207320590685978,1581.0,185.0,
GLN,3,9.380056161346532,0.6666666666666666,7.383193769955359e-05,2,59.333333333333336,,,-0.13014026115677726,3.126685387115511,0.49150782046065244,1.1638739407817242,1276.0,438.0,930.0
OUZ,3,36.60716392296327,0.6666666666666666,0.0001132622708224987,3,35.0,Tazadit Airport,Mauritania,0.29471352408037765,12.20238797432109,0.46951281720250887,1.0304427288817386,1832.0,1473.0,658.0
OZZ,2,0.0,1.0,7.684933550931886e-05,2,108.0,Ouarzazate Airport,Morocco,,0.0,0.43848128409867404,0.9800635930070457,2556.0,3040.0,
TTU,2,0.0,1.0,6.0747267397959155e-05,2,47.5,Saniat R'mel Airport,Morocco,,0.0,0.4584684518942737,1.452846733177747,2157.0,85.0,
CMU,1,0.0,0.0,8.434037709710888e-05,1,35.0,Chimbu Airport,Papua New Guinea,,0.0,0.4268869642168637,1.0271717202664248,2839.5,1538.5,
CMW,3,5.350744504041598,0.6666666666666666,0.00010021089913754642,3,92.0,Ignacio Agramonte International Airport,Cuba,-0.3052882446827249,1.7835815013471994,0.47300449613950285,0.9947957455354378,1748.0,2548.0,1060.0
CMX,1,0.0,0.0,6.191628392609612e-05,1,206.0,Houghton County Memorial Airport,United States,,0.0,0.47326570445639776,0.9857401378106572,1731.5,2891.5,
CND,1,0.0,0.0,6.073298746757129e-05,1,236.0,Mihail Kogălniceanu International Airport,Romania,,0.0,0.49085839429995864,1.378369398445187,1292.0,140.0,
CPV,3,0.0,1.0,9.845822528729655e-05,3,23.333333333333332,Presidente João Suassuna Airport,Brazil,,0.0,0.4426479432974458,1.4632381109639117,2480.0,81.0,
IPN,3,2.952197802197802,0.6666666666666666,0.00013166379989718982,3,46.333333333333336,Usiminas Airport,Brazil,-0.4908373876585403,0.984065934065934,0.4475187853923725,0.989159899255858,2395.0,2780.0,1210.0
IZA,2,0.0,1.0,0.00010029394478998993,2,43.0,Zona da Mata Regional Airport,Brazil,,0.0,0.40870297955419815,0.9985064084194895,3412.0,2385.0,
MOC,2,2.952197802197802,0.0,0.00011033838417158079,2,23.5,Mário Ribeiro Airport,Brazil,-0.2329106705539038,1.476098901098901,0.4946299661929243,1.3102653709237424,1198.0,198.0,1013.0
UBA,4,20.591436839470088,0.8333333333333334,0.00015029858578174203,4,46.75,Mário de Almeida Franco Airport,Brazil,-0.06781035467298754,5.147859209867522,0.4676041988002603,0.9992984910490474,1884.0,2347.0,895.0
VDC,4,10.840293040293037,0.6666666666666666,0.00015945535396063286,4,42.25,Vitória da Conquista Airport,Brazil,-0.2679989391479647,2.7100732600732593,0.44937145979159265,0.9772848504266977,2356.0,3169.0,1040.0
CNP,2,3395.0,0.0,0.00025082328429225224,1,3.0,Neerlerit Inaat Airport,Greenland,1.9659971873737032,1697.5,0.5529054982544288,0.9935715277286441,347.0,2595.0,47.0
OBY,1,0.0,0.0,0.00015080947168839888,1,2.0,Ittoqqortoormiit Heliport,Greenland,,0.0,0.5330595726388186,1.0179589474910098,583.0,1758.0,
EDR,2,0.0,1.0,0.00014181041481971826,2,16.0,Pormpuraaw Airport,Australia,,0.0,0.4171960249685748,0.9902877471230239,3135.5,2723.0,
GOV,3,0.0,1.0,0.00016144099171941302,3,17.666666666666668,Gove Airport,Australia,,0.0,0.4379824282073244,0.9903299081884407,2580.5,2719.5,
GTE,3,0.0,1.0,0.00016144099171937914,3,17.666666666666668,Groote Eylandt Airport,Australia,,0.0,0.4379824282073244,0.9903299081884407,2580.5,2719.5,
GUM,19,11259.842120472369,0.43859649122807015,0.0005128660544345029,11,46.78947368421053,Antonio B. Won Pat International Airport,Guam,0.9079763217519085,592.6232694985457,0.5146456637629817,0.9779483546966309,857.0,3139.0,353.0
HID,1,0.0,0.0,8.154098852135022e-05,1,30.0,Horn Island Airport,Australia,,0.0,0.42403329949583735,1.0879269792154374,2932.0,768.0,
IRG,3,0.0,1.0,0.00021301142052532253,3,12.0,Lockhart River Airport,Australia,,0.0,0.4588306222053995,1.0073234051773277,2147.0,2068.0,
KWM,2,0.0,1.0,0.00014181041481968956,2,16.0,Kowanyama Airport,Australia,,0.0,0.4171960249685748,0.9902877471229099,3135.5,2724.0,
NTN,2,3531.9873341273833,0.0,0.00015469978590891358,2,16.5,Normanton Airport,Australia,1.978339428459034,1765.9936670636916,0.5208153276222313,1.0303784735474764,762.0,1474.0,32.0
WEI,1,0.0,0.0,8.154098852135022e-05,1,30.0,Weipa Airport,Australia,,0.0,0.42403329949583735,1.0879269792154374,2932.0,768.0,
HGN,1,0.0,0.0,6.617996497263979e-05,1,26.0,Mae Hong Son Airport,Thailand,,0.0,0.4216438027238834,1.0099993814627923,3005.5,1983.5,
NNT,2,0.0,1.0,9.46746361840932e-05,2,37.0,Nan Airport,Thailand,,0.0,0.4104564602545657,1.0039399916570568,3365.5,2180.5,
PHS,2,0.0,1.0,9.46746361840932e-05,2,37.0,Phitsanulok Airport,Thailand,,0.0,0.4104564602545657,1.0039399916570568,3365.5,2180.5,
PYY,1,0.0,0.0,6.617996497263979e-05,1,26.0,Mae Hong Son Airport,Thailand,,0.0,0.4216438027238834,1.0099993814627923,3005.5,1983.5,
CNY,1,0.0,0.0,6.460594678824188e-05,1,92.0,Canyonlands Field,United States,,0.0,0.4222619411961352,1.038752932755194,2977.0,1334.0,
COD,2,0.0,1.0,8.603668714877558e-05,2,131.0,Yellowstone Regional Airport,United States,,0.0,0.4417548067907108,0.9899755768131436,2503.0,2741.0,
COQ,3,11.565967365967365,0.0,0.00012247496926157844,3,11.333333333333334,Choibalsan Airport,Mongolia,-0.06477960371597287,3.855322455322455,0.5207062521713626,1.113198544663074,764.0,598.0,892.0
NZH,10,627.5809234213128,0.4444444444444444,0.0002502765189975235,8,47.6,Manzhouli Xijiao Airport,China,0.41545807619061415,62.758092342131285,0.4692345414663373,0.9710431977549673,1842.0,3304.0,585.0
COU,2,0.0,1.0,8.095966954580001e-05,2,197.0,Columbia Regional Airport,United States,,0.0,0.47939361620356574,1.3207320590685978,1581.0,185.0,
CPE,1,0.0,0.0,6.712977135387526e-05,1,95.0,Ingeniero Alberto Acuña Ongay International Airport,Mexico,,0.0,0.42468319710351954,1.0289689935931792,2905.0,1503.0,
GZP,6,39.58009267273832,0.6,0.00014497750504864493,6,115.83333333333333,Gazipaşa Airport,Turkey,-0.1218524839812834,6.5966821121230526,0.46812574869314966,1.006353017633278,1869.0,2104.0,926.0
KRP,1,0.0,0.0,5.769153820350543e-05,1,122.0,Karup Airport,Denmark,,0.0,0.4589552788659482,1.0772626354407993,2138.0,854.0,
PLQ,3,0.0,1.0,8.566020244195249e-05,3,98.33333333333333,Palanga International Airport,Lithuania,,0.0,0.45212761744909347,1.0507304367722141,2303.0,1157.0,
RNN,1,0.0,0.0,5.769153820350543e-05,1,122.0,Bornholm Airport,Denmark,,0.0,0.4589552788659482,1.0772626354407993,2138.0,854.0,
SFJ,8,112147.08975141359,0.25,0.0005176981877810598,3,19.25,Kangerlussuaq Airport,Greenland,2.175404460700474,14018.386218926698,0.5587265251500442,1.0967343530358062,295.0,699.0,20.0
SGD,1,0.0,0.0,5.769153820350543e-05,1,122.0,Sønderborg Airport,Denmark,,0.0,0.4589552788659482,1.0772626354407993,2138.0,854.0,
CPR,3,0.0,1.0,0.00010337161606890281,3,131.66666666666666,Casper-Natrona County International Airport,United States,,0.0,0.45125049450205984,1.0120597931848883,2326.0,1933.0,
ELS,4,0.0,1.0,0.0001632469110371344,4,30.75,Ben Schoeman Airport,South Africa,,0.0,0.45909265477598393,1.061388743832577,2132.5,1023.0,
GRJ,3,0.0,1.0,0.0001285569424417514,3,39.666666666666664,George Airport,South Africa,,0.0,0.4246969914064952,0.9929914554955446,2898.5,2621.5,
HDS,2,0.0,1.0,9.91411792039833e-05,2,53.0,Hoedspruit Air Force Base Airport,South Africa,,0.0,0.4093333878784291,0.9771504999564863,3396.0,3172.0,
HLA,2,0.0,1.0,0.00010090924896914698,2,18.0,Lanseria Airport,South Africa,,0.0,0.4131180256849775,1.0314136384309742,3288.0,1447.0,
KIM,2,0.0,1.0,9.91411792039833e-05,2,53.0,Kimberley Airport,South Africa,,0.0,0.4093333878784291,0.9771504999564863,3396.0,3172.0,
MQP,4,1.0833333333333333,0.6666666666666666,0.00016197824210535078,4,31.0,Kruger Mpumalanga International Airport,South Africa,-0.9866336457169945,0.2708333333333333,0.45079597150869943,0.9847554891130078,2333.0,2921.0,1536.0
PBZ,2,0.0,1.0,7.149348573137888e-05,2,53.0,Plettenberg Bay Airport,South Africa,,0.0,0.4374923474487699,1.3388773376430327,2604.0,164.0,
PLZ,4,0.0,1.0,0.0001632469110370965,4,30.75,Port Elizabeth Airport,South Africa,,0.0,0.45909265477598393,1.0613887438324991,2132.5,1024.0,
UTN,2,0.0,1.0,9.91411792039833e-05,2,53.0,Pierre Van Ryneveld Airport,South Africa,,0.0,0.4093333878784291,0.9771504999564863,3396.0,3172.0,
WVB,3,0.0,1.0,0.0001323918043020284,3,39.666666666666664,Walvis Bay Airport,Namibia,,0.0,0.4260831850501706,0.9804877902683359,2851.0,3028.0,
CPX,1,0.0,0.0,6.284038735030018e-05,1,49.0,Benjamin Rivera Noriega Airport,Puerto Rico,,0.0,0.4194505540798264,1.0356003538175584,3042.5,1380.5,
FNI,4,1.234500034302992,0.16666666666666666,9.415256269044523e-05,4,58.0,Nîmes-Arles-Camargue Airport,France,-0.9458775849174882,0.308625008575748,0.5142264271482331,1.0938565458754197,863.0,720.0,1509.0
LRH,8,36.50212515657036,0.35714285714285715,0.00015496666855296321,7,81.125,La Rochelle-Île de Ré Airport,France,-0.3301135879806962,4.562765644571295,0.48542012527204426,1.1288469831138537,1427.0,540.0,1081.0
PGF,5,3.013686849474232,0.4,0.00010877868298645676,5,111.8,Perpignan-Rivesaltes (Llabanère) Airport,France,-0.8093547155739201,0.6027373698948464,0.4921059202337489,1.078152511237294,1260.0,845.0,1428.0
RDZ,4,2.7026383528210305,0.3333333333333333,9.649772079012792e-05,4,125.75,Rodez-Marcillac Airport,France,-0.7013966626311482,0.6756595882052576,0.5061528959629324,1.1501426101771992,986.0,472.0,1347.0
VOL,5,13.840550411684141,0.3,9.487106506529214e-05,5,105.6,Nea Anchialos Airport,Greece,-0.3337115081156465,2.768110082336828,0.5088279301062715,1.087026215192984,942.0,775.0,1085.0
CRM,1,0.0,0.0,7.158033176028465e-05,1,78.0,Catarman National Airport,Philippines,,0.0,0.4222609730393567,1.0028106319994476,2987.0,2221.0,
CRP,4,0.6295963095003412,0.6666666666666666,9.603314963613746e-05,4,103.5,Corpus Christi International Airport,United States,-1.1559685673723823,0.1573990773750853,0.47272831279282185,1.0062471391071008,1762.0,2107.0,1634.0
CSK,2,0.0,1.0,7.068988887274269e-05,2,17.0,Cap Skirring Airport,Senegal,,0.0,0.45140706644295103,1.0603114527902453,2318.0,1034.0,
LLF,3,0.0,1.0,9.086574312766005e-05,3,83.66666666666667,Lingling Airport,China,,0.0,0.44556242989995815,0.9895801471975821,2434.0,2761.0,
CSY,2,0.0,1.0,7.963356362331028e-05,2,151.5,Cheboksary Airport,Russia,,0.0,0.45542563194055347,0.9798258735116682,2244.5,3049.5,
LMP,3,0.0,1.0,8.121227268583089e-05,3,54.0,Lampedusa Airport,Italy,,0.0,0.4470817139563879,1.5226319871841776,2402.0,60.0,
ULP,2,4765.5913878533265,0.0,0.0002000663358534796,2,3.0,Quilpie Airport,Australia,2.0718060562363596,2382.7956939266633,0.5401649689085678,0.9703855383236754,497.0,3320.0,27.0
CTM,1,0.0,0.0,6.712977135387526e-05,1,95.0,Chetumal International Airport,Mexico,,0.0,0.42468319710351954,1.0289689935931792,2905.0,1503.0,
FKS,2,0.0,1.0,8.91344673057665e-05,2,29.5,Fukushima Airport,Japan,,0.0,0.41473127952574534,1.0239629808623627,3214.0,1609.0,
FSZ,7,0.3664621038762915,0.9047619047619048,0.00017275865204649114,7,72.57142857142857,,,-1.680810319742186,0.0523517291251845,0.4870067121179406,1.0607646297780908,1383.0,1030.0,1772.0
HIJ,9,9.881806426907671,0.8055555555555556,0.00021423038971714355,9,79.0,Hiroshima Airport,Japan,-0.8127367955230185,1.0979784918786302,0.4737791058240403,0.9986814254953781,1717.0,2373.0,1433.0
HKD,6,2.2474876351290454,0.7333333333333333,0.00016787137742641656,6,56.0,Hakodate Airport,Japan,-1.0168632333156622,0.3745812725215076,0.4594701232304921,1.021964292133498,2124.0,1648.0,1552.0
HNA,4,49.72675392568565,0.5,0.00013942971321472767,4,25.5,Hanamaki Airport,Japan,0.2072806322535401,12.431688481421412,0.4728442712476714,1.0505579808624304,1753.0,1159.0,719.0
IBR,5,24.81419800439214,0.7,0.0001432496700655729,5,55.8,Hyakuri Airport,Japan,-0.1515547255542078,4.962839600878428,0.45527540232068375,0.9794669585849911,2251.0,3071.0,945.0
KIJ,10,1839.6070021404955,0.6000000000000001,0.00024514079337343815,8,62.6,Niigata Airport,Japan,0.751006649183195,183.96070021404955,0.46943545003384046,0.9890474592319038,1835.0,2785.0,419.0
KMQ,9,4.365064603997606,0.9166666666666666,0.00021806305688361737,9,76.55555555555556,Komatsu Airport,Japan,-1.0676701019685333,0.4850071782219562,0.4952682133848427,0.9999739275580751,1182.0,2321.0,1600.0
KUH,3,0.0,1.0,0.00010759181184847025,3,71.33333333333333,Kushiro Airport,Japan,,0.0,0.4314625716441204,0.9727208591708328,2722.0,3262.0,
MMB,3,0.0,1.0,0.00011056794040800304,3,51.333333333333336,Memanbetsu Airport,Japan,,0.0,0.42790130427111356,0.9819639803139216,2813.0,2995.0,
MMJ,2,0.0,1.0,8.39446933173972e-05,2,37.0,Matsumoto Airport,Japan,,0.0,0.41663626329250436,1.0622393878088052,3148.0,1016.0,
OKA,32,4430.146755813244,0.34274193548387094,0.0007414919032174396,14,41.6875,Naha Airport,Japan,0.2853180890587841,138.4420861191639,0.5299719705267735,1.0333718395494076,631.0,1416.0,667.0
OKJ,8,18.13030543185004,0.7142857142857143,0.00019937991364584143,8,73.75,Okayama Airport,Japan,-0.5484551396680145,2.266288178981255,0.46110979729540574,0.962400716547913,2082.0,3379.0,1255.0
SDJ,15,220.45446197118872,0.6666666666666667,0.00034080587209770814,11,54.6,Sendai Airport,Japan,-0.16888987972811154,14.696964131412582,0.4921197947313983,1.0320548695683343,1259.0,1438.0,966.0
SHB,2,0.0,1.0,9.164473696918447e-05,2,55.5,Nakashibetsu Airport,Japan,,0.0,0.4110843782808793,0.9952298528566637,3349.5,2525.5,
TOY,6,7.127404903749306,0.8,0.00015620023445821725,6,93.33333333333333,Toyama Airport,Japan,-0.6567594370250113,1.187900817291551,0.45973590813168347,0.988384700769767,2117.0,2814.0,1322.0
UKB,8,10.490342479251186,0.4642857142857143,0.00022701209975587312,6,24.0,Kobe Airport,Japan,-0.7191662373643912,1.3112928099063983,0.48782078718174404,1.11710097584386,1362.0,580.0,1357.0
WKJ,2,0.0,1.0,9.164473696918447e-05,2,55.5,Wakkanai Airport,Japan,,0.0,0.4110843782808793,0.9952298528566637,3349.5,2525.5,
YGJ,6,68.55060659682195,0.8,0.00017016641955303557,6,64.66666666666667,Miho Yonago Airport,Japan,0.04951888490938134,11.425101099470325,0.46472065836350634,0.993777480079658,1974.0,2588.0,815.0
DCY,1,0.0,0.0,6.038434286097716e-05,1,108.0,Daocheng Yading Airport,China,,0.0,0.4344476832193529,1.0281731750869145,2644.5,1521.5,
DLU,4,0.3712475633528265,0.8333333333333334,0.0001131327610149633,4,65.0,Dali Airport,China,-1.3207763679387863,0.09281189083820662,0.4571166615188251,1.146868477009561,2192.0,480.0,1691.0
KGT,1,0.0,0.0,6.038434286097716e-05,1,108.0,Kangding Airport,China,,0.0,0.4344476832193529,1.0281731750869145,2644.5,1521.5,
KHG,4,396.73849922335927,0.5,0.00013556840144869715,3,62.75,Kashgar Airport,China,0.8552467763309834,99.18462480583982,0.47989749977918733,1.109260740698249,1561.0,614.0,372.0
LZY,2,0.0,1.0,8.22262027496463e-05,2,61.5,Nyingchi Airport,China,,0.0,0.41874768030848375,1.0946350526795856,3075.5,712.5,
TCZ,4,0.0,1.0,0.00011315329409736893,4,60.0,Tengchong Tuofeng Airport,China,,0.0,0.45169497428589395,0.9969835576018621,2314.0,2453.0,
YIN,2,0.0,1.0,7.97784043742104e-05,2,81.5,Yining Airport,China,,0.0,0.4301173782969846,1.0598589508240497,2767.5,1039.5,
CUE,2,0.0,1.0,0.00010539732584472903,2,22.5,Mariscal Lamar Airport,Ecuador,,0.0,0.41123858242773953,1.0225736452588816,3342.5,1638.5,
CUL,7,0.9051629049334297,0.8571428571428572,0.00018861848976429532,6,34.42857142857143,Bachigualato Federal International Airport,Mexico,-1.3986828298040896,0.12930898641906138,0.48125699601763905,1.08700293254236,1524.0,776.0,1724.0
LAP,6,0.2,0.9333333333333333,0.00016960004322346526,6,36.0,Manuel Márquez de León International Airport,Mexico,-1.7716986954145726,0.03333333333333333,0.48585877693593565,1.2176407222884313,1415.0,308.0,1781.0
OAX,5,1.807824625927075,0.9,0.00014108281500917766,5,81.8,Xoxocotlán International Airport,Mexico,-0.9688053405224385,0.361564925185415,0.4645887281451375,1.0344569475920933,1979.0,1396.0,1524.0
PBC,6,5.0567117570616436,0.8666666666666666,0.00015562110490355914,6,90.5,Hermanos Serdán International Airport,Mexico,-0.7638515798968576,0.8427852928436073,0.4698921430263605,0.998452338652817,1823.0,2388.0,1390.0
QRO,5,5.0567117570616436,0.8,0.00013720600513924785,5,100.4,Querétaro Intercontinental Airport,Mexico,-0.6478721783136112,1.0113423514123288,0.45975296971141466,1.0121546787341236,2115.0,1930.0,1316.0
REX,5,12.43351009938158,0.7,0.00015749582701863512,4,45.8,General Lucio Blanco International Airport,Mexico,-0.3671615300709093,2.486702019876316,0.4494587299249447,0.9739403375180339,2351.0,3246.0,1105.0
SLP,6,7.216863274448439,0.7333333333333333,0.00016592627919517232,5,95.0,Ponciano Arriaga International Airport,Mexico,-0.652867645227512,1.2028105457414064,0.45601237535547295,0.9833471126141384,2226.0,2967.0,1319.0
TAM,5,0.0,1.0,0.00014253962026958264,5,77.2,General Francisco Javier Mina International Airport,Mexico,,0.0,0.4665206465383318,1.0400168379911938,1913.0,1316.0,
TGZ,5,0.0,1.0,0.00014174566853085966,5,56.2,Angel Albino Corzo International Airport,Mexico,,0.0,0.46575232221429025,1.1680988205155427,1942.0,425.0,
TRC,6,0.0,1.0,0.00016008962739846096,6,97.33333333333333,Francisco Sarabia International Airport,Mexico,,0.0,0.4849559894160935,1.0116234011784888,1441.0,1940.0,
VER,9,19.755179015715918,0.7222222222222222,0.00023343607538854855,7,52.0,General Heriberto Jara International Airport,Mexico,-0.5965996892854751,2.195019890635102,0.4649872286628459,0.9936947871133925,1963.0,2591.0,1285.0
VSA,8,54.46839832893488,0.75,0.00021583185483395917,7,54.75,Carlos Rovirosa Pérez International Airport,Mexico,-0.20523069638531358,6.80854979111686,0.46104404056538223,0.9826103556558998,2084.0,2976.0,986.0
YEG,38,37224.42612856083,0.3186344238975818,0.0010079077805360075,18,64.13157894736842,Edmonton International Airport,Canada,0.8401275487290178,979.5901612779165,0.5426781877198505,1.0046794079714347,466.0,2160.0,380.0
PEM,2,0.0,1.0,0.00011730422190768129,2,31.0,Padre Aldamiz International Airport,Peru,,0.0,0.41123297717234264,1.0489219159361802,3345.5,1190.0,
MMU,2,0.835530669104523,0.0,9.307924659515435e-05,2,25.0,Morristown Municipal Airport,United States,-0.6267441941768642,0.4177653345522615,0.4916505037971739,1.9667233438002378,1268.0,35.0,1301.0
CVM,1,0.0,0.0,6.712977135387526e-05,1,95.0,General Pedro Jose Mendez International Airport,Mexico,,0.0,0.42468319710351954,1.0289689935931792,2905.0,1503.0,
CVU,2,0.0,1.0,0.00011973302971565107,2,4.5,Corvo Airport,Portugal,,0.0,0.4801686678591908,1.1848976858468407,1552.0,376.0,
FLW,4,392.72901353145,0.6666666666666666,0.00018885699625724133,3,8.0,Flores Airport,Portugal,0.8520775042948284,98.1822533828625,0.49772107166840857,1.0477388297516692,1131.0,1202.0,375.0
HOR,5,3120.13110999088,0.6,0.00020818436556936838,3,26.8,Horta Airport,Portugal,1.3567784520676676,624.026221998176,0.48438315073501215,1.0225168495828136,1455.0,1640.0,220.0
CWA,3,0.0,1.0,9.771474210845198e-05,3,157.33333333333334,Central Wisconsin Airport,United States,,0.0,0.4663480735175327,1.0134774737427865,1920.5,1879.5,
GPB,1,0.0,0.0,7.374282328998016e-05,1,24.0,Tancredo Thomas de Faria Airport,Brazil,,0.0,0.41984910925157565,0.9819216482497719,3033.0,2996.0,
XAP,4,0.0,1.0,0.00016279348923703998,4,29.0,Serafin Enoss Bertaso Airport,Brazil,,0.0,0.45964473459679683,1.0540030120121777,2119.0,1110.0,
VLY,1,0.0,0.0,5.79010355409543e-05,1,21.0,Anglesey Airport,United Kingdom,,0.0,0.4590563522098135,1.2519223378478246,2134.0,265.0,
CXB,1,0.0,0.0,6.857319122104095e-05,1,34.0,Cox's Bazar Airport,Bangladesh,,0.0,0.41546497216630324,0.9952799694117832,3195.0,2519.0,
CXH,1,0.0,0.0,0.0001437022196288751,1,2.0,Vancouver Harbour Water Aerodrome,Canada,,0.0,0.5286840886229898,1.0141101212324075,646.0,1857.0,
YWH,2,3395.000000000001,0.0,0.0002341003382699733,1,2.0,Victoria Harbour Seaplane Base,Canada,1.9659971873737032,1697.5000000000005,0.5669299627684807,1.0144704182450295,240.0,1842.0,47.0
CXI,2,0.0,1.0,0.00010238227421510258,2,38.0,Cassidy International Airport,Kiribati,,0.0,0.40829138222884487,0.9756740810121087,3419.0,3205.0,
CXR,4,15.527414872498984,0.8333333333333334,0.00012585444626070325,4,77.5,Cam Ranh Airport,Vietnam,-0.15588141882993894,3.881853718124746,0.47157935296733644,1.0297618450592485,1788.0,1481.0,950.0
CYB,3,186.23531569550292,0.6666666666666666,0.0001362649879185064,2,53.0,Gerrard Smith International Airport,Cayman Islands,0.8022844680093612,62.07843856516764,0.48453747611128484,1.0853178554531986,1452.0,786.0,394.0
LYB,2,0.0,1.0,0.00012401015295020938,2,11.0,Edward Bodden Airfield,Cayman Islands,,0.0,0.4234735474304798,0.9918092872411165,2942.0,2675.0,
CYO,4,7.850444964374104,0.5,8.268393686208951e-05,4,62.25,Vilo Acuña International Airport,Cuba,-0.36868517405330914,1.962611241093526,0.4851613132661175,1.0859284505395366,1434.0,781.0,1107.0
SCU,7,37.596603066071715,0.6190476190476191,0.0001362595543707685,6,86.71428571428571,Antonio Maceo International Airport,Cuba,-0.2359530156892213,5.370943295153102,0.4689377772028236,0.992997344190315,1853.0,2620.0,1016.0
CYP,1,0.0,0.0,7.158033176028465e-05,1,78.0,Calbayog Airport,Philippines,,0.0,0.4222609730393567,1.0028106319994476,2987.0,2221.0,
CYS,2,3394.9999999999995,0.0,0.00016159445120836745,1,85.5,Cheyenne Regional Jerry Olson Field,United States,1.9659971873737032,1697.4999999999998,0.5581872860831673,1.2025189390246855,299.0,332.0,47.0
WRL,1,0.0,0.0,0.00011288721762775554,1,2.0,Worland Municipal Airport,United States,,0.0,0.5222968518407317,0.9952599024293699,735.0,2524.0,
CYX,1,0.0,0.0,7.21535964588898e-05,1,23.0,Cherskiy Airport,Russia,,0.0,0.41928371596428277,0.9370554113126924,3050.0,3415.0,
CYZ,1,0.0,0.0,7.158033176028465e-05,1,78.0,Cauayan Airport,Philippines,,0.0,0.4222609730393567,1.0028106319994476,2987.0,2221.0,
CZH,2,0.0,1.0,0.00015259963718892056,2,4.5,,,,0.0,0.47971460868762605,1.1004923596135052,1565.5,665.0,
ORZ,2,0.0,1.0,0.00015259963718888342,2,4.5,,,,0.0,0.47971460868762605,1.1004923596135936,1565.5,664.0,
CZS,1,0.0,0.0,0.0001013381320060403,1,3.0,Cruzeiro do Sul Airport,Brazil,,0.0,0.49578983124534043,0.9949430613752264,1166.0,2544.0,
JSR,1,0.0,0.0,6.857319122104095e-05,1,34.0,Jessore Airport,Bangladesh,,0.0,0.41546497216630324,0.9952799694117832,3195.0,2519.0,
SPD,2,0.0,1.0,6.857319122104095e-05,2,18.0,Saidpur Airport,Bangladesh,,0.0,0.4534142945879007,1.087608111147316,2276.0,772.0,
DLI,3,0.0,1.0,0.0001072597688450366,3,40.0,Lien Khuong Airport,Vietnam,,0.0,0.42980707057381706,0.9982107905373941,2776.5,2404.5,
HPH,2,0.0,1.0,8.618629978032261e-05,2,37.0,Cat Bi International Airport,Vietnam,,0.0,0.4149620550911249,1.0397392200040356,3212.0,1320.0,
PXU,3,0.0,1.0,0.0001072597688450366,3,40.0,Pleiku Airport,Vietnam,,0.0,0.42980707057381706,0.9982107905373941,2776.5,2404.5,
ELD,3,6.0871395245308495,0.3333333333333333,0.00012616906851618237,2,19.333333333333332,South Arkansas Regional At Goodwin Field,United States,-0.26505661057635244,2.02904650817695,0.4870819906784808,1.243347860837891,1382.0,272.0,1037.0
MAF,7,35.56417912818491,0.6666666666666666,0.00017200126798910123,7,105.71428571428571,Midland International Airport,United States,-0.25329301594468406,5.0805970183121305,0.45848734674591946,0.9806444167218181,2155.0,3017.0,1028.0
DZA,10,1166.2980825658797,0.4,0.00033030949192533384,7,35.0,Dzaoudzi Pamandzi International Airport,Mayotte,0.6088173663106855,116.62980825658796,0.48477762217756887,1.014098251595843,1446.0,1859.0,494.0
HAH,7,36.762564847809514,0.4285714285714286,0.0002144710400622959,7,22.142857142857142,Prince Said Ibrahim International Airport,Comoros,-0.24295258025022484,5.251794978258502,0.4882857735260907,1.0764963320492846,1352.0,864.0,1022.0
MBI,1,0.0,0.0,6.832460384213808e-05,1,22.0,Songwe Airport,Tanzania,,0.0,0.4238689767304852,0.981222522314929,2938.5,3007.5,
MYW,1,0.0,0.0,6.832460384213808e-05,1,22.0,Mtwara Airport,Tanzania,,0.0,0.4238689767304852,0.981222522314929,2938.5,3007.5,
DAU,3,0.3333333333333333,0.6666666666666666,0.00016890467513407443,3,16.0,Daru Airport,Papua New Guinea,-1.1713863038066616,0.1111111111111111,0.4519896090263076,0.9964637649097443,2305.0,2468.0,1640.5
LAE,9,10.166666666666666,0.3888888888888889,0.0004876638642523218,4,8.666666666666666,Nadzab Airport,Papua New Guinea,-0.8038697050141588,1.1296296296296295,0.548009323442551,1.2364498592636486,407.0,287.0,1424.0
UNG,4,0.8333333333333333,0.6666666666666666,0.0001812101425980036,3,12.5,Kiunga Airport,Papua New Guinea,-1.0684944609624252,0.20833333333333331,0.463277173381276,0.9914742656442622,2019.0,2683.0,1601.0
DAV,2,23660.0,0.0,0.0001566925966097802,2,26.5,Enrique Malek International Airport,Panama,2.5717630206573414,11830.0,0.5510749395624286,1.080451854553428,370.0,833.0,2.0
DBA,2,0.0,1.0,6.642434083530409e-05,2,21.5,Dalbandin Airport,Pakistan,,0.0,0.4559509894583926,1.2036110352113853,2228.0,329.0,
DBQ,1,0.0,0.0,6.191628392609612e-05,1,206.0,Dubuque Regional Airport,United States,,0.0,0.47326570445639776,0.9857401378106572,1731.5,2891.5,
OSI,4,2.270194765992452,0.6666666666666666,9.604431835756246e-05,4,65.0,Osijek Airport,Croatia,-0.7557999706260059,0.567548691498113,0.465302028264665,1.0026967805460834,1955.0,2228.0,1386.0
DCN,1,0.0,0.0,7.707791394739196e-05,1,38.0,RAAF Base Curtin,Australia,,0.0,0.41840789834752773,0.9981954031522774,3089.0,2408.0,
DDC,2,0.0,1.0,0.0001141570716952404,2,86.0,Dodge City Regional Airport,United States,,0.0,0.4280295323061059,1.3780322984928939,2805.5,143.0,
LBL,2,0.0,1.0,0.0001141570716952122,2,86.0,Liberal Mid-America Regional Airport,United States,,0.0,0.4280295323061059,1.3780322984922861,2805.5,144.0,
DDG,3,0.0,1.0,9.147779327125668e-05,3,138.33333333333334,Dandong Airport,China,,0.0,0.46178598907007123,1.020014150011427,2068.0,1717.0,
DEA,3,0.0,1.0,0.00010164733139824038,3,50.333333333333336,Dera Ghazi Khan Airport,Pakistan,,0.0,0.4309679037662259,1.0010305541194289,2735.0,2275.0,
DEB,2,0.04816356273557361,0.0,6.772473539747152e-05,2,74.0,Debrecen International Airport,Hungary,-1.5170594688922516,0.024081781367786805,0.4895663740315259,7.862307205953498,1323.0,1.0,1744.0
DEC,2,0.0,1.0,8.117898771765376e-05,2,133.5,Decatur Airport,United States,,0.0,0.44358027645267184,0.9759950141212175,2463.5,3198.5,
DED,2,0.0,1.0,8.797246172375063e-05,2,53.5,Dehradun Airport,India,,0.0,0.41092718479510393,0.9797084736752456,3352.0,3053.0,
DEE,1,0.0,0.0,7.414083519597062e-05,1,12.0,Mendeleyevo Airport,Russia,,0.0,0.4429481460316119,1.0823952916474808,2477.0,811.0,
DEF,1,0.0,0.0,8.213757479852197e-05,1,38.0,Dezful Airport,Iran,,0.0,0.4251059816896232,1.0205693747739042,2888.0,1687.0,
DHM,1,0.0,0.0,6.465460266032211e-05,1,98.0,Kangra Airport,India,,0.0,0.42312574809344844,0.998576780478515,2949.0,2379.0,
GOP,1,0.0,0.0,6.465460266032211e-05,1,98.0,Gorakhpur Airport,India,,0.0,0.42312574809344844,0.998576780478515,2949.0,2379.0,
HEA,4,17.86799970824295,0.5,0.00012444807860809376,4,47.75,Herat Airport,Afghanistan,-0.11207360730629069,4.466999927060738,0.4631326262163907,1.0201366230775541,2035.0,1708.0,922.0
IXL,3,0.0,1.0,0.00012680545773422424,3,36.0,Leh Kushok Bakula Rimpochee Airport,India,,0.0,0.42687782705566485,0.9776300736213283,2842.0,3161.0,
KBL,15,295.86326905718977,0.38095238095238093,0.00030392505131583827,12,59.13333333333333,Hamid Karzai International Airport,Afghanistan,-0.07709397564801494,19.724217937145983,0.49503876793688634,1.0425773460530616,1188.0,1275.0,901.0
KDH,4,12.318977576977074,0.8333333333333334,0.00012230010753489653,4,85.25,Kandahar Airport,Afghanistan,-0.22810166441132312,3.0797443942442686,0.4715553045384971,1.0276808679960274,1790.0,1528.0,1007.0
KNU,1,0.0,0.0,6.465460266032211e-05,1,98.0,Kanpur Airport,India,,0.0,0.42312574809344844,0.998576780478515,2949.0,2379.0,
KUU,1,0.0,0.0,6.465460266032211e-05,1,98.0,Kullu Manali Airport,India,,0.0,0.42312574809344844,0.998576780478515,2949.0,2379.0,
LUH,1,0.0,0.0,6.465460266032211e-05,1,98.0,Ludhiana Airport,India,,0.0,0.42312574809344844,0.998576780478515,2949.0,2379.0,
DIK,2,0.0,1.0,8.452287345771095e-05,2,150.5,Dickinson Theodore Roosevelt Regional Airport,United States,,0.0,0.45256590058566004,0.9872627023716489,2292.5,2849.5,
DRO,3,0.0,1.0,0.00010251055807148878,3,149.66666666666666,Durango La Plata County Airport,United States,,0.0,0.461157653513406,1.0091226048451152,2081.0,2009.0,
EAR,1,0.0,0.0,6.564031622477524e-05,1,170.0,,,,0.0,0.45603552366054423,1.0446710779746566,2218.0,1246.0,
EGE,1,0.0,0.0,6.564031622477524e-05,1,170.0,Eagle County Regional Airport,United States,,0.0,0.45603552366054423,1.0446710779746566,2218.0,1246.0,
FAT,11,13.623149386073061,0.9272727272727274,0.0002519515079347155,11,107.0909090909091,Fresno Yosemite International Airport,United States,-0.8402092257126553,1.238468126006642,0.5172163215270044,1.067238456518705,819.0,961.0,1454.0
FCA,5,0.0,1.0,0.0001435243697160062,5,124.0,Glacier Park International Airport,United States,,0.0,0.4765358237713523,1.008805081963209,1646.0,2022.0,
GCC,3,0.0,1.0,0.00012005119137037147,3,88.33333333333333,Gillette Campbell County Airport,United States,,0.0,0.43585877624415514,0.97568768057237,2624.5,3203.0,
GJT,6,0.0,1.0,0.00015799410415824567,6,140.5,Grand Junction Regional Airport,United States,,0.0,0.5024012160622394,1.016773097578226,1039.0,1781.0,
GUC,1,0.0,0.0,6.564031622477524e-05,1,170.0,Gunnison Crested Butte Regional Airport,United States,,0.0,0.45603552366054423,1.0446710779746566,2218.0,1246.0,
HDN,1,0.0,0.0,6.564031622477524e-05,1,170.0,Yampa Valley Airport,United States,,0.0,0.45603552366054423,1.0446710779746566,2218.0,1246.0,
HLN,5,0.0,1.0,0.00012764167702524495,5,98.8,Helena Regional Airport,United States,,0.0,0.46812900107854427,0.9814154798642535,1868.0,3004.0,
ILG,6,0.048131080389144903,0.8666666666666666,0.00014592414207161895,6,97.33333333333333,New Castle Airport,United States,-2.2161253185927117,0.008021846731524151,0.47626922823391454,0.9951730211566208,1660.0,2529.0,1808.0
ISN,2,0.0,1.0,8.452287345771095e-05,2,150.5,Sloulin Field International Airport,United States,,0.0,0.45256590058566004,0.9872627023716489,2292.5,2849.5,
JAC,2,0.0,1.0,8.603668714877558e-05,2,131.0,Jackson Hole Airport,United States,,0.0,0.4417548067907108,0.9899755768131436,2503.0,2741.0,
KOA,11,320.30769917208056,0.7454545454545454,0.00028314165555573783,10,75.0,Ellison Onizuka Kona International At Keahole Airport,United States,0.14497247654473153,29.118881742916415,0.4836872307825211,1.0159831969843853,1466.0,1807.0,751.0
LAR,1,0.0,0.0,6.564031622477524e-05,1,170.0,Laramie Regional Airport,United States,,0.0,0.45603552366054423,1.0446710779746566,2218.0,1246.0,
LBF,1,0.0,0.0,6.564031622477524e-05,1,170.0,North Platte Regional Airport Lee Bird Field,United States,,0.0,0.45603552366054423,1.0446710779746566,2218.0,1246.0,
LIH,11,4.352977753256818,0.8909090909090909,0.00026237958714719927,11,80.0,Lihue Airport,United States,-1.1961870184043588,0.39572525029607436,0.5125620532735284,1.037888784935602,885.0,1352.0,1659.0
LNK,3,0.0,1.0,0.0001022295815195655,3,169.0,Lincoln Airport,United States,,0.0,0.4710978176156911,1.016012723089243,1798.0,1806.0,
MCK,1,0.0,0.0,6.564031622477524e-05,1,170.0,Mc Cook Ben Nelson Regional Airport,United States,,0.0,0.45603552366054423,1.0446710779746566,2218.0,1246.0,
MFR,7,0.0,1.0,0.0001799567923499864,7,114.42857142857143,Rogue Valley International Medford Airport,United States,,0.0,0.5051112058574551,1.0324443018054799,999.0,1427.0,
MRY,6,0.0,1.0,0.00015425986922696497,6,117.5,Monterey Peninsula Airport,United States,,0.0,0.492423106974307,0.9987640417981339,1254.0,2371.0,
MTJ,1,0.0,0.0,6.564031622477524e-05,1,170.0,Montrose Regional Airport,United States,,0.0,0.45603552366054423,1.0446710779746566,2218.0,1246.0,
OGG,21,7922.610877856068,0.5047619047619047,0.0005744502077296324,14,65.38095238095238,Kahului Airport,United States,0.7346316363201723,377.26718465981276,0.5189708986911414,0.9774911773648426,791.0,3163.0,430.0
ONT,15,78.99319199391505,0.780952380952381,0.0003219691966239736,15,90.6,Ontario International Airport,United States,-0.4891170575737149,5.266212799594337,0.5180008397930963,1.016411978020408,807.0,1797.0,1208.0
PGA,4,3422.4314937192275,0.16666666666666666,0.00020291569691844767,2,66.0,Page Municipal Airport,United States,1.5275794693777844,855.6078734298069,0.5093279405643538,1.1080353728085859,930.0,619.0,169.0
PUB,1,0.0,0.0,6.564031622477524e-05,1,170.0,Pueblo Memorial Airport,United States,,0.0,0.45603552366054423,1.0446710779746566,2218.0,1246.0,
RDM,6,0.0,1.0,0.00016262186342985919,6,111.33333333333333,Roberts Field,United States,,0.0,0.49006378537494377,1.0126525263533306,1315.0,1906.0,
RIW,1,0.0,0.0,6.564031622477524e-05,1,170.0,Riverton Regional Airport,United States,,0.0,0.45603552366054423,1.0446710779746566,2218.0,1246.0,
RKS,3,0.0,1.0,0.00012005119137033847,3,88.33333333333333,Southwest Wyoming Regional Airport,United States,,0.0,0.43585877624415514,0.9756876805723443,2624.5,3204.0,
SAF,3,0.0,1.0,0.00010375156915263464,3,169.0,Santa Fe Municipal Airport,United States,,0.0,0.47113881856325673,1.0175137623774106,1795.0,1769.0,
SBA,6,0.0,1.0,0.0001600523487328685,6,111.16666666666667,Santa Barbara Municipal Airport,United States,,0.0,0.48919444072816715,1.0076232244901857,1330.0,2061.0,
SGU,2,0.0,1.0,8.603668714877558e-05,2,131.0,St George Municipal Airport,United States,,0.0,0.4417548067907108,0.9899755768131436,2503.0,2741.0,
SHR,1,0.0,0.0,6.564031622477524e-05,1,170.0,Sheridan County Airport,United States,,0.0,0.45603552366054423,1.0446710779746566,2218.0,1246.0,
YMM,7,3449.4090330529566,0.5238095238095238,0.00023786749784548657,5,70.85714285714286,Fort McMurray Airport,Canada,1.1740433780980408,492.77271900756523,0.4804703063213453,1.0144208282607359,1542.0,1844.0,269.0
YQR,9,0.0,1.0,0.00023938565297142064,9,109.33333333333333,Regina International Airport,Canada,,0.0,0.526632517368801,1.0814423291852326,678.5,819.5,
YWG,23,73396.81920618002,0.2766798418972332,0.0008834499426952189,10,50.56521739130435,Winnipeg / James Armstrong Richardson International Airport,Canada,1.3713508711632139,3191.1660524426097,0.558882886788687,1.0098552687842657,293.0,1988.0,214.0
YXE,9,0.0,1.0,0.00023938565297142064,9,109.33333333333333,Saskatoon John G. Diefenbaker International Airport,Canada,,0.0,0.526632517368801,1.0814423291852326,678.5,819.5,
GCK,1,0.0,0.0,6.325296148394544e-05,1,188.0,Garden City Regional Airport,United States,,0.0,0.46328115174795603,0.9790361896369396,2013.0,3089.0,
GGG,1,0.0,0.0,6.325296148394544e-05,1,188.0,East Texas Regional Airport,United States,,0.0,0.46328115174795603,0.9790361896369396,2013.0,3089.0,
JLN,1,0.0,0.0,6.325296148394544e-05,1,188.0,Joplin Regional Airport,United States,,0.0,0.46328115174795603,0.9790361896369396,2013.0,3089.0,
LAW,1,0.0,0.0,6.325296148394544e-05,1,188.0,Lawton Fort Sill Regional Airport,United States,,0.0,0.46328115174795603,0.9790361896369396,2013.0,3089.0,
LCH,2,0.0,1.0,8.100520772657473e-05,2,178.5,Lake Charles Regional Airport,United States,,0.0,0.4700186788354273,1.1512921896622481,1818.5,466.5,
LRD,3,0.0,1.0,9.834013664670198e-05,3,163.33333333333334,Laredo International Airport,United States,,0.0,0.4719349671600603,1.0128922065836783,1783.0,1900.0,
MFE,5,7.582622188459387,0.9,0.00014476655502227546,5,118.2,Mc Allen Miller International Airport,United States,-0.5214627835042615,1.5165244376918774,0.4795588723417563,1.0704689761903103,1571.0,920.0,1233.0
MHK,2,0.0,1.0,8.095966954580001e-05,2,197.0,Manhattan Regional Airport,United States,,0.0,0.47939361620356574,1.3207320590685978,1581.0,185.0,
MLM,7,16.223416119718173,0.6190476190476191,0.00017760353883675768,7,116.14285714285714,General Francisco J. Mujica International Airport,Mexico,-0.49818606963846,2.317630874245453,0.4668381734418424,0.9791955260040975,1901.0,3081.0,1217.0
MZT,9,255.34399483830836,0.6388888888888888,0.00023030817213035278,7,71.0,General Rafael Buelna International Airport,Mexico,0.20190031699724223,28.37155498203426,0.4587578202412919,0.9808245160789344,2149.0,3014.0,726.0
ROW,1,0.0,0.0,6.325296148394544e-05,1,188.0,Roswell International Air Center Airport,United States,,0.0,0.46328115174795603,0.9790361896369396,2013.0,3089.0,
SJT,1,0.0,0.0,6.325296148394544e-05,1,188.0,San Angelo Regional Mathis Field,United States,,0.0,0.46328115174795603,0.9790361896369396,2013.0,3089.0,
SPI,4,88.87255443103899,0.16666666666666666,0.00011886628935245338,4,115.5,Abraham Lincoln Capital Airport,United States,0.38845364192455467,22.218138607759748,0.5237335952399267,1.1088924164300227,710.0,617.0,599.0
SPS,1,0.0,0.0,6.325296148394544e-05,1,188.0,Sheppard Air Force Base-Wichita Falls Municipal Airport,United States,,0.0,0.46328115174795603,0.9790361896369396,2013.0,3089.0,
TXK,1,0.0,0.0,6.325296148394544e-05,1,188.0,Texarkana Regional Webb Field,United States,,0.0,0.46328115174795603,0.9790361896369396,2013.0,3089.0,
TYR,2,0.0,1.0,8.100520772657473e-05,2,178.5,Tyler Pounds Regional Airport,United States,,0.0,0.4700186788354273,1.1512921896622481,1818.5,466.5,
ZCL,5,12.55861607237011,0.5,0.00014217076602093527,5,107.8,General Leobardo C. Ruiz International Airport,Mexico,-0.36403775433232016,2.511723214474022,0.4682728918311043,1.0008060981210076,1861.0,2292.0,1103.0
INB,4,1.3333333333333333,0.6666666666666666,0.00027327234116227695,3,3.75,,,-0.9218476592859173,0.3333333333333333,0.5223246727664722,1.124972294955274,733.0,548.0,1492.0
SVK,3,0.0,1.0,0.00013986546493840196,3,4.666666666666667,,,,0.0,0.5013257693390197,1.2449995286748758,1052.0,271.0,
DGO,4,7.437553782290456,0.6666666666666666,0.00012453982009757292,4,111.25,General Guadalupe Victoria International Airport,Mexico,-0.385542627739462,1.859388445572614,0.46024181192784047,0.990713986329104,2106.5,2709.5,1122.5
DHB,2,6788.000000000002,0.0,0.00029437307925716865,1,2.0,,,2.18217555175408,3394.000000000001,0.5788308219197755,1.0297170556006026,179.0,1483.0,15.0
RCE,2,10179.000000000002,0.0,0.0002647119468767971,1,2.0,,,2.3085936123192967,5089.500000000001,0.5788502797408186,1.0269436034953612,178.0,1544.0,8.0
WSX,2,3395.000000000001,0.0,0.00032390806110723145,1,1.5,,,1.9659971873737032,1697.5000000000005,0.585990243677235,1.0961420991758095,149.0,703.0,47.0
DHI,1,0.0,0.0,7.219024205396735e-05,1,32.0,Dhangarhi Airport,Nepal,,0.0,0.4133394955372043,0.9750894778957812,3267.0,3219.0,
DIE,5,3.774298160664668,0.7,0.0002251573290123623,4,10.2,Arrachart Airport,Madagascar,-0.7391363224527174,0.7548596321329336,0.489707887865646,1.0618521242660246,1321.0,1019.0,1370.0
NOS,4,0.0,1.0,0.00018038305961749567,4,12.25,Fascene Airport,Madagascar,,0.0,0.48088472749645117,1.0167629421841151,1530.0,1782.0,
SVB,3,0.5,0.6666666666666666,0.0001578339358522308,3,10.0,Sambava Airport,Madagascar,-1.0448762992117955,0.16666666666666666,0.46101443441386436,0.9760684387720064,2086.0,3196.0,1581.5
DIJ,1,0.0,0.0,5.8773217296802637e-05,1,47.0,Dijon-Bourgogne Airport,France,,0.0,0.44310308038802987,1.1352679727166302,2473.5,515.5,
DIL,3,0.0,1.0,0.0001242430307358714,3,62.333333333333336,Presidente Nicolau Lobato International Airport,East Timor,,0.0,0.4299430924162006,0.9900097751625647,2773.0,2739.0,
DIN,1,0.0,0.0,6.528304492895554e-05,1,46.0,Dien Bien Phu Airport,Vietnam,,0.0,0.41434826489994736,1.0028894941365245,3222.0,2213.0,
PBD,2,0.0,1.0,0.00010007211408316086,2,43.5,Porbandar Airport,India,,0.0,0.4081382939527345,0.9898961056776425,3421.0,2745.0,
DIW,1,0.0,0.0,0.00011149035819542169,1,2.0,,,,0.0,0.5219830659322796,0.9918427493869449,741.0,2674.0,
TMR,5,1481.5873242179046,0.3,0.0002192631519345688,3,15.8,Aguenar – Hadj Bey Akhamok Airport,Algeria,1.1244040383766247,296.3174648435809,0.4943218509835038,0.9730326457080991,1207.0,3261.0,276.0
MKQ,1,0.0,0.0,9.772852885834076e-05,1,9.0,Mopah Airport,Indonesia,,0.0,0.46071408270382874,0.9853550205000928,2093.0,2909.0,
OKL,1,0.0,0.0,9.772852885834076e-05,1,9.0,Oksibil Airport,Indonesia,,0.0,0.46071408270382874,0.9853550205000928,2093.0,2909.0,
TIM,3,44.26209648642503,0.6666666666666666,0.00016353817191915666,3,25.666666666666668,Moses Kilangin Airport,Indonesia,0.3539598547182178,14.754032162141677,0.4641830727534883,1.0453961712991808,1985.0,1231.0,617.0
WMX,1,0.0,0.0,9.772852885834076e-05,1,9.0,Wamena Airport,Indonesia,,0.0,0.46071408270382874,0.9853550205000928,2093.0,2909.0,
ZIG,2,0.0,1.0,6.23066188435321e-05,2,17.0,Ziguinchor Airport,Senegal,,0.0,0.4670589604249067,1.1948739649781968,1893.0,363.0,
GOU,3,0.0,1.0,0.00010984402904498167,3,15.0,Garoua International Airport,Cameroon,,0.0,0.4483612958047877,1.4323528794912237,2375.0,106.0,
MVR,2,0.0,1.0,6.402558481014349e-05,2,16.5,Salak Airport,Cameroon,,0.0,0.4652204988371092,1.1702142934364668,1959.0,418.0,
JMU,7,6.247740027811741,0.7142857142857143,0.00016023532420233251,7,88.14285714285714,Jiamusi Airport,China,-0.7959191605791359,0.8925342896873916,0.4624718450816283,0.9731618305121242,2050.0,3257.0,1416.0
LDS,2,0.0,1.0,7.561747597080107e-05,2,58.5,Lindu Airport,China,,0.0,0.4277417870134032,1.2254971365550023,2819.0,299.0,
MDG,6,0.035914041801589636,0.9333333333333333,0.00013866235702035147,6,111.5,Mudanjiang Hailang International Airport,China,-2.307482380192337,0.005985673633598272,0.4851642007468704,0.983123026944194,1433.0,2970.0,1810.0
SHP,4,0.0,1.0,0.00010626821883507748,4,75.5,Shanhaiguan Airport,China,,0.0,0.4555793298805052,0.99357269410746,2238.0,2594.0,
DLE,3,0.04145995747696669,0.6666666666666666,8.414841761664219e-05,3,71.0,Dole-Tavaux Airport,France,-1.8217488983560628,0.013819985825655563,0.4619578949583657,1.0336203592293094,2064.0,1406.0,1792.0
DLY,2,0.0,1.0,0.000168888626693894,2,12.0,Dillon's Bay Airport,Vanuatu,,0.0,0.43047554049095943,1.0374545496811967,2748.0,1358.0,
IPA,3,2.0,0.6666666666666666,0.000247127659191017,2,9.333333333333334,Ipota Airport,Vanuatu,-0.612335736564099,0.6666666666666666,0.4834563470460675,0.9724205271989341,1472.0,3274.0,1295.0
DOK,12,112.43981669385023,0.4696969696969697,0.00022483935469834563,11,103.41666666666667,Donetsk International Airport,Ukraine,-0.23701187273196916,9.36998472448752,0.4845854818664569,1.0022546719063299,1451.0,2238.0,1018.0
DYR,2,0.0,1.0,8.531600525473151e-05,2,106.5,Ugolny Airport,Russia,,0.0,0.43164149245155203,0.9730435923323716,2717.0,3260.0,
EGO,9,2.3779183235065586,0.5,0.00019357925142418986,9,49.77777777777778,Belgorod International Airport,Russia,-1.2571885808030356,0.2642131470562843,0.48987908338725517,1.2553507646019388,1320.0,259.0,1676.0
ESL,1,0.0,0.0,6.280425327990819e-05,1,190.0,Elista Airport,Russia,,0.0,0.4632101440671785,0.9782345650941747,2027.0,3128.0,
FEG,6,0.17857142857142855,0.8666666666666666,0.00014450495136091897,6,78.16666666666667,Fergana International Airport,Uzbekistan,-1.8070586122414838,0.029761904761904757,0.4744420231827694,1.0598144901661992,1702.0,1041.0,1790.0
GBB,1,0.0,0.0,6.280425327990819e-05,1,190.0,Gabala International Airport,Azerbaijan,,0.0,0.4632101440671785,0.9782345650941747,2027.0,3128.0,
GDX,4,0.0,1.0,0.00013740874991894467,4,66.0,Sokol Airport,Russia,,0.0,0.45017834028700654,1.0576431264305368,2340.0,1064.0,
GOJ,15,256.50064952578896,0.4571428571428572,0.0002892227990766603,12,69.53333333333333,Nizhny Novgorod Strigino International Airport,Russia,-0.12163875896845781,17.100043301719264,0.48768894690593156,0.9990974199616479,1365.0,2359.0,925.0
GRV,1,0.0,0.0,6.280425327990819e-05,1,190.0,,,,0.0,0.4632101440671785,0.9782345650941747,2027.0,3128.0,
HMA,8,61.73911441696211,0.6785714285714286,0.00020223637245751584,7,46.875,Khanty Mansiysk Airport,Russia,-0.1661365244697927,7.717389302120264,0.45555517374901333,0.9796012075038251,2239.0,3066.0,963.0
IJK,3,0.0,1.0,9.728019540128932e-05,3,123.33333333333333,Izhevsk Airport,Russia,,0.0,0.45114799373500075,1.0000675087820758,2328.0,2318.0,
KEJ,2,0.2637362637362637,0.0,7.802557642884484e-05,2,167.0,Kemerovo Airport,Russia,-0.9865307485266556,0.13186813186813184,0.5280866366768047,4.4834784657763125,658.0,5.0,1533.0
KQT,7,5.8055031109997755,0.6190476190476191,0.00013674316231111492,6,63.42857142857143,Qurghonteppa International Airport,Tajikistan,-0.8188250652487665,0.8293575872856822,0.4667939420571108,1.0173850697998312,1902.0,1771.0,1436.0
KRO,2,0.0,1.0,8.045088505788723e-05,2,128.5,Kurgan Airport,Russia,,0.0,0.4423174979397871,0.9776468144386565,2488.5,3159.5,
KSQ,3,0.0,1.0,9.578269150986041e-05,3,120.0,Karshi Khanabad Airport,Uzbekistan,,0.0,0.4517558511405801,0.9954514436272844,2312.0,2508.0,
KVD,5,61.56642812581942,0.6,0.0001629378689400466,4,116.0,Ganja Airport,Azerbaijan,0.13197086467808264,12.313285625163884,0.4669011945055348,1.0624051207590743,1899.0,1012.0,757.0
KVK,1,0.0,0.0,6.280425327990819e-05,1,190.0,Kirovsk-Apatity Airport,Russia,,0.0,0.4632101440671785,0.9782345650941747,2027.0,3128.0,
LLK,2,0.0,1.0,7.963356362331028e-05,2,151.5,Lankaran International Airport,Azerbaijan,,0.0,0.45542563194055347,0.9798258735116682,2244.5,3049.5,
LWN,1,0.0,0.0,6.280425327990819e-05,1,190.0,Gyumri Shirak Airport,Armenia,,0.0,0.4632101440671785,0.9782345650941747,2027.0,3128.0,
MCX,4,0.42276662731208187,0.8333333333333334,0.00011380734441256808,4,88.75,Uytash Airport,Russia,-1.280230028647744,0.10569165682802047,0.4589712267337891,1.0059409009110167,2136.0,2122.0,1680.0
MJZ,6,2.25,0.8666666666666666,0.00018113064163538815,5,54.833333333333336,Mirny Airport,Russia,-1.0165146439298032,0.375,0.46921383341278194,1.049810031581902,1843.0,1172.0,1551.0
NBC,7,4.089903005151629,0.8095238095238094,0.0001610862393118937,7,117.14285714285714,Begishevo Airport,Russia,-0.9281182184069205,0.5842718578788041,0.47531546751664144,0.9926612835815598,1683.0,2634.0,1498.0
NCU,3,1.7039681758819105,0.6666666666666666,9.5979937975746e-05,3,107.0,Nukus Airport,Uzbekistan,-0.6623161464794332,0.5679893919606368,0.47302644013548134,0.9951594812395483,1747.0,2530.0,1328.0
NJC,9,31.592883145129697,0.6111111111111112,0.00021741183890180846,7,57.55555555555556,Nizhnevartovsk Airport,Russia,-0.45010497369511493,3.5103203494588553,0.4554871667049831,0.9965028202777527,2241.0,2465.0,1180.0
NOJ,5,0.43859649122807015,0.8,0.00014358123323070574,5,60.6,Noyabrsk Airport,Russia,-1.4107079312406894,0.08771929824561403,0.4557016372994176,1.0698887679791071,2233.0,929.0,1727.0
NOZ,2,0.2637362637362637,0.0,7.802557642884484e-05,2,167.0,Spichenkovo Airport,Russia,-0.9865307485266556,0.13186813186813184,0.5280866366768047,4.4834784657763125,658.0,5.0,1533.0
NUX,10,47.26159399515942,0.5777777777777778,0.00022524119555548738,9,62.4,Novy Urengoy Airport,Russia,-0.39145960214740516,4.726159399515942,0.4626168025187885,1.0103986920219998,2046.0,1970.0,1129.0
NVI,3,0.0,1.0,9.578269150986041e-05,3,120.0,Navoi Airport,Uzbekistan,,0.0,0.4517558511405801,0.9954514436272844,2312.0,2508.0,
NYM,7,45.09850196825431,0.5714285714285714,0.000186234931250296,6,54.57142857142857,Nadym Airport,Russia,-0.17918699883155728,6.442643138322045,0.45301430279522514,1.0117867245371366,2286.0,1938.0,970.0
ODS,12,26.623538142870963,0.5909090909090909,0.00022140807824484274,12,114.16666666666667,Odessa International Airport,Ukraine,-0.686503438425562,2.21862817857258,0.4896623058585629,0.994244850837192,1322.0,2564.0,1340.0
OGZ,1,0.0,0.0,6.280425327990819e-05,1,190.0,Beslan Airport,Russia,,0.0,0.4632101440671785,0.9782345650941747,2027.0,3128.0,
OSW,1,0.0,0.0,6.280425327990819e-05,1,190.0,Orsk Airport,Russia,,0.0,0.4632101440671785,0.9782345650941747,2027.0,3128.0,
PED,2,0.0,1.0,7.963356362331028e-05,2,151.5,Pardubice Airport,Czech Republic,,0.0,0.45542563194055347,0.9798258735116682,2244.5,3049.5,
PEE,5,1.200537209491791,0.6,0.0001218784821876669,5,116.4,Bolshoye Savino Airport,Russia,-1.0965290779771217,0.2401074418983582,0.473911229863077,0.9991741969576071,1714.0,2357.0,1612.0
PES,1,0.0,0.0,6.280425327990819e-05,1,190.0,Petrozavodsk Airport,Russia,,0.0,0.4632101440671785,0.9782345650941747,2027.0,3128.0,
PEZ,1,0.0,0.0,6.280425327990819e-05,1,190.0,Penza Airport,Russia,,0.0,0.4632101440671785,0.9782345650941747,2027.0,3128.0,
PKC,4,0.2637362637362637,0.8333333333333334,0.0001209731734397305,4,93.0,Yelizovo Airport,Russia,-1.4274593837582439,0.06593406593406592,0.45849467817098727,1.0095486379200236,2154.0,2001.0,1730.0
PYJ,4,0.0,1.0,0.00013346765623245974,4,68.0,Polyarny Airport,Russia,,0.0,0.44962137451366696,1.045569472237679,2350.0,1228.0,
REN,6,12.249113754705256,0.5333333333333333,0.00015814417964861059,6,84.0,Orenburg Central Airport,Russia,-0.4878029120429625,2.0415189591175427,0.4615933285180529,0.9881167817356408,2072.0,2821.0,1206.0
RGK,1,0.0,0.0,6.280425327990819e-05,1,190.0,Gorno-Altaysk Airport,Russia,,0.0,0.4632101440671785,0.9782345650941747,2027.0,3128.0,
RMI,2,0.0,1.0,7.80258140530209e-05,2,112.5,Federico Fellini International Airport,Italy,,0.0,0.4384331082819917,0.9862241177437857,2569.0,2875.0,
RTW,5,0.8677892886980846,0.8,0.00012436578324844438,5,80.0,Saratov Central Airport,Russia,-1.1978005428644458,0.1735578577396169,0.45882660650748786,1.0062147957645151,2148.0,2108.0,1660.0
SGC,12,16.468240070504255,0.5,0.0002580074070311269,10,50.5,Surgut Airport,Russia,-0.8363821877342844,1.372353339208688,0.48804569428709915,1.1793001964465926,1358.0,398.0,1453.0
SIP,5,0.2637362637362637,0.9,0.00012368580144794447,5,106.2,Simferopol International Airport,Ukraine,-1.5694066992796343,0.05274725274725274,0.46811393658342126,0.9716174592960055,1870.0,3281.0,1755.0
SKD,6,0.3874458874458875,0.9333333333333333,0.00013303674107713055,6,79.83333333333333,Samarkand Airport,Uzbekistan,-1.565377964989896,0.06457431457431458,0.48066880558730823,1.0108309627344305,1536.0,1961.0,1754.0
SKX,2,0.0,1.0,7.963356362331028e-05,2,151.5,Saransk Airport,Russia,,0.0,0.45542563194055347,0.9798258735116682,2244.5,3049.5,
SLY,8,3396.970736854079,0.5357142857142857,0.0002436108457433162,6,44.0,Salekhard Airport,Russia,1.0843209817917767,424.62134210675987,0.4771789665106006,0.9924677806038793,1635.0,2640.0,287.0
STW,3,0.6693760992789736,0.3333333333333333,9.347792232609999e-05,3,144.0,Stavropol Shpakovskoye Airport,Russia,-0.953850528836006,0.22312536642632452,0.5168582851927211,1.3287498977579988,823.0,175.0,1512.0
TGK,1,0.0,0.0,6.280425327990819e-05,1,190.0,Taganrog Yuzhny Airport,Russia,,0.0,0.4632101440671785,0.9782345650941747,2027.0,3128.0,
TJM,19,639.2700216004876,0.30994152046783624,0.00043100376660503244,10,38.89473684210526,Roshchino International Airport,Russia,0.012916383606620853,33.64579061055198,0.507642507294573,1.0822412508051287,961.0,814.0,843.0
TJU,4,0.49358974358974367,0.8333333333333334,9.728019540128932e-05,4,95.0,Kulob Airport,Tajikistan,-1.2319042352930338,0.12339743589743592,0.46995437097840087,1.0258243915145633,1821.0,1566.0,1666.0
TMJ,2,0.0,1.0,7.895338116645832e-05,2,123.5,Termez Airport,Uzbekistan,,0.0,0.4413129234157497,0.9800981868058695,2507.0,3039.0,
TOF,4,0.7081807081807082,0.6666666666666666,0.00011711365970909805,4,94.25,Bogashevo Airport,Russia,-1.1192695640610504,0.17704517704517705,0.4562556276289681,1.0070243417338216,2209.0,2083.0,1623.0
UFA,19,360.8369534185826,0.43274853801169594,0.0003776247802125168,12,62.94736842105263,Ufa International Airport,Russia,-0.16552354275184927,18.991418600978033,0.4932296568762142,1.0046774236492497,1235.0,2161.0,961.0
UKS,2,0.0,1.0,7.65034546153046e-05,2,126.0,Belbek Airport,Ukraine,,0.0,0.4471847901091801,0.981482768656361,2401.0,3003.0,
ULV,2,0.0,1.0,8.045088505788723e-05,2,128.5,Ulyanovsk Baratayevka Airport,Russia,,0.0,0.4423174979397871,0.9776468144386565,2488.5,3159.5,
UUA,3,0.43333333333333335,0.6666666666666666,0.00010016690396398631,3,104.0,Bugulma Airport,Russia,-1.089525488561231,0.14444444444444446,0.4659390583975703,1.0129151318610654,1937.0,1899.0,1607.0
UUD,10,62.652002329928344,0.8,0.00024959755998124486,8,71.8,Ulan-Ude Airport (Mukhino),Russia,-0.30350413749143645,6.265200232992834,0.47468910986243174,1.0054364435070113,1695.0,2132.0,1058.0
VKT,2,23.37192619218631,0.0,9.655687123529024e-05,2,98.5,Vorkuta Airport,Russia,0.4126378109848652,11.685963096093156,0.5233844970722099,1.1004974300684447,714.0,663.0,587.0
VOG,10,16.054769778182536,0.7333333333333333,0.00021384396219705846,9,82.0,Volgograd International Airport,Russia,-0.7283365333764031,1.6054769778182536,0.47061794887237324,0.9781754238945857,1808.0,3134.0,1362.0
VOZ,6,2.506010212164325,0.8,0.00013937263583699432,6,106.16666666666667,Voronezh International Airport,Russia,-0.9828916888850117,0.41766836869405416,0.46607828301922516,0.9977726271535368,1932.0,2426.0,1528.0
KOP,1,0.0,0.0,7.270424707569495e-05,1,48.0,Nakhon Phanom Airport,Thailand,,0.0,0.4136258440336152,0.9777396313524509,3241.5,3150.5,
LOE,1,0.0,0.0,7.270424707569495e-05,1,48.0,Loei Airport,Thailand,,0.0,0.4136258440336152,0.9777396313524509,3241.5,3150.5,
MAQ,1,0.0,0.0,7.270424707569495e-05,1,48.0,Mae Sot Airport,Thailand,,0.0,0.4136258440336152,0.9777396313524509,3241.5,3150.5,
NAW,1,0.0,0.0,7.270424707569495e-05,1,48.0,Narathiwat Airport,Thailand,,0.0,0.4136258440336152,0.9777396313524509,3241.5,3150.5,
NST,1,0.0,0.0,7.270424707569495e-05,1,48.0,Nakhon Si Thammarat Airport,Thailand,,0.0,0.4136258440336152,0.9777396313524509,3241.5,3150.5,
PRH,1,0.0,0.0,7.270424707569495e-05,1,48.0,Phrae Airport,Thailand,,0.0,0.4136258440336152,0.9777396313524509,3241.5,3150.5,
ROI,1,0.0,0.0,7.270424707569495e-05,1,48.0,Roi Et Airport,Thailand,,0.0,0.4136258440336152,0.9777396313524509,3241.5,3150.5,
SNO,1,0.0,0.0,7.270424707569495e-05,1,48.0,Sakon Nakhon Airport,Thailand,,0.0,0.4136258440336152,0.9777396313524509,3241.5,3150.5,
TST,1,0.0,0.0,7.270424707569495e-05,1,48.0,Trang Airport,Thailand,,0.0,0.4136258440336152,0.9777396313524509,3241.5,3150.5,
UNN,1,0.0,0.0,7.270424707569495e-05,1,48.0,Ranong Airport,Thailand,,0.0,0.4136258440336152,0.9777396313524509,3241.5,3150.5,
EAM,3,0.0,1.0,9.764893302827392e-05,3,80.0,Nejran Airport,Saudi Arabia,,0.0,0.4380217135731318,0.9886833885983191,2578.0,2804.0,
GIZ,4,0.0,1.0,0.0001265697377260049,4,70.75,Jizan Regional Airport,Saudi Arabia,,0.0,0.44918434002759067,1.0112551954155307,2358.0,1950.0,
HAS,5,1.1161932737731368,0.9,0.00013141975340923793,5,101.6,Ha'il Airport,Saudi Arabia,-1.1192576271884154,0.22323865475462737,0.4683557575690913,0.984008218959389,1859.0,2950.0,1622.0
DND,1,0.0,0.0,5.673112413802419e-05,1,153.0,Dundee Airport,United Kingdom,,0.0,0.4815733711063952,1.0988498628671486,1510.5,681.5,
DNH,4,0.0,1.0,0.0001096707676074525,4,61.5,Dunhuang Airport,China,,0.0,0.45258592700595796,0.9979403205170876,2291.0,2417.0,
DNR,3,0.12578540352949313,0.6666666666666666,8.484745634823026e-05,3,75.0,Dinard-Pleurtuit-Saint-Malo Airport,France,-1.4754625521369569,0.041928467843164376,0.4665078810353068,1.0190273181878362,1916.0,1725.0,1734.0
DNZ,2,0.3210558017577302,0.0,7.618533336482644e-05,2,167.0,Çardak Airport,Turkey,-0.9251687894313473,0.1605279008788651,0.5286814763668908,4.403337200963614,648.0,9.0,1496.0
DOB,1,0.0,0.0,0.0001787249257230611,1,3.0,Rar Gwamar Airport,Indonesia,,0.0,0.5268266900975536,1.0720100149757894,674.0,905.0,
LRR,6,698.7569809681792,0.6666666666666667,0.0001732897960939332,6,84.83333333333333,Lar Airport,Iran,0.7739268876176313,116.45949682802986,0.47296810028250447,1.0858663279270728,1751.0,782.0,404.0
KUT,9,17.095907932739756,0.3333333333333333,0.00015913137069537613,9,36.888888888888886,Kopitnari Airport,Georgia,-0.6417093177314472,1.8995453258599728,0.5034364155000026,1.2420053938699602,1022.0,274.0,1313.0
DOL,1,0.0,0.0,5.920484513270566e-05,1,36.0,Deauville-Saint-Gatien Airport,France,,0.0,0.4421610119757542,1.1500654188034174,2498.5,473.5,
EIS,5,0.3111111111111111,0.9,0.00012568142139443003,5,23.4,Terrance B. Lettsome International Airport,British Virgin Islands,-1.517862145575619,0.06222222222222222,0.4812335744440851,1.3871653284217127,1525.0,130.0,1745.0
DPO,1,0.0,0.0,7.184434090300686e-05,1,55.0,Devonport Airport,Australia,,0.0,0.41460476456573553,1.0293949777270948,3220.0,1487.0,
KOE,6,2059.546242155472,0.33333333333333337,0.00027899949033906963,3,14.0,El Tari Airport,Indonesia,1.1111925671927094,343.257707025912,0.49713548265231167,0.9831494338207837,1147.0,2969.0,281.0
LBJ,2,1355.2584270453274,0.0,0.0001297328548548324,2,22.0,Komodo Airport,Indonesia,1.6794728899860183,677.6292135226637,0.5217831977069058,1.0350332627387822,746.0,1388.0,147.0
MOF,2,0.0,1.0,0.00011023762168826937,2,24.0,Maumere(Wai Oti) Airport,Indonesia,,0.0,0.4114501579427634,1.015011953612697,3337.5,1824.5,
TMC,2,0.0,1.0,0.00011023762168826937,2,24.0,Tambolaka Airport,Indonesia,,0.0,0.4114501579427634,1.015011953612697,3337.5,1824.5,
WGP,1,0.0,0.0,7.071269389028325e-05,1,42.0,Umbu Mehang Kunda Airport,Indonesia,,0.0,0.41245601254623643,0.9676909206293735,3317.0,3348.0,
DQA,2,0.0,1.0,7.521605556091148e-05,2,130.5,Saertu Airport,China,,0.0,0.45181749652297915,0.9702452494332433,2308.0,3322.0,
DRK,1,0.0,0.0,7.334025555090502e-05,1,38.0,Drake Bay Airport,Costa Rica,,0.0,0.41290348271089117,0.9851702788174304,3293.5,2915.5,
DRV,2,57.02775135513921,0.0,0.00011083411894537328,2,15.5,Dharavandhoo Airport,Maldives,0.6909533345709403,28.513875677569605,0.5120361896148571,1.1048837762011585,888.0,638.0,452.0
HAQ,2,3.2385508695448055,0.0,0.00011038480422786702,2,9.5,Hanimaadhoo Airport,Maldives,-0.2040258242065893,1.6192754347724028,0.5033500554985635,1.276802206671267,1024.0,236.0,984.0
MCV,1,0.0,0.0,7.836796474181362e-05,1,20.0,McArthur River Mine Airport,Australia,,0.0,0.4272957114358362,1.023191042879177,2832.0,1618.0,
MNG,3,6788.999999999998,0.0,0.00029618825153236933,1,7.333333333333333,Maningrida Airport,Australia,1.9242947965059536,2262.9999999999995,0.547582483292093,1.0053421423720605,411.0,2138.0,72.0
DSA,8,3.142188579368015,0.21428571428571427,0.00014232350368223437,8,50.625,Robin Hood Doncaster Sheffield Airport,United Kingdom,-1.0953078590560639,0.39277357242100186,0.5205471539133741,1.190202376095444,768.0,371.0,1611.0
DSK,2,164.9173851826257,0.0,0.00011518989387249397,2,9.5,Dera Ismael Khan Airport,Pakistan,1.0222810145417534,82.45869259131285,0.5193941698112546,1.102084930658818,788.0,656.0,310.0
PZH,2,2.2848003160074093,0.0,0.00011854805621394477,2,5.0,Zhob Airport,Pakistan,-0.31287040089583457,1.1424001580037046,0.5136524465089785,1.1924812003538345,870.0,367.0,1065.0
ONQ,2,0.26724651836947444,0.0,7.005644593581557e-05,2,88.0,Zonguldak Airport,Turkey,-0.9824053501892992,0.13362325918473722,0.5067827088168317,3.827142764071473,974.0,11.0,1527.0
ELM,5,67.1832518771631,0.3,0.0001335153144275597,5,109.0,Elmira Corning Regional Airport,United States,0.1592117843121859,13.43665037543262,0.5004741381281065,1.1649555899971178,1067.0,433.0,745.0
ESC,1,0.0,0.0,6.112547681366171e-05,1,135.0,Delta County Airport,United States,,0.0,0.44002387748053895,0.9938555223249333,2528.0,2582.0,
ITH,3,0.0,1.0,9.222433021134694e-05,3,137.0,Ithaca Tompkins Regional Airport,United States,,0.0,0.46101127689661037,1.0252746631612233,2087.0,1577.0,
MQT,2,0.0,1.0,7.883218487551627e-05,2,170.5,Sawyer International Airport,United States,,0.0,0.4689068020307427,1.1195249534047755,1854.0,569.0,
PLN,1,0.0,0.0,6.112547681366171e-05,1,135.0,Pellston Regional Airport of Emmet County Airport,United States,,0.0,0.44002387748053895,0.9938555223249333,2528.0,2582.0,
SCE,4,0.0,1.0,0.00011098188281747268,4,147.75,University Park Airport,United States,,0.0,0.4777354350725818,1.0095840417034299,1620.0,1998.0,
SWF,5,39.917737921598665,0.6,0.00013001454006689823,5,97.6,Stewart International Airport,United States,-0.0032226950069658717,7.983547584319733,0.4636030592775676,0.9954009826872121,2000.0,2513.0,855.0
TVC,3,0.0,1.0,9.771474210845198e-05,3,157.33333333333334,Cherry Capital Airport,United States,,0.0,0.4663480735175327,1.0134774737427865,1920.5,1879.5,
SZZ,7,6.124713779264959,0.5714285714285714,0.00013396817369533344,7,85.0,"Szczecin-Goleniów ""Solidarność"" Airport",Poland,-0.8021243870163528,0.8749591113235656,0.4775785018849272,1.0068330154179328,1623.0,2087.0,1423.0
TUF,5,0.04145995747696669,0.9,0.00010778933703889019,5,98.6,Tours-Val-de-Loire Airport,France,-2.146698132004405,0.008291991495393338,0.4728797942779698,1.0056781589969257,1752.0,2130.0,1802.0
GPA,3,2.7960636749551595,0.3333333333333333,8.338927422269498e-05,3,138.66666666666666,Araxos Airport,Greece,-0.5077912847371037,0.9320212249850531,0.5199778476700325,1.2599226603764895,779.0,256.0,1224.0
GWT,7,0.02857142857142857,0.9523809523809524,0.0001314822227287754,7,142.57142857142858,Westerland Sylt Airport,Germany,-2.476905321009589,0.004081632653061224,0.5180249965903369,1.0211251599099471,805.0,1675.0,1817.0
NQY,5,1147.2472725498235,0.5,0.00014205634876526019,4,96.4,Newquay Cornwall Airport,United Kingdom,1.0446073801065519,229.4494545099647,0.4862683707503453,1.1667173287203054,1405.0,429.0,297.0
IKO,1,0.0,0.0,0.00020445269318491104,1,3.0,Nikolski Air Station,United States,,0.0,0.5412323555576046,1.2022663590331761,486.0,335.5,
KQA,1,0.0,0.0,0.00020445269318491104,1,3.0,Akutan Seaplane Base,United States,,0.0,0.5412323555576046,1.2022663590331761,486.0,335.5,
DWD,2,0.0,1.0,8.002794290247981e-05,2,96.0,King Salman Abdulaziz Airport,Saudi Arabia,,0.0,0.43124487447834964,0.9922356513994417,2726.0,2655.0,
GSM,5,411.80207393743336,0.9,0.00017570285889902224,5,60.4,,,0.7249267336307542,82.36041478748668,0.4916549382391077,1.2570761100611396,1267.0,257.0,439.0
HRK,9,115.2202199812966,0.5833333333333334,0.00016411951476783448,9,94.77777777777777,Kharkiv International Airport,Ukraine,-0.04638839297774692,12.80224666458851,0.4776062334585759,0.9993616209427106,1622.0,2345.0,883.0
LFM,3,0.0,1.0,0.00010185103014278602,3,91.0,Lamerd Airport,Iran,,0.0,0.43777256854047913,0.9876276241491286,2600.0,2836.0,
MUX,8,131.6663235894491,0.8571428571428571,0.0002078177272591492,7,67.375,Multan International Airport,Pakistan,0.0701668079467431,16.458290448681137,0.47722592407940423,1.0440298733083424,1634.0,1263.0,794.0
ZAH,7,979.4117702659777,0.5714285714285714,0.0002472758103350711,5,44.0,Zahedan International Airport,Iran,0.7812183059274256,139.91596718085395,0.46900992936206753,0.9868870925225001,1849.0,2860.0,402.0
MJN,2,0.0,1.0,0.00011509564749815273,2,15.5,Amborovy Airport,Madagascar,,0.0,0.4161113776234625,1.0077737734432453,3181.0,2050.0,
EAE,1,0.0,0.0,9.886912325649624e-05,1,21.0,Siwo Airport,Vanuatu,,0.0,0.4475605873044689,1.3333248652288634,2393.0,170.0,
EAT,1,0.0,0.0,6.54797722784092e-05,1,94.0,Pangborn Memorial Airport,United States,,0.0,0.4218611646097341,0.9923189690193817,3000.0,2644.0,
EAU,1,0.0,0.0,6.191628392609612e-05,1,206.0,Chippewa Valley Regional Airport,United States,,0.0,0.47326570445639776,0.9857401378106572,1731.5,2891.5,
KSE,1,0.0,0.0,6.713889430963219e-05,1,20.0,Kasese Airport,Uganda,,0.0,0.4286259939120731,1.0141472984166209,2794.0,1855.0,
PAF,1,0.0,0.0,6.713889430963219e-05,1,20.0,,,,0.0,0.4286259939120731,1.0141472984166209,2794.0,1855.0,
RUA,1,0.0,0.0,6.713889430963219e-05,1,20.0,Arua Airport,Uganda,,0.0,0.4286259939120731,1.0141472984166209,2794.0,1855.0,
EDA,3,3393.500000000001,0.3333333333333333,0.00020967020597074072,2,6.666666666666667,,,1.7079325846975406,1131.166666666667,0.5041506766366624,0.9872260442560619,1011.0,2853.0,138.5
EDL,3,0.5,0.6666666666666666,0.00023804555955321915,2,23.666666666666668,Eldoret International Airport,Kenya,-1.0448762992117955,0.16666666666666666,0.4676388948102768,1.1092077271315552,1883.0,616.0,1581.5
LOK,2,0.0,1.0,0.0001680052314538468,2,35.0,Lodwar Airport,Kenya,,0.0,0.432194186561148,1.3343537471716116,2708.0,167.0,
EDO,1,0.0,0.0,5.96619217614967e-05,1,98.0,Balıkesir Körfez Airport,Turkey,,0.0,0.4373694037100887,0.9917693446789503,2605.0,2677.0,
PGX,2,16.244454545039723,0.0,7.712883259788662e-05,2,66.0,Périgueux-Bassillac Airport,France,0.2991328227045087,8.122227272519861,0.5199201254494714,1.1140174899388855,780.0,591.0,654.0
EGM,5,1.8333333333333333,0.6,0.0002824066320270097,3,7.4,Sege Airport,Solomon Islands,-0.9644335693955481,0.36666666666666664,0.5086540986536476,1.0360116592311246,944.0,1374.0,1520.0
RBV,3,0.0,1.0,0.0001632940349175499,3,10.333333333333334,Ramata Airport,Solomon Islands,,0.0,0.45344362318628173,1.0696733907497822,2275.0,932.0,
VAO,3,0.5,0.6666666666666666,0.00020718915080259034,2,9.333333333333334,Suavanao Airport,Solomon Islands,-1.0448762992117955,0.16666666666666666,0.4703120977424503,0.9628437885025036,1813.0,3377.0,1581.5
EGN,1,0.0,0.0,6.776156376098922e-05,1,23.0,Geneina Airport,Sudan,,0.0,0.4227958037823361,0.9839611625447053,2958.0,2954.0,
EGS,1,0.0,0.0,0.00013213567017947894,1,5.0,Egilsstaðir Airport,Iceland,,0.0,0.4823686780124013,0.9923134974972607,1490.0,2647.0,
EGX,2,0.0,1.0,0.00018606190297165384,2,6.0,Egegik Airport,United States,,0.0,0.4667016650957266,0.9703907862986269,1905.5,3318.5,
EJH,1,0.0,0.0,6.096837411335461e-05,1,111.0,Al Wajh Domestic Airport,Saudi Arabia,,0.0,0.4315600020671118,1.0455823318569812,2720.0,1227.0,
EKO,1,0.0,0.0,6.460594678824188e-05,1,92.0,Elko Regional Airport,United States,,0.0,0.4222619411961352,1.038752932755194,2977.0,1334.0,
EKS,1,0.0,0.0,7.414083519597062e-05,1,12.0,Shakhtyorsk Airport,Russia,,0.0,0.4429481460316119,1.0823952916474808,2477.0,811.0,
ELC,1,0.0,0.0,0.00012812958046503278,1,3.0,Elcho Island Airport,Australia,,0.0,0.4985713916257408,0.9631836594879549,1114.5,3375.5,
HOT,2,0.0,1.0,0.00011457900863951251,2,17.5,Memorial Field,United States,,0.0,0.41231231952120173,0.9859354924145574,3321.0,2881.0,
ELF,1,0.0,0.0,6.776156376098922e-05,1,23.0,El Fasher Airport,Sudan,,0.0,0.4227958037823361,0.9839611625447053,2958.0,2954.0,
ELG,2,0.5833333333333334,0.0,0.00013245765103719168,2,5.5,El Golea Airport,Algeria,-0.7388527105804337,0.2916666666666667,0.5027778369336677,1.3073056587094016,1033.0,203.0,1367.5
ELH,4,2.368253752844415,0.5,0.0001221163438493934,4,74.5,North Eleuthera Airport,Bahamas,-0.7426058408473363,0.5920634382111037,0.4631245170786082,1.0244904993201154,2036.0,1599.0,1374.0
ELI,3,0.5,0.6666666666666666,0.00022673435477033724,2,7.666666666666667,Elim Airport,United States,-1.0448762992117955,0.16666666666666666,0.48211321190990686,0.9696976430727812,1496.0,3329.0,1581.5
GLV,3,0.5,0.6666666666666666,0.0002451435093401536,2,7.0,Golovin Airport,United States,-1.0448762992117955,0.16666666666666666,0.49032160038051,0.9675184497088537,1305.0,3349.0,1581.5
KKA,4,1.3333333333333333,0.6666666666666666,0.00024020481016949564,3,7.0,Koyuk Alfred Adams Airport,United States,-0.9218476592859173,0.3333333333333333,0.491857859438483,0.9791409361862056,1264.0,3082.0,1492.0
ELL,1,0.0,0.0,7.185726933684596e-05,1,83.0,,,,0.0,0.4256890335133918,1.199004260297288,2865.0,345.0,
ELV,2,0.0,1.0,0.00014905302967935724,2,9.0,Elfin Cove Seaplane Base,United States,,0.0,0.4344003476527198,0.9659581740178765,2646.5,3358.5,
KOT,3,32.23333333333334,0.0,0.00026558825768549277,2,3.6666666666666665,Kotlik Airport,United States,0.2550122221961876,10.744444444444447,0.537839196454047,1.140985198075485,529.0,497.0,686.0
ENE,2,0.5,0.0,0.00013887096697553144,2,4.0,Ende (H Hasan Aroeboesman) Airport,Indonesia,-0.7869495821071592,0.25,0.5129457523200878,1.1919150281759057,878.0,368.0,1405.0
ENH,1,0.0,0.0,5.892575474196509e-05,1,66.0,Enshi Airport,China,,0.0,0.44249650256810646,1.0314665021277183,2484.0,1445.0,
NQU,1,0.0,0.0,9.631915673240675e-05,1,8.0,Reyes Murillo Airport,Colombia,,0.0,0.4632759821686361,0.9887168335539643,2020.5,2800.5,
EOI,2,0.0,1.0,0.00010955578183464508,2,7.5,Eday Airport,United Kingdom,,0.0,0.44440544493901585,1.08457656407892,2452.0,791.0,
EPR,2,0.0,1.0,7.707791394739196e-05,2,20.0,Esperance Airport,Australia,,0.0,0.4311554860015237,1.0479740335747472,2733.0,1201.0,
RVT,2,0.0,1.0,0.00010983602737500818,2,20.0,Ravensthorpe Airport,Australia,,0.0,0.4103590371482696,0.9946816721022927,3374.0,2550.0,
ERC,3,0.3210558017577302,0.6666666666666666,9.771633597536263e-05,3,126.33333333333333,Erzincan Airport,Turkey,-1.1830955065359836,0.10701860058591006,0.47324710770151523,1.051792408267406,1739.0,1136.0,1651.0
ERL,2,0.0,1.0,7.65629043097878e-05,2,122.0,Erenhot Saiwusu International Airport,China,,0.0,0.44488722017804433,0.9995952202834842,2439.0,2334.0,
ERM,3,41.726670922041855,0.3333333333333333,0.0001723832671497764,2,12.0,Erechim Airport,Brazil,0.33555482908401635,13.908890307347285,0.4873820972029086,1.0804320613810208,1374.0,834.0,630.0
PFB,4,485.312011667021,0.5,0.00019684648823062258,3,43.75,Lauro Kurtz Airport,Brazil,0.9181217733788696,121.32800291675525,0.46754961735000167,1.0392282063992517,1885.0,1327.0,347.0
ERN,1,0.0,0.0,0.00013805927874199956,1,5.0,Eirunepé Airport,Brazil,,0.0,0.4866059156799523,1.0050201340355651,1392.5,2147.5,
TFF,5,13574.0,0.0,0.0005520570757518022,1,4.4,Tefé Airport,Brazil,1.8155239136968944,2714.8,0.5916434898432875,1.0700524057973655,127.0,925.0,87.5
ERS,3,2.0,0.3333333333333333,0.000432352990404342,2,1.6666666666666667,Eros Airport,Namibia,-0.612335736564099,0.6666666666666666,0.5864744806219383,1.5021346895290104,147.0,66.0,1295.0
MPA,2,0.0,1.0,0.0002899297214118488,2,2.5,Katima Mulilo Airport,Namibia,,0.0,0.5496599135518894,1.5962929615359016,385.5,53.0,
NDU,2,0.0,1.0,0.0002899297214116578,2,2.5,Rundu Airport,Namibia,,0.0,0.5496599135518894,1.5962929615353316,385.5,54.0,
OND,1,0.0,0.0,0.00016670958981189422,1,3.0,Ondangwa Airport,Namibia,,0.0,0.5221455369014295,1.0385602491583352,739.0,1339.0,
ERZ,3,0.3210558017577302,0.6666666666666666,9.771633597536263e-05,3,126.33333333333333,Erzurum International Airport,Turkey,-1.1830955065359836,0.10701860058591006,0.47324710770151523,1.051792408267406,1739.0,1136.0,1651.0
IGD,2,0.0,1.0,8.226399007810747e-05,2,140.5,Iğdır Airport,Turkey,,0.0,0.447073088375064,0.9887945166035242,2404.5,2795.5,
KCM,3,0.3210558017577302,0.6666666666666666,9.771633597536263e-05,3,126.33333333333333,Kahramanmaraş Airport,Turkey,-1.1830955065359836,0.10701860058591006,0.47324710770151523,1.051792408267406,1739.0,1136.0,1651.0
KCO,1,0.0,0.0,6.574057847477773e-05,1,45.0,Cengiz Topel Airport,Turkey,,0.0,0.41359900918913056,0.9986453324107394,3249.0,2375.0,
KSY,3,0.3210558017577302,0.6666666666666666,9.771633597536263e-05,3,126.33333333333333,Kars Airport,Turkey,-1.1830955065359836,0.10701860058591006,0.47324710770151523,1.051792408267406,1739.0,1136.0,1651.0
MLX,3,0.3210558017577302,0.6666666666666666,9.771633597536263e-05,3,126.33333333333333,Malatya Erhaç Airport,Turkey,-1.1830955065359836,0.10701860058591006,0.47324710770151523,1.051792408267406,1739.0,1136.0,1651.0
MSR,3,0.3210558017577302,0.6666666666666666,9.771633597536263e-05,3,126.33333333333333,Muş Airport,Turkey,-1.1830955065359836,0.10701860058591006,0.47324710770151523,1.051792408267406,1739.0,1136.0,1651.0
TEQ,1,0.0,0.0,6.574057847477773e-05,1,45.0,Tekirdağ Çorlu Airport,Turkey,,0.0,0.41359900918913056,0.9986453324107394,3249.0,2375.0,
FRD,2,0.0,1.0,0.0002465806379454647,2,2.5,Friday Harbor Airport,United States,,0.0,0.5384285294114415,1.4795643522910202,522.0,73.0,
ESU,2,0.0,1.0,7.421373478536393e-05,2,104.5,Mogador Airport,Morocco,,0.0,0.44307756088744915,1.0038860638087086,2475.0,2183.0,
ETH,3,6788.0,0.3333333333333333,0.00021221361371610408,2,27.666666666666668,Eilat Airport,Israel,1.9242488346494437,2262.6666666666665,0.5003773120371338,1.0165180837444248,1076.0,1792.0,73.0
HFA,2,0.0,1.0,0.00018145524594273784,2,2.5,Haifa International Airport,Israel,,0.0,0.515590412129016,1.3269162688909324,841.5,179.0,
SDV,2,0.0,1.0,0.00018145524594270074,2,2.5,Sde Dov Airport,Israel,,0.0,0.515590412129016,1.326916268890973,841.5,178.0,
ETR,1,0.0,0.0,7.659661048944568e-05,1,26.0,Santa Rosa International Airport,Ecuador,,0.0,0.4199094551850525,1.0188695732945652,3030.5,1731.0,
EUX,1,0.0,0.0,6.407421799076797e-05,1,34.0,F. D. Roosevelt Airport,Netherlands Antilles,,0.0,0.42117537207772493,1.0213053623069723,3013.0,1668.0,
YQM,7,137.53706898447638,0.7142857142857143,0.0001879652245993325,6,80.14285714285714,Greater Moncton International Airport,Canada,0.16872031751536418,19.648152712068054,0.46333990097655275,0.9922129714118479,2007.0,2660.0,742.0
YYT,13,15662.777527169843,0.3717948717948718,0.0003831331524914564,7,58.15384615384615,St. John's International Airport,Canada,1.2523572138910066,1204.8290405515263,0.5040607558121083,1.0201060580314905,1013.0,1716.0,251.0
EXI,1,0.0,0.0,0.00012334523978248905,1,16.0,,,,0.0,0.46701274006951626,1.2717956345007921,1896.5,245.5,
ISC,3,3395.0,0.3333333333333333,0.00015954020295120346,2,8.333333333333334,St. Mary's Airport,United Kingdom,1.7080704702690668,1131.6666666666667,0.5088936682262972,1.0022556239783487,940.0,2237.0,129.0
EYK,4,51.59123603594227,0.6666666666666666,0.00013599024811521257,3,37.25,Beloyarskiy Airport,Russia,0.21876539600960074,12.897809008985568,0.4562764968622133,1.0087311596394917,2208.0,2025.0,711.0
NYA,3,0.6052631578947368,0.3333333333333333,0.00011110709101184054,3,30.0,Nyagan Airport,Russia,-0.9852647607652475,0.20175438596491227,0.48412656603959275,1.303907662102962,1460.0,208.0,1529.0
OVS,5,2.1532077744349527,0.6,0.00015074788947295017,4,34.2,Sovetskiy Airport,Russia,-0.9142548800837695,0.4306415548869905,0.45418643149082977,0.993225526161672,2269.0,2610.0,1485.0
GAL,6,5763.948484848727,0.4666666666666667,0.0004102848330296388,3,7.333333333333333,Edward G. Pitka Sr Airport,United States,1.4322957415357356,960.6580808081212,0.5251680593293961,1.0018510655008603,695.0,2247.0,198.0
HKB,1,0.0,0.0,0.00012748826315279197,1,24.0,,,,0.0,0.46823204130369406,1.475246048629237,1865.0,76.0,
KBC,2,0.0,1.0,0.00012748826315279197,2,14.5,,,,0.0,0.41447283796935674,1.0049911972433705,3221.0,2150.0,
LMA,1,0.0,0.0,0.00012748826315279197,1,24.0,Minchumina Airport,United States,,0.0,0.46823204130369406,1.475246048629237,1865.0,76.0,
MLY,2,0.0,1.0,0.00012748826315279197,2,13.0,Manley Hot Springs Airport,United States,,0.0,0.41643479269026284,0.9857021912943121,3166.5,2896.5,
RBY,4,678.0484848484963,0.6666666666666666,0.0003317155998398584,3,10.0,Ruby Airport,United States,1.0224669657847212,169.51212121212407,0.507043303400732,1.0689006188829748,971.0,937.0,308.0
RMP,1,0.0,0.0,0.00012748826315279197,1,24.0,,,,0.0,0.46823204130369406,1.475246048629237,1865.0,76.0,
SVS,2,0.0,1.0,0.0002217187185265683,2,13.0,,,,0.0,0.4531737444297441,1.0953151852632135,2283.5,708.0,
TAL,4,677.8818181818295,0.6666666666666666,0.0003241237345267132,3,9.5,,,1.022390262711505,169.4704545454574,0.5073652461608598,1.0711312024487767,965.0,912.0,309.0
WBQ,2,0.0,1.0,0.00022171871852653258,2,13.0,Beaver Airport,United States,,0.0,0.4531737444297441,1.095315185263123,2283.5,709.0,
FAV,2,0.0,1.0,0.0001824464620293624,2,19.0,Fakarava Airport,French Polynesia,,0.0,0.438195166356582,1.2736064001652685,2572.5,239.5,
KGA,3,1.0333333333333334,0.6666666666666666,0.00019137845746353935,2,9.666666666666666,Kananga Airport,Congo (Kinshasa),-0.8183751976446063,0.3444444444444445,0.469723085117863,0.9639071117132022,1826.0,3369.0,1435.0
MJM,2,0.0,1.0,0.00013107187002638545,2,13.5,Mbuji Mayi Airport,Congo (Kinshasa),,0.0,0.4151170453642014,0.9936804317242699,3201.0,2592.0,
NLA,8,1207.6896465428272,0.42857142857142855,0.0002728792450901595,5,32.125,Simon Mwansa Kapwepwe International Airport,Zambia,0.7616459311213373,150.9612058178534,0.4800534590234832,1.0001032120499342,1555.0,2314.0,411.0
FBS,2,13568.000000000002,0.0,0.00022445602900806827,1,2.5,,,2.3982619179164826,6784.000000000001,0.5740598927899891,1.0105190553539813,204.0,1968.0,3.0
LKE,3,23733.0,0.0,0.0002390960319574092,1,32.666666666666664,,,2.314797496073344,7911.0,0.5574896665312026,1.1019875987718437,305.0,657.0,6.0
LUZ,6,2.1196743619756573,0.5333333333333333,0.00012011725391369935,6,98.33333333333333,Lublin Airport,Poland,-1.0351316992211725,0.3532790603292762,0.47612044740427223,1.0277082126258354,1664.0,1527.0,1559.0
REG,4,0.1529189352692075,0.5,9.49507111017112e-05,4,74.25,Reggio Calabria Airport,Italy,-1.597518955128094,0.038229733817301874,0.48028978519311466,1.0576714350434486,1548.0,1063.0,1762.0
FEN,2,0.0,1.0,9.100389499572283e-05,2,14.0,Fernando de Noronha Airport,Brazil,,0.0,0.4252833952601331,1.0395097472457961,2878.0,1324.0,
FKI,3,13554.999999999996,0.0,0.00021241192974799875,2,8.666666666666666,Bangoka International Airport,Congo (Kinshasa),2.1400361072660545,4518.333333333332,0.5340373100946415,1.0038752770024142,568.0,2185.0,23.0
TSH,2,0.0,1.0,0.00014189785279330327,2,11.5,Tshikapa Airport,Congo (Kinshasa),,0.0,0.4223969730040025,1.0071513536472754,2972.0,2077.0,
KNG,3,0.5,0.6666666666666666,0.00016600172757966458,3,5.666666666666667,Kaimana Airport,Indonesia,-1.0448762992117955,0.16666666666666666,0.4880139225569137,1.013034292934452,1359.0,1896.0,1581.5
FLG,1,0.0,0.0,6.20364320912512e-05,1,91.0,Flagstaff Pulliam Airport,United States,,0.0,0.4232856862326524,0.9315756583751595,2943.5,3422.5,
GHB,3,0.0,1.0,0.00010758078835830278,3,47.666666666666664,Governor's Harbour Airport,Bahamas,,0.0,0.4300387616798162,0.9784509596195398,2769.0,3114.0,
IAG,5,29.33660390063381,0.1,0.00013848667642266883,5,43.8,Niagara Falls International Airport,United States,-0.09931765775138196,5.867320780126763,0.5146921800124075,1.0945230657765725,856.0,716.0,915.0
LBE,3,0.16631701631701634,0.6666666666666666,9.783811031452331e-05,3,74.0,Arnold Palmer Regional Airport,United States,-1.388311843465197,0.05543900543900545,0.45854317871396644,1.0030543577637028,2151.0,2206.0,1722.0
MHH,6,3.3017476447972096,0.5333333333333333,0.000154449069974729,6,71.0,Leonard M Thompson International Airport,Bahamas,-0.8968512469153384,0.5502912741328683,0.46486469548462844,1.0324275135286696,1966.0,1428.0,1481.0
ORH,2,0.0,1.0,7.818305814218302e-05,2,99.5,Worcester Regional Airport,United States,,0.0,0.4337787257648667,0.9856756583770881,2676.0,2900.0,
TCB,1,0.0,0.0,6.187787619051694e-05,1,97.0,Treasure Cay Airport,Bahamas,,0.0,0.4245950958146225,0.9166824974550479,2912.5,3424.5,
ZSA,4,23.89850516947294,0.6666666666666666,0.00010681156061927968,4,63.5,San Salvador Airport,Bahamas,-0.021339087839906817,5.974626292368235,0.46493022205585116,0.9999048956736644,1964.0,2324.0,865.0
FLS,2,6788.0,0.0,0.00016999137875914382,1,3.5,Flinders Island Airport,Australia,2.18217555175408,3394.0,0.5572355950371143,0.9665564003274505,308.0,3356.0,15.0
TER,8,3750.1758986909786,0.35714285714285715,0.00033173972860075157,3,24.5,Lajes Airport,Portugal,1.115184800169879,468.7719873363723,0.49936363276397117,1.011234906704914,1097.0,1951.0,280.0
SOW,2,2.8533300033300035,0.0,0.00010678615508583899,2,47.0,Show Low Regional Airport,United States,-0.24353879241998866,1.4266650016650018,0.49557858874775346,1.0629189505791474,1173.0,1009.0,1024.0
FNJ,4,5.8659981262551035,0.5,0.00011506958730052912,4,99.0,Pyongyang Sunan International Airport,North Korea,-0.4596047284690265,1.4664995315637759,0.46956046339512236,1.0079965029970017,1830.0,2041.0,1187.0
FOE,1,0.0,0.0,6.191628392609612e-05,1,206.0,Topeka Regional Airport - Forbes Field,United States,,0.0,0.47326570445639776,0.9857401378106572,1731.5,2891.5,
FON,2,0.0,1.0,7.334025555090502e-05,2,20.5,Arenal Airport,Costa Rica,,0.0,0.4414401723176494,1.0499008429147592,2506.0,1171.0,
XQP,3,0.5,0.6666666666666666,0.00010450986416001352,2,14.0,Quepos Managua Airport,Costa Rica,-1.0448762992117955,0.16666666666666666,0.4699260991808278,1.1258455000459853,1822.0,545.0,1581.5
PHB,2,0.0,1.0,9.760303828827287e-05,2,13.0,Prefeito Doutor João Silva Filho Airport,Brazil,,0.0,0.4228831562450048,1.0663282286869695,2956.0,972.0,
FRE,2,0.0,1.0,0.00010328262561185983,2,12.0,Fera/Maringe Airport,Solomon Islands,,0.0,0.42275690244409336,1.0770399192342297,2960.0,858.0,
FRW,2,0.0,1.0,0.00010399682244302079,2,45.5,Francistown Airport,Botswana,,0.0,0.4098204227699972,1.0084756451668953,3381.0,2031.0,
FSP,3,0.0,1.0,0.00011332917104845333,3,47.333333333333336,St Pierre Airport,Saint Pierre and Miquelon,,0.0,0.42851557909569415,0.9770691670191209,2796.0,3174.0,
KOJ,12,178.41092422450967,0.6363636363636364,0.00028017869142765375,9,72.58333333333333,Kagoshima Airport,Japan,-0.09296484676383025,14.86757701870914,0.4709949827820593,0.990376830932546,1801.0,2718.0,913.0
FTU,2,0.0,1.0,0.00012676116592448157,2,12.0,Tôlanaro Airport,Madagascar,,0.0,0.4182781450274893,0.9989948427289004,3093.5,2364.0,
TLE,3,0.5,0.6666666666666666,0.00018273362880017504,2,8.333333333333334,Toliara Airport,Madagascar,-1.0448762992117955,0.16666666666666666,0.47157646757508515,0.9704852449931239,1789.0,3311.0,1581.5
FUJ,2,0.3398692810457516,0.0,9.000000613786798e-05,2,24.0,Fukue Airport,Japan,-0.9074009096867146,0.1699346405228758,0.48738789757761336,2.086405761347867,1372.5,30.5,1482.5
NGS,11,4250.229417476836,0.3090909090909091,0.00034519753562163417,7,48.0,Nagasaki Airport,Japan,0.9516628610908674,386.38449249789414,0.48523123134035945,1.0159733074563078,1431.0,1808.0,331.0
ISG,7,37.494005217005544,0.7619047619047619,0.00019414230551842462,6,49.857142857142854,New Ishigaki Airport,Japan,-0.23680563327037418,5.35628645957222,0.4611637176654525,0.995279012938759,2080.0,2521.0,1017.0
KMI,7,5.133294297260441,0.8571428571428572,0.00018607705306428285,7,63.42857142857143,Miyazaki Airport,Japan,-0.8572208526892646,0.7333277567514916,0.47360451177571705,1.0034358322657322,1722.0,2191.0,1460.0
TSJ,2,0.3398692810457516,0.0,9.000000613786798e-05,2,24.0,Tsushima Airport,Japan,-0.9074009096867146,0.1699346405228758,0.48738789757761336,2.086405761347867,1372.5,30.5,1482.5
FUN,1,0.0,0.0,9.221286736983767e-05,1,12.0,Funafuti International Airport,Tuvalu,,0.0,0.4500606295202993,1.1428519802086794,2344.5,491.5,
SUV,12,14323.091973091128,0.16666666666666666,0.0006776935271383618,4,14.75,Nausori International Airport,Fiji,1.275376185107913,1193.590997757594,0.5500544890468542,1.0064369821685044,379.0,2102.0,242.0
FUO,1,0.0,0.0,6.184090442600909e-05,1,40.0,Foshan Shadi Airport,China,,0.0,0.4244698494786411,1.0411739044863988,2914.0,1296.0,
FUT,1,0.0,0.0,0.00010187379987777426,1,3.0,Pointe Vele Airport,Wallis and Futuna,,0.0,0.4953343318840863,0.9943446796766995,1178.5,2560.0,
WLS,3,3395.0,0.3333333333333333,0.00020352079063617491,2,11.333333333333334,Hihifo Airport,Wallis and Futuna,1.7080704702690668,1131.6666666666667,0.49164553936308186,0.9760362049473741,1269.0,3197.0,129.0
FVM,1,0.0,0.0,6.39205771485298e-05,1,29.0,,,,0.0,0.4232082496041319,1.0021481835470998,2946.0,2240.0,
GAE,3,0.0,1.0,8.490403099265798e-05,3,22.666666666666668,Gabès Matmata International Airport,Tunisia,,0.0,0.4542526363833848,1.4054820575663414,2267.0,121.0,
TOE,4,67.6628502483271,0.6666666666666666,0.00013709031227584277,3,47.5,Tozeur Nefta International Airport,Tunisia,0.3033785352566694,16.915712562081776,0.45661515313036316,0.995894730728277,2200.0,2493.0,651.0
GAF,3,0.0,1.0,5.9581776135198595e-05,3,22.666666666666668,Gafsa Ksar International Airport,Tunisia,,0.0,0.48559312047516134,1.6662720496112418,1422.0,50.0,
GAJ,3,123.90021271986159,0.3333333333333333,0.00012651071466168075,3,34.0,Yamagata Airport,Japan,0.6751287860772912,41.300070906620526,0.4914844019056173,1.113302525756775,1277.5,596.5,462.5
HSL,6,6.933333333333334,0.33333333333333337,0.0002508462173893002,3,4.166666666666667,Huslia Airport,United States,-0.6653729984974265,1.1555555555555557,0.5386139725165221,1.144296936616594,515.0,488.0,1330.0
KAL,3,0.7,0.6666666666666666,0.00015901115927335763,3,5.0,Kaltag Airport,United States,-0.9398929027375443,0.2333333333333333,0.4936518642039028,1.0687623731480715,1227.0,938.0,1504.0
NUL,3,0.3333333333333333,0.6666666666666666,0.00015901115927334178,3,4.333333333333333,Nulato Airport,United States,-1.1713863038066616,0.1111111111111111,0.5004505483631526,1.1128134985422535,1068.0,599.0,1640.5
GAM,2,0.0,1.0,0.0001847539216747064,2,9.0,Gambell Airport,United States,,0.0,0.44750257998022225,1.0118474794543797,2396.5,1936.0,
SVA,2,0.0,1.0,0.00018475392167468287,2,9.0,Savoonga Airport,United States,,0.0,0.44750257998022225,1.0118474794543886,2396.5,1935.0,
KDM,2,0.0,1.0,9.948872132765766e-05,2,16.0,Kaadedhdhoo Airport,Maldives,,0.0,0.4175390171774005,1.0228485871550328,3118.0,1630.0,
GAO,1,0.0,0.0,6.348724719443283e-05,1,33.0,Mariana Grajales Airport,Cuba,,0.0,0.4224683705415892,1.017257153075085,2971.0,1774.0,
GBT,5,4.936704762291123,0.8,0.00015286578355200702,5,47.8,Gorgan Airport,Iran,-0.6553661979798174,0.9873409524582246,0.4549745318634504,1.0070443183606879,2256.0,2082.0,1320.0
GCH,1,0.0,0.0,8.213757479852197e-05,1,38.0,Gachsaran Airport,Iran,,0.0,0.4251059816896232,1.0205693747739042,2888.0,1687.0,
LCE,7,6862.117592967934,0.19047619047619047,0.00023088941906368603,4,8.428571428571429,Goloson International Airport,Honduras,1.3886493805171614,980.3025132811334,0.5331117849496303,1.0540821733393073,582.0,1109.0,207.0
GCN,1,0.0,0.0,8.732916145936995e-05,1,4.0,Grand Canyon National Park Airport,United States,,0.0,0.4872068994718533,1.02703423102336,1379.0,1543.0,
GDE,1,0.0,0.0,0.0001001674745686641,1,3.0,Gode Airport,Ethiopia,,0.0,0.4958335179872019,0.9962684832923208,1165.0,2474.0,
LMM,5,0.14285714285714285,0.9,0.0001494020475702515,5,38.0,Valle del Fuerte International Airport,Mexico,-1.7607026903055776,0.02857142857142857,0.4665127948938243,1.117692168266522,1915.0,575.0,1779.0
MXL,3,0.0,1.0,0.00010706078500947199,3,49.666666666666664,General Rodolfo Sánchez Taboada International Airport,Mexico,,0.0,0.42892740874556673,0.9837091987035537,2790.0,2959.0,
GDT,3,3395.0,0.3333333333333333,0.00020622883108791236,2,8.0,JAGS McCartney International Airport,Turks and Caicos Islands,1.7080704702690668,1131.6666666666667,0.4990553392460601,0.9780138291522831,1107.0,3138.0,129.0
SLX,1,0.0,0.0,0.0001026410780057666,1,3.0,Salt Cay Airport,Turks and Caicos Islands,,0.0,0.49575835862535655,0.9934969442219042,1168.0,2598.0,
XSC,2,0.0,1.0,0.00012450204696458654,2,12.0,South Caicos Airport,Turks and Caicos Islands,,0.0,0.41919396030531,0.9997637297705032,3053.0,2329.0,
GDZ,1,0.0,0.0,5.9430899013178204e-05,1,144.0,Gelendzhik Airport,Russia,,0.0,0.4569334633375328,1.0044451715888354,2195.0,2169.0,
ILP,1,0.0,0.0,0.00015673420118757987,1,9.0,Île des Pins Airport,New Caledonia,,0.0,0.4977923756250189,1.1617027438111038,1125.5,442.5,
KNQ,1,0.0,0.0,0.00015673420118757987,1,9.0,Koné Airport,New Caledonia,,0.0,0.4977923756250189,1.1617027438111038,1125.5,442.5,
LIF,3,0.5,0.6666666666666666,0.00038194283933718696,2,4.333333333333333,Lifou Airport,New Caledonia,-1.0448762992117955,0.16666666666666666,0.5333369776707779,1.2418485516525786,578.0,275.0,1581.5
MEE,1,0.0,0.0,0.00015673420118757987,1,9.0,Maré Airport,New Caledonia,,0.0,0.4977923756250189,1.1617027438111038,1125.5,442.5,
TGJ,2,0.0,1.0,0.00026495133899953773,2,6.0,Tiga Airport,New Caledonia,,0.0,0.49907439866024195,1.0758649107942344,1105.5,870.5,
TOU,1,0.0,0.0,0.00015673420118757987,1,9.0,Touho Airport,New Caledonia,,0.0,0.4977923756250189,1.1617027438111038,1125.5,442.5,
UVE,2,0.0,1.0,0.00026495133899953773,2,6.0,Ouvéa Airport,New Caledonia,,0.0,0.49907439866024195,1.0758649107942344,1105.5,870.5,
GEL,3,1.0,0.6666666666666666,0.00017480462627730205,2,11.333333333333334,Santo Ângelo Airport,Brazil,-0.8286060178879473,0.3333333333333333,0.45992722316280554,0.9791261375321091,2111.0,3083.0,1446.0
RIA,3,3395.0,0.3333333333333333,0.00024303097613954727,2,11.0,Santa Maria Airport,Brazil,1.7080704702690668,1131.6666666666667,0.49300204359409644,0.9648151545792395,1239.0,3367.0,129.0
GEO,7,1583.1141104389096,0.5238095238095238,0.0002007312026872068,6,71.42857142857143,Cheddi Jagan International Airport,Guyana,0.9310455576114327,226.15915863412994,0.47231618006301335,1.0150593347353947,1768.0,1823.0,340.0
GET,1,0.0,0.0,7.707791394739196e-05,1,38.0,Geraldton Airport,Australia,,0.0,0.41840789834752773,0.9981954031522774,3089.0,2408.0,
GFF,2,0.0,1.0,0.00013124192899188116,2,43.5,Griffith Airport,Australia,,0.0,0.41593763970468056,1.1004879537998233,3186.5,666.5,
NRA,2,0.0,1.0,0.00013124192899185237,2,43.5,Narrandera Airport,Australia,,0.0,0.41593763970468056,1.1004879537996035,3186.5,668.5,
TVF,1,0.0,0.0,7.593930806363891e-05,1,5.0,Thief River Falls Regional Airport,United States,,0.0,0.4734130916028189,1.1167523354733215,1726.0,584.0,
GFN,1,0.0,0.0,0.00011942359649564731,1,2.0,Grafton Airport,Australia,,0.0,0.5229774318717301,0.9959936137313855,721.0,2488.0,
TRO,2,3394.9999999999995,0.0,0.00017697416619164412,1,43.0,Taree Airport,Australia,1.9659971873737032,1697.4999999999998,0.5396332308352348,1.0782924134921281,504.0,844.0,47.0
GHE,2,0.0,1.0,0.00015263720524889078,2,8.5,,,,0.0,0.4378323051646041,0.9704537674215364,2586.0,3314.0,
GHT,1,0.0,0.0,6.563031377688554e-05,1,25.0,Ghat Airport,Libya,,0.0,0.4239993219312698,1.0131945201236696,2936.0,1892.0,
GIL,1,0.0,0.0,6.283757013090139e-05,1,38.0,Gilgit Airport,Pakistan,,0.0,0.4241067491793941,1.059224570910224,2928.5,1048.5,
TRR,1,0.0,0.0,0.00012002476428221353,1,3.0,China Bay Airport,Sri Lanka,,0.0,0.49748683961432133,0.9744170251989436,1138.5,3233.5,
GJA,1,0.0,0.0,7.224614817907758e-05,1,7.0,La Laguna Airport,Honduras,,0.0,0.4672935300499362,1.0286248649994054,1890.5,1513.0,
GKA,4,0.0,1.0,0.00022603768404502836,4,15.0,Goroka Airport,Papua New Guinea,,0.0,0.4891147743611793,1.0925862989387973,1332.0,741.0,
HGU,9,10.5,0.3888888888888889,0.00047191607030693097,4,8.0,Mount Hagen Kagamuga Airport,Papua New Guinea,-0.7938039268600178,1.1666666666666667,0.5490308009465809,1.2183605602298917,392.0,307.0,1413.0
MAG,7,3.6666666666666665,0.5714285714285714,0.00037469832023628575,4,9.857142857142858,Madang Airport,Papua New Guinea,-0.9622018764806746,0.5238095238095238,0.5268554595854451,1.1136201450022722,673.0,595.0,1518.0
GKK,2,0.0,1.0,0.0001111662211278529,2,15.5,Kooddoo Airport,Maldives,,0.0,0.41604110030312197,1.0271141714632752,3182.5,1542.0,
KDO,2,0.0,1.0,0.0001111662211278191,2,15.5,Kadhdhoo Airport,Maldives,,0.0,0.41604110030312197,1.027114171463609,3182.5,1541.0,
ILY,1,0.0,0.0,5.8987302483228585e-05,1,63.0,Islay Airport,United Kingdom,,0.0,0.44060752738847836,1.0185809138919284,2515.5,1740.5,
TRE,1,0.0,0.0,5.8987302483228585e-05,1,63.0,Tiree Airport,United Kingdom,,0.0,0.44060752738847836,1.0185809138919284,2515.5,1740.5,
GLF,2,0.0,1.0,0.0001275482705232874,2,20.0,Golfito Airport,Costa Rica,,0.0,0.40968630938254147,0.9722824311992596,3383.5,3276.0,
PJM,2,0.0,1.0,0.00012754827052325262,2,20.0,Puerto Jimenez Airport,Costa Rica,,0.0,0.40968630938254147,0.9722824311992658,3383.5,3275.0,
GLH,1,0.0,0.0,0.00011082471119767484,1,2.0,Mid Delta Regional Airport,United States,,0.0,0.5212356293394024,0.9910440041185211,753.0,2702.0,
WJR,5,1100.2833182439374,0.5,0.0002715627710882591,3,19.6,Wajir Airport,Kenya,1.0315659972006694,220.0566636487875,0.48062469159550486,0.9888542672270176,1540.0,2791.0,304.0
TTA,2,0.0,1.0,7.558814938650823e-05,2,48.0,Tan Tan Airport,Morocco,,0.0,0.4267394821859321,1.1931240455048886,2846.0,366.0,
GLO,1,0.0,0.0,6.232452738173348e-05,1,10.0,Gloucestershire Airport,United Kingdom,,0.0,0.464682829005675,1.214168436022841,1976.0,312.0,
WMO,2,0.0,1.0,0.00017569083260930845,2,9.5,White Mountain Airport,United States,,0.0,0.4425517366852686,1.0090629425303617,2482.0,2011.0,
GMA,1,0.0,0.0,0.00017713224919249328,1,3.0,Gemena Airport,Congo (Kinshasa),,0.0,0.5257676695065682,1.063830094084649,687.0,1003.0,
GMR,2,0.0,1.0,8.781874969089442e-05,2,17.5,Totegegie Airport,French Polynesia,,0.0,0.41942580167290483,1.0032326402386955,3044.5,2199.0,
GMZ,1,0.0,0.0,6.114869068822805e-05,1,17.0,La Gomera Airport,Spain,,0.0,0.4494361463870141,1.2308503086265363,2352.0,293.0,
GNM,2,0.0,1.0,0.00010541053630277347,2,16.0,Guanambi Airport,Brazil,,0.0,0.41646545651144523,1.033361528218207,3164.0,1417.0,
PTU,2,0.0,1.0,0.0001584436899143864,2,15.5,Platinum Airport,United States,,0.0,0.4242273737797417,1.0609929376213516,2923.5,1027.5,
GOH,9,56315.28976051956,0.19444444444444445,0.0006102119349195522,3,7.666666666666667,Godthaab / Nuuk Airport,Greenland,1.8855516389363665,6257.2544178355065,0.5723364830512856,1.0154428806143243,216.0,1817.0,77.0
JAV,5,67627.11746847231,0.2,0.00039503889011915634,3,6.2,Ilulissat Airport,Greenland,2.3165693733658874,13525.423493694461,0.5681330501836112,1.0369312776918762,237.0,1362.0,5.0
JFR,2,0.0,1.0,0.0001641905853804231,2,7.0,Paamiut Heliport,Greenland,,0.0,0.44939102412310133,0.9725965905364161,2353.0,3266.0,
JHS,3,11.117468472287747,0.6666666666666666,0.00022178953181473297,3,6.666666666666667,Sisimiut Airport,Greenland,-0.07711947193634881,3.705822824095916,0.49254808432009,1.1241416294853555,1250.0,551.0,902.0
JSU,2,0.0,1.0,0.00015684613550274616,2,8.5,Maniitsoq Airport,Greenland,,0.0,0.43923572015541523,0.9669278641974378,2538.0,3351.0,
UAK,5,40667.74815994689,0.3,0.0003667640137023976,2,6.0,Narsarsuaq Airport,Greenland,2.1578882447468115,8133.549631989377,0.5586910714135899,1.011639922085401,296.0,1939.0,21.0
GOQ,2,0.0,1.0,7.847041978234541e-05,2,52.5,Golmud Airport,China,,0.0,0.41983856697885097,1.1095037723129915,3034.0,613.0,
GPS,1,0.0,0.0,7.30102912195249e-05,1,19.0,Seymour Airport,Ecuador,,0.0,0.4242982051381116,0.9665616508891238,2919.5,3354.5,
GRP,2,6788.0,0.0,0.00011372913391076137,1,2.0,Gurupi Airport,Brazil,2.18217555175408,3394.0,0.5875922329840457,1.103593149952179,144.0,648.0,15.0
MQH,2,10179.0,0.0,0.0001408793396883887,1,23.5,Minaçu Airport,Brazil,2.3085936123192967,5089.5,0.5493208805865588,1.0586464897959817,388.0,1055.0,8.0
GRW,1,0.0,0.0,7.945692202801617e-05,1,8.0,Graciosa Airport,Portugal,,0.0,0.45821122007233545,1.0176704291252452,2163.0,1763.0,
TZL,3,2.310895679388015,0.0,9.623102408962117e-05,3,14.666666666666666,Tuzla International Airport,Bosnia and Herzegovina,-0.5672537349472162,0.770298559796005,0.5248447670686325,1.1060892983485109,700.0,628.0,1264.0
GST,2,0.0,1.0,0.00021451346049126355,2,9.0,Gustavus Airport,United States,,0.0,0.45884547410924326,1.033383426236622,2144.5,1411.5,
HNH,2,0.0,1.0,0.00021451346049123406,2,9.0,Hoonah Airport,United States,,0.0,0.45884547410924326,1.0333834262365338,2144.5,1413.5,
GTO,2,0.0,1.0,0.0001263270645319045,2,18.5,Jalaluddin Airport,Indonesia,,0.0,0.4104713659229054,0.970066916727166,3364.0,3325.0,
TAP,2,0.0,1.0,8.956718378875248e-05,2,58.0,Tapachula International Airport,Mexico,,0.0,0.4134031417336664,0.9941917404637594,3261.0,2566.0,
ROP,2,0.0,1.0,8.588665680266076e-05,2,14.5,Rota International Airport,Northern Mariana Islands,,0.0,0.42730207418644306,1.0265410678388227,2831.0,1549.0,
ROR,6,1154.2173255956031,0.7333333333333333,0.00018484677170400036,5,73.16666666666667,Babelthuap Airport,Palau,0.9305178596678986,192.36955426593386,0.4808256173462525,1.1137639869907034,1531.0,594.0,342.0
TKK,2,3593.1026712435505,0.0,0.00013805351833366225,2,11.0,Chuuk International Airport,Micronesia,1.9836921159424517,1796.5513356217753,0.5218941212134383,1.028657205672915,745.0,1511.0,31.0
YAP,2,0.0,1.0,9.334020955392721e-05,2,12.5,Yap International Airport,Micronesia,,0.0,0.42569862095168925,1.0896984784408779,2859.0,752.0,
GUR,4,5085.307634674596,0.16666666666666666,0.0002865450769718975,2,10.5,Gurney Airport,Papua New Guinea,1.6511375766767329,1271.326908668649,0.5109820147165968,0.991874030322483,897.0,2673.0,151.0
LSA,1,0.0,0.0,0.00010510040472071588,1,4.0,,,,0.0,0.4878050850318802,0.9914828277771378,1363.0,2682.0,
MIS,2,1.0,0.0,0.00010510040472071588,2,4.0,Misima Island Airport,Papua New Guinea,-0.5706793007833109,0.5,0.5229724651245294,1.3767052515830964,722.0,146.0,1269.5
PNP,4,3.083333333333333,0.5,0.00032094910049856396,2,12.5,Girua Airport,Papua New Guinea,-0.6602788396532692,0.7708333333333333,0.5036700140947574,1.1149086276628501,1018.0,588.0,1325.0
URA,3,0.0,1.0,0.00010291773801363673,3,19.333333333333332,Uralsk Airport,Kazakhstan,,0.0,0.4415912723862914,1.4449225933009422,2505.0,88.0,
LUG,2,0.0,1.0,6.889145047064351e-05,2,119.0,Lugano Airport,Switzerland,,0.0,0.462432574329359,1.1870579956954368,2051.0,373.0,
GVR,1,0.0,0.0,8.388128881196885e-05,1,12.0,Coronel Altino Machado de Oliveira Airport,Brazil,,0.0,0.445976663190654,1.0829741335108272,2421.0,802.0,
GWD,3,0.0,1.0,0.00010624776468160217,3,32.666666666666664,Gwadar International Airport,Pakistan,,0.0,0.4323826457561583,1.102885406172824,2705.0,653.0,
TUK,6,54.885134397961686,0.5333333333333333,0.0001568101056783883,4,30.833333333333332,Turbat International Airport,Pakistan,-0.019850669264927998,9.14752239966028,0.46415727003351265,1.0304536468841603,1986.0,1472.0,863.0
GXH,2,0.0,1.0,8.152605137662402e-05,2,50.5,Gannan Xiahe Airport,China,,0.0,0.4175704401732965,1.0990745019244332,3104.0,677.0,
GYA,1,0.0,0.0,0.00011093006936210785,1,7.0,Capitán de Av. Emilio Beltrán Airport,Bolivia,,0.0,0.4728258628110042,1.0049241741724406,1755.5,2153.5,
LOH,2,0.0,1.0,0.00010539732584472903,2,22.5,Camilo Ponce Enriquez Airport,Ecuador,,0.0,0.41123858242773953,1.0225736452588816,3342.5,1638.5,
LTX,2,3.450461713350344,0.0,0.00012883460036920596,2,10.5,Cotopaxi International Airport,Ecuador,-0.1842498492181417,1.725230856675172,0.49511723440266553,1.1252417638607555,1184.0,547.0,974.0
SCY,1,0.0,0.0,7.30102912195249e-05,1,19.0,San Cristóbal Airport,Ecuador,,0.0,0.4242982051381116,0.9665616508891238,2919.5,3354.5,
MUA,5,1.1666666666666665,0.7,0.0003526163967714689,3,7.4,Munda Airport,Solomon Islands,-1.105458380009564,0.2333333333333333,0.5254835141950217,1.1026752516138367,689.0,655.0,1617.0
HAA,2,0.0,1.0,0.0001229408410820288,2,14.5,Hasvik Airport,Norway,,0.0,0.4170837197077782,0.9973748997911276,3137.0,2440.0,
HAC,1,0.0,0.0,7.102569476439866e-05,1,74.0,Hachijojima Airport,Japan,,0.0,0.41896183113138163,0.9592411404738014,3063.5,3393.5,
SCN,4,0.0512987012987013,0.6666666666666666,9.267498046528259e-05,4,95.0,Saarbrücken Airport,Germany,-1.9383117932981042,0.012824675324675325,0.4719531871811006,1.0144276467528763,1782.0,1843.0,1794.0
HUI,2,0.0,1.0,8.736011455236849e-05,2,50.0,Phu Bai Airport,Vietnam,,0.0,0.41257266341858934,0.9787878844187209,3314.0,3106.0,
PQC,3,10.920099578277057,0.6666666666666666,0.00012926143158173097,2,34.333333333333336,Phu Quoc International Airport,Vietnam,-0.08270839373504968,3.640033192759019,0.46203735215534303,0.9925591640069871,2063.0,2638.0,905.0
TBB,2,0.0,1.0,8.736011455236849e-05,2,50.0,Dong Tac Airport,Vietnam,,0.0,0.41257266341858934,0.9787878844187209,3314.0,3106.0,
UIH,2,0.0,1.0,8.736011455236849e-05,2,50.0,Phu Cat Airport,Vietnam,,0.0,0.41257266341858934,0.9787878844187209,3314.0,3106.0,
VCA,3,2.69201278983003,0.3333333333333333,0.00014788700128010292,2,17.0,Can Tho International Airport,Vietnam,-0.5196238538653504,0.89733759661001,0.4814311933553739,1.3011753722449946,1514.0,211.0,1231.0
VCL,2,0.0,1.0,8.736011455236849e-05,2,50.0,Chu Lai International Airport,Vietnam,,0.0,0.41257266341858934,0.9787878844187209,3314.0,3106.0,
VDH,2,0.0,1.0,8.736011455236849e-05,2,50.0,Dong Hoi Airport,Vietnam,,0.0,0.41257266341858934,0.9787878844187209,3314.0,3106.0,
SNU,6,11.26776890059908,0.8,0.00011780659607158619,6,54.666666666666664,Abel Santamaria Airport,Cuba,-0.5138581805164069,1.87796148343318,0.47792662994175933,1.0493321106582583,1612.0,1181.0,1227.0
TOB,3,0.3784507605906743,0.6666666666666666,9.674311895073023e-05,3,35.666666666666664,Gamal Abdel Nasser Airport,Libya,-1.1317785618193497,0.12615025353022477,0.45761760914922456,1.0315492623279054,2180.0,1444.0,1626.0
HDM,1,0.0,0.0,6.815263797082746e-05,1,40.0,Hamadan Airport,Iran,,0.0,0.41329214817848414,0.989835042885531,3272.5,2749.5,
HEH,4,0.3333333333333333,0.8333333333333334,0.0001644128963730031,3,11.0,Heho Airport,Burma,-1.3543882219336136,0.08333333333333333,0.47284029155836005,1.2212083931729154,1754.0,304.0,1702.0
THL,4,1.0,0.6666666666666666,0.00014987983440943316,3,10.75,Tachileik Airport,Burma,-1.0116079360148993,0.25,0.4667075063462452,1.0072504947712269,1904.0,2072.0,1548.0
HEK,2,0.0,1.0,9.912469052211671e-05,2,30.5,Heihe Airport,China,,0.0,0.41013123092407267,0.9995050276255736,3375.0,2340.0,
OHE,3,0.5,0.6666666666666666,0.0001369080798819236,2,21.0,Gu-Lian Airport,China,-1.0448762992117955,0.16666666666666666,0.45000781718738087,0.9953129634725555,2347.0,2517.0,1581.5
IVL,2,0.0,1.0,6.24367357940705e-05,2,45.5,Ivalo Airport,Finland,,0.0,0.4543731657207324,1.359248035685763,2263.5,152.5,
JOE,1,0.0,0.0,6.24367357940705e-05,1,89.0,Joensuu Airport,Finland,,0.0,0.4227417014384787,0.9712842565413496,2966.5,3286.5,
JYV,2,0.0,1.0,6.24367357940705e-05,2,45.5,Jyvaskyla Airport,Finland,,0.0,0.4543731657207324,1.359248035685763,2263.5,152.5,
KAJ,1,0.0,0.0,6.24367357940705e-05,1,89.0,Kajaani Airport,Finland,,0.0,0.4227417014384787,0.9712842565413496,2966.5,3286.5,
KAO,1,0.0,0.0,6.24367357940705e-05,1,89.0,Kuusamo Airport,Finland,,0.0,0.4227417014384787,0.9712842565413496,2966.5,3286.5,
KEM,2,0.0,1.0,8.897234850652652e-05,2,45.5,Kemi-Tornio Airport,Finland,,0.0,0.41220840221736954,1.0239292915467018,3323.0,1610.0,
KOK,2,0.0,1.0,9.651441359030022e-05,2,46.0,Kokkola-Pietarsaari Airport,Finland,,0.0,0.4094315981817414,0.9844452381479434,3392.0,2927.0,
KUO,1,0.0,0.0,6.24367357940705e-05,1,89.0,Kuopio Airport,Finland,,0.0,0.4227417014384787,0.9712842565413496,2966.5,3286.5,
NRK,1,0.0,0.0,6.24367357940705e-05,1,89.0,Norrköping Airport,Sweden,,0.0,0.4227417014384787,0.9712842565413496,2966.5,3286.5,
RVN,1,0.0,0.0,6.24367357940705e-05,1,89.0,Rovaniemi Airport,Finland,,0.0,0.4227417014384787,0.9712842565413496,2966.5,3286.5,
SVL,1,0.0,0.0,6.24367357940705e-05,1,89.0,Savonlinna Airport,Finland,,0.0,0.4227417014384787,0.9712842565413496,2966.5,3286.5,
TAY,1,0.0,0.0,6.24367357940705e-05,1,89.0,Tartu Airport,Estonia,,0.0,0.4227417014384787,0.9712842565413496,2966.5,3286.5,
HLH,4,16.700839208060938,0.6666666666666666,0.00010903211172124834,4,86.5,Ulanhot Airport,China,-0.13315077625843522,4.175209802015234,0.4661351194871738,1.0099283892384903,1929.0,1987.0,933.0
RLK,4,0.0,1.0,0.00010773049996119582,4,90.0,Bayannur Tianjitai Airport,China,,0.0,0.45562077891448255,0.9859079090063126,2236.0,2882.0,
TGO,8,7.069985290262085,0.75,0.00017501509342973565,7,79.0,Tongliao Airport,China,-0.842285158394941,0.8837481612827607,0.463759811507009,0.9659031458324273,1993.0,3360.0,1456.0
WUA,4,16.851798994203683,0.6666666666666666,0.00010966884849526866,4,92.5,Wuhai Airport,China,-0.13034315250337203,4.212949748550921,0.46658657780775686,1.0079028600909858,1912.0,2043.0,931.5
XIL,3,16.47180980813202,0.6666666666666666,9.419423287155533e-05,3,94.66666666666667,Xilinhot Airport,China,0.045542708686216356,5.490603269377339,0.48577480804603257,1.0403898310945556,1420.0,1305.0,816.0
YIE,1,0.0,0.0,6.076095765380824e-05,1,37.0,Arxan Yi'ershi Airport,China,,0.0,0.43282462021972595,1.1077128185578708,2691.0,623.0,
TYF,2,1.9024955637662084,0.0,0.0001049714567555337,2,15.0,Torsby Airport,Sweden,-0.37000360124397663,0.9512477818831042,0.4972847779061613,1.5030131882505162,1141.0,65.0,1108.0
HVG,3,0.0,1.0,0.00013199530986714015,3,6.666666666666667,Valan Airport,Norway,,0.0,0.47841127589226473,1.3220644261704977,1598.0,182.0,
JNZ,3,0.04420289855072464,0.6666666666666666,9.055012018013995e-05,3,93.33333333333333,Jinzhou Airport,China,-1.8017606931191266,0.014734299516908212,0.46538911821590356,1.020400828711734,1954.0,1698.0,1787.0
HGR,2,5.543926684116022,0.0,8.025836966095174e-05,2,88.5,Hagerstown Regional Richard A Henson Field,United States,-0.03629529386732917,2.771963342058011,0.5208808808048877,1.1109850909243804,761.0,608.0,874.0
MXH,3,0.0,1.0,0.0001725845397778567,3,15.666666666666666,Moro Airport,Papua New Guinea,,0.0,0.44573468826059104,0.9852650933198064,2429.0,2912.0,
TBG,3,0.0,1.0,0.00017298861486925737,3,16.0,Tabubil Airport,Papua New Guinea,,0.0,0.44571328989893305,0.9852650933198059,2431.0,2913.0,
TIZ,3,0.0,1.0,0.00013448145956716106,3,15.666666666666666,Tari Airport,Papua New Guinea,,0.0,0.43963652304236095,1.0700886585257154,2534.0,924.0,
WWK,4,0.3333333333333333,0.8333333333333334,0.00023065578858584272,3,13.5,Wewak International Airport,Papua New Guinea,-1.3543882219336136,0.08333333333333333,0.4814481176534542,1.1791180098170853,1513.0,399.0,1702.0
PDV,2,0.0,1.0,6.868778076907259e-05,2,100.0,Plovdiv International Airport,Bulgaria,,0.0,0.45435777950350265,1.169468320681536,2265.0,422.0,
HIB,1,0.0,0.0,6.309213309717725e-05,1,131.0,Range Regional Airport,United States,,0.0,0.43251909060205135,0.9949779937643558,2703.0,2540.0,
IRA,3,0.5,0.6666666666666666,0.00025168762772588386,2,8.333333333333334,Ngorangora Airport,Solomon Islands,-1.0448762992117955,0.16666666666666666,0.48643334525831233,0.9666920002124526,1395.0,3353.0,1581.5
JJA,1,0.0,0.0,0.00010328262561185983,1,21.0,,,,0.0,0.45128420368577116,1.4266141038716984,2322.5,109.5,
KGE,3,0.0,1.0,0.00017821360992573577,3,10.333333333333334,Kaghau Airport,Solomon Islands,,0.0,0.4554701386542684,1.0244222162775845,2242.0,1600.0,
NNB,2,0.0,1.0,0.00017459412013414593,2,12.0,Santa Ana Airport,Solomon Islands,,0.0,0.43436987124780735,1.053610759294249,2650.5,1111.5,
RNA,2,0.0,1.0,0.00017459412013414593,2,12.0,Ulawa Airport,Solomon Islands,,0.0,0.43436987124780735,1.053610759294249,2650.5,1111.5,
RUS,1,0.0,0.0,0.00010328262561185983,1,21.0,Marau Airport,Solomon Islands,,0.0,0.45128420368577116,1.4266141038716984,2322.5,109.5,
SCZ,1,0.0,0.0,0.00010328262561185983,1,21.0,Santa Cruz/Graciosa Bay/Luova Airport,Solomon Islands,,0.0,0.45128420368577116,1.4266141038716984,2322.5,109.5,
TNN,1,0.0,0.0,6.13746754561374e-05,1,134.0,Tainan Airport,Taiwan,,0.0,0.43819362457202704,0.9990343583160926,2574.0,2360.0,
HKN,3,0.0,1.0,0.00017731380678920862,3,17.333333333333332,Kimbe Airport,Papua New Guinea,,0.0,0.4439503608551385,0.9927713711140335,2461.0,2631.0,
UTP,2,0.0,1.0,8.558213252392516e-05,2,21.0,U-Tapao International Airport,Thailand,,0.0,0.41954405325273775,1.0253955033846167,3041.0,1574.0,
JGD,3,1.0,0.6666666666666666,0.00012157418301588276,2,23.333333333333332,Jiagedaqi Airport,China,-0.8286060178879473,0.3333333333333333,0.4550579096048712,0.9915148664233792,2254.0,2680.0,1446.0
URJ,3,0.10526315789473684,0.6666666666666666,0.00010369677786097095,3,31.333333333333332,Uray Airport,Russia,-1.5310362149398586,0.03508771929824561,0.45246371826686427,1.0392987508931266,2296.0,1326.0,1747.0
IAM,2,0.5833333333333334,0.0,0.00011480701842328166,2,6.0,In Aménas Airport,Algeria,-0.7388527105804337,0.2916666666666667,0.5062817762895758,1.3409483237871933,984.0,163.0,1367.5
HMV,1,0.0,0.0,0.00010981860451457582,1,2.0,Hemavan Airport,Sweden,,0.0,0.5219158146432631,0.9919583395577941,743.5,2669.5,
HSG,3,2.5132238677030867,0.6666666666666666,8.80889715819044e-05,3,120.33333333333333,Saga Airport,Japan,-0.5410662040322853,0.8377412892343622,0.4852028662631134,1.0323743344352942,1432.0,1431.0,1248.0
IWJ,1,0.0,0.0,7.102569476439866e-05,1,74.0,Iwami Airport,Japan,,0.0,0.41896183113138163,0.9592411404738014,3063.5,3393.5,
IWK,1,0.0,0.0,7.102569476439866e-05,1,74.0,Iwakuni Marine Corps Air Station,Japan,,0.0,0.41896183113138163,0.9592411404738014,3063.5,3393.5,
IZO,1,0.0,0.0,7.102569476439866e-05,1,74.0,Izumo Airport,Japan,,0.0,0.41896183113138163,0.9592411404738014,3063.5,3393.5,
KCZ,3,123.90021271986159,0.3333333333333333,0.00012651071466168075,3,34.0,Kōchi Ryōma Airport,Japan,0.6751287860772912,41.300070906620526,0.4914844019056173,1.113302525756775,1277.5,596.5,462.5
KKJ,1,0.0,0.0,7.102569476439866e-05,1,74.0,Kitakyūshū Airport,Japan,,0.0,0.41896183113138163,0.9592411404738014,3063.5,3393.5,
KMJ,6,668.2153981798714,0.5333333333333333,0.00018219307359717017,5,51.666666666666664,Kumamoto Airport,Japan,0.7599823068837467,111.36923302997856,0.4660495207992361,1.010877307484782,1933.0,1959.0,414.0
MBE,1,0.0,0.0,7.102569476439866e-05,1,74.0,Monbetsu Airport,Japan,,0.0,0.41896183113138163,0.9592411404738014,3063.5,3393.5,
MMY,3,0.0,1.0,0.00011429599625646394,3,37.666666666666664,Miyako Airport,Japan,,0.0,0.42847855828727976,0.9894835675098891,2797.0,2765.0,
MSJ,2,0.0,1.0,9.533154400113782e-05,2,48.0,Misawa Air Base,Japan,,0.0,0.4101126325670858,0.9939246939735525,3376.5,2578.5,
MYJ,8,11.428842634067392,0.75,0.0002019686450375293,8,77.375,Matsuyama Airport,Japan,-0.6924314383169116,1.428605329258424,0.46774806957274034,0.9646440219596187,1877.0,3368.0,1343.0
NTQ,1,0.0,0.0,7.102569476439866e-05,1,74.0,Noto Airport,Japan,,0.0,0.41896183113138163,0.9592411404738014,3063.5,3393.5,
OBO,1,0.0,0.0,7.102569476439866e-05,1,74.0,Tokachi-Obihiro Airport,Japan,,0.0,0.41896183113138163,0.9592411404738014,3063.5,3393.5,
OIM,1,0.0,0.0,7.102569476439866e-05,1,74.0,Oshima Airport,Japan,,0.0,0.41896183113138163,0.9592411404738014,3063.5,3393.5,
OIT,5,3.7500592138452444,0.7,0.00014896051574563049,5,75.2,Oita Airport,Japan,-0.7411465592267386,0.7500118427690489,0.45318313694413714,0.9749868201734095,2282.0,3224.0,1371.0
ONJ,1,0.0,0.0,7.102569476439866e-05,1,74.0,Odate Noshiro Airport,Japan,,0.0,0.41896183113138163,0.9592411404738014,3063.5,3393.5,
SHM,1,0.0,0.0,7.102569476439866e-05,1,74.0,Nanki Shirahama Airport,Japan,,0.0,0.41896183113138163,0.9592411404738014,3063.5,3393.5,
SYO,1,0.0,0.0,7.102569476439866e-05,1,74.0,Shonai Airport,Japan,,0.0,0.41896183113138163,0.9592411404738014,3063.5,3393.5,
TAK,6,3.101459161820732,0.8666666666666666,0.00015763615433886884,6,100.0,Takamatsu Airport,Japan,-0.916376718256195,0.5169098603034553,0.47093290964257295,1.0041100507098546,1804.0,2175.0,1487.0
TKS,1,0.0,0.0,7.102569476439866e-05,1,74.0,Tokushima Airport/JMSDF Air Base,Japan,,0.0,0.41896183113138163,0.9592411404738014,3063.5,3393.5,
TTJ,1,0.0,0.0,7.102569476439866e-05,1,74.0,Tottori Airport,Japan,,0.0,0.41896183113138163,0.9592411404738014,3063.5,3393.5,
UBJ,2,0.0,1.0,8.80889715819044e-05,2,103.5,Yamaguchi Ube Airport,Japan,,0.0,0.42888742961415527,1.0069229546524285,2791.0,2085.0,
ITO,3,0.0,1.0,0.00010860839512881727,3,74.0,Hilo International Airport,United States,,0.0,0.4326328132188977,0.9753428893209157,2700.0,3209.0,
JHM,2,0.0,1.0,8.816809972281715e-05,2,31.5,Kapalua Airport,United States,,0.0,0.41500497199118613,1.0222461969731682,3210.0,1646.0,
LNY,3,0.0,1.0,8.954052782066176e-05,3,25.333333333333332,Lanai Airport,United States,,0.0,0.4512926815078191,1.4665547860385406,2319.0,79.0,
MAJ,4,6892.936095005708,0.16666666666666666,0.00023719868731201458,3,15.25,Marshall Islands International Airport,Marshall Islands,1.746033426641356,1723.234023751427,0.5133936870824657,1.0100611895916225,874.0,1979.0,106.0
MKK,3,0.0,1.0,0.00011491034403648154,3,25.333333333333332,Molokai Airport,United States,,0.0,0.4358361415823794,1.1798523522686069,2626.0,397.0,
PPG,1,0.0,0.0,6.628897179355548e-05,1,52.0,Pago Pago International Airport,American Samoa,,0.0,0.41309757374078315,1.0365772921274399,3289.0,1364.0,
HNM,1,0.0,0.0,6.746113189134783e-05,1,21.0,Hana Airport,United States,,0.0,0.42639646999371766,1.0013896911382891,2849.5,2256.5,
HNS,2,0.0,1.0,0.00021451346049126355,2,9.0,Haines Airport,United States,,0.0,0.45884547410924326,1.033383426236622,2144.5,1411.5,
SGY,2,0.0,1.0,0.00021451346049123406,2,9.0,Skagway Airport,United States,,0.0,0.45884547410924326,1.0333834262365338,2144.5,1413.5,
HOB,1,0.0,0.0,6.196182210687083e-05,1,169.0,Lea County Regional Airport,United States,,0.0,0.45356680733129495,1.0513837857096129,2273.5,1148.5,
HOE,1,0.0,0.0,7.283506108592579e-05,1,17.0,Ban Huoeisay Airport,Laos,,0.0,0.42972589741040423,0.9933870685562787,2779.5,2601.5,
HOF,3,0.0,1.0,9.731874008998123e-05,3,90.66666666666667,Al Ahsa Airport,Saudi Arabia,,0.0,0.44028911591246245,0.9820858608877333,2525.0,2991.0,
HOI,3,0.5,0.6666666666666666,0.00010260982076859502,2,12.0,Hao Airport,French Polynesia,-1.0448762992117955,0.16666666666666666,0.4730458015762376,1.1869463019484396,1745.0,374.0,1581.5
MKP,2,0.0,1.0,8.781874969087116e-05,2,17.5,Makemo Airport,French Polynesia,,0.0,0.41942580167290483,1.0032326402386917,3044.5,2200.0,
HON,1,0.0,0.0,0.00010188875156374606,1,3.0,Huron Regional Airport,United States,,0.0,0.4953343318840863,0.9943280533640481,1178.5,2562.0,
SCM,3,0.0,1.0,0.0002428776002992554,3,11.666666666666666,Scammon Bay Airport,United States,,0.0,0.47232728022624937,1.04137265447175,1766.0,1292.0,
JXA,4,0.12163258682246024,0.8333333333333334,0.00010617842643526797,4,95.25,Jixi Xingkaihu Airport,China,-1.6689394612146422,0.03040814670561506,0.4621717008927832,1.0143032840314872,2059.0,1847.0,1771.0
HRO,2,0.0,1.0,7.749944107064538e-05,2,37.5,Boone County Airport,United States,,0.0,0.42326482120933906,1.1598710203866305,2945.0,448.0,
KYU,4,2373.1151515151037,0.5,0.00013190659461449482,3,9.75,Koyukuk Airport,United States,1.413336951793833,593.2787878787759,0.5083120635883274,1.0701607383306173,948.0,922.0,201.0
HSN,7,27.448255872128453,0.6190476190476191,0.0001553175922951571,7,84.28571428571429,Zhoushan Airport,China,-0.3341154659613212,3.9211794103040645,0.4615358362493088,0.962427393167398,2074.0,3378.0,1086.0
HTN,1,0.0,0.0,6.360363737747478e-05,1,55.0,Hotan Airport,China,,0.0,0.4165613905618637,0.978260506597819,3154.0,3119.0,
HUN,4,0.6644522144522145,0.3333333333333333,0.00010946402854308182,4,30.0,Hualien Airport,Taiwan,-1.139156069434516,0.16611305361305362,0.49067474278348766,1.249004416311329,1298.0,269.0,1628.0
HUU,1,0.0,0.0,7.386597769052736e-05,1,57.0,Alferez Fap David Figueroa Fernandini Airport,Peru,,0.0,0.4175170179361856,1.050151547702233,3124.0,1165.0,
HUX,2,0.0,1.0,8.488201759650455e-05,2,132.0,Bahías de Huatulco International Airport,Mexico,,0.0,0.4412943107473626,0.9752933567990898,2509.0,3213.0,
HVD,1,0.0,0.0,7.87519726529259e-05,1,15.0,Khovd Airport,Mongolia,,0.0,0.4367201733442847,0.9972494292958665,2617.5,2444.0,
HVN,1,0.0,0.0,6.007802858623612e-05,1,123.0,Tweed New Haven Airport,United States,,0.0,0.4391521813454003,1.0416015076155491,2540.5,1286.5,
RJA,1,0.0,0.0,6.428572437464074e-05,1,32.0,Rajahmundry Airport,India,,0.0,0.4220429238759935,0.9912298361489398,2997.5,2692.5,
TIR,1,0.0,0.0,6.428572437464074e-05,1,32.0,Tirupati Airport,India,,0.0,0.4220429238759935,0.9912298361489398,2997.5,2692.5,
HYG,1,0.0,0.0,0.0001310558484555559,1,15.0,Hydaburg Seaplane Base,United States,,0.0,0.4716353303541427,1.3173530756096836,1786.0,192.0,
KTB,3,0.0,1.0,0.00021588951815786772,3,7.333333333333333,,,,0.0,0.4817981339304076,1.0985278234709772,1500.0,684.0,
IAA,1,0.0,0.0,6.502213447983826e-05,1,31.0,Igarka Airport,Russia,,0.0,0.4203255971315976,0.9840667391383459,3025.0,2948.0,
LNS,1,0.0,0.0,6.049082108420337e-05,1,127.0,Lancaster Airport,United States,,0.0,0.4390110355380381,1.0082887088373922,2550.0,2035.0,
SLW,2,0.0,1.0,8.488201759650455e-05,2,132.0,Plan De Guadalupe International Airport,Mexico,,0.0,0.4412943107473626,0.9752933567990898,2509.0,3213.0,
VCT,1,0.0,0.0,6.196182210687083e-05,1,169.0,Victoria Regional Airport,United States,,0.0,0.45356680733129495,1.0513837857096129,2273.5,1148.5,
ZIH,5,37.17018612553395,0.6,0.00014171304046643905,5,102.8,Ixtapa Zihuatanejo International Airport,Mexico,-0.025473458584792018,7.43403722510679,0.4631369030158352,0.9921072908576851,2034.0,2667.0,867.0
ZLO,4,7.437553782290456,0.6666666666666666,0.00012453982009757292,4,111.25,Playa De Oro International Airport,Mexico,-0.385542627739462,1.859388445572614,0.46024181192784047,0.990713986329104,2106.5,2709.5,1122.5
IAN,2,0.0,1.0,0.00021773942941286778,2,8.0,Bob Baker Memorial Airport,United States,,0.0,0.4627308586956028,1.0033062700708077,2042.5,2195.5,
ORV,2,0.0,1.0,0.0002177394294128447,2,8.0,Robert (Bob) Curtis Memorial Airport,United States,,0.0,0.4627308586956028,1.0033062700707578,2042.5,2197.5,
IAR,1,0.0,0.0,6.103888620764364e-05,1,113.0,Tunoshna Airport,Russia,,0.0,0.4310946384691482,1.090703424385683,2734.0,748.0,
ICI,1,0.0,0.0,9.221286736983767e-05,1,12.0,Cicia Airport,Fiji,,0.0,0.4500606295202993,1.1428519802086794,2344.5,491.5,
OZH,2,0.0,1.0,7.70230949262556e-05,2,47.0,Zaporizhzhia International Airport,Ukraine,,0.0,0.42275587955900656,1.1711607428225803,2962.0,414.0,
UDJ,1,0.0,0.0,5.9996538116967936e-05,1,20.0,Uzhhorod International Airport,Ukraine,,0.0,0.446906874211704,1.1805855903443743,2409.0,395.0,
IFJ,1,0.0,0.0,0.00013213567017947894,1,5.0,Ísafjörður Airport,Iceland,,0.0,0.4823686780124013,0.9923134974972607,1490.0,2647.0,
KER,4,0.2,0.8333333333333334,0.00016162360288424294,4,21.75,Kerman Airport,Iran,-1.5137719783099362,0.05,0.4654135744507521,1.28720251710756,1952.0,223.0,1742.0
MRX,2,0.0,1.0,0.00010705720724764271,2,26.5,Mahshahr Airport,Iran,,0.0,0.41088725453431807,1.0338303961219057,3353.0,1403.0,
IFO,1,0.0,0.0,5.7908777199637955e-05,1,62.0,Ivano-Frankivsk International Airport,Ukraine,,0.0,0.44800037186153524,1.0424861312366123,2381.0,1278.0,
IGA,2,0.0,1.0,0.00012164620978318723,2,21.0,Inagua Airport,Bahamas,,0.0,0.4127747188995299,0.9794034445019606,3300.5,3076.0,
MYG,2,0.0,1.0,0.00012164620978315203,2,21.0,Mayaguana Airport,Bahamas,,0.0,0.4127747188995299,0.9794034445020185,3300.5,3073.0,
IGG,2,0.0,1.0,0.00018606190297165384,2,6.0,Igiugig Airport,United States,,0.0,0.4667016650957266,0.9703907862986269,1905.5,3318.5,
IGM,2,138.0078311553809,0.0,0.00010639702876752546,2,76.5,,,0.9667009886845652,69.00391557769045,0.5313965733924638,1.1074843998211428,606.0,625.0,327.0
IIL,1,0.0,0.0,8.213757479852197e-05,1,38.0,Ilam Airport,Iran,,0.0,0.4251059816896232,1.0205693747739042,2888.0,1687.0,
IKE,2,0.0,1.0,0.00024088749891407532,2,4.5,,,,0.0,0.5099770478630385,1.0741885648498226,913.5,891.5,
SAE,2,0.0,1.0,0.00024088749891401827,2,4.5,,,,0.0,0.5099770478630385,1.074188564849693,913.5,893.5,
UMD,7,20353.0,0.09523809523809523,0.0007765942965648699,2,1.7142857142857142,Uummannaq Heliport,Greenland,1.727872713754134,2907.5714285714284,0.619342555394707,1.3199681443583422,47.0,187.0,111.0
IKI,1,0.0,0.0,7.088393088949814e-05,1,11.0,Iki Airport,Japan,,0.0,0.4462828246448546,1.1390454532286685,2420.0,505.0,
IKS,1,0.0,0.0,7.21535964588898e-05,1,23.0,Tiksi Airport,Russia,,0.0,0.41928371596428277,0.9370554113126924,3050.0,3415.0,
KCK,1,0.0,0.0,6.835829993380643e-05,1,28.0,Kirensk Airport,Russia,,0.0,0.4181721545158358,0.9805184003137106,3096.5,3024.5,
KYZ,1,0.0,0.0,6.835829993380643e-05,1,28.0,Kyzyl Airport,Russia,,0.0,0.4181721545158358,0.9805184003137106,3096.5,3024.5,
NER,4,4.621458748418985,0.8333333333333334,0.0001358406293125657,4,37.0,Chulman Airport,Russia,-0.5340078267184977,1.1553646871047463,0.46132376436251016,1.0012226835643554,2077.0,2263.0,1240.0
ODO,1,0.0,0.0,6.835829993380643e-05,1,28.0,Bodaybo Airport,Russia,,0.0,0.4181721545158358,0.9805184003137106,3096.5,3024.5,
UKX,1,0.0,0.0,6.835829993380643e-05,1,28.0,Ust-Kut Airport,Russia,,0.0,0.4181721545158358,0.9805184003137106,3096.5,3024.5,
ULK,2,0.0,1.0,9.63023205284547e-05,2,25.5,Lensk Airport,Russia,,0.0,0.4129215601368938,1.0250565209550788,3292.0,1588.0,
ILD,1,0.0,0.0,5.640028532455892e-05,1,127.0,Lleida-Alguaire Airport,Spain,,0.0,0.4694427945940097,1.0585936910960074,1834.0,1056.0,
BSS,1,0.0,0.0,7.410047757877836e-05,1,6.0,,,,0.0,0.4693249533245881,1.0402637741031093,1840.0,1306.0,
IMT,2,0.0,1.0,0.00010972544886463478,2,66.5,Ford Airport,United States,,0.0,0.4161131219391002,1.164703944258384,3178.5,434.5,
RHI,2,0.0,1.0,0.00010972544886460592,2,66.5,Rhinelander Oneida County Airport,United States,,0.0,0.4161131219391002,1.1647039442579719,3178.5,436.5,
PND,2,0.0,1.0,0.00022065488899920252,2,4.5,,,,0.0,0.4996877543816542,1.0380834392665308,1090.0,1348.0,
JGN,4,0.36036036036036034,0.8333333333333334,0.00011610809285697608,4,38.25,Jiayuguan Airport,China,-1.3300632805950732,0.09009009009009009,0.45751783695706716,1.3208991557584588,2184.0,183.0,1693.0
INH,3,0.0,1.0,0.00014310290719123344,3,33.666666666666664,Inhambane Airport,Mozambique,,0.0,0.4307714316027028,0.9902840578716103,2738.5,2725.0,
VNX,3,0.0,1.0,0.00014310290719119726,3,33.666666666666664,Vilankulo Airport,Mozambique,,0.0,0.4307714316027028,0.9902840578715735,2738.5,2726.0,
TRW,3,59.700393195430514,0.3333333333333333,0.00018120217249525784,3,10.333333333333334,Bonriki International Airport,Kiribati,0.44731695442485286,19.900131065143505,0.4945889337907283,1.059780279382809,1199.0,1042.0,571.0
IOT,2,0.0,1.0,0.00024088749891407535,2,4.5,,,,0.0,0.5099770478630385,1.0741885648498226,913.5,891.5,
JUU,2,0.0,1.0,0.00024088749891401827,2,4.5,,,,0.0,0.5099770478630385,1.074188564849693,913.5,893.5,
IPC,2,668.3722838537511,0.0,0.00013083792094776444,2,36.5,Mataveri Airport,Chile,1.458910905776923,334.18614192687556,0.5240491358595329,1.0697863383761077,706.0,930.0,195.0
IPH,1,0.0,0.0,6.358152383225764e-05,1,125.0,Sultan Azlan Shah Airport,Malaysia,,0.0,0.4302927369487755,1.0128683672562155,2766.0,1902.0,
IPT,1,0.0,0.0,6.007802858623612e-05,1,123.0,Williamsport Regional Airport,United States,,0.0,0.4391521813454003,1.0416015076155491,2540.5,1286.5,
IQN,3,0.7351173911998655,0.3333333333333333,9.303376109112399e-05,3,53.0,Qingyang Airport,China,-0.9246199536784123,0.24503913039995517,0.4940832493854771,1.1742547907219676,1215.0,410.0,1494.0
IQT,4,32.52797535786265,0.6666666666666666,0.0001833125253801357,3,33.75,Coronel FAP Francisco Secada Vignetta International Airport,Peru,0.07484942211389718,8.131993839465663,0.4516677025394692,0.9991548615477212,2316.0,2358.0,792.0
PCL,3,0.0,1.0,0.0001574231013959276,3,21.333333333333332,Cap FAP David Abenzur Rengifo International Airport,Peru,,0.0,0.43683249306190697,1.0007125333967877,2613.5,2294.0,
TPP,3,0.0,1.0,0.00015742310139588793,3,21.333333333333332,Cadete FAP Guillermo Del Castillo Paredes Airport,Peru,,0.0,0.43683249306190697,1.0007125333967581,2613.5,2295.0,
IRK,1,0.0,0.0,6.347227965579919e-05,1,61.0,Kirksville Regional Airport,United States,,0.0,0.4175625174139811,0.9763109059601113,3114.5,3188.5,
IRZ,1,0.0,0.0,0.00013805927874199956,1,5.0,Tapuruquara Airport,Brazil,,0.0,0.4866059156799523,1.0050201340355651,1392.5,2147.5,
JCK,2,3395.0000000000005,0.0,0.00020170332674180987,1,5.0,Julia Creek Airport,Australia,1.9659971873737032,1697.5000000000002,0.5379491830839168,0.9592657404108622,527.0,3386.0,47.0
KDU,1,0.0,0.0,6.283757013090139e-05,1,38.0,Skardu Airport,Pakistan,,0.0,0.4241067491793941,1.059224570910224,2928.5,1048.5,
SKZ,5,40.733451523651716,0.7,0.00014159388786994109,4,23.0,Sukkur Airport,Pakistan,0.0030889580261402104,8.146690304730344,0.4711747937716242,1.0450505240333081,1794.0,1236.0,850.0
UET,8,3256.365963795591,0.5,0.00023889671015475122,6,30.625,Quetta International Airport,Pakistan,1.071131534205344,407.0457454744489,0.4850691442757518,1.007511701310778,1437.0,2063.0,290.0
LEQ,1,0.0,0.0,8.941263336703149e-05,1,3.0,Land's End Airport,United Kingdom,,0.0,0.49612311332150094,1.0332908614592886,1161.0,1418.0,
ISE,1,0.0,0.0,6.073298746757129e-05,1,236.0,Süleyman Demirel International Airport,Turkey,,0.0,0.49085839429995864,1.378369398445187,1292.0,140.0,
KFS,1,0.0,0.0,6.073298746757129e-05,1,236.0,Kastamonu Airport,Turkey,,0.0,0.49085839429995864,1.378369398445187,1292.0,140.0,
KSH,3,375.07137400758313,0.6666666666666666,0.00012260404850843764,3,104.66666666666667,Shahid Ashrafi Esfahani Airport,Iran,1.0207257747353022,125.02379133586105,0.5001780042273128,1.3053095861880601,1081.0,206.0,312.0
KZR,1,0.0,0.0,6.073298746757129e-05,1,236.0,Zafer Airport,Turkey,,0.0,0.49085839429995864,1.378369398445187,1292.0,140.0,
MZH,2,0.3210558017577302,0.0,7.618533336482644e-05,2,167.0,Amasya Merzifon Airport,Turkey,-0.9251687894313473,0.1605279008788651,0.5286814763668908,4.403337200963614,648.0,9.0,1496.0
MZR,4,1.5885794601891796,0.8333333333333334,0.0001018984691486831,4,83.75,Mazar I Sharif Airport,Afghanistan,-0.867196212034765,0.3971448650472949,0.4687531647674603,1.0255778558577786,1856.0,1569.0,1463.0
NAJ,2,0.0,1.0,6.073298746757129e-05,2,120.5,Nakhchivan Airport,Azerbaijan,,0.0,0.4736965699431219,1.805369107308993,1718.0,39.0,
NAV,2,0.3210558017577302,0.0,7.618533336482644e-05,2,167.0,Nevşehir Kapadokya Airport,Turkey,-0.9251687894313473,0.1605279008788651,0.5286814763668908,4.403337200963614,648.0,9.0,1496.0
NOP,1,0.0,0.0,6.073298746757129e-05,1,236.0,Sinop Airport,Turkey,,0.0,0.49085839429995864,1.378369398445187,1292.0,140.0,
ITB,1,0.0,0.0,7.623303180186088e-05,1,8.0,Itaituba Airport,Brazil,,0.0,0.4580875828812031,1.0163373193936116,2167.0,1800.5,
IUE,1,0.0,0.0,4.420957586424154e-05,1,50.0,Niue International Airport,Niue,,0.0,0.47217081297162156,2.8468616972081344,1773.0,14.0,
IUI,2,0.0,1.0,0.00022617476836570263,2,5.5,,,,0.0,0.48636488210421247,1.0201133568171383,1401.5,1711.0,
TQA,2,0.0,1.0,0.00022617476836565552,2,5.5,,,,0.0,0.48636488210421247,1.0201133568170802,1401.5,1714.0,
KTT,2,0.0,1.0,9.728080128920147e-05,2,45.5,Kittilä Airport,Finland,,0.0,0.4099235048136702,0.9878556323725701,3379.0,2831.0,
JAL,1,0.0,0.0,6.712977135387526e-05,1,95.0,El Lencero Airport,Mexico,,0.0,0.42468319710351954,1.0289689935931792,2905.0,1503.0,
JAU,1,0.0,0.0,7.386597769052736e-05,1,57.0,Francisco Carle Airport,Peru,,0.0,0.4175170179361856,1.050151547702233,3124.0,1165.0,
JEG,3,7.000000000000005,0.6666666666666666,0.00022921198698365523,3,5.333333333333333,Aasiaat Airport,Greenland,-0.2214585791186589,2.3333333333333353,0.5016980627796214,1.080030050364781,1047.0,839.0,999.0
JQA,2,23723.0,0.0,0.0002056669231958995,2,6.0,Qaarsut Airport,Greenland,2.5725927178699157,11861.5,0.542591327973823,0.9949649455230218,468.0,2543.0,1.0
JBR,1,0.0,0.0,6.347227965579919e-05,1,61.0,Jonesboro Municipal Airport,United States,,0.0,0.4175625174139811,0.9763109059601113,3114.5,3188.5,
RCM,1,0.0,0.0,0.00012993348972946197,1,2.0,Richmond Airport,Australia,,0.0,0.5231269218547593,1.0140687975258063,718.0,1861.0,
OMH,3,0.0,1.0,9.889637304763504e-05,3,64.0,Urmia Airport,Iran,,0.0,0.43344545284280334,0.9973430891235494,2681.0,2441.0,
RAE,2,0.0,1.0,8.002794290247981e-05,2,96.0,Arar Domestic Airport,Saudi Arabia,,0.0,0.43124487447834964,0.9922356513994417,2726.0,2655.0,
SHW,2,0.0,1.0,8.002794290247981e-05,2,96.0,Sharurah Airport,Saudi Arabia,,0.0,0.43124487447834964,0.9922356513994417,2726.0,2655.0,
URY,2,0.0,1.0,8.002794290247981e-05,2,96.0,Gurayat Domestic Airport,Saudi Arabia,,0.0,0.43124487447834964,0.9922356513994417,2726.0,2655.0,
WAE,2,0.0,1.0,8.002794290247981e-05,2,96.0,Wadi Al Dawasir Airport,Saudi Arabia,,0.0,0.43124487447834964,0.9922356513994417,2726.0,2655.0,
PSE,2,0.0,1.0,7.640587275002019e-05,2,132.0,Mercedita Airport,Puerto Rico,,0.0,0.4486823993222727,0.9612840012996302,2368.0,3382.0,
JIC,4,4.5737614383707035,0.5,0.00011770673082317616,4,40.75,Jinchuan Airport,China,-0.5372447844539835,1.1434403595926759,0.46287961527878274,1.044379242581476,2039.0,1255.0,1243.0
JJU,8,30503.5,0.14285714285714285,0.0007055296230467667,2,2.75,Qaqortoq Heliport,Greenland,1.7691741533475804,3812.9375,0.6046793995745047,1.1301214082494582,86.0,535.0,92.0
JNN,5,10180.0,0.2,0.0004891314589162998,2,3.2,Nanortalik Heliport,Greenland,1.7257483125867616,2036.0,0.5725861762460818,1.0838264859831304,214.0,795.0,116.0
JNS,3,3395.0,0.3333333333333333,0.00019223091242069734,2,4.666666666666667,Narsaq Heliport,Greenland,1.7080704702690668,1131.6666666666667,0.5175793468695303,1.01132511533136,813.0,1946.0,129.0
LLU,2,0.0,1.0,0.00023382146511101372,2,6.5,Alluitsup Paa Heliport,Greenland,,0.0,0.47980588464372903,1.0274655691851362,1563.5,1534.5,
QFG,2,0.0,1.0,0.0001298810300913239,2,5.0,Eqalugaarsuit Heliport,Greenland,,0.0,0.467389504862489,1.117624451466083,1887.0,576.0,
QJH,1,0.0,0.0,0.0001298810300913239,1,8.0,,,,0.0,0.47760812831620725,1.055713175321693,1621.0,1087.0,
QUW,2,0.0,1.0,0.00023382146511101372,2,6.5,,,,0.0,0.47980588464372903,1.0274655691851362,1563.5,1534.5,
JKR,1,0.0,0.0,7.219024205396735e-05,1,32.0,Janakpur Airport,Nepal,,0.0,0.4133394955372043,0.9750894778957812,3267.0,3219.0,
LVI,5,13.908110394231624,0.7,0.00015727670429929123,4,37.4,Livingstone Airport,Zambia,-0.3321921864239112,2.7816220788463246,0.4522919235984855,0.9864492799261456,2302.0,2871.0,1084.0
MGH,1,0.0,0.0,7.185726933684596e-05,1,83.0,Margate Airport,South Africa,,0.0,0.4256890335133918,1.199004260297288,2865.0,345.0,
MSU,1,0.0,0.0,7.185726933684596e-05,1,83.0,Moshoeshoe I International Airport,Lesotho,,0.0,0.4256890335133918,1.199004260297288,2865.0,345.0,
MTS,1,0.0,0.0,7.185726933684596e-05,1,83.0,Matsapha Airport,Swaziland,,0.0,0.4256890335133918,1.199004260297288,2865.0,345.0,
PHW,1,0.0,0.0,7.185726933684596e-05,1,83.0,Hendrik Van Eck Airport,South Africa,,0.0,0.4256890335133918,1.199004260297288,2865.0,345.0,
PTG,1,0.0,0.0,7.185726933684596e-05,1,83.0,Polokwane International Airport,South Africa,,0.0,0.4256890335133918,1.199004260297288,2865.0,345.0,
PZB,1,0.0,0.0,7.185726933684596e-05,1,83.0,Pietermaritzburg Airport,South Africa,,0.0,0.4256890335133918,1.199004260297288,2865.0,345.0,
RCB,1,0.0,0.0,7.185726933684596e-05,1,83.0,Richards Bay Airport,South Africa,,0.0,0.4256890335133918,1.199004260297288,2865.0,345.0,
UTT,1,0.0,0.0,7.185726933684596e-05,1,83.0,K. D. Matanzima Airport,South Africa,,0.0,0.4256890335133918,1.199004260297288,2865.0,345.0,
XEQ,2,1697.0,0.0,0.00014815001088393137,2,3.5,,,1.7496349891063836,848.5,0.53877136245249,0.9806151612905029,514.0,3018.0,97.5
QFX,1,0.0,0.0,9.86750010501058e-05,1,3.0,,,,0.0,0.4961384088960298,0.9979911210000865,1160.0,2416.0,
KAE,1,0.0,0.0,0.00012334523978248905,1,16.0,,,,0.0,0.46701274006951626,1.2717956345007921,1896.5,245.5,
PEC,2,0.0,1.0,0.00012334523978248905,2,9.0,,,,0.0,0.4337507868087918,0.9939780531714908,2678.5,2575.5,
PSG,2,47.76666666666661,0.0,0.00021851286087085672,2,9.0,Petersburg James A Johnson Airport,United States,0.6356616866518884,23.883333333333304,0.5138830094097648,1.1349230389597837,867.0,518.0,476.0
SIT,2,0.0,1.0,0.0002101915123738034,2,15.5,Sitka Rocky Gutierrez Airport,United States,,0.0,0.44859010839588975,1.120047451549295,2372.0,563.0,
JOL,1,0.0,0.0,8.887198208527647e-05,1,4.0,Jolo Airport,Philippines,,0.0,0.4872785484241905,1.0231853990280109,1376.0,1620.0,
JOS,1,0.0,0.0,6.59548045102919e-05,1,44.0,Yakubu Gowon Airport,Nigeria,,0.0,0.41272388544684413,0.9950274640164387,3309.0,2537.0,
MII,2,0.0,1.0,0.00011666699150409153,2,27.0,Frank Miloye Milenkowichi–Marília State Airport,Brazil,,0.0,0.4130720269815243,1.065033099627579,3290.0,980.0,
JUK,1,0.0,0.0,0.0001385103118756176,1,7.0,,,,0.0,0.4848637111748424,1.0707411980569645,1444.5,917.5,
KGQ,2,0.0,1.0,0.00022617476836570263,2,5.5,,,,0.0,0.48636488210421247,1.0201133568171383,1401.5,1711.0,
KHQ,2,0.0,1.0,0.00022617476836570263,2,5.5,,,,0.0,0.48636488210421247,1.0201133568171383,1401.5,1711.0,
NAQ,3,10181.0,0.0,0.0003891142988625122,1,4.0,Qaanaaq Airport,Greenland,2.05072819424479,3393.6666666666665,0.5711983370152289,1.0219410728291818,222.0,1656.0,29.0
NSQ,2,0.0,1.0,0.00022617476836565552,2,5.5,,,,0.0,0.48636488210421247,1.0201133568170802,1401.5,1714.0,
UPK,2,0.0,1.0,0.00022617476836565552,2,5.5,,,,0.0,0.48636488210421247,1.0201133568170802,1401.5,1714.0,
JUZ,3,0.0,1.0,9.148165512287271e-05,3,66.0,Quzhou Airport,China,,0.0,0.4395064085875903,0.9943792387980308,2535.0,2559.0,
KAA,2,0.0,1.0,7.258234159976236e-05,2,13.5,Kasama Airport,Zambia,,0.0,0.45332908777073305,1.1000689785429763,2279.0,672.0,
KAD,1,0.0,0.0,6.59548045102919e-05,1,44.0,Kaduna Airport,Nigeria,,0.0,0.41272388544684413,0.9950274640164387,3309.0,2537.0,
KAW,1,0.0,0.0,0.00014840361713952215,1,2.0,Kawthoung Airport,Burma,,0.0,0.5315799462556854,1.017652486143155,603.0,1764.0,
MGZ,2,3394.9999999999995,0.0,0.0002451624500596316,1,1.5,Myeik Airport,Burma,1.9659971873737032,1697.4999999999998,0.5773253415224936,1.0373463777452134,187.0,1359.0,47.0
KAZ,1,0.0,0.0,8.702053949713031e-05,1,11.0,Kao Airport,Indonesia,,0.0,0.4486546118826063,1.0180078721341719,2370.0,1754.0,
KCA,1,0.0,0.0,6.360363737747478e-05,1,55.0,Kuqa Airport,China,,0.0,0.4165613905618637,0.978260506597819,3154.0,3119.0,
KCC,3,3393.500000000001,0.3333333333333333,0.0001310558484555559,2,6.666666666666667,,,1.7079325846975406,1131.166666666667,0.5257867380206929,1.0600933401585253,685.0,1037.0,138.5
WWP,2,0.5,0.0,9.99083114578306e-05,2,2.5,,,-0.7869495821071592,0.25,0.5414202306957767,1.4821158169807884,480.0,72.0,1405.0
KCL,2,1.0,0.0,0.00018606190297165384,2,2.0,,,-0.5706793007833109,0.5,0.5471708439217756,1.1591490319017796,416.0,450.0,1269.5
LGK,5,4.751963319478738,0.8,0.0001654547129927816,5,56.6,Langkawi International Airport,Malaysia,-0.667266398377561,0.9503926638957475,0.45367583288109914,1.0131530178171269,2272.0,1894.0,1331.0
MKM,2,0.0,1.0,0.00010889991039364117,2,17.0,Mukah Airport,Malaysia,,0.0,0.41505778213093497,1.0362681127388285,3208.0,1368.0,
TGC,1,0.0,0.0,7.377669427447761e-05,1,14.0,,,,0.0,0.4387490991896336,1.0517491995804074,2552.0,1141.0,
KCQ,2,1.0,0.0,0.00020236219339014733,2,2.0,,,-0.5706793007833109,0.5,0.5477409929685659,1.1677274730894387,409.0,426.0,1269.5
KPV,2,3393.0,0.0,0.00021621744024586677,2,6.0,Perryville Airport,United States,1.965813326400582,1696.5,0.5170218806479202,0.9634682711417805,821.0,3372.0,63.5
KDV,2,0.0,1.0,0.00012830616979138477,2,18.0,Vunisea Airport,Fiji,,0.0,0.41111923547781937,0.9753281094868022,3347.5,3210.5,
KEP,1,0.0,0.0,7.219024205396735e-05,1,32.0,Nepalgunj Airport,Nepal,,0.0,0.4133394955372043,0.9750894778957812,3267.0,3219.0,
KET,2,0.0,1.0,7.605904067620135e-05,2,16.5,Kengtung Airport,Burma,,0.0,0.43873632371228144,1.0363600654720648,2553.0,1366.0,
KEW,2,0.0,1.0,0.0001284626388794557,2,7.0,Keewaywin Airport,Canada,,0.0,0.4434023940333755,1.007682249259088,2467.0,2056.0,
YRL,9,20965.71036617174,0.2777777777777778,0.000519687630908586,3,7.444444444444445,Red Lake Airport,Canada,1.5772594432450564,2329.5233740190824,0.5525257276191857,0.9996259291935577,350.0,2333.0,161.0
KME,1,0.0,0.0,6.944586160762623e-05,1,17.0,Kamembe Airport,Rwanda,,0.0,0.43314955914452624,1.0119804209596677,2686.0,1934.0,
KGP,1,0.0,0.0,6.185620764222058e-05,1,67.0,Kogalym International Airport,Russia,,0.0,0.42116490826239056,1.0090630918539665,3014.0,2010.0,
KHD,1,0.0,0.0,8.213757479852197e-05,1,38.0,Khoram Abad Airport,Iran,,0.0,0.4251059816896232,1.0205693747739042,2888.0,1687.0,
NGQ,2,0.3333333333333333,0.0,9.485972106075881e-05,2,9.5,Ngari Gunsa Airport,China,-0.9134595867020253,0.16666666666666666,0.4949026185277132,1.616483805078527,1192.0,52.0,1484.0
KNH,4,0.48263403263403265,0.5,0.0001207046968537915,4,20.75,Kinmen Airport,Taiwan,-1.2389076653896594,0.12065850815850816,0.47532659992459725,1.1174156314917416,1681.5,578.0,1669.5
MZG,4,0.48263403263403265,0.5,0.00012070469685374378,4,20.75,Makung Airport,Taiwan,-1.2389076653896594,0.12065850815850816,0.47532659992459725,1.1174156314918897,1681.5,577.0,1669.5
LYP,1,0.0,0.0,6.6774590574016e-05,1,37.0,Faisalabad International Airport,Pakistan,,0.0,0.41686302108617834,0.9994908314133131,3143.5,2341.5,
MJD,2,0.0,1.0,9.084555151186417e-05,2,21.0,Moenjodaro Airport,Pakistan,,0.0,0.41670488586556703,1.0074842162978028,3145.0,2064.0,
PJG,1,0.0,0.0,6.6774590574016e-05,1,37.0,Panjgur Airport,Pakistan,,0.0,0.41686302108617834,0.9994908314133131,3143.5,2341.5,
KHS,1,0.0,0.0,6.146798500076517e-05,1,55.0,Khasab Air Base,Oman,,0.0,0.4227566276472576,1.0090411265994874,2961.0,2012.0,
NGK,1,0.0,0.0,6.672132783906487e-05,1,23.0,Nogliki Airport,Russia,,0.0,0.4256896811875967,0.9941297291526239,2860.0,2570.0,
OHH,2,0.0,1.0,9.665258717079393e-05,2,17.5,,,,0.0,0.4151339185742305,1.038081521487589,3200.0,1349.0,
KHY,1,0.0,0.0,8.213757479852197e-05,1,38.0,Khoy Airport,Iran,,0.0,0.4251059816896232,1.0205693747739042,2888.0,1687.0,
KHZ,2,0.5,0.0,0.0001314279235175473,2,2.0,Kauehi Airport,French Polynesia,-0.7869495821071592,0.25,0.5445014976733306,1.3148118947874479,447.0,196.0,1405.0
KXU,2,1697.0,0.0,0.00015592331085415676,2,17.0,,,1.7496349891063836,848.5,0.5180108808146399,1.0226753189994089,806.0,1637.0,97.5
KIF,2,0.0,1.0,0.0001377068664402094,2,10.5,Kingfisher Lake Airport,Canada,,0.0,0.42407062955781505,0.993582251800258,2930.0,2593.0,
WNN,3,0.5,0.6666666666666666,0.00015290827377449528,2,7.333333333333333,Wunnumin Lake Airport,Canada,-1.0448762992117955,0.16666666666666666,0.4746440751279263,0.9952757697530098,1698.0,2522.0,1581.5
YXL,18,41977.13102566586,0.11764705882352941,0.000944438205613683,3,4.222222222222222,Sioux Lookout Airport,Canada,1.3529410347660606,2332.0628347592146,0.6137335177781507,1.167460190669996,62.0,427.0,224.0
KIS,2,0.0,1.0,6.683586864382414e-05,2,35.0,Kisumu Airport,Kenya,,0.0,0.44890900067897516,1.285723636936689,2364.0,225.0,
TGP,1,0.0,0.0,6.502213447983826e-05,1,31.0,Podkamennaya Tunguska Airport,Russia,,0.0,0.4203255971315976,0.9840667391383459,3025.0,2948.0,
THX,1,0.0,0.0,6.502213447983826e-05,1,31.0,Turukhansk Airport,Russia,,0.0,0.4203255971315976,0.9840667391383459,3025.0,2948.0,
SKK,3,0.0,1.0,0.00024610554595859023,3,8.666666666666666,Shaktoolik Airport,United States,,0.0,0.48510002266137614,1.075745857856685,1436.0,874.0,
SYB,2,3395.0,0.0,0.00011633601728289744,1,1.5,,,1.9659971873737032,1697.5,0.5877983800579267,1.1461940922799554,141.0,483.0,47.0
KYK,1,0.0,0.0,0.00011633601728289744,1,2.0,Karluk Airport,United States,,0.0,0.5221706169001387,0.9958952545008101,737.5,2491.5,
KLV,3,0.0,1.0,9.390684113455932e-05,3,108.0,Karlovy Vary International Airport,Czech Republic,,0.0,0.4489116771607025,0.9882711757751519,2363.0,2818.0,
LNJ,1,0.0,0.0,6.146566219485718e-05,1,95.0,Lintsang Airfield,China,,0.0,0.4251472863321944,0.9363481705821403,2880.5,3419.5,
SYM,1,0.0,0.0,6.146566219485718e-05,1,95.0,Pu'er Simao Airport,China,,0.0,0.4251472863321944,0.9363481705821403,2880.5,3419.5,
WNH,1,0.0,0.0,6.146566219485718e-05,1,95.0,,,,0.0,0.4251472863321944,0.9363481705821403,2880.5,3419.5,
YIC,4,0.0,1.0,0.00010750715965323627,4,114.25,Yichun Mingyueshan Airport,China,,0.0,0.46388118398492295,1.0070902881363721,1992.0,2079.0,
NDY,3,0.5,0.6666666666666666,0.00017634173705441349,2,5.666666666666667,Sanday Airport,United Kingdom,-1.0448762992117955,0.16666666666666666,0.4857667631937005,0.9982405883151955,1421.0,2402.0,1581.5
NRL,4,1.5,0.5,0.00012874162840545013,2,4.75,North Ronaldsay Airport,United Kingdom,-0.8850979314200329,0.375,0.5166633344531504,1.3092423665768345,827.0,199.0,1470.5
PPW,3,0.5,0.6666666666666666,0.00016427097390692892,2,5.666666666666667,Papa Westray Airport,United Kingdom,-1.0448762992117955,0.16666666666666666,0.484897643437996,1.0152156540437955,1442.0,1822.0,1581.5
SOY,2,0.0,1.0,0.00015714342404655668,2,7.0,Stronsay Airport,United Kingdom,,0.0,0.44809423446031055,0.984341480460831,2379.0,2931.0,
WRY,2,0.0,1.0,0.0001287416284054165,2,7.0,Westray Airport,United Kingdom,,0.0,0.4435757715374672,1.006823419528646,2465.0,2089.0,
FMI,1,0.0,0.0,0.0001453167067224127,1,2.0,Kalemie Airport,Congo (Kinshasa),,0.0,0.529513177587213,1.0156754332199687,637.0,1814.0,
KOS,1,0.0,0.0,6.470607160213432e-05,1,20.0,Sihanoukville International Airport,Cambodia,,0.0,0.43230144251023433,1.0297196481528295,2706.0,1482.0,
WBB,4,46.333333333333314,0.3333333333333333,0.00026165546031378857,2,6.75,,,0.18522716659219715,11.583333333333329,0.5095301877352638,1.0845633727502395,927.0,792.0,736.0
KPB,2,0.0,1.0,0.0001310558484555559,2,8.5,,,,0.0,0.43333424187010033,0.9848272925475333,2685.0,2919.0,
PPV,2,0.0,1.0,0.00015560704705146406,2,8.5,,,,0.0,0.4389180977928931,0.9689819494281461,2551.0,3340.0,
UYL,1,0.0,0.0,6.776156376098922e-05,1,23.0,Nyala Airport,Sudan,,0.0,0.4227958037823361,0.9839611625447053,2958.0,2954.0,
KRY,1,0.0,0.0,6.360363737747478e-05,1,55.0,Karamay Airport,China,,0.0,0.4165613905618637,0.978260506597819,3154.0,3119.0,
KSA,2,0.0,1.0,0.00018418403745769913,2,3.0,Kosrae International Airport,Micronesia,,0.0,0.5060275689367767,1.1965095478150507,988.0,360.0,
KWA,3,3197.4833834535593,0.3333333333333333,0.00024379244760855043,2,3.0,Bucholz Army Air Field,Marshall Islands,1.6893685598303212,1065.8277944845197,0.5320194441638524,1.0516237106558017,595.0,1143.0,145.0
PNI,3,512.3068196410577,0.3333333333333333,0.0002502350638979434,2,2.3333333333333335,Pohnpei International Airport,Micronesia,1.1180134334730982,170.76893988035258,0.5440939897511339,1.1565277183332605,452.0,455.0,278.0
MOU,2,3.583333333333333,0.0,0.0002502808106027539,2,3.5,Mountain Village Airport,United States,-0.1724603443126167,1.7916666666666665,0.5343412519534811,1.0490030639260648,566.0,1188.0,968.0
KTE,1,0.0,0.0,7.40847638413037e-05,1,12.0,Kerteh Airport,Malaysia,,0.0,0.4431303956229459,1.0826818210325075,2472.0,806.0,
KTG,2,0.667816091954023,0.0,0.0001146003971070933,2,5.0,Ketapang(Rahadi Usman) Airport,Indonesia,-0.6966518167657456,0.3339080459770115,0.5099403197473537,1.3160378378264184,918.0,195.0,1345.0
KTL,1,0.0,0.0,0.00012679344999848606,1,11.0,Kitale Airport,Kenya,,0.0,0.4720885773254908,1.1199295780771243,1776.5,565.5,
PKR,1,0.0,0.0,7.219024205396735e-05,1,32.0,Pokhara Airport,Nepal,,0.0,0.4133394955372043,0.9750894778957812,3267.0,3219.0,
TMI,1,0.0,0.0,7.219024205396735e-05,1,32.0,Tumling Tar Airport,Nepal,,0.0,0.4133394955372043,0.9750894778957812,3267.0,3219.0,
KWF,1,0.0,0.0,0.0001310558484555559,1,15.0,,,,0.0,0.4716353303541427,1.3173530756096836,1786.0,192.0,
MTM,1,0.0,0.0,0.0001310558484555559,1,15.0,Metlakatla Seaplane Base,United States,,0.0,0.4716353303541427,1.3173530756096836,1786.0,192.0,
WRG,2,7.0,0.0,0.00022392381432567,2,8.5,Wrangell Airport,United States,0.03646813798597729,3.5,0.5132944016663735,1.1422826438172455,876.0,494.0,823.0
KTS,3,0.5,0.6666666666666666,0.00029078925054528033,2,7.333333333333333,Brevig Mission Airport,United States,-1.0448762992117955,0.16666666666666666,0.4984195111665712,1.0010888076049211,1118.0,2274.0,1581.5
TLA,2,0.0,1.0,0.00018862379261742535,2,9.5,Teller Airport,United States,,0.0,0.4470264258840048,1.0315673913239798,2407.0,1443.0,
WAA,4,1.5,0.5,0.00036843753077614726,2,5.75,Wales Airport,United States,-0.8850979314200329,0.375,0.5324977410000239,1.1406323630711213,588.0,500.0,1470.5
KUA,3,0.0,1.0,0.00010601240660548336,3,85.66666666666667,Kuantan Airport,Malaysia,,0.0,0.43605185896003146,0.9762314049219694,2623.0,3193.0,
NUP,3,0.0,1.0,0.00024453730676492934,3,11.666666666666666,,,,0.0,0.4728095331870515,1.0452132113221653,1758.0,1233.0,
TGG,4,9.05445886315075,0.6666666666666666,0.0001483642688230361,4,67.25,Sultan Mahmud Airport,Malaysia,-0.3241650730639492,2.2636147157876874,0.44906542720368114,0.9698073457285016,2360.0,3327.0,1071.0
KVG,3,0.0,1.0,0.0001776937717787301,3,16.0,Kavieng Airport,Papua New Guinea,,0.0,0.4469492681449062,0.9842222206798679,2408.0,2936.0,
MAS,5,1.1666666666666665,0.7,0.0002731594572027676,4,12.4,Momote Airport,Papua New Guinea,-1.105458380009564,0.2333333333333333,0.4923159049783255,1.0680478847491015,1255.0,945.0,1617.0
KVL,3,1.0,0.6666666666666666,0.00017841024497518252,2,6.666666666666667,Kivalina Airport,United States,-0.8286060178879473,0.3333333333333333,0.4817303026398873,0.984190205319248,1503.0,2937.0,1446.0
PHO,4,22.66666666666667,0.3333333333333333,0.0002773855251695656,2,5.25,,,-0.037850920707930086,5.666666666666668,0.518118865533357,1.0928085775765422,803.0,738.0,877.0
KVX,3,782.4210874601333,0.3333333333333333,0.00012055147469350544,3,63.333333333333336,Pobedilovo Airport,Russia,1.2501409843169669,260.80702915337775,0.5056175779528559,1.1080032740523764,993.0,620.0,252.0
WUZ,3,0.0,1.0,8.875406586089345e-05,3,40.666666666666664,Wuzhou Changzhoudao Airport,China,,0.0,0.4412860464004734,1.4343224717082639,2511.0,91.0,
TOG,1,0.0,0.0,0.00014582733507272945,1,3.0,Togiak Airport,United States,,0.0,0.506240499184602,0.9908628018124569,985.0,2706.0,
KYP,1,0.0,0.0,7.182901667018648e-05,1,29.0,Kyaukpyu Airport,Burma,,0.0,0.4149841240016704,0.9737529201577019,3211.0,3250.0,
KZS,1,0.0,0.0,5.8274985924775365e-05,1,51.0,Kastelorizo Airport,Greece,,0.0,0.44402548637921113,1.144214265472675,2459.0,489.0,
LUO,1,0.0,0.0,7.230542757195422e-05,1,38.0,Luena Airport,Angola,,0.0,0.41203000126625516,0.979473188169383,3327.0,3068.0,
MEG,2,0.0,1.0,0.0001257485696903314,2,20.0,Malanje Airport,Angola,,0.0,0.40947773968602075,0.9724512856723861,3388.5,3271.5,
MSZ,1,0.0,0.0,7.230542757195422e-05,1,38.0,Namibe Airport,Angola,,0.0,0.41203000126625516,0.979473188169383,3327.0,3068.0,
NOV,3,0.0,1.0,0.00016090440437304657,3,15.666666666666666,Nova Lisboa Airport,Angola,,0.0,0.4422404859198561,0.9913574849778612,2495.5,2688.0,
SDD,3,2.7291666666666665,0.6666666666666666,0.0001485654482320725,3,19.0,Lubango Airport,Angola,-0.5153470578899252,0.9097222222222222,0.45252672453311743,0.9932222549689435,2294.0,2611.0,1229.0
SPP,3,0.0,1.0,0.0001609044043730088,3,15.666666666666666,Menongue Airport,Angola,,0.0,0.4422404859198561,0.9913574849778725,2495.5,2687.0,
SSY,1,0.0,0.0,7.230542757195422e-05,1,38.0,Mbanza Congo Airport,Angola,,0.0,0.41203000126625516,0.979473188169383,3327.0,3068.0,
SVP,2,0.0,1.0,0.00011531482313402741,2,22.0,Kuito Airport,Angola,,0.0,0.411720602228155,0.9965697090701825,3332.5,2463.0,
TMS,3,12.2885989010989,0.6666666666666666,0.00011169798017758491,3,52.0,São Tomé International Airport,Sao Tome and Principe,-0.04587012024916534,4.096199633699634,0.46303359971869057,1.0112868422176708,2037.0,1948.0,882.0
VHC,2,0.0,1.0,0.00012574856969029924,2,20.0,Saurimo Airport,Angola,,0.0,0.40947773968602075,0.9724512856723866,3388.5,3269.5,
LAI,1,0.0,0.0,6.031164397560125e-05,1,123.0,Lannion-Côte de Granit Airport,France,,0.0,0.43781158138560966,1.0348452881703616,2596.5,1391.5,
LAO,1,0.0,0.0,7.158033176028465e-05,1,78.0,Laoag International Airport,Philippines,,0.0,0.4222609730393567,1.0028106319994476,2987.0,2221.0,
LAQ,2,0.0,1.0,8.100251404784259e-05,2,43.0,La Abraq Airport,Libya,,0.0,0.4189099794932628,1.1512197985477841,3071.5,469.5,
SCK,1,0.0,0.0,6.15445047843688e-05,1,133.0,Stockton Metropolitan Airport,United States,,0.0,0.43717712558599203,0.9974965189699266,2608.0,2436.0,
SMX,2,0.0,1.0,8.06123720925243e-05,2,141.0,Santa Maria Pub/Capt G Allan Hancock Field,United States,,0.0,0.44832460300253457,0.9957655371620457,2376.0,2497.0,
YYJ,8,2.8807467553153856,0.9285714285714286,0.00021320977052564184,7,83.0,Victoria International Airport,Canada,-1.1224123488941176,0.3600933444144232,0.4876609364929738,0.9983577480163531,1366.0,2393.0,1624.0
LAU,2,0.0,1.0,0.00016568103774236483,2,7.0,Manda Airstrip,Kenya,,0.0,0.4493784317212185,0.9727059224245144,2355.0,3263.0,
MYD,3,3964.998586912206,0.3333333333333333,0.00013725030968427812,2,26.666666666666668,Malindi Airport,Kenya,1.756495284525869,1321.666195637402,0.5085275390898788,1.0550547176066158,946.0,1093.0,94.0
LTO,1,0.0,0.0,6.327744317239707e-05,1,149.0,Loreto International Airport,Mexico,,0.0,0.440583645361188,0.9991871166177421,2520.5,2353.5,
MCE,1,0.0,0.0,6.327744317239707e-05,1,149.0,Merced Regional Macready Field,United States,,0.0,0.440583645361188,0.9991871166177421,2520.5,2353.5,
MMH,1,0.0,0.0,6.327744317239707e-05,1,149.0,Mammoth Yosemite Airport,United States,,0.0,0.440583645361188,0.9991871166177421,2520.5,2353.5,
PRC,1,0.0,0.0,6.327744317239707e-05,1,149.0,Ernest A. Love Field,United States,,0.0,0.440583645361188,0.9991871166177421,2520.5,2353.5,
SBP,3,0.0,1.0,9.878482597259983e-05,3,115.0,San Luis County Regional Airport,United States,,0.0,0.44758344392703076,0.996409317711072,2390.0,2470.0,
STS,4,0.0,1.0,0.00011982359954583627,4,89.5,Charles M. Schulz Sonoma County Airport,United States,,0.0,0.4526588773461481,1.0053589745928944,2290.0,2135.0,
UPN,2,5.629729156363369,0.0,8.386737836530994e-05,2,90.5,Licenciado y General Ignacio Lopez Rayon Airport,Mexico,-0.03150332015130895,2.8148645781816843,0.5200645565981303,1.1124130593043242,777.0,600.0,872.0
VIS,1,0.0,0.0,6.327744317239707e-05,1,149.0,Visalia Municipal Airport,United States,,0.0,0.440583645361188,0.9991871166177421,2520.5,2353.5,
YLW,11,773.3836541541817,0.509090909090909,0.00033055177598019324,7,53.72727272727273,Kelowna International Airport,Canada,0.42000897229218465,70.30760492310743,0.46883112436422575,0.9724564101025326,1855.0,3268.0,582.0
YUM,2,0.0,1.0,8.110429939940672e-05,2,120.0,Yuma MCAS/Yuma International Airport,United States,,0.0,0.4391281527962087,0.9971780941679451,2546.0,2448.0,
LAZ,2,0.0,1.0,7.200112992768461e-05,2,16.0,Bom Jesus da Lapa Airport,Brazil,,0.0,0.45167979286465443,1.060190036064953,2315.0,1036.0,
LBP,1,0.0,0.0,0.00010005045679405528,1,6.0,,,,0.0,0.4709396200086218,1.016880422925639,1803.0,1779.0,
LBS,2,0.0,1.0,0.00012830616979138477,2,18.0,Labasa Airport,Fiji,,0.0,0.41111923547781937,0.9753281094868022,3347.5,3210.5,
PEU,2,0.0,1.0,9.519506748086008e-05,2,9.0,Puerto Lempira Airport,Honduras,,0.0,0.44005916794936295,1.184536990820303,2526.0,377.0,
UII,1,0.0,0.0,7.224614817911771e-05,1,7.0,Utila Airport,Honduras,,0.0,0.4672935300499362,1.028624864999276,1890.5,1514.0,
LCK,2,1.492781375993107,0.0,8.30242526942904e-05,2,40.5,Rickenbacker International Airport,United States,-0.44567445266239464,0.7463906879965535,0.49493373337696306,1.677250656044801,1190.0,48.0,1177.0
LCX,1,0.0,0.0,5.953261897344335e-05,1,69.0,Longyan Guanzhishan Airport,China,,0.0,0.43342781183004914,1.0758443131818582,2682.0,872.0,
LEA,1,0.0,0.0,7.707791394739196e-05,1,38.0,Learmonth Airport,Australia,,0.0,0.41840789834752773,0.9981954031522774,3089.0,2408.0,
LEC,1,0.0,0.0,7.200112992768461e-05,1,30.0,Coronel Horácio de Mattos Airport,Brazil,,0.0,0.4139078744893799,0.9801206737031023,3230.5,3036.5,
SCW,7,4851.835327531859,0.19047619047619047,0.00027796273610352225,3,47.714285714285715,Syktyvkar Airport,Russia,1.2804875817224128,693.1193325045513,0.5024818062980025,1.146118317244918,1037.0,484.0,240.0
UCT,4,1284.5571899571141,0.3333333333333333,0.00016124860362687248,3,49.0,Ukhta Airport,Russia,1.221827242053351,321.13929748927853,0.48685316812193724,1.0456293911975176,1388.0,1225.0,258.0
LEH,1,0.0,0.0,5.8291114186765025e-05,1,78.0,Le Havre Octeville Airport,France,,0.0,0.4472532503684297,1.4448631642079552,2400.0,89.0,
LPD,1,0.0,0.0,0.00012481430785040234,1,4.0,La Pedrera Airport,Colombia,,0.0,0.4916239549881365,0.9933514235463929,1270.5,2605.5,
TCD,1,0.0,0.0,0.00012481430785040234,1,4.0,,,,0.0,0.4916239549881365,0.9933514235463929,1270.5,2605.5,
LGI,1,0.0,0.0,6.99465706253476e-05,1,40.0,Deadman's Cay Airport,Bahamas,,0.0,0.41342676456981203,0.9693285161904546,3258.5,3333.5,
LGL,2,0.0,1.0,0.00013517367291321884,2,13.0,Long Lellang Airport,Malaysia,,0.0,0.41687345466037473,0.9938554587063907,3140.5,2586.0,
LGQ,1,0.0,0.0,7.659661048944568e-05,1,26.0,,,,0.0,0.4199094551850525,1.0188695732945652,3030.5,1731.0,
YZY,2,0.0,1.0,7.540243252935645e-05,2,59.5,Zhangye Ganzhou Airport,China,,0.0,0.4294427862793562,1.2309478545219767,2785.0,292.0,
PIU,1,0.0,0.0,7.386597769052736e-05,1,57.0,Capitán FAP Guillermo Concha Iberico International Airport,Peru,,0.0,0.4175170179361856,1.050151547702233,3124.0,1165.0,
TBP,1,0.0,0.0,7.386597769052736e-05,1,57.0,Capitan FAP Pedro Canga Rodriguez Airport,Peru,,0.0,0.4175170179361856,1.050151547702233,3124.0,1165.0,
TGI,1,0.0,0.0,7.386597769052736e-05,1,57.0,Tingo Maria Airport,Peru,,0.0,0.4175170179361856,1.050151547702233,3124.0,1165.0,
TRU,1,0.0,0.0,7.386597769052736e-05,1,57.0,Capitan FAP Carlos Martinez De Pinillos International Airport,Peru,,0.0,0.4175170179361856,1.050151547702233,3124.0,1165.0,
SYQ,1,0.0,0.0,6.619534942777283e-05,1,15.0,Tobias Bolanos International Airport,Costa Rica,,0.0,0.44376291341723323,1.134716698727182,2462.0,519.0,
TNO,2,0.0,1.0,9.532602911443631e-05,2,26.5,,,,0.0,0.41276132357502954,1.0258749931934141,3304.0,1564.0,
PIX,3,0.0,1.0,0.00011716571623559391,3,42.666666666666664,Pico Airport,Portugal,,0.0,0.42869104244677486,0.985837297756266,2792.0,2886.0,
PXO,1,0.0,0.0,5.879617561859369e-05,1,103.0,Porto Santo Airport,Portugal,,0.0,0.4489155750812032,1.024254195370888,2362.0,1604.0,
SMA,2,0.0,1.0,8.19183700718193e-05,2,60.0,Santa Maria Airport,Portugal,,0.0,0.4190826523089034,1.0767900094821636,3056.0,861.0,
LJA,1,0.0,0.0,4.420957586424154e-05,1,20.0,Lodja Airport,Congo (Kinshasa),,0.0,0.48420105394339963,2.9128262492494534,1458.0,13.0,
LKB,1,0.0,0.0,9.221286736983767e-05,1,12.0,Lakeba Island Airport,Fiji,,0.0,0.4500606295202993,1.1428519802086794,2344.5,491.5,
LKG,1,0.0,0.0,0.00012679344999848606,1,11.0,Lokichoggio Airport,Kenya,,0.0,0.4720885773254908,1.1199295780771243,1776.5,565.5,
LKH,2,0.0,1.0,0.00013517367291321884,2,13.0,Long Akah Airport,Malaysia,,0.0,0.41687345466037473,0.9938554587063907,3140.5,2586.0,
PJA,2,1.8854651108546698,0.0,9.265155406074187e-05,2,16.5,Pajala Airport,Sweden,-0.37280919665298673,0.9427325554273349,0.496868422786346,1.9050777530981722,1150.0,37.0,1111.0
LMC,1,0.0,0.0,0.00010101119958488907,1,5.0,,,,0.0,0.4759148486453102,0.9939081866297277,1671.0,2580.0,
LMN,1,0.0,0.0,7.93327919834051e-05,1,20.0,Limbang Airport,Malaysia,,0.0,0.42791259626843725,1.033379630870726,2812.0,1415.0,
LMT,2,0.0,1.0,8.045668842300196e-05,2,81.5,Crater Lake-Klamath Regional Airport,United States,,0.0,0.42951306972861275,1.0507511065201034,2783.5,1155.5,
LNE,3,72.9208871345466,0.6666666666666666,0.00023951445558641183,2,11.0,Lonorore Airport,Vanuatu,0.509730758154725,24.306962378182202,0.48893742801918927,1.0976990321505256,1335.0,691.0,529.0
LOD,2,0.0,1.0,0.00017734549984345106,2,6.5,Longana Airport,Vanuatu,,0.0,0.4602720335210936,1.0066399094622351,2104.0,2094.0,
QUO,1,0.0,0.0,6.59548045102919e-05,1,44.0,Akwa Ibom International Airport,Nigeria,,0.0,0.41272388544684413,0.9950274640164387,3309.0,2537.0,
NDB,3,7.629952018721797,0.6666666666666666,0.00011057160492730312,3,31.666666666666668,Nouadhibou International Airport,Mauritania,-0.19457206048023595,2.543317339573932,0.46350004194092875,1.010209763556938,2004.0,1975.0,979.0
VDE,3,0.30159273197247877,0.6666666666666666,8.580276446519021e-05,3,61.666666666666664,Hierro Airport,Spain,-1.2026079320759184,0.10053091065749292,0.4642604091872557,1.0517476469501543,1984.0,1142.0,1661.0
POI,1,0.0,0.0,8.702644454104047e-05,1,17.0,Capitan Nicolas Rojas Airport,Bolivia,,0.0,0.43907171348108437,1.0678752091705495,2548.5,948.5,
RBQ,2,0.0,1.0,0.00015374693803890677,2,12.0,Rurenabaque Airport,Bolivia,,0.0,0.4242927636586068,1.0142225039180321,2921.5,1852.0,
UYU,1,0.0,0.0,8.702644454104047e-05,1,17.0,Uyuni Airport,Bolivia,,0.0,0.43907171348108437,1.0678752091705495,2548.5,948.5,
LPM,2,0.0,1.0,0.00016495224042484141,2,13.0,Lamap Airport,Vanuatu,,0.0,0.42803476169925186,1.0672967759677734,2803.5,954.5,
PKZ,5,12.907091714123146,0.4,0.00017453342964660984,4,20.2,Pakse International Airport,Laos,-0.3554980041713517,2.5814183428246293,0.47645633380423164,1.0600366525595402,1656.0,1038.0,1099.0
LPS,1,0.0,0.0,0.0001818705018342499,1,2.0,Lopez Island Airport,United States,,0.0,0.5502507893441874,1.0989542153658545,378.0,679.0,
LPY,1,0.0,0.0,6.031164397560125e-05,1,123.0,Le Puy-Loudes Airport,France,,0.0,0.43781158138560966,1.0348452881703616,2596.5,1391.5,
LQM,1,0.0,0.0,9.879771637078993e-05,1,3.0,Caucaya Airport,Colombia,,0.0,0.4962083857502779,0.9978481652077538,1159.0,2419.0,
WIN,2,0.5,0.0,0.0002105396227348343,2,7.0,Winton Airport,Australia,-0.7869495821071592,0.25,0.5087768839435111,1.3167880261440985,943.0,194.0,1405.0
LRT,2,0.0,1.0,7.439318229812472e-05,2,100.5,Lorient South Brittany (Bretagne Sud) Airport,France,,0.0,0.4411287662390402,1.0158570350717295,2512.0,1812.0,
LSE,2,0.0,1.0,8.079884115903183e-05,2,168.5,La Crosse Municipal Airport,United States,,0.0,0.46516893555934796,1.1017432734113588,1961.0,661.0,
LSY,1,0.0,0.0,7.546410917034389e-05,1,85.0,Lismore Airport,Australia,,0.0,0.4354907523087704,1.408868363994767,2630.5,116.5,
LTD,1,0.0,0.0,6.563031377688554e-05,1,25.0,Ghadames East Airport,Libya,,0.0,0.4239993219312698,1.0131945201236696,2936.0,1892.0,
OCC,2,14.086768616021132,0.0,0.00013135131564630836,2,14.0,Francisco De Orellana Airport,Ecuador,0.25466622676459827,7.043384308010566,0.4988810000388574,1.1145250239439777,1109.0,590.0,687.0
LUD,2,0.0,1.0,7.746020096228664e-05,2,7.5,Luderitz Airport,Namibia,,0.0,0.468215984233596,1.455109085015469,1867.0,84.0,
OMD,2,0.0,1.0,0.00011005074668218518,2,7.5,Oranjemund Airport,Namibia,,0.0,0.44435636052672706,1.0831667422074753,2453.0,799.0,
MFU,1,0.0,0.0,7.258234159976236e-05,1,19.0,Mfuwe Airport,Zambia,,0.0,0.424360273232673,0.9687170757576937,2917.5,3341.5,
SLI,2,0.0,1.0,0.00010571767850353267,2,13.5,,,,0.0,0.42013929272047673,1.0349903362035344,3028.0,1389.0,
LUR,2,0.0,1.0,0.0001228021413289222,2,9.0,Cape Lisburne LRRS Airport,United States,,0.0,0.43380326706525446,0.9969975343376932,2669.5,2451.0,
LUW,1,0.0,0.0,8.351610089901572e-05,1,26.0,Syukuran Aminuddin Amir Airport,Indonesia,,0.0,0.42801075562005747,1.0123855593046658,2809.0,1915.0,
PUW,2,0.0,1.0,9.644745579059024e-05,2,49.0,Pullman Moscow Regional Airport,United States,,0.0,0.4098757290275485,1.008227449259354,3380.0,2037.0,
LXG,1,0.0,0.0,7.283506108592579e-05,1,17.0,Luang Namtha Airport,Laos,,0.0,0.42972589741040423,0.9933870685562787,2779.5,2601.5,
LYR,2,0.0,1.0,9.008632572164871e-05,2,62.5,"Svalbard Airport, Longyear",Norway,,0.0,0.41473119648214474,1.0145295648693151,3215.0,1839.0,
LZC,1,0.0,0.0,6.712977135387526e-05,1,95.0,Lázaro Cárdenas Airport,Mexico,,0.0,0.42468319710351954,1.0289689935931792,2905.0,1503.0,
TCR,1,0.0,0.0,6.200354698912001e-05,1,40.0,,,,0.0,0.4240250787032147,1.037500888939357,2934.0,1356.0,
OIA,3,3395.0,0.3333333333333333,0.00010279951489961489,2,4.333333333333333,Ourilândia do Norte Airport,Brazil,1.7080704702690668,1131.6666666666667,0.5520936342815738,1.2479475337237018,356.0,270.0,129.0
RDC,2,6788.000000000001,0.0,6.522137541502776e-05,1,5.0,Redenção Airport,Brazil,2.18217555175408,3394.0000000000005,0.5741830251716148,1.3521231868907893,203.0,156.0,15.0
TUR,2,0.0,1.0,6.522137541500959e-05,2,13.5,Tucuruí Airport,Brazil,,0.0,0.4666284098541183,1.2163310483824017,1910.0,309.0,
PNA,1,0.0,0.0,5.837261062273958e-05,1,159.0,Pamplona Airport,Spain,,0.0,0.47480834995969007,1.1047525823543518,1692.5,639.5,
RJL,1,0.0,0.0,5.837261062273958e-05,1,159.0,Logroño-Agoncillo Airport,Spain,,0.0,0.47480834995969007,1.1047525823543518,1692.5,639.5,
VAI,3,0.0,1.0,0.00017885381391445724,3,15.333333333333334,Vanimo Airport,Papua New Guinea,,0.0,0.44689277190521515,0.9777926014425985,2410.0,3142.0,
MAM,1,0.0,0.0,6.712977135387526e-05,1,95.0,General Servando Canales International Airport,Mexico,,0.0,0.42468319710351954,1.0289689935931792,2905.0,1503.0,
PIN,1,0.0,0.0,8.265552802900363e-05,1,18.0,Parintins Airport,Brazil,,0.0,0.43264776086959056,0.9840679077830294,2697.0,2944.0,
TBT,1,0.0,0.0,8.265552802900363e-05,1,18.0,Tabatinga Airport,Brazil,,0.0,0.43264776086959056,0.9840679077830294,2697.0,2944.0,
PBL,2,0.0,1.0,0.0001018224050709325,2,11.0,General Bartolome Salom International Airport,Venezuela,,0.0,0.4269651653211289,1.087622802689386,2836.0,771.0,
MAZ,1,0.0,0.0,6.284038735030018e-05,1,49.0,Eugenio Maria De Hostos Airport,Puerto Rico,,0.0,0.4194505540798264,1.0356003538175584,3042.5,1380.5,
MBL,1,0.0,0.0,6.054938241052931e-05,1,75.0,Manistee Co Blacker Airport,United States,,0.0,0.4290295524402435,1.3994760575466796,2787.0,124.0,
MBT,1,0.0,0.0,7.158033176028465e-05,1,78.0,Moises R. Espinosa Airport,Philippines,,0.0,0.4222609730393567,1.0028106319994476,2987.0,2221.0,
NIB,1,0.0,0.0,0.00014026770945225835,1,5.0,Nikolai Airport,United States,,0.0,0.48820550056161977,1.0128259221884026,1355.0,1903.0,
TCT,2,0.0,1.0,0.00014026770945225835,2,3.5,,,,0.0,0.4909655489066963,1.2080452464277236,1287.0,315.0,
SLN,1,0.0,0.0,6.075186241475191e-05,1,43.0,Salina Municipal Airport,United States,,0.0,0.42896540885643325,1.0707496717352987,2788.0,916.0,
MCM,1,0.0,0.0,5.693456295159842e-05,1,90.0,,,,0.0,0.455960221779411,1.5042711388756327,2227.0,64.0,
MCY,2,0.0,1.0,0.0001030988742091092,2,70.0,Sunshine Coast Airport,Australia,,0.0,0.4164665281306129,1.040126041345123,3161.5,1311.5,
MNA,1,0.0,0.0,8.702053949713031e-05,1,11.0,Melangguane Airport,Indonesia,,0.0,0.4486546118826063,1.0180078721341719,2370.0,1754.0,
NAH,1,0.0,0.0,8.702053949713031e-05,1,11.0,Naha Airport,Indonesia,,0.0,0.4486546118826063,1.0180078721341719,2370.0,1754.0,
MYT,3,3395.0,0.3333333333333333,0.00018556441702090103,2,12.666666666666666,Myitkyina Airport,Burma,1.7080704702690668,1131.6666666666667,0.4945165673369667,0.9841093629936868,1203.0,2940.0,129.0
NYU,3,0.0,1.0,0.00010329618043714173,3,13.666666666666666,Bagan Airport,Burma,,0.0,0.45238647840938356,1.407514308799415,2299.0,120.0,
MDU,1,0.0,0.0,8.434037709710888e-05,1,35.0,Mendi Airport,Papua New Guinea,,0.0,0.4268869642168637,1.0271717202664248,2839.5,1538.5,
MEB,2,3395.0,0.0,8.178771534884686e-05,1,1.5,Melbourne Essendon Airport,Australia,1.9659971873737032,1697.5,0.5984385765536064,1.3799500340010336,100.5,136.5,47.0
MEC,1,0.0,0.0,7.659661048944568e-05,1,26.0,Eloy Alfaro International Airport,Ecuador,,0.0,0.4199094551850525,1.0188695732945652,3030.5,1731.0,
ULH,2,0.0,1.0,9.218994935109774e-05,2,62.0,Majeed Bin Abdulaziz Airport,Saudi Arabia,,0.0,0.41351311644094396,0.9893710332045782,3251.0,2768.0,
MIM,3,3.2748709719156306,0.6666666666666666,0.00015367630954787783,2,47.333333333333336,Merimbula Airport,Australia,-0.4584728258009561,1.0916236573052103,0.45690670142546186,0.9942232188712647,2196.0,2565.0,1185.0
WGA,2,0.0,1.0,0.0001030988742091092,2,70.0,Wagga Wagga City Airport,Australia,,0.0,0.4164665281306129,1.040126041345123,3161.5,1311.5,
MTT,1,0.0,0.0,6.712977135387526e-05,1,95.0,Minatitlán/Coatzacoalcos National Airport,Mexico,,0.0,0.42468319710351954,1.0289689935931792,2905.0,1503.0,
NLD,1,0.0,0.0,6.712977135387526e-05,1,95.0,Quetzalcóatl International Airport,Mexico,,0.0,0.42468319710351954,1.0289689935931792,2905.0,1503.0,
PAZ,3,0.2,0.6666666666666666,0.00011683619652305833,3,36.0,El Tajín National Airport,Mexico,-1.3307700601829842,0.06666666666666667,0.4455305666557301,0.996329230560682,2435.0,2473.0,1694.0
PDS,1,0.0,0.0,6.712977135387526e-05,1,95.0,Piedras Negras International Airport,Mexico,,0.0,0.42468319710351954,1.0289689935931792,2905.0,1503.0,
PQM,1,0.0,0.0,6.712977135387526e-05,1,95.0,Palenque International Airport,Mexico,,0.0,0.42468319710351954,1.0289689935931792,2905.0,1503.0,
PXM,1,0.0,0.0,6.712977135387526e-05,1,95.0,Puerto Escondido International Airport,Mexico,,0.0,0.42468319710351954,1.0289689935931792,2905.0,1503.0,
TPQ,2,0.0,1.0,8.771970654678812e-05,2,63.5,Amado Nervo National Airport,Mexico,,0.0,0.41383388486279504,1.0409243778972532,3232.5,1299.5,
MGS,1,0.0,0.0,0.00010302960280528016,1,9.0,Mangaia Island Airport,Cook Islands,,0.0,0.46362580503078216,1.0031681434246058,1997.0,2202.0,
MGT,1,0.0,0.0,0.00012812958046503278,1,3.0,Milingimbi Airport,Australia,,0.0,0.4985713916257408,0.9631836594879549,1114.5,3375.5,
TVY,2,6788.0,0.0,0.00017602305794552986,1,15.5,Dawei Airport,Burma,2.18217555175408,3394.0,0.5384403861747491,1.0377971905349916,521.0,1353.0,15.0
MHC,1,0.0,0.0,9.723932028162958e-05,1,5.0,Mocopulli Airport,Chile,,0.0,0.4757010560484082,1.0003776370592834,1676.0,2306.0,
NSH,2,0.0,1.0,0.0001060806369051079,2,39.0,Noshahr Airport,Iran,,0.0,0.4079416571085199,0.9575639308942946,3423.5,3404.5,
RZR,2,0.0,1.0,0.0001060806369051079,2,39.0,Ramsar Airport,Iran,,0.0,0.4079416571085199,0.9575639308942946,3423.5,3404.5,
XBJ,2,0.0,1.0,0.0001060806369051079,2,39.0,Birjand Airport,Iran,,0.0,0.4079416571085199,0.9575639308942946,3423.5,3404.5,
MHG,1,0.0,0.0,5.664830988181406e-05,1,110.0,Mannheim-City Airport,Germany,,0.0,0.46205943114766085,1.2300216463931686,2061.0,295.0,
STX,5,108.11517201354815,0.7,0.00015883332952902488,4,48.4,Henry E Rohlsen Airport,Virgin Islands,0.3076587235932567,21.623034402709628,0.45889151573712295,1.0096954538997387,2140.0,1993.0,647.0
MYA,2,0.0,1.0,0.00011900573020886737,2,44.0,Moruya Airport,Australia,,0.0,0.41287723866792087,1.0576306669318987,3295.0,1066.0,
OSY,3,0.3333333333333333,0.6666666666666666,0.00012899809378381254,3,13.0,Namsos Høknesøra Airport,Norway,-1.1713863038066616,0.1111111111111111,0.45633906156665915,1.0388102742363163,2207.0,1330.0,1640.5
MJU,1,0.0,0.0,8.351610089901572e-05,1,26.0,,,,0.0,0.42801075562005747,1.0123855593046658,2809.0,1915.0,
MKG,1,0.0,0.0,6.191628392609612e-05,1,206.0,Muskegon County Airport,United States,,0.0,0.47326570445639776,0.9857401378106572,1731.5,2891.5,
MNT,2,0.0,1.0,0.0001525745995441147,2,13.0,,,,0.0,0.42296632818967417,1.0183291944610997,2952.5,1745.5,
MMO,1,0.0,0.0,6.901552871552008e-05,1,15.0,Maio Airport,Cape Verde,,0.0,0.4397889153321336,1.0576204596381085,2532.5,1067.5,
RXS,1,0.0,0.0,7.158033176028465e-05,1,78.0,Roxas Airport,Philippines,,0.0,0.4222609730393567,1.0028106319994476,2987.0,2221.0,
SJI,1,0.0,0.0,7.158033176028465e-05,1,78.0,San Jose Airport,Philippines,,0.0,0.4222609730393567,1.0028106319994476,2987.0,2221.0,
TAG,1,0.0,0.0,7.158033176028465e-05,1,78.0,Tagbilaran Airport,Philippines,,0.0,0.4222609730393567,1.0028106319994476,2987.0,2221.0,
TUG,1,0.0,0.0,7.158033176028465e-05,1,78.0,Tuguegarao Airport,Philippines,,0.0,0.4222609730393567,1.0028106319994476,2987.0,2221.0,
VRC,1,0.0,0.0,7.158033176028465e-05,1,78.0,Virac Airport,Philippines,,0.0,0.4222609730393567,1.0028106319994476,2987.0,2221.0,
WNP,1,0.0,0.0,7.158033176028465e-05,1,78.0,Naga Airport,Philippines,,0.0,0.4222609730393567,1.0028106319994476,2987.0,2221.0,
MNS,2,0.0,1.0,7.734491276801186e-05,2,13.5,Mansa Airport,Zambia,,0.0,0.44211880345020355,1.0747375123315628,2500.0,887.0,
MOD,1,0.0,0.0,6.189010243743464e-05,1,105.0,Modesto City Co-Harry Sham Field,United States,,0.0,0.4267923690526351,0.999198271246725,2844.0,2349.0,
MOI,1,0.0,0.0,0.00010302960280528016,1,9.0,Mitiaro Island Airport,Cook Islands,,0.0,0.46362580503078216,1.0031681434246058,1997.0,2202.0,
SRP,3,0.16666666666666666,0.6666666666666666,9.443079426363444e-05,3,49.333333333333336,Stord Airport,Norway,-1.38765658513051,0.05555555555555555,0.45750817508700975,1.0615806147307612,2186.0,1021.0,1721.0
MOQ,2,0.0,1.0,0.00012676116592443243,2,12.0,Morondava Airport,Madagascar,,0.0,0.4182781450274893,0.9989948427290514,3093.5,2363.0,
VPY,1,0.0,0.0,7.490939001445648e-05,1,15.0,Chimoio Airport,Mozambique,,0.0,0.43456849220690064,1.0406407308160612,2643.0,1303.0,
MPN,2,0.0,1.0,9.078760262228909e-05,2,5.5,Mount Pleasant Airport,Falkland Islands,,0.0,0.4727446663149612,1.439555871184728,1760.0,90.0,
MPP,2,0.0,1.0,0.00015263720524889078,2,8.5,,,,0.0,0.4378323051646041,0.9704537674215364,2586.0,3314.0,
MQF,2,0.0,1.0,7.707753079115724e-05,2,105.5,Magnitogorsk International Airport,Russia,,0.0,0.43782422029579376,0.9879698633197915,2589.0,2826.0,
MQJ,1,0.0,0.0,7.21535964588898e-05,1,23.0,Moma Airport,Russia,,0.0,0.41928371596428277,0.9370554113126924,3050.0,3415.0,
RVK,3,0.3333333333333333,0.6666666666666666,0.00013756511315527584,3,13.0,"Rørvik Airport, Ryum",Norway,-1.1713863038066616,0.1111111111111111,0.4532238926097988,1.0201867594715641,2280.0,1707.0,1640.5
SHC,1,0.0,0.0,0.00010483098221249777,1,3.0,,,,0.0,0.4955787703214661,0.9911432571215698,1172.0,2699.0,
MRE,2,0.0,1.0,0.0001849947067718261,2,7.0,Mara Serena Lodge Airstrip,Kenya,,0.0,0.45658749960515094,0.9805574816623538,2201.5,3019.0,
RRG,1,0.0,0.0,6.484350791517788e-05,1,27.0,Sir Charles Gaetan Duval Airport,Mauritius,,0.0,0.4237686618507117,1.001116365881225,2940.5,2272.5,
ZSE,1,0.0,0.0,6.484350791517788e-05,1,27.0,Pierrefonds Airport,Reunion,,0.0,0.4237686618507117,1.001116365881225,2940.5,2272.5,
MRZ,1,0.0,0.0,7.546410917034389e-05,1,85.0,Moree Airport,Australia,,0.0,0.4354907523087704,1.408868363994767,2630.5,116.5,
MSA,4,1.5,0.5,0.00034631076015695914,2,6.75,Muskrat Dam Airport,Canada,-0.8850979314200329,0.375,0.5246372963308799,1.1017756032382355,701.0,660.0,1470.5
XBE,4,1.0,0.6666666666666666,0.00034167985923012716,3,7.75,Bearskin Lake Airport,Canada,-1.0116079360148993,0.25,0.5108853300703017,1.0552019100304828,898.0,1091.0,1548.0
ZPB,2,0.0,1.0,0.00016797389207074486,2,11.0,Sachigo Lake Airport,Canada,,0.0,0.4322944386432597,0.9957491079088364,2707.0,2498.0,
ZRJ,3,0.5,0.6666666666666666,0.0002539577185954231,2,8.0,Round Lake (Weagamow Lake) Airport,Canada,-1.0448762992117955,0.16666666666666666,0.487631418648135,0.9686038492169434,1368.0,3344.0,1581.5
MSW,1,0.0,0.0,4.420957586424154e-05,1,9.0,Massawa International Airport,Eritrea,,0.0,0.50930403590014,2.172087190404116,932.0,28.0,
MTV,3,0.3333333333333333,0.6666666666666666,0.0002686095066451534,3,3.0,Mota Lava Airport,Vanuatu,-1.1713863038066616,0.1111111111111111,0.529437932019407,1.3285243226006405,638.5,176.0,1640.5
SLH,3,3393.0,0.3333333333333333,0.00026169512452626494,3,5.333333333333333,Sola Airport,Vanuatu,1.7078866092959455,1131.0,0.5160666058066029,0.9856831612522441,834.5,2898.0,140.5
TOH,3,0.3333333333333333,0.6666666666666666,0.00026860950664510955,3,3.0,Torres Airstrip,Vanuatu,-1.1713863038066616,0.1111111111111111,0.529437932019407,1.3285243226005552,638.5,177.0,1640.5
ZGU,3,3393.0,0.3333333333333333,0.00026169512452614763,3,5.333333333333333,Gaua Island Airport,Vanuatu,1.7078866092959455,1131.0,0.5160666058066029,0.9856831612522333,834.5,2899.0,140.5
SBZ,3,0.0,1.0,6.930460098097462e-05,3,133.0,Sibiu International Airport,Romania,,0.0,0.48008836437426133,2.1136184580036934,1554.0,29.0,
MUE,1,0.0,0.0,6.746113189134783e-05,1,21.0,Waimea Kohala Airport,United States,,0.0,0.42639646999371766,1.0013896911382891,2849.5,2256.5,
MUK,1,0.0,0.0,0.00010302960280528016,1,9.0,Mauke Airport,Cook Islands,,0.0,0.46362580503078216,1.0031681434246058,1997.0,2202.0,
ODN,2,0.0,1.0,0.00013517367291321884,2,13.0,Long Seridan Airport,Malaysia,,0.0,0.41687345466037473,0.9938554587063907,3140.5,2586.0,
MVT,2,0.0,1.0,0.0001824464620293624,2,19.0,Mataiva Airport,French Polynesia,,0.0,0.438195166356582,1.2736064001652685,2572.5,239.5,
MWA,1,0.0,0.0,6.347227965579919e-05,1,61.0,Williamson County Regional Airport,United States,,0.0,0.4175625174139811,0.9763109059601113,3114.5,3188.5,
MWF,1,0.0,0.0,0.00010948307076069045,1,10.0,Maewo-Naone Airport,Vanuatu,,0.0,0.4648214049937923,1.0267590960475117,1971.0,1547.0,
MXV,1,0.0,0.0,7.87519726529259e-05,1,15.0,Mörön Airport,Mongolia,,0.0,0.4367201733442847,0.9972494292958665,2617.5,2444.0,
YNG,4,6.210196761357514,0.0,0.00012081837609639342,4,30.5,Youngstown Warren Regional Airport,United States,-0.4418138228538672,1.5525491903393784,0.5148873969901567,1.1692562491421798,851.0,423.0,1172.0
PBU,1,0.0,0.0,9.678616068677563e-05,1,3.0,Putao Airport,Burma,,0.0,0.49668454354953745,1.0023643650627394,1153.5,2231.0,
MYU,2,0.0,1.0,0.00012560138212496975,2,16.5,Mekoryuk Airport,United States,,0.0,0.41223782485695915,0.9802655672651144,3322.0,3031.0,
RTA,1,0.0,0.0,8.030287828578864e-05,1,24.0,Rotuma Airport,Fiji,,0.0,0.4273212647429157,1.0254437771837466,2830.0,1573.0,
SVU,3,0.0,1.0,0.00017903186482517424,3,13.0,Savusavu Airport,Fiji,,0.0,0.44773542445100245,0.981608858980098,2386.5,3000.0,
TVU,3,0.0,1.0,0.00017903186482513939,3,13.0,Matei Airport,Fiji,,0.0,0.44773542445100245,0.9816088589800777,2386.5,3001.0,
SRK,1,0.0,0.0,0.0001544586272085486,1,3.0,,,,0.0,0.5152236536692046,1.0058116270692083,848.0,2125.0,
THU,2,3395.0,0.0,0.0003006446445292868,1,2.0,Thule Air Base,Greenland,1.9659971873737032,1697.5,0.5732230150930021,1.0310863844781555,210.0,1456.0,47.0
RCY,1,0.0,0.0,6.99465706253476e-05,1,40.0,Rum Cay Airport,Bahamas,,0.0,0.41342676456981203,0.9693285161904546,3258.5,3333.5,
RSD,1,0.0,0.0,6.99465706253476e-05,1,40.0,Rock Sound Airport,Bahamas,,0.0,0.41342676456981203,0.9693285161904546,3258.5,3333.5,
SML,1,0.0,0.0,6.99465706253476e-05,1,40.0,Stella Maris Airport,Bahamas,,0.0,0.41342676456981203,0.9693285161904546,3258.5,3333.5,
NDG,4,26.308966354531652,0.5,0.00010910912183302422,4,113.75,Qiqihar Sanjiazi Airport,China,0.008643366624591442,6.577241588632913,0.47834601682538014,1.0318502918875987,1602.0,1441.0,845.0
NGE,2,0.0,1.0,6.964367682925949e-05,2,12.0,N'Gaoundéré Airport,Cameroon,,0.0,0.46052229150253493,1.2024945736576613,2098.0,333.0,
NIQ,1,0.0,0.0,0.0001385103118756176,1,7.0,,,,0.0,0.4848637111748424,1.0707411980569645,1444.5,917.5,
NKI,2,0.5,0.0,0.00012913164060339755,2,2.5,,,-0.7869495821071592,0.25,0.5345490649780718,1.2416525451626623,564.0,276.0,1405.0
NLT,1,0.0,0.0,6.360363737747478e-05,1,55.0,Xinyuan Nalati Airport,China,,0.0,0.4165613905618637,0.978260506597819,3154.0,3119.0,
TNK,3,1.0,0.3333333333333333,0.00018271843915000643,2,3.0,,,-0.8286060178879473,0.3333333333333333,0.53026293810572,1.2528622800732974,626.0,262.0,1446.0
NOB,2,0.0,1.0,7.334025555090502e-05,2,20.0,Nosara Airport,Costa Rica,,0.0,0.44085689959838165,1.0528047895164943,2513.0,1118.0,
TMU,2,0.0,1.0,0.00013567947276917427,2,20.0,Tambor Airport,Costa Rica,,0.0,0.41218189939734523,0.9983564885593057,3325.0,2394.0,
SWJ,2,0.0,1.0,0.00016495224042484141,2,13.0,Southwest Bay Airport,Vanuatu,,0.0,0.42803476169925186,1.0672967759677734,2803.5,954.5,
NYK,3,0.5,0.6666666666666666,0.0002054162003764944,2,5.0,Nanyuki Airport,Kenya,-1.0448762992117955,0.16666666666666666,0.4922887956681329,1.0201361730287493,1256.0,1709.0,1581.5
UAS,2,0.0,1.0,0.00018499470677178442,2,7.0,Buffalo Spring,Kenya,,0.0,0.45658749960515094,0.9805574816623338,2201.5,3020.0,
OAG,1,0.0,0.0,7.546410917034389e-05,1,85.0,Orange Airport,Australia,,0.0,0.4354907523087704,1.408868363994767,2630.5,116.5,
OBU,3,0.0,1.0,0.0002313827699996264,3,6.666666666666667,Kobuk Airport,United States,,0.0,0.49345926575105076,1.1485586567017017,1232.0,476.0,
ODY,1,0.0,0.0,7.283506108592579e-05,1,17.0,Oudomsay Airport,Laos,,0.0,0.42972589741040423,0.9933870685562787,2779.5,2601.5,
OGM,2,0.0,1.0,0.00012756191692311675,2,8.5,,,,0.0,0.4338015148678167,0.9821649232382809,2673.0,2987.0,
UEO,1,0.0,0.0,6.390545454340662e-05,1,32.0,Kumejima Airport,Japan,,0.0,0.42237706849272577,1.018713454883966,2973.0,1735.0,
OLA,1,0.0,0.0,5.976162266843102e-05,1,105.0,Ørland Airport,Norway,,0.0,0.43913414329652645,1.0166923553811378,2543.5,1787.5,
OLC,1,0.0,0.0,0.00013805927874199956,1,5.0,Senadora Eunice Micheles Airport,Brazil,,0.0,0.4866059156799523,1.0050201340355651,1392.5,2147.5,
SHH,2,0.0,1.0,0.0002106241386828251,2,10.0,Shishmaref Airport,United States,,0.0,0.45407855047156626,1.0550122639299002,2270.0,1095.0,
TNC,2,0.0,1.0,0.00010623350496296619,2,10.0,Tin City Long Range Radar Station Airport,United States,,0.0,0.43066956628276015,1.0455669873896787,2741.0,1229.0,
OMR,1,0.0,0.0,5.793876025925817e-05,1,68.0,Oradea International Airport,Romania,,0.0,0.4477861832160371,1.0852930462510806,2383.0,788.0,
XCR,2,0.04145995747696669,0.0,6.956181786229004e-05,2,55.0,Châlons-Vatry Airport,France,-1.5638221812514264,0.020729978738483344,0.4832041926692303,2.8226667778357237,1476.0,16.0,1753.0
PAH,1,0.0,0.0,6.191628392609612e-05,1,206.0,Barkley Regional Airport,United States,,0.0,0.47326570445639776,0.9857401378106572,1731.5,2891.5,
SUX,1,0.0,0.0,6.191628392609612e-05,1,206.0,Sioux Gateway Col. Bud Day Field,United States,,0.0,0.47326570445639776,0.9857401378106572,1731.5,2891.5,
TOL,4,74.79693282249065,0.0,0.00011887003198590769,4,76.25,Toledo Express Airport,United States,0.33465449664362984,18.69923320562266,0.5319167119837028,1.0934150589443545,596.0,724.0,632.0
YKF,2,0.0,1.0,8.504592131180999e-05,2,133.0,Waterloo Airport,Canada,,0.0,0.4424446062602838,0.9749072409338677,2485.0,3226.0,
YXU,5,0.0,1.0,0.00015661073172012078,5,92.4,London Airport,Canada,,0.0,0.46894002499279697,1.0276087571926729,1852.0,1529.0,
ORU,2,11.229082799727339,0.0,9.926743226473603e-05,2,6.0,Juan Mendoza Airport,Bolivia,0.1839240846006544,5.614541399863669,0.5202174197757327,1.098338933564839,772.0,686.0,737.0
TLN,3,2.9635900634077723,0.0,8.545723066679699e-05,3,102.0,Toulon-Hyères Airport,France,-0.4896356788110472,0.9878633544692574,0.5305709085971169,1.0926962898727675,615.0,740.0,1209.0
UIP,1,0.0,0.0,6.031164397560125e-05,1,123.0,Quimper-Cornouaille Airport,France,,0.0,0.43781158138560966,1.0348452881703616,2596.5,1391.5,
RRS,1,0.0,0.0,5.976162266843102e-05,1,105.0,Røros Airport,Norway,,0.0,0.43913414329652645,1.0166923553811378,2543.5,1787.5,
SDN,2,0.0,1.0,8.936761322011276e-05,2,54.5,Sandane Airport (Anda),Norway,,0.0,0.41218668849826556,0.980665430228291,3324.0,3016.0,
VDB,1,0.0,0.0,5.976162266843102e-05,1,105.0,Leirin Airport,Norway,,0.0,0.43913414329652645,1.0166923553811378,2543.5,1787.5,
OST,2,0.0,1.0,5.640028532455892e-05,2,67.5,Ostend-Bruges International Airport,Belgium,,0.0,0.46611409954261057,1.9827305563012476,1930.0,34.0,
OTD,2,0.0,1.0,0.00012756191692311675,2,8.5,,,,0.0,0.4338015148678167,0.9821649232382809,2673.0,2987.0,
SIC,2,0.0,1.0,0.00015263720524889078,2,8.5,,,,0.0,0.4378323051646041,0.9704537674215364,2586.0,3314.0,
OTH,2,0.0,1.0,8.045668842300196e-05,2,81.5,Southwest Oregon Regional Airport,United States,,0.0,0.42951306972861275,1.0507511065201034,2783.5,1155.5,
SUJ,1,0.0,0.0,5.793876025925817e-05,1,68.0,Satu Mare Airport,Romania,,0.0,0.4477861832160371,1.0852930462510806,2383.0,788.0,
WLK,1,0.0,0.0,0.00012520017191240877,1,14.0,Selawik Airport,United States,,0.0,0.4697214189015391,1.2854321272152172,1827.0,226.0,
WTK,2,0.0,1.0,0.00012520017191240877,2,8.5,Noatak Airport,United States,,0.0,0.4351251568285256,0.9819670895883567,2635.0,2994.0,
OWB,2,4.491819656255126,0.0,8.323982823254756e-05,2,55.5,Owensboro Daviess County Airport,United States,-0.10195671885917312,2.245909828127563,0.5072672273544359,1.0805545654102124,967.0,831.0,916.0
PUE,1,0.0,0.0,0.00012756191692311675,1,15.0,Puerto Obaldia Airport,Panama,,0.0,0.470309852269813,1.280272849250472,1814.0,228.0,
PVE,2,3395.0,0.0,0.0001275619169231332,1,8.0,,,1.9659971873737032,1697.5,0.538878605739543,1.0352609514146538,511.0,1387.0,47.0
PYC,2,0.0,1.0,0.00012756191692311675,2,8.5,,,,0.0,0.4338015148678167,0.9821649232382809,2673.0,2987.0,
SAX,2,0.0,1.0,0.00012756191692311675,2,8.5,,,,0.0,0.4338015148678167,0.9821649232382809,2673.0,2987.0,
PAV,1,0.0,0.0,7.200112992768461e-05,1,30.0,Paulo Afonso Airport,Brazil,,0.0,0.4139078744893799,0.9801206737031023,3230.5,3036.5,
PBJ,2,0.0,1.0,0.00015382354370779952,2,12.0,Tavie Airport,Vanuatu,,0.0,0.4242927636586068,1.0144977262660126,2921.5,1841.0,
PBO,1,0.0,0.0,7.707791394739196e-05,1,38.0,Paraburdoo Airport,Australia,,0.0,0.41840789834752773,0.9981954031522774,3089.0,2408.0,
SJZ,2,0.0,1.0,0.00010257911648124176,2,12.5,São Jorge Airport,Portugal,,0.0,0.4218342524563468,1.0529770443286368,3002.0,1117.0,
PDT,1,0.0,0.0,6.277616184980886e-05,1,58.0,Eastern Oregon Regional At Pendleton Airport,United States,,0.0,0.4191254026672405,0.9734577594320302,3055.0,3254.0,
ZHY,2,0.0,1.0,7.879775081461163e-05,2,113.0,Zhongwei Shapotou Airport,China,,0.0,0.4372774598733858,0.9979958273077529,2606.0,2415.0,
ZNE,1,0.0,0.0,7.707791394739196e-05,1,38.0,Newman Airport,Australia,,0.0,0.41840789834752773,0.9981954031522774,3089.0,2408.0,
PET,2,0.0,1.0,0.00011157282092144903,2,15.5,João Simões Lopes Neto International Airport,Brazil,,0.0,0.41590452040481046,1.0207120041797728,3191.0,1680.0,
RIG,2,0.0,1.0,9.162802475582807e-05,2,15.5,,,,0.0,0.4221467223153167,0.9989981588937586,2994.0,2362.0,
PFQ,1,0.0,0.0,8.213757479852197e-05,1,38.0,Parsabade Moghan Airport,Iran,,0.0,0.4251059816896232,1.0205693747739042,2888.0,1687.0,
SVC,1,0.0,0.0,6.20364320912512e-05,1,91.0,,,,0.0,0.4232856862326524,0.9315756583751595,2943.5,3422.5,
PIH,1,0.0,0.0,6.460594678824188e-05,1,92.0,Pocatello Regional Airport,United States,,0.0,0.4222619411961352,1.038752932755194,2977.0,1334.0,
UGB,2,0.5,0.0,0.00018606190297165384,2,2.0,,,-0.7869495821071592,0.25,0.5476712886895989,1.170284100761053,410.0,417.0,1405.0
PKA,2,0.0,1.0,0.0001584436899143864,2,15.5,Napaskiak Airport,United States,,0.0,0.4242273737797417,1.0609929376213516,2923.5,1027.5,
SJK,2,1.3000000000000003,0.0,0.00011209862011739698,2,15.0,Professor Urbano Ernesto Stumpf Airport,Brazil,-0.4888184855378802,0.6500000000000001,0.4929276715410662,1.4037986668360758,1240.0,122.0,1207.0
PNL,3,1.4807982821746979,0.3333333333333333,8.141786257180906e-05,3,46.666666666666664,Pantelleria Airport,Italy,-0.706115909901901,0.493599427391566,0.5009715806013747,1.2210111389580065,1057.0,305.0,1350.0
PMZ,2,0.0,1.0,0.00011775694781886939,2,20.5,Palmar Sur Airport,Costa Rica,,0.0,0.41041293553940533,0.9737717784772176,3367.0,3249.0,
TFI,2,0.0,1.0,0.00015254206095298477,2,19.5,,,,0.0,0.4202173050821794,1.161954637841098,3027.0,439.0,
POG,1,0.0,0.0,7.028790404461551e-05,1,9.0,Port Gentil Airport,Gabon,,0.0,0.45728560492348097,1.0856949898365833,2191.0,785.0,
SRA,2,0.0,1.0,7.263091040022213e-05,2,16.0,Santa Rosa Airport,Brazil,,0.0,0.45009960383361913,1.056166666372357,2342.0,1081.0,
WBM,1,0.0,0.0,8.434037709710888e-05,1,35.0,Wapenamanda Airport,Papua New Guinea,,0.0,0.4268869642168637,1.0271717202664248,2839.5,1538.5,
RKA,2,1697.0,0.0,0.00010260982076859502,2,17.0,,,1.7496349891063836,848.5,0.530920833641686,1.0713029273699206,611.0,911.0,97.5
RMT,2,0.0,1.0,0.00020288226873280246,2,17.5,Rimatara Airport,French Polynesia,,0.0,0.44482158201606214,1.1696803989673275,2440.0,421.0,
RUR,3,0.5,0.6666666666666666,0.0002359351716804881,2,12.333333333333334,Rurutu Airport,French Polynesia,-1.0448762992117955,0.16666666666666666,0.4713135154495641,0.9735147471329573,1793.0,3253.0,1581.5
RVV,2,0.0,1.0,0.00014971020746907109,2,17.5,Raivavae Airport,French Polynesia,,0.0,0.4191468790272215,1.1228524712168333,3054.0,557.0,
TKX,3,3395.0,0.3333333333333333,0.00018466032086039157,2,12.0,Takaroa Airport,French Polynesia,1.7080704702690668,1131.6666666666667,0.49559726797880554,0.9765332994610028,1170.0,3183.0,129.0
TUB,3,0.5,0.6666666666666666,0.00016623665894295023,2,12.333333333333334,Tubuai Airport,French Polynesia,-1.0448762992117955,0.16666666666666666,0.4576736782559185,0.9917930780143005,2178.0,2676.0,1581.5
PRI,1,0.0,0.0,6.843030153183961e-05,1,9.0,Praslin Airport,Seychelles,,0.0,0.4595296853759595,1.1099470272679797,2122.0,612.0,
PSJ,1,0.0,0.0,8.351610089901572e-05,1,26.0,Kasiguncu Airport,Indonesia,,0.0,0.42801075562005747,1.0123855593046658,2809.0,1915.0,
PSM,1,0.0,0.0,6.397712444098993e-05,1,50.0,Portsmouth International at Pease Airport,United States,,0.0,0.4164988049622407,1.0359570148069843,3158.5,1376.5,
PTH,2,1697.0,0.0,0.00020236219339014733,2,6.0,Port Heiden Airport,United States,1.7496349891063836,848.5,0.5164214798268942,0.9731357444430895,831.0,3259.0,97.5
PTJ,1,0.0,0.0,4.420957586424154e-05,1,2.0,Portland Airport,Australia,,0.0,0.5681935864907995,2.550406736832714,235.5,20.5,
SFG,2,0.0,1.0,8.811069577675732e-05,2,10.0,L'Espérance Airport,Guadeloupe,,0.0,0.43908713507026625,1.185137428775646,2547.0,375.0,
PUM,1,0.0,0.0,8.351610089901572e-05,1,26.0,,,,0.0,0.42801075562005747,1.0123855593046658,2809.0,1915.0,
CZJ,1,0.0,0.0,0.00015263720524890477,1,2.0,,,,0.0,0.536441631915952,1.0178677703221815,547.0,1760.0,
YNY,1,0.0,0.0,6.0471313574586745e-05,1,154.0,Yangyang International Airport,South Korea,,0.0,0.45239974521796783,1.0474290953292817,2298.0,1209.0,
PWE,1,0.0,0.0,6.123613267352922e-05,1,74.0,Pevek Airport,Russia,,0.0,0.42481675194581536,1.3854788327104366,2896.0,133.0,
SNV,1,0.0,0.0,8.754841945248796e-05,1,6.0,Santa Elena de Uairen Airport,Venezuela,,0.0,0.4676866441535841,1.0072372925473956,1879.5,2073.5,
QBC,2,0.0,1.0,6.817957610498715e-05,2,39.0,Bella Coola Airport,Canada,,0.0,0.44426966116262345,1.230226150792781,2454.0,294.0,
YAA,2,0.0,1.0,7.31858957088359e-05,2,39.0,Anahim Lake Airport,Canada,,0.0,0.43392075595136326,1.1763572059582033,2662.0,403.0,
QOQ,2,0.0,1.0,0.00015460845144186686,2,5.0,,,,0.0,0.47066026201738875,1.0325041512741409,1807.0,1426.0,
QFN,2,1697.0,0.0,0.00018882609821248725,2,3.5,,,1.7496349891063836,848.5,0.5319138825526215,0.9660775908726179,597.0,3357.0,97.5
QUB,1,0.0,0.0,6.563031377688554e-05,1,25.0,,,,0.0,0.4239993219312698,1.0131945201236696,2936.0,1892.0,
QUV,2,0.5,0.0,0.0001701370851155832,2,2.0,,,-0.7869495821071592,0.25,0.5447449033405308,1.2086149081381825,441.0,314.0,1405.0
RAH,1,0.0,0.0,6.326914465336674e-05,1,81.0,Rafha Domestic Airport,Saudi Arabia,,0.0,0.42034737552018553,1.3427471351687192,3022.5,161.5,
SFL,1,0.0,0.0,6.901552871552008e-05,1,15.0,São Filipe Airport,Cape Verde,,0.0,0.4397889153321336,1.0576204596381085,2532.5,1067.5,
RDD,1,0.0,0.0,6.189010243743464e-05,1,105.0,Redding Municipal Airport,United States,,0.0,0.4267923690526351,0.999198271246725,2844.0,2349.0,
RDN,2,0.0,1.0,9.34567118093198e-05,2,68.5,LTS Pulau Redang Airport,Malaysia,,0.0,0.4159050366782145,1.0264585613702961,3190.0,1551.0,
URG,1,0.0,0.0,0.00011306835243706953,1,3.0,Rubem Berta Airport,Brazil,,0.0,0.49762097054503396,0.9863774043813737,1135.0,2873.0,
RIB,1,0.0,0.0,0.00011093006936210785,1,7.0,Capitán Av. Selin Zeitun Lopez Airport,Bolivia,,0.0,0.4728258628110042,1.0049241741724406,1755.5,2153.5,
SCT,1,0.0,0.0,6.513666894928394e-05,1,9.0,Socotra International Airport,Yemen,,0.0,0.46373813665699504,1.1649784092935493,1994.0,432.0,
RJH,2,0.0,1.0,7.335318213315452e-05,2,18.0,Shah Mokhdum Airport,Bangladesh,,0.0,0.44407315891661453,1.0471225806685154,2458.0,1211.0,
TUI,1,0.0,0.0,6.326914465336674e-05,1,81.0,Turaif Domestic Airport,Saudi Arabia,,0.0,0.42034737552018553,1.3427471351687192,3022.5,161.5,
SMS,3,0.0,1.0,0.0001457606687184656,3,13.333333333333334,Sainte Marie Airport,Madagascar,,0.0,0.4421704748697407,0.9912039636580069,2497.0,2694.0,
RVD,1,0.0,0.0,7.3836849430378e-05,1,51.0,General Leite de Castro Airport,Brazil,,0.0,0.41612068867931046,1.0122735409507515,3175.0,1923.0,
SAB,2,0.0,1.0,8.603876824049309e-05,2,20.5,Juancho E. Yrausquin Airport,Netherlands Antilles,,0.0,0.41960909480216935,1.0260235232673458,3040.0,1561.0,
ZOS,2,0.0,1.0,7.243767604341096e-05,2,22.0,Cañal Bajo Carlos - Hott Siebert Airport,Chile,,0.0,0.4434382122602395,1.0738119003468127,2466.0,895.0,
UTS,1,0.0,0.0,7.79621938196236e-05,1,7.0,Ust-Tsylma Airport,Russia,,0.0,0.4643347350622549,1.0210752289715768,1981.0,1676.0,
SDG,1,0.0,0.0,8.213757479852197e-05,1,38.0,Sanandaj Airport,Iran,,0.0,0.4251059816896232,1.0205693747739042,2888.0,1687.0,
YKM,1,0.0,0.0,6.54797722784092e-05,1,94.0,Yakima Air Terminal McAllister Field,United States,,0.0,0.4218611646097341,0.9923189690193817,3000.0,2644.0,
THD,1,0.0,0.0,6.62866454876545e-05,1,54.0,,,,0.0,0.4140205711992585,1.000081743063076,3228.0,2316.0,
VCS,2,10.920099578277057,0.0,0.00010818796251696167,2,28.5,Co Ong Airport,Vietnam,0.17521832336958676,5.4600497891385285,0.5003622400063864,1.0966642460784648,1077.0,700.0,740.0
VKG,1,0.0,0.0,6.62866454876545e-05,1,54.0,Rach Gia Airport,Vietnam,,0.0,0.4140205711992585,1.000081743063076,3228.0,2316.0,
SNE,2,0.0,1.0,9.269962274873308e-05,2,11.0,Preguiça Airport,Cape Verde,,0.0,0.4317163051828418,1.152382197324845,2715.0,463.0,
SJL,1,0.0,0.0,0.00013805927874199956,1,5.0,São Gabriel da Cachoeira Airport,Brazil,,0.0,0.4866059156799523,1.0050201340355651,1392.5,2147.5,
TTQ,1,0.0,0.0,7.334025555090502e-05,1,38.0,Aerotortuguero Airport,Costa Rica,,0.0,0.41290348271089117,0.9851702788174304,3293.5,2915.5,
VIJ,2,0.0,1.0,8.332267489043576e-05,2,34.0,Virgin Gorda Airport,British Virgin Islands,,0.0,0.41773687897548006,1.0581907434503506,3102.0,1057.0,
VQS,2,0.0,1.0,8.984205337018436e-05,2,27.0,Vieques Airport,Puerto Rico,,0.0,0.4175951195345233,1.0306958886722615,3103.0,1467.0,
ZQZ,1,0.0,0.0,5.9518540002145865e-05,1,35.0,Zhangjiakou Ningyuan Airport,China,,0.0,0.4378447590824129,1.1301258748831322,2583.0,534.0,
TWF,1,0.0,0.0,6.460594678824188e-05,1,92.0,Joslin Field Magic Valley Regional Airport,United States,,0.0,0.4222619411961352,1.038752932755194,2977.0,1334.0,
VEL,1,0.0,0.0,6.460594678824188e-05,1,92.0,Vernal Regional Airport,United States,,0.0,0.4222619411961352,1.038752932755194,2977.0,1334.0,
SRV,2,0.0,1.0,0.00013312433921952813,2,6.5,,,,0.0,0.44880688831027105,1.0313634106246021,2365.0,1449.0,
TQL,1,0.0,0.0,7.009322822441945e-05,1,8.0,Tarko-Sale Airport,Russia,,0.0,0.46359067587314057,1.0604061541670593,2001.0,1033.0,
SMK,2,0.0,1.0,0.00018863988001552808,2,5.0,St Michael Airport,United States,,0.0,0.4798675493117536,1.0152585845185302,1562.0,1821.0,
SSR,1,0.0,0.0,0.00010948307076069045,1,10.0,Sara Airport,Vanuatu,,0.0,0.4648214049937923,1.0267590960475117,1971.0,1547.0,
WLH,1,0.0,0.0,0.00010948307076069045,1,10.0,Walaha Airport,Vanuatu,,0.0,0.4648214049937923,1.0267590960475117,1971.0,1547.0,
SPB,1,0.0,0.0,0.0002947305057603342,1,1.0,Charlotte Amalie Harbor Seaplane Base,Virgin Islands,,0.0,0.5968842445239431,1.7275687756553506,107.5,41.0,
SSB,1,0.0,0.0,0.000294730505760109,1,1.0,,,,0.0,0.5968842445239431,1.7275687756546636,107.5,44.0,
SRX,2,0.0,1.0,8.100251404784259e-05,2,43.0,Gardabya Airport,Libya,,0.0,0.4189099794932628,1.1512197985477841,3071.5,469.5,
TBN,1,0.0,0.0,6.347227965579919e-05,1,61.0,Waynesville-St. Robert Regional Forney field,United States,,0.0,0.4175625174139811,0.9763109059601113,3114.5,3188.5,
UIN,1,0.0,0.0,6.347227965579919e-05,1,61.0,Quincy Regional Baldwin Field,United States,,0.0,0.4175625174139811,0.9763109059601113,3114.5,3188.5,
MTE,1,0.0,0.0,7.623303180188083e-05,1,8.0,,,,0.0,0.4580875828812031,1.0163373193936367,2167.0,1799.0,
TMT,1,0.0,0.0,7.623303180186088e-05,1,8.0,Trombetas Airport,Brazil,,0.0,0.4580875828812031,1.0163373193936116,2167.0,1800.5,
STZ,1,0.0,0.0,4.420957586424154e-05,1,2.0,Santa Terezinha Airport,Brazil,,0.0,0.5681935864907995,2.550406736832714,235.5,20.5,
SXO,2,3395.0,0.0,8.178771534884686e-05,1,1.5,São Félix do Araguaia Airport,Brazil,1.9659971873737032,1697.5,0.5984385765536064,1.3799500340010336,100.5,136.5,47.0
SUK,1,0.0,0.0,7.21535964588898e-05,1,23.0,Sakkyryr Airport,Russia,,0.0,0.41928371596428277,0.9370554113126924,3050.0,3415.0,
SUR,2,0.0,1.0,8.753358676699093e-05,2,10.5,Summer Beaver Airport,Canada,,0.0,0.43722140565581946,1.183761077716614,2607.0,378.0,
VBV,1,0.0,0.0,9.221286736983767e-05,1,12.0,Vanua Balavu Airport,Fiji,,0.0,0.4500606295202993,1.1428519802086794,2344.5,491.5,
SVR,1,0.0,0.0,0.0001719835497891038,1,2.0,,,,0.0,0.5443782110207297,1.0634894302264355,449.0,1005.0,
SXI,1,0.0,0.0,6.874962310301168e-05,1,27.0,Sirri Island Airport,Iran,,0.0,0.4193169961253778,0.9569173213735884,3047.0,3408.0,
SXX,1,0.0,0.0,4.420957586424154e-05,1,3.0,São Félix do Xingu Airport,Brazil,,0.0,0.5480773523893171,2.3360432550565897,406.0,24.0,
KPR,1,0.0,0.0,0.00014309519055470435,1,2.0,,,,0.0,0.528469511928218,1.013534567269128,651.0,1876.0,
TMW,1,0.0,0.0,7.546410917034389e-05,1,85.0,Tamworth Airport,Australia,,0.0,0.4354907523087704,1.408868363994767,2630.5,116.5,
SZI,1,0.0,0.0,7.51736345894252e-05,1,6.0,,,,0.0,0.4674558427996831,1.0377171219909724,1886.0,1355.0,
TBW,1,0.0,0.0,6.123613267352922e-05,1,74.0,Donskoye Airport,Russia,,0.0,0.42481675194581536,1.3854788327104366,2896.0,133.0,
TCG,1,0.0,0.0,6.360363737747478e-05,1,55.0,Tacheng Airport,China,,0.0,0.4165613905618637,0.978260506597819,3154.0,3119.0,
TLJ,2,0.0,1.0,0.00016343712889866114,2,3.5,Tatalina LRRS Airport,United States,,0.0,0.49413741609291645,1.1611791057616836,1214.0,447.0,
TGH,1,0.0,0.0,9.886912325649624e-05,1,21.0,Tongoa Airport,Vanuatu,,0.0,0.4475605873044689,1.3333248652288634,2393.0,170.0,
YES,1,0.0,0.0,8.213757479852197e-05,1,38.0,Yasouj Airport,Iran,,0.0,0.4251059816896232,1.0205693747739042,2888.0,1687.0,
TIU,1,0.0,0.0,8.694647157099615e-05,1,21.0,Timaru Airport,New Zealand,,0.0,0.4342192105423711,1.1137773037684338,2652.5,592.5,
TKP,1,0.0,0.0,9.653000010799594e-05,1,3.0,Takapoto Airport,French Polynesia,,0.0,0.4963787257996642,1.0029878309323004,1157.0,2208.0,
URE,1,0.0,0.0,6.007392960960009e-05,1,28.0,Kuressaare Airport,Estonia,,0.0,0.4387086812245461,1.0714099287834675,2554.0,908.0,
XFW,1,0.0,0.0,5.8773217296802637e-05,1,47.0,Hamburg-Finkenwerder Airport,Germany,,0.0,0.44310308038802987,1.1352679727166302,2473.5,515.5,
VIN,1,0.0,0.0,5.797665466479267e-05,1,79.0,Vinnytsia/Gavyryshivka Airport,Ukraine,,0.0,0.4504927339147238,1.4659935894671619,2338.0,80.0,
WMR,1,0.0,0.0,8.797294063098209e-05,1,6.0,Mananara Nord Airport,Madagascar,,0.0,0.46779466320666435,1.0063386234012355,1875.0,2105.0,
WWT,2,1130.6666666667147,0.0,0.000199520249141747,2,16.0,,,1.6229410693500854,565.3333333333574,0.5129445128666096,1.04494710224474,879.0,1238.0,155.0
TNW,2,0.0,1.0,0.00010931669478027037,2,14.0,Jumandy Airport,Ecuador,,0.0,0.4183770943326517,1.0180599265354278,3092.0,1750.0,
TTT,1,0.0,0.0,6.29337721499307e-05,1,19.0,Taitung Airport,Taiwan,,0.0,0.43713875239051403,1.1067126940492962,2609.0,627.0,
UST,1,0.0,0.0,6.310720423317028e-05,1,14.0,Northeast Florida Regional Airport,United States,,0.0,0.4516142637256712,1.2604137938695563,2317.0,255.0,
TUA,1,0.0,0.0,7.659661048949221e-05,1,26.0,Teniente Coronel Luis a Mantilla Airport,Ecuador,,0.0,0.4199094551850525,1.018869573294635,3030.5,1729.0,
XMS,2,0.0,1.0,7.659661048944568e-05,2,14.0,Coronel E Carvajal Airport,Ecuador,,0.0,0.4423031626076913,1.0567446196439934,2490.0,1075.0,
UKA,1,0.0,0.0,0.00012679344999848606,1,11.0,Ukunda Airstrip,Kenya,,0.0,0.4720885773254908,1.1199295780771243,1776.5,565.5,
ULG,1,0.0,0.0,7.87519726529259e-05,1,15.0,Ulgii Mongolei Airport,Mongolia,,0.0,0.4367201733442847,0.9972494292958665,2617.5,2444.0,
DLZ,1,0.0,0.0,7.87519726529675e-05,1,15.0,Dalanzadgad Airport,Mongolia,,0.0,0.4367201733442847,0.9972494292957436,2617.5,2447.0,
ULO,1,0.0,0.0,7.87519726529259e-05,1,15.0,Ulaangom Airport,Mongolia,,0.0,0.4367201733442847,0.9972494292958665,2617.5,2444.0,
ULZ,1,0.0,0.0,7.87519726529259e-05,1,15.0,Donoi Airport,Mongolia,,0.0,0.4367201733442847,0.9972494292958665,2617.5,2444.0,
URS,1,0.0,0.0,6.123613267352922e-05,1,74.0,Kursk East Airport,Russia,,0.0,0.42481675194581536,1.3854788327104366,2896.0,133.0,
VDA,1,0.0,0.0,4.420957586424154e-05,1,240.0,Ovda International Airport,Israel,,0.0,0.5368723928783645,3.5070648464554623,546.0,12.0,
VLS,1,0.0,0.0,9.886912325649624e-05,1,21.0,Valesdir Airport,Vanuatu,,0.0,0.4475605873044689,1.3333248652288634,2393.0,170.0,
XKH,1,0.0,0.0,7.283506108592579e-05,1,17.0,Xieng Khouang Airport,Laos,,0.0,0.42972589741040423,0.9933870685562787,2779.5,2601.5,
WSZ,1,0.0,0.0,8.694647157099615e-05,1,21.0,Westport Airport,New Zealand,,0.0,0.4342192105423711,1.1137773037684338,2652.5,592.5,
YAX,4,0.3333333333333333,0.8333333333333334,0.00021683747896278534,3,7.5,Wapekeka Airport,Canada,-1.3543882219336136,0.08333333333333333,0.4943755779365551,1.1079005714581196,1206.0,621.0,1702.0
YTL,5,1.833333333333333,0.6,0.000383764887530346,3,6.2,Big Trout Lake Airport,Canada,-0.9644335693955481,0.3666666666666666,0.5379373102935567,1.1188931657351384,528.0,573.0,1520.0
XGR,1,0.0,0.0,9.539842449986494e-05,1,10.0,Kangiqsualujjuaq (Georges River) Airport,Canada,,0.0,0.45666040286753784,0.9927021035683802,2199.0,2632.0,
YVP,10,30662.801199980036,0.1111111111111111,0.000602221748654934,3,13.5,Kuujjuaq Airport,Canada,1.6288520467188505,3066.2801199980036,0.5594811683906717,1.017375402328142,289.0,1772.0,153.0
XKS,2,0.0,1.0,0.0001759328941375719,2,11.5,Kasabonika Airport,Canada,,0.0,0.4358296536412008,1.0395565871716275,2627.0,1323.0,
YUS,1,0.0,0.0,6.299580415863207e-05,1,19.0,Yushu Batang Airport,China,,0.0,0.43632987331249673,1.1045202472958993,2621.0,645.0,
YAB,2,6788.0,0.0,0.00022782067512424595,1,6.0,Old Arctic Bay Airport,Canada,2.18217555175408,3394.0,0.5438802437037973,0.9636319117737382,456.0,3370.0,15.0
YFB,10,37646.82733450957,0.022222222222222223,0.0007619974893025338,3,6.1,Iqaluit Airport,Canada,1.6928764385274444,3764.682733450957,0.5989498679451785,1.0691452361619929,98.0,936.0,143.0
YRB,2,3395.0,0.0,0.00027962661804548555,1,1.5,Resolute Bay Airport,Canada,1.9659971873737032,1697.5,0.5788664196142271,1.0578649060451666,177.0,1060.0,47.0
YAC,2,0.0,1.0,0.00020231488594041938,2,10.5,Cat Lake Airport,Canada,,0.0,0.44905693059227153,1.0622690039968257,2361.0,1014.0,
YAG,3,11.53333333333333,0.3333333333333333,0.00021317457153252045,3,11.333333333333334,Fort Frances Municipal Airport,Canada,-0.06566120777248088,3.844444444444443,0.48864788780463886,1.0966358907930196,1342.0,701.0,893.0
YQK,3,257.6870017627018,0.0,0.00021617464044545892,3,10.0,Kenora Airport,Canada,0.9036056004685379,85.89566725423394,0.5262125905519578,1.0753081073569997,682.0,883.0,357.0
YQT,13,68364.4225737509,0.16666666666666666,0.0006092707186127717,4,18.0,Thunder Bay Airport,Canada,1.7121274283781696,5258.801736442377,0.5615046186339376,1.0382137080815956,277.0,1344.0,117.0
YAM,4,1.7790068137738875,0.8333333333333334,0.0001756839745938788,4,44.75,Sault Ste Marie Airport,Canada,-0.8318717529278419,0.44475170344347187,0.46060944099343315,1.0215093618486277,2095.0,1665.0,1450.0
YSB,6,20.252816337583408,0.6,0.00021296062183784963,4,30.833333333333332,Sudbury Airport,Canada,-0.3309106809715304,3.3754693895972347,0.46048503407466274,1.024590549727077,2099.0,1597.0,1083.0
YAT,2,3394.9999999999995,0.0,0.0003109102225625087,1,1.5,Attawapiskat Airport,Canada,1.9659971873737032,1697.4999999999998,0.5832050116197861,1.0845293615285567,158.0,793.0,47.0
YPO,1,0.0,0.0,0.00017634642045322258,1,2.0,Peawanuck Airport,Canada,,0.0,0.5460180977089114,1.0773633878358773,429.0,851.0,
ZKE,2,6788.0,0.0,0.00027483809250141437,1,2.0,Kashechewan Airport,Canada,2.18217555175408,3394.0,0.575022028488151,1.0274169007526563,197.0,1536.0,15.0
YAY,3,953.6439931313083,0.6666666666666666,0.00017094683989500283,3,9.0,St. Anthony Airport,Canada,1.3118873472311867,317.8813310437694,0.5014801560367991,1.0800641362394774,1050.0,838.0,230.0
YBX,3,1390.9291654660772,0.3333333333333333,0.0002019515755130148,3,6.0,Lourdes de Blanc Sablon Airport,Canada,1.4296521935221964,463.64305515535904,0.5155281837794996,0.9940144881244583,844.0,2572.0,199.0
YYR,11,24735.845164326456,0.14545454545454545,0.0005754505984381256,4,7.2727272727272725,Goose Bay Airport,Canada,1.5012036069337027,2248.7131967569508,0.5663265913347029,1.0129299605679938,245.0,1898.0,180.0
YBC,4,0.0,1.0,0.00015664037096156612,4,33.25,Baie Comeau Airport,Canada,,0.0,0.4556423144855776,1.0427640517484171,2235.0,1273.0,
YWK,11,3827.7349374041614,0.3090909090909091,0.00037769693636771764,4,15.090909090909092,Wabush Airport,Canada,0.918995281166199,347.9759034003783,0.5139999461186621,1.0070883598126696,866.0,2080.0,346.0
YYY,6,113.04946658544819,0.7333333333333333,0.00024769787522549295,4,24.5,Mont Joli Airport,Canada,0.20560392546114556,18.841577764241364,0.48292032141733604,1.0801111942319968,1480.0,837.0,723.0
YBG,5,109.47365035239294,0.8,0.00017636382615375982,4,28.4,CFB Bagotville,Canada,0.3115547613671194,21.894730070478587,0.47656309721337364,1.0726538889380977,1645.0,899.0,644.0
YHU,4,34.330591630591634,0.5,0.00019246517452690777,3,10.25,Montréal / Saint-Hubert Airport,Canada,0.09167821130329583,8.582647907647909,0.47810760995700957,1.0323741873735608,1608.0,1432.0,781.0
YZV,11,29315.683868499083,0.2727272727272727,0.0005170578657423859,4,14.454545454545455,Sept-Îles Airport,Canada,1.554204860573632,2665.062169863553,0.5452534291400791,1.0073166498173007,437.0,2069.0,164.0
YBK,4,1.3333333333333333,0.5,0.00019811354825273044,3,5.0,Baker Lake Airport,Canada,-0.9218476592859173,0.3333333333333333,0.5096426505184939,1.0953499990902054,924.0,707.0,1492.0
YCS,3,0.5833333333333334,0.6666666666666666,0.0001897727662618311,3,6.333333333333333,Chesterfield Inlet Airport,Canada,-0.9967794276850701,0.19444444444444445,0.4857841146464159,0.9854864153528423,1416.5,2903.0,1542.0
YRT,11,19300.082233744903,0.18181818181818182,0.000600031513618321,3,7.363636363636363,Rankin Inlet Airport,Canada,1.4237796682155912,1754.5529303404458,0.5598391352960125,1.0124095372421722,287.0,1912.0,200.0
YUT,3,0.5833333333333334,0.6666666666666666,0.00018977276626179962,3,6.333333333333333,Repulse Bay Airport,Canada,-0.9967794276850701,0.19444444444444445,0.4857841146464159,0.9854864153528314,1416.5,2904.0,1542.0
YXN,3,0.5,0.6666666666666666,0.00019677888401126907,3,6.0,Whale Cove Airport,Canada,-1.0448762992117955,0.16666666666666666,0.48754852432685597,0.9894275328967841,1370.0,2767.0,1581.5
YBL,3,3405.1848608208456,0.3333333333333333,0.00017381607722511877,2,27.666666666666668,Campbell River Airport,Canada,1.709005092450884,1135.0616202736153,0.49550073972951236,1.0145444893350712,1174.0,1838.0,119.0
YQQ,4,40.91678879978644,0.6666666666666666,0.00016310240765502796,3,44.25,Comox Airport,Canada,0.1464374583461012,10.22919719994661,0.4512876710707308,0.9966170177911189,2320.0,2461.0,750.0
ZEL,3,3395.5,0.0,0.00025050790409465967,2,2.0,,,1.708116418588472,1131.8333333333333,0.5543635390064328,1.0192855652254804,330.0,1722.0,120.0
YBR,1,0.0,0.0,6.733921324995543e-05,1,60.0,Brandon Municipal Airport,Canada,,0.0,0.41509724318966584,0.9711941532872436,3204.5,3292.5,
YIF,4,3434.0453102453107,0.16666666666666666,0.00030513140953662417,3,3.5,St Augustin Airport,Canada,1.528636471221534,858.5113275613277,0.54462507977361,1.0094287925860883,443.0,2006.0,168.0
YCB,4,2.6666666666666665,0.6666666666666666,0.00028828498223884216,3,6.75,Cambridge Bay Airport,Canada,-0.705577377962069,0.6666666666666666,0.5035452055329533,1.0311496634169695,1019.0,1453.0,1349.0
YCO,3,5083.166666666667,0.3333333333333333,0.00023915913234430678,2,8.333333333333334,Kugluktuk Airport,Canada,1.8340081067834824,1694.388888888889,0.5026094400113598,0.9658491315779781,1036.0,3361.0,84.0
YHK,3,0.0,1.0,0.00021957178192233298,3,8.333333333333334,Gjoa Haven Airport,Canada,,0.0,0.4766441866363508,1.0475397751801434,1643.5,1207.0,
YYH,3,0.0,1.0,0.00021957178192229113,3,8.333333333333334,Taloyoak Airport,Canada,,0.0,0.4766441866363508,1.0475397751801165,1643.5,1208.0,
YZF,18,65425.34749564281,0.0784313725490196,0.0010988394872707154,4,9.5,Yellowknife Airport,Canada,1.4914072420747846,3634.7415275357116,0.6121706957246136,1.093011439407019,64.0,728.0,187.0
YCD,2,0.0,1.0,9.130921349070103e-05,2,68.0,Nanaimo Airport,Canada,,0.0,0.41669484979147803,1.0261058842191846,3146.5,1559.5,
YCG,2,0.0,1.0,9.130921349070103e-05,2,68.0,Castlegar/West Kootenay Regional Airport,Canada,,0.0,0.41669484979147803,1.0261058842191846,3146.5,1559.5,
YCL,2,1.0783203828970422,0.0,0.00010118570715530621,2,22.0,Charlo Airport,Canada,-0.5471521468109519,0.5391601914485211,0.4906885541782042,1.5396934731968206,1297.0,57.0,1254.0
YHI,3,1701.6666666666667,0.3333333333333333,0.0002887036069410222,2,4.0,Ulukhaktok Holman Airport,Canada,1.492565112256398,567.2222222222223,0.5239000282575825,1.0071840050446639,707.0,2075.0,183.0
YZS,4,26.219913958029863,0.3333333333333333,0.00026869642299808064,3,4.75,Coral Harbour Airport,Canada,0.007585455306320153,6.554978489507466,0.5202062264496327,1.1216466699082632,773.0,559.0,846.0
YCY,2,1696.5,0.0,0.00019650477389207072,2,6.0,Clyde River Airport,Canada,1.7495430450767337,848.25,0.5167021169657071,0.9738780227619753,825.0,3247.0,101.0
YIO,2,0.5,0.0,0.0002059421445580144,2,2.5,Pond Inlet Airport,Canada,-0.7869495821071592,0.25,0.539262506491373,1.0826836153406842,507.0,805.0,1405.0
YDF,5,2065.615637877635,0.6,0.00021499758203704055,4,41.2,Deer Lake Airport,Canada,1.2280901029477023,413.123127575527,0.4719580041291466,1.0204188962158833,1781.0,1696.0,255.0
YDP,2,3391.5,0.0,0.00016999130484114417,2,6.5,Nain Airport,Canada,1.96567535953459,1695.75,0.5193183151847833,0.9868175460998264,790.0,2862.0,67.0
YNP,2,1.3333333333333333,0.0,0.00019132962782333858,2,2.5,Natuashish Airport,Canada,-0.48091902405432885,0.6666666666666666,0.5388248987888609,1.0676795703575122,513.0,953.0,1200.0
YDQ,2,727.0612422457348,0.0,0.00011280876670963569,2,39.5,Dawson Creek Airport,Canada,1.4851715208829512,363.5306211228674,0.5295514377417793,1.0746883996682848,636.0,888.0,188.0
YYE,3,1.0,0.3333333333333333,0.00015751479036951873,2,5.0,Fort Nelson Airport,Canada,-0.8286060178879473,0.3333333333333333,0.5077394079408917,1.3708947700790752,956.0,147.0,1446.0
YHM,4,6.757530180325013,0.5,0.0001375807592683138,4,34.5,John C. Munro Hamilton International Airport,Canada,-0.4154597597904877,1.6893825450812532,0.46000085256003226,1.0327614737285333,2110.0,1423.0,1150.0
YHY,3,0.0,1.0,0.00016450392507634328,3,20.0,Hay River / Merlyn Carter Airport,Canada,,0.0,0.4381467663036805,1.0292465742295074,2576.0,1488.0,
YOJ,2,0.0,1.0,0.00011609544605467355,2,20.0,High Level Airport,Canada,,0.0,0.41082407600452775,0.9711268480390346,3354.5,3301.0,
YOP,2,0.0,1.0,0.00011609544605464018,2,20.0,Rainbow Lake Airport,Canada,,0.0,0.41082407600452775,0.9711268480390558,3354.5,3300.0,
YQU,2,0.0,1.0,8.988451886716536e-05,2,49.0,Grande Prairie Airport,Canada,,0.0,0.4127574004771002,0.9608636035496565,3306.5,3383.5,
YSM,4,130.26946023551793,0.5,0.000215808946543474,3,15.25,Fort Smith Airport,Canada,0.5077675866996513,32.56736505887948,0.4766537007470812,1.014294264559242,1642.0,1848.0,532.0
YXJ,5,1448.126059455411,0.6,0.000191320682364309,4,37.0,Fort St John Airport,Canada,1.1172765341701658,289.6252118910822,0.4673067299426393,1.0121143096368268,1889.0,1932.0,279.0
YXX,2,0.0,1.0,8.988451886716536e-05,2,49.0,Abbotsford Airport,Canada,,0.0,0.4127574004771002,0.9608636035496565,3306.5,3383.5,
YXY,5,560.8710105611897,0.8,0.00016815716141138664,4,40.6,Whitehorse / Erik Nielsen International Airport,Canada,0.8213222738795449,112.17420211223794,0.48072441145139694,1.1398596091369906,1533.0,501.0,390.0
YEK,3,0.5,0.6666666666666666,0.0002262497916583092,3,6.0,Arviat Airport,Canada,-1.0448762992117955,0.16666666666666666,0.4920982319866033,0.9792709107476247,1261.0,3080.0,1581.5
YYQ,4,1619.1058338681369,0.6666666666666666,0.0002449087933294545,3,10.75,Churchill Airport,Canada,1.2940455486259719,404.7764584670342,0.4939713011926917,1.0313479026802803,1219.0,1450.0,234.0
YER,3,0.0,1.0,0.00017593289413763425,3,9.0,Fort Severn Airport,Canada,,0.0,0.4625375533974609,1.0541971382118067,2048.0,1107.0,
YEV,7,11881.333333333334,0.09523809523809523,0.0007118673834263042,2,2.0,Inuvik Mike Zubko Airport,Canada,1.5599291696846234,1697.3333333333335,0.6079891212557698,1.238780359835001,75.0,280.0,162.0
YGH,2,0.0,1.0,0.00020565527093419295,2,5.5,Fort Good Hope Airport,Canada,,0.0,0.47739362546951786,1.0130241086036311,1631.0,1897.0,
YPC,1,0.0,0.0,0.00013065061528024047,1,7.0,Paulatuk (Nora Aliqatchialuk Ruben) Airport,Canada,,0.0,0.47952346533951296,1.0567742352839875,1575.0,1073.0,
YSY,2,0.0,1.0,0.00021244997058014422,2,5.0,Sachs Harbour (David Nasogaluak Jr. Saaryuaq) Airport,Canada,,0.0,0.4885413327254146,1.0089478254414042,1343.0,2017.0,
YUB,1,0.0,0.0,0.00013065061528024047,1,7.0,Tuktoyaktuk Airport,Canada,,0.0,0.47952346533951296,1.0567742352839875,1575.0,1073.0,
YVQ,4,20326.833333333332,0.16666666666666666,0.0003529630854303646,2,7.25,Norman Wells Airport,Canada,2.083457223869003,5081.708333333333,0.5401166946851975,1.0030575347041943,498.0,2205.0,26.0
ZFM,1,0.0,0.0,0.00013065061528024047,1,7.0,Fort Mcpherson Airport,Canada,,0.0,0.47952346533951296,1.0567742352839875,1575.0,1073.0,
YFA,2,10179.0,0.0,0.0002317451107015759,1,2.5,Fort Albany Airport,Canada,2.3085936123192967,5089.5,0.5694371486632117,1.0094954752609557,230.0,2003.0,8.0
YMO,3,13689.10497949918,0.0,0.0002496329842033697,2,4.666666666666667,Moosonee Airport,Canada,2.1431077962940095,4563.034993166393,0.5457983704838839,0.9546849572627731,433.0,3409.0,22.0
YGT,3,1697.5,0.3333333333333333,0.00027606366984595735,2,4.666666666666667,Igloolik Airport,Canada,1.4918001889452184,565.8333333333334,0.5183443537333566,0.9999211330121861,801.0,2323.0,184.0
YLC,1,0.0,0.0,0.00010897936245491458,1,10.0,Kimmirut Airport,Canada,,0.0,0.464710472366272,1.02626087387999,1975.0,1557.0,
YTE,2,37.365362852869985,0.0,0.00016607735234200672,2,7.0,Cape Dorset Airport,Canada,0.5590365482191672,18.682681426434993,0.5085557578174125,1.1173430758528915,945.0,579.0,511.0
YUX,2,0.0,1.0,0.0001871974022445519,2,6.5,Hall Beach Airport,Canada,,0.0,0.46275846024460493,0.9789821628473435,2040.0,3095.0,
YXP,2,3395.0,0.0,0.00022944423004223567,1,5.5,Pangnirtung Airport,Canada,1.9659971873737032,1697.5,0.537764175505337,0.9534843267884113,530.0,3410.0,47.0
YFC,4,0.0,1.0,0.0001271937306274591,4,75.5,Fredericton Airport,Canada,,0.0,0.45124431417941463,1.0125572168095427,2327.0,1908.0,
YFH,3,5091.000000000002,0.0,0.00030168215510816384,2,5.333333333333333,Fort Hope Airport,Canada,1.8344885579204617,1697.0000000000007,0.5331174512755736,0.9873199851376346,581.0,2847.0,82.0
YLH,2,1.0,0.0,0.00021105196753386574,2,3.0,Lansdowne House Airport,Canada,-0.5706793007833109,0.5,0.5295870481971283,1.0497280860025633,634.0,1175.0,1269.5
YOG,1,0.0,0.0,0.0001296861864781597,1,3.0,Ogoki Post Airport,Canada,,0.0,0.49865944759918657,0.9704946563294715,1113.0,3310.0,
YFJ,1,0.0,0.0,9.60992183186451e-05,1,18.0,Wekweètì Airport,Canada,,0.0,0.44645929545429386,1.1836630557387244,2417.0,381.0,
YFO,3,0.0,1.0,0.00018758876398056873,3,10.666666666666666,Flin Flon Airport,Canada,,0.0,0.4575294512803667,1.0046023215978763,2182.5,2164.0,
YQD,3,0.0,1.0,0.0001875887639805183,3,10.666666666666666,The Pas Airport,Canada,,0.0,0.4575294512803667,1.0046023215978994,2182.5,2163.0,
YTH,6,37.19999999999999,0.4666666666666667,0.00033870471358419206,3,7.666666666666667,Thompson Airport,Canada,-0.1412026983910694,6.199999999999998,0.5167819384892591,1.0722720768681444,824.0,903.0,940.0
YFS,1,0.0,0.0,9.60992183186451e-05,1,18.0,Fort Simpson Airport,Canada,,0.0,0.44645929545429386,1.1836630557387244,2417.0,381.0,
YGK,1,0.0,0.0,6.173653813969843e-05,1,147.0,Kingston Norman Rogers Airport,Canada,,0.0,0.4441122905736074,1.0051790797140738,2456.5,2141.5,
YGL,3,6136.722435163195,0.3333333333333333,0.00017589776082837881,3,36.0,La Grande Rivière Airport,Canada,1.8927775654103243,2045.5741450543983,0.4996527756971485,1.0484846318328471,1092.0,1192.0,76.0
YGW,8,8443.07653492648,0.21428571428571427,0.0003798066413910515,3,15.75,Kuujjuarapik Airport,Canada,1.3683963220911726,1055.38456686581,0.5252469621509406,0.9943970468242256,694.0,2557.0,215.0
YGP,2,0.0,1.0,0.00011953753272448188,2,11.5,Gaspé (Michel-Pouliot) Airport,Canada,,0.0,0.4220628365971641,1.0024177412383994,2996.0,2230.0,
YGR,3,0.8333333333333333,0.6666666666666666,0.00017395984710144263,2,9.0,Îles-de-la-Madeleine Airport,Canada,-0.8854925428354732,0.27777777777777773,0.4693338488360857,0.971056876460517,1839.0,3303.0,1474.0
YVB,5,12.721428571428572,0.4,0.00018673230463931817,3,8.4,Bonaventure Airport,Canada,-0.36001876095642144,2.5442857142857145,0.4971965639351248,1.0661916173216874,1145.0,973.0,1101.0
YGV,2,0.0,1.0,0.00014637225618765662,2,6.5,Havre St Pierre Airport,Canada,,0.0,0.45180861189436433,0.9983083690560632,2309.5,2399.0,
YPN,2,0.0,1.0,0.00014637225618761637,2,6.5,Port Menier Airport,Canada,,0.0,0.45180861189436433,0.9983083690560459,2309.5,2400.0,
YKU,4,3445.6492174492164,0.16666666666666666,0.00026859056005567206,2,5.25,Chisasibi Airport,Canada,1.5296890070389104,861.4123043623041,0.5213602701873543,0.9921851450032728,752.0,2662.0,167.0
YPH,4,23.340422077922078,0.5,0.00027001977312945957,3,6.25,Inukjuak Airport,Canada,-0.028711683634816666,5.8351055194805195,0.5006356867858646,1.0510751710171762,1063.0,1153.0,868.0
YSK,3,409.58611317916416,0.3333333333333333,0.00018510804409322277,3,11.333333333333334,Sanikiluaq Airport,Canada,1.0481924559392604,136.5287043930547,0.49543991919410246,0.997817143890887,1176.0,2421.0,296.0
YUD,3,8.381089743589742,0.6666666666666666,0.0002192818352937588,3,5.0,Umiujaq Airport,Canada,-0.165275254105096,2.793696581196581,0.5026548657275074,1.1073768152292307,1035.0,626.0,960.0
YUY,3,1.6602564102564101,0.6666666666666666,0.00015431012406141135,3,36.333333333333336,Rouyn Noranda Airport,Canada,-0.6704246216213449,0.5534188034188033,0.44444013086545314,0.9761702206755037,2446.0,3194.0,1333.0
YGX,2,0.0,1.0,0.00013443861418608853,2,14.5,Gillam Airport,Canada,,0.0,0.41476122029839807,1.0011922069859438,3213.0,2267.0,
YGZ,1,0.0,0.0,0.0001630508885335159,1,2.0,Grise Fiord Airport,Canada,,0.0,0.5422029270726387,1.0390024360552284,473.0,1329.0,
YHD,4,32.49285714285713,0.3333333333333333,0.00022925475137565923,3,10.75,Dryden Regional Airport,Canada,0.07451238220424859,8.123214285714283,0.490108709518036,1.0397336323827977,1311.0,1321.0,793.0
YHO,3,2.8333333333333335,0.3333333333333333,0.0002642602849470576,2,2.6666666666666665,Hopedale Airport,Canada,-0.503659846552523,0.9444444444444445,0.5452160450185808,1.2193771835735339,438.0,306.0,1219.5
YMN,3,2.0,0.3333333333333333,0.00025410791635027463,2,2.6666666666666665,Makkovik Airport,Canada,-0.612335736564099,0.6666666666666666,0.5426276465106458,1.213311130091384,467.0,313.0,1295.0
YSO,3,5086.833333333333,0.3333333333333333,0.00023554720338368296,2,5.666666666666667,Postville Airport,Canada,1.8342330909089914,1695.611111111111,0.5109989871810617,0.9870284189378155,896.0,2857.0,83.0
YHP,3,0.0,1.0,0.00013663310420537457,3,6.0,Poplar Hill Airport,Canada,,0.0,0.48578104403706646,1.241464439117954,1418.5,278.0,
YNO,3,0.0,1.0,0.00013663310420535928,3,6.0,North Spirit Lake Airport,Canada,,0.0,0.48578104403706646,1.2414644391180185,1418.5,277.0,
YHR,4,3388.400000000001,0.3333333333333333,0.00030628639296122857,3,3.75,Chevery Airport,Canada,1.5244613993097973,847.1000000000003,0.5313411320494856,1.0013239699762793,607.0,2261.0,174.0
YNA,4,5070.144011544011,0.5,0.0002755144981502492,3,5.5,Natashquan Airport,Canada,1.650205813716954,1267.5360028860027,0.516031916463892,0.9983837611734192,837.0,2390.0,152.0
ZGS,5,10501.243922557023,0.4,0.00034094166968678247,3,5.0,La Romaine Airport,Canada,1.735442124194449,2100.2487845114047,0.5408478511590417,1.0006785941997234,492.0,2296.0,109.0
ZTB,2,0.8333333333333333,0.0,0.00018995171262783497,2,3.0,Tête-à-la-Baleine Airport,Canada,-0.6275658257308367,0.41666666666666663,0.5279903907599135,1.0560685728767756,660.0,1083.0,1302.0
YVO,5,6846.799295174461,0.2,0.0002634381214494865,3,22.6,Val-d'Or Airport,Canada,1.6019906861700237,1369.3598590348922,0.5071084126156368,1.0179039875200315,970.0,1759.0,158.0
YQX,3,0.0,1.0,0.0001385991185327804,3,19.0,Gander International Airport,Canada,,0.0,0.43480683316159935,1.0932324445587345,2638.0,727.0,
YQY,2,0.0,1.0,8.660842983955007e-05,2,90.0,Sydney / J.A. Douglas McCurdy Airport,Canada,,0.0,0.42690728603492084,1.0362765661947,2837.0,1367.0,
YSJ,3,0.0,1.0,0.00010580511950720675,3,92.0,Saint John Airport,Canada,,0.0,0.4368906758854997,0.9884198816428463,2611.5,2811.5,
YYG,3,0.0,1.0,0.00010580511950720675,3,92.0,Charlottetown Airport,Canada,,0.0,0.4368906758854997,0.9884198816428463,2611.5,2811.5,
ZLT,2,7.516666666666667,0.0,0.0001897794782575445,2,3.0,La Tabatière Airport,Canada,0.058687336984445386,3.7583333333333333,0.5299007158164314,1.0295674729101374,633.0,1484.0,805.0
YZG,2,4.75,0.0,0.00025077468476979734,2,2.0,Salluit Airport,Canada,-0.0845193850552479,2.375,0.5552735940900604,1.1619409019064586,322.0,440.0,906.0
YJT,2,0.0,1.0,6.926058968094501e-05,2,9.0,Stephenville Airport,Canada,,0.0,0.4755318998231475,1.4107889980971153,1679.0,113.0,
YKA,3,0.0,1.0,0.00012414618614245052,3,48.0,Kamloops Airport,Canada,,0.0,0.42728165792193984,0.9944777003181817,2833.0,2555.0,
YXS,8,1245.7423155531499,0.39285714285714285,0.00030905386025220264,4,20.5,Prince George Airport,Canada,0.7713253060556916,155.71778944414373,0.4918538538792255,0.9969879929305479,1265.0,2452.0,405.0
YKG,3,7917.406774842632,0.3333333333333333,0.000256454997204291,2,5.0,Kangirsuk Airport,Canada,1.9722697928901267,2639.1355916142106,0.5227935795761733,0.9889376292285306,725.0,2789.0,33.0
YPJ,3,1.8333333333333333,0.6666666666666666,0.00023716343433835075,2,5.0,Aupaluk Airport,Canada,-0.639484335747206,0.611111111111111,0.5013308707574243,1.0331476071805796,1051.0,1419.0,1311.0
YQC,2,4528.406774842865,0.0,0.00022084768543204796,2,2.5,Quaqtaq Airport,Canada,2.055877382455854,2264.2033874214326,0.5463246838232667,1.0111975302464542,426.0,1954.0,28.0
YKL,4,140.55526695526692,0.5,0.00019349646904965343,3,13.0,Schefferville Airport,Canada,0.5314791599986971,35.13881673881673,0.47734410432405516,1.0172495292928856,1632.0,1775.0,519.0
YKQ,6,3580.453186845451,0.13333333333333333,0.00041178572118662774,2,3.1666666666666665,Waskaganish Airport,Canada,1.283736389988564,596.7421978075752,0.5622130748886385,1.0766602398526033,269.0,862.0,239.0
YMT,3,6736.343295592326,0.3333333333333333,0.00018795783352571087,2,34.666666666666664,Chapais Airport,Canada,1.9218653409885815,2245.447765197442,0.49984077223853085,1.040088915749886,1088.0,1315.0,74.0
YNS,2,0.0,1.0,0.00015580060586452778,2,4.5,Nemiscau Airport,Canada,,0.0,0.4799950216283417,1.0883719997033436,1557.0,764.0,
ZEM,2,7.0666666666666655,0.0,0.00017768670152606075,2,4.0,Eastmain River Airport,Canada,0.03942562043579389,3.5333333333333328,0.5197163198601554,1.038103043904629,784.0,1347.0,820.0
YKT,1,0.0,0.0,0.0001151868153576747,1,3.0,,,,0.0,0.49772430148336944,0.9784663009836159,1130.0,3113.0,
YNC,2,7.769047619047618,0.0,0.00017680191802454332,2,3.0,Wemindji Airport,Canada,0.06899147544851143,3.884523809523809,0.5278381477844706,1.0264451928703016,664.0,1552.0,797.0
YLE,1,0.0,0.0,9.60992183186451e-05,1,18.0,Whatì Airport,Canada,,0.0,0.44645929545429386,1.1836630557387244,2417.0,381.0,
YWP,3,1697.0000000000005,0.3333333333333333,0.00019144889660166123,2,5.666666666666667,Webequie Airport,Canada,1.491708272001747,565.6666666666669,0.5104127893536414,1.0014776569855703,904.0,2255.0,185.0
YLL,1,0.0,0.0,6.733921324995543e-05,1,60.0,Lloydminster Airport,Canada,,0.0,0.41509724318966584,0.9711941532872436,3204.5,3292.5,
YQF,3,0.36666666666666664,0.6666666666666666,0.00012176576093740541,3,26.0,Red Deer Regional Airport,Canada,-1.141648378042243,0.12222222222222222,0.44774955729537114,1.0011543961321148,2385.0,2271.0,1629.0
YXC,3,0.0,1.0,0.00011685185072548701,3,49.0,Cranbrook/Canadian Rockies International Airport,Canada,,0.0,0.4277095115676519,0.9820566139734587,2820.0,2992.0,
YPY,2,0.7,0.0,0.00011895288745734436,2,5.5,Fort Chipewyan Airport,Canada,-0.6819661856329079,0.35,0.507914777648442,1.3479683261473154,953.0,159.0,1336.0
YRG,2,1695.8333333333333,0.0,0.0001606734559820755,2,7.0,Rigolet Airport,Canada,1.749420410875545,847.9166666666666,0.5179902822747184,0.9983598878648532,808.0,2392.0,103.0
YTS,6,18508.90276410761,0.4,0.00028585544582100057,4,30.666666666666668,Timmins/Victor M. Power,Canada,1.7962980949429608,3084.8171273512685,0.5092373064348238,1.0547976344703878,934.0,1103.0,91.0
ZKG,2,0.0,1.0,0.00016071649056780115,2,4.5,Kegaska Airport,Canada,,0.0,0.480034446922209,1.0519410899332997,1556.0,1128.0,
YTQ,2,0.0,1.0,0.0001625947308956733,2,6.5,Tasiujaq Airport,Canada,,0.0,0.45485427104787063,0.982578018918488,2258.0,2977.0,
YPL,2,0.0,1.0,0.0001255753569198751,2,8.0,Pickle Lake Airport,Canada,,0.0,0.4377017347432916,0.9964467735576648,2601.0,2469.0,
YPM,6,30.57619047619048,0.5333333333333333,0.0002020850532580881,3,6.833333333333333,Pikangikum Airport,Canada,-0.20238425265550544,5.096031746031747,0.5048440409893441,1.0869120688408063,1003.0,777.0,983.0
YVZ,3,0.0,1.0,0.00015218644929677365,3,6.666666666666667,Deer Lake Airport,Canada,,0.0,0.4790637935117861,1.2667362025224884,1586.0,249.0,
YPR,1,0.0,0.0,6.817957610498715e-05,1,76.0,Prince Rupert Airport,Canada,,0.0,0.41756724852122346,0.9960005188063872,3107.5,2482.5,
YPW,1,0.0,0.0,6.817957610498715e-05,1,76.0,Powell River Airport,Canada,,0.0,0.41756724852122346,0.9960005188063872,3107.5,2482.5,
YWB,2,1139.656774842823,0.0,0.0002446490831999651,2,2.0,Kangiqsujuaq (Wakeham Bay) Airport,Canada,1.6254121153718932,569.8283874214115,0.5547888507195136,1.021927223515489,326.0,1657.0,154.0
YQG,3,5.018843584710016,0.3333333333333333,0.0001111019560170147,3,73.33333333333333,Windsor Airport,Canada,-0.3252683006850959,1.6729478615700053,0.4905557143936059,1.0806133089968688,1302.0,830.0,1074.0
YQL,1,0.0,0.0,6.733921324995543e-05,1,60.0,Lethbridge County Airport,Canada,,0.0,0.41509724318966584,0.9711941532872436,3204.5,3292.5,
YQZ,2,0.0,1.0,0.0001185731758347355,2,39.0,Quesnel Airport,Canada,,0.0,0.411444454611019,1.024880222186533,3339.5,1592.0,
YWL,2,0.0,1.0,0.000118573175834702,2,39.0,Williams Lake Airport,Canada,,0.0,0.411444454611019,1.024880222186551,3339.5,1591.0,
YRA,1,0.0,0.0,9.60992183186451e-05,1,18.0,Rae Lakes Airport,Canada,,0.0,0.44645929545429386,1.1836630557387244,2417.0,381.0,
ZSJ,5,19.05952380952381,0.6,0.0002973637518184028,3,7.6,Sandy Lake Airport,Canada,-0.23387881971432795,3.811904761904762,0.502306009940766,1.0485847293514174,1042.0,1191.0,1015.0
YYB,2,0.0,1.0,9.190595956668277e-05,2,76.5,North Bay Jack Garland Airport,Canada,,0.0,0.42086504005653724,1.0558902401960206,3016.0,1084.0,
YSG,1,0.0,0.0,9.60992183186451e-05,1,18.0,Lutselk'e Airport,Canada,,0.0,0.44645929545429386,1.1836630557387244,2417.0,381.0,
YYU,2,0.0,1.0,9.280500165375095e-05,2,9.5,Kapuskasing Airport,Canada,,0.0,0.4399021628821152,1.2041935370545334,2531.0,326.0,
ZBF,2,107.14946658544815,0.0,0.0001163137518462972,2,50.5,Bathurst Airport,Canada,0.8877352014223587,53.574733292724076,0.5177877971904236,1.0764376309294004,810.0,866.0,361.0
YVM,1,0.0,0.0,0.00014172337363214246,1,2.0,Qikiqtarjuaq Airport,Canada,,0.0,0.5280972570138194,1.0122624911149212,656.0,1925.0,
ZFN,2,3.333333333333333,0.0,0.00019533961776175039,2,3.0,Tulita Airport,Canada,-0.19502526308314022,1.6666666666666665,0.5287708658867666,1.01832499529916,645.0,1747.0,981.0
YXT,3,0.0,1.0,0.00014095332384659362,3,29.0,Northwest Regional Airport Terrace-Kitimat,Canada,,0.0,0.4330015235789306,1.0008756557106895,2688.5,2282.0,
YYD,3,0.0,1.0,0.00014095332384655412,3,29.0,Smithers Airport,Canada,,0.0,0.4330015235789306,1.0008756557106782,2688.5,2283.0,
YYF,1,0.0,0.0,6.817957610498715e-05,1,76.0,Penticton Airport,Canada,,0.0,0.41756724852122346,0.9960005188063872,3107.5,2482.5,
YZP,1,0.0,0.0,6.817957610498715e-05,1,76.0,Sandspit Airport,Canada,,0.0,0.41756724852122346,0.9960005188063872,3107.5,2482.5,
YZT,2,3380.8151391791544,0.0,0.00013915681559842032,2,39.5,Port Hardy Airport,Canada,1.9646908193416426,1690.4075695895772,0.5302497252049398,1.0802581360550756,627.0,835.0,69.0
YZZ,1,0.0,0.0,6.817957610498715e-05,1,76.0,Trail Airport,Canada,,0.0,0.41756724852122346,0.9960005188063872,3107.5,2482.5,
ZMT,1,0.0,0.0,6.817957610498715e-05,1,76.0,Masset Airport,Canada,,0.0,0.41756724852122346,0.9960005188063872,3107.5,2482.5,
YWJ,2,1693.5,0.0,0.00017911855586732824,2,10.0,Déline Airport,Canada,1.7489908111938877,846.75,0.5125773724146103,1.0099587034512014,884.0,1986.0,105.0
ZUM,2,0.0,1.0,0.00012078045260743834,2,11.0,Churchill Falls Airport,Canada,,0.0,0.42530179805094287,0.9913782298323753,2877.0,2686.0,
YXH,1,0.0,0.0,6.733921324995543e-05,1,60.0,Medicine Hat Airport,Canada,,0.0,0.41509724318966584,0.9711941532872436,3204.5,3292.5,
YZR,1,0.0,0.0,6.173653813969843e-05,1,147.0,Chris Hadfield Airport,Canada,,0.0,0.4441122905736074,1.0051790797140738,2456.5,2141.5,
