frac_removed,lcc_frac,n_components,efficiency,strategy,seed
0.0,0.9918248175182481,8,0.2619560102653707,random,0
0.009927007299270074,0.9658394160583942,24,0.24655613749027885,random,0
0.019854014598540148,0.9524087591240876,35,0.23796357134287915,random,0
0.02978102189781022,0.9363503649635037,54,0.22926640335964227,random,0
0.039708029197080295,0.9235036496350365,59,0.22339670195080535,random,0
0.049635036496350364,0.9112408759124088,69,0.2183143953441851,random,0
0.05956204379562044,0.8931386861313869,85,0.20872149868455359,random,0
0.06948905109489051,0.8805839416058394,93,0.20373883900475606,random,0
0.07941605839416059,0.8691970802919708,98,0.19905766801020888,random,0
0.08934306569343066,0.8522627737226277,113,0.19266139315102515,random,0
0.09927007299270073,0.84,120,0.1863830386011315,random,0
0.1091970802919708,0.8245255474452555,121,0.18231853122485425,random,0
0.11912408759124088,0.8137226277372263,127,0.17832533775393003,random,0
0.12905109489051095,0.7932846715328468,142,0.16759879260310045,random,0
0.13897810218978102,0.776058394160584,164,0.1596545424763883,random,0
0.14890510948905109,0.757956204379562,185,0.15006380768493796,random,0
0.15883211678832118,0.7401459854014598,207,0.1450421858072267,random,0
0.16875912408759125,0.7278832116788321,218,0.14225251292548316,random,0
0.17868613138686132,0.7100729927007299,243,0.13609106509296345,random,0
0.1886131386861314,0.6969343065693431,246,0.13061281442034947,random,0
0.19854014598540146,0.6881751824817518,249,0.12588055025949302,random,0
0.20846715328467152,0.6732846715328468,262,0.11956970011642908,random,0
0.2183941605839416,0.665985401459854,261,0.1177238435267787,random,0
0.2283211678832117,0.6525547445255474,271,0.11341555898886506,random,0
0.23824817518248176,0.6402919708029197,279,0.10973327698013738,random,0
0.24817518248175183,0.6256934306569343,287,0.10559451736715171,random,0
0.2581021897810219,0.6105109489051095,301,0.09928988240633975,random,0
0.268029197080292,0.5997080291970803,307,0.09302288450397386,random,0
0.27795620437956203,0.5862773722627738,311,0.0896204168689566,random,0
0.28788321167883213,0.5766423357664233,310,0.08769435573188493,random,0
0.29781021897810217,0.5658394160583942,316,0.08463146168797454,random,0
0.30773722627737227,0.5556204379562044,318,0.0820895172589828,random,0
0.31766423357664236,0.548029197080292,314,0.07875261003166961,random,0
0.3275912408759124,0.5363503649635036,321,0.0749327247988901,random,0
0.3375182481751825,0.5240875912408759,331,0.07339122070167631,random,0
0.34744525547445254,0.5115328467153285,339,0.07002866630816397,random,0
0.35737226277372264,0.5045255474452555,334,0.06750261112038274,random,0
0.3672992700729927,0.49664233576642336,330,0.06572453749359415,random,0
0.3772262773722628,0.48525547445255474,331,0.06271717234932772,random,0
0.38715328467153287,0.47474452554744523,333,0.06060046233783092,random,0
0.3970802919708029,0.46306569343065695,339,0.05793579170375315,random,0
0.407007299270073,0.454014598540146,340,0.055346911236587054,random,0
0.41693430656934305,0.44321167883211676,347,0.053143662228650544,random,0
0.42686131386861315,0.43532846715328466,347,0.051446382985956586,random,0
0.4367883211678832,0.42773722627737226,342,0.04938733202912526,random,0
0.4467153284671533,0.414014598540146,360,0.045717190049695884,random,0
0.4566423357664234,0.3970802919708029,385,0.0413886169213272,random,0
0.4665693430656934,0.38394160583941606,394,0.039143769624932004,random,0
0.4764963503649635,0.3722627737226277,403,0.03755490267888048,random,0
0.48642335766423356,0.3617518248175183,407,0.03514854991840973,random,0
0.49635036496350365,0.34773722627737225,422,0.032762252342348724,random,0
0.5062773722627737,0.33927007299270073,420,0.03174348222573982,random,0
0.5162043795620438,0.3284671532846715,422,0.03019364090392128,random,0
0.5261313868613139,0.32116788321167883,414,0.028835784588486107,random,0
0.536058394160584,0.31474452554744525,408,0.02802892320934085,random,0
0.545985401459854,0.3051094890510949,415,0.025736006243453673,random,0
0.5559124087591241,0.29693430656934305,411,0.024978454297087477,random,0
0.5658394160583942,0.28554744525547443,422,0.02230910117811403,random,0
0.5757664233576643,0.2756204379562044,425,0.020991845995277654,random,0
0.5856934306569344,0.2671532846715328,420,0.020149792701997727,random,0
0.5956204379562043,0.25343065693430655,419,0.018615474567942443,random,0
0.6055474452554744,0.24321167883211678,421,0.017063900014834595,random,0
0.6154744525547445,0.23386861313868612,416,0.016022180036344758,random,0
0.6254014598540146,0.22744525547445255,414,0.01558059588710874,random,0
0.6353284671532847,0.22102189781021897,407,0.014396490459501558,random,0
0.6452554744525547,0.2148905109489051,396,0.013997073644488947,random,0
0.6551824817518248,0.2029197080291971,408,0.01208036873238392,random,0
0.6651094890510949,0.192992700729927,414,0.01102847894414775,random,0
0.675036496350365,0.18832116788321168,400,0.01054480395156505,random,0
0.684963503649635,0.18306569343065693,389,0.00959660797730307,random,0
0.6948905109489051,0.1778102189781022,375,0.009184356920338229,random,0
0.7048175182481752,0.16554744525547446,372,0.008125781134104733,random,0
0.7147445255474453,0.1562043795620438,366,0.00731539738169411,random,0
0.7246715328467154,0.14686131386861315,370,0.006720679656208278,random,0
0.7345985401459854,0.13635036496350364,370,0.005697606067349059,random,0
0.7445255474452555,0.12963503649635036,358,0.005326374981456757,random,0
0.7544525547445255,0.11941605839416058,360,0.004898858199821985,random,0
0.7643795620437956,0.11153284671532847,357,0.004038284842753301,random,0
0.7743065693430657,0.09868613138686132,370,0.0031232268024032044,random,0
0.7842335766423357,0.0910948905109489,362,0.0026285197392820056,random,0
0.7941605839416058,0.08496350364963504,349,0.002464481577288236,random,0
0.8040875912408759,0.07562043795620438,344,0.0018605204315630718,random,0
0.814014598540146,0.06744525547445256,338,0.0014253742644513671,random,0
0.8239416058394161,0.06102189781021898,326,0.0012291523729169756,random,0
0.8338686131386861,0.05401459854014599,314,0.0009750558615190624,random,0
0.8437956204379562,0.0508029197080292,306,0.0008402812546358106,random,0
0.8537226277372263,0.043795620437956206,302,0.0007054904224150718,random,0
0.8636496350364964,0.038832116788321165,293,0.0005259790832220739,random,0
0.8735766423357664,0.03182481751824817,290,0.00039111407802996587,random,0
0.8835036496350365,0.02948905109489051,271,0.00034225726895119416,random,0
0.8934306569343066,0.02510948905109489,260,0.0002388763721999703,random,0
0.9033576642335767,0.020437956204379562,243,0.0001779571836522771,random,0
0.9132846715328468,0.01927007299270073,219,0.00016773522103545466,random,0
0.9232116788321167,0.016934306569343065,195,0.00015020026702269691,random,0
0.9331386861313868,0.015182481751824817,169,0.00011933272140631953,random,0
0.9430656934306569,0.010218978102189781,152,4.806485808238144e-05,random,0
0.952992700729927,0.0070072992700729924,128,2.7193665628245063e-05,random,0
0.9629197080291971,0.0035036496350364962,103,1.914589823468328e-05,random,0
0.9728467153284671,0.002627737226277372,78,1.0708722741433023e-05,random,0
0.9827737226277372,0.0011678832116788322,51,3.4073208722741434e-06,random,0
0.9927007299270073,0.0008759124087591241,23,0.0,random,0
1.0,0.0,0,0.0,random,0
0.0,0.9918248175182481,8,0.2619560102653707,random,1
0.009927007299270074,0.9781021897810219,17,0.254993503894643,random,1
0.019854014598540148,0.9635036496350365,28,0.24508534362455217,random,1
0.02978102189781022,0.9413138686131387,48,0.23556517398478558,random,1
0.039708029197080295,0.9229197080291971,52,0.22746274125180374,random,1
0.049635036496350364,0.9051094890510949,76,0.21874131535704258,random,1
0.05956204379562044,0.8948905109489051,77,0.2136362612838226,random,1
0.06948905109489051,0.8788321167883212,92,0.204825984365777,random,1
0.07941605839416059,0.8656934306569343,102,0.19824963263361337,random,1
0.08934306569343066,0.8522627737226277,113,0.18904041456282986,random,1
0.09927007299270073,0.8391240875912409,115,0.1834261348750981,random,1
0.1091970802919708,0.828029197080292,121,0.17965178303167498,random,1
0.11912408759124088,0.8151824817518248,127,0.17300463927406098,random,1
0.12905109489051095,0.8026277372262773,138,0.1665146777358372,random,1
0.13897810218978102,0.7912408759124088,145,0.16175442216359273,random,1
0.14890510948905109,0.7775182481751824,152,0.1563250283486849,random,1
0.15883211678832118,0.7670072992700729,159,0.15017775443717324,random,1
0.16875912408759125,0.757080291970803,161,0.14695131246825172,random,1
0.17868613138686132,0.741021897810219,181,0.1419656417942779,random,1
0.1886131386861314,0.7308029197080292,183,0.1387371106199961,random,1
0.19854014598540146,0.7226277372262774,178,0.13564559508075863,random,1
0.20846715328467152,0.708905109489051,193,0.13104873792862987,random,1
0.2183941605839416,0.6951824817518248,209,0.1253811487356318,random,1
0.2283211678832117,0.6826277372262773,216,0.12169405675721387,random,1
0.23824817518248176,0.6706569343065694,220,0.1160069493260936,random,1
0.24817518248175183,0.6356204379562044,242,0.10583975850214168,random,1
0.2581021897810219,0.6245255474452555,245,0.10345259645274248,random,1
0.268029197080292,0.6151824817518248,249,0.10137946989137117,random,1
0.27795620437956203,0.6014598540145986,264,0.09590528370091746,random,1
0.28788321167883213,0.5906569343065693,276,0.09302875761958705,random,1
0.29781021897810217,0.5766423357664233,289,0.08946737832682634,random,1
0.30773722627737227,0.5655474452554744,293,0.08533107583399639,random,1
0.31766423357664236,0.5556204379562044,293,0.08226275055152099,random,1
0.3275912408759124,0.541021897810219,305,0.07733083561471413,random,1
0.3375182481751825,0.531970802919708,306,0.07462416808269613,random,1
0.34744525547445254,0.522043795620438,312,0.07242365420307885,random,1
0.35737226277372264,0.515036496350365,309,0.07059613263110635,random,1
0.3672992700729927,0.505985401459854,307,0.06748979795029736,random,1
0.3772262773722628,0.49313868613138684,319,0.06472935108062153,random,1
0.38715328467153287,0.4829197080291971,320,0.062290974912397226,random,1
0.3970802919708029,0.472992700729927,322,0.05980452798596782,random,1
0.407007299270073,0.4645255474452555,320,0.057483406501879046,random,1
0.41693430656934305,0.4505109489051095,327,0.054945911257097,random,1
0.42686131386861315,0.4327007299270073,347,0.05045166155884613,random,1
0.4367883211678832,0.42423357664233574,347,0.049091947442268705,random,1
0.4467153284671533,0.4148905109489051,351,0.047718232088632205,random,1
0.4566423357664234,0.4078832116788321,347,0.04691618275124409,random,1
0.4665693430656934,0.3862773722627737,380,0.04135149812544672,random,1
0.4764963503649635,0.3745985401459854,385,0.03837593379978019,random,1
0.48642335766423356,0.3672992700729927,377,0.037291971155142885,random,1
0.49635036496350365,0.35824817518248175,378,0.03552833646320796,random,1
0.5062773722627737,0.34773722627737225,380,0.03414448747319659,random,1
0.5162043795620438,0.3357664233576642,391,0.03131115182195789,random,1
0.5261313868613139,0.3261313868613139,392,0.02964790129122781,random,1
0.536058394160584,0.31503649635036496,403,0.02787338982841319,random,1
0.545985401459854,0.3018978102189781,418,0.026052716894130447,random,1
0.5559124087591241,0.2905109489051095,426,0.024234353366216682,random,1
0.5658394160583942,0.2840875912408759,415,0.023036624063566234,random,1
0.5757664233576643,0.27211678832116787,423,0.021126327000815907,random,1
0.5856934306569344,0.25635036496350366,442,0.017810702078079416,random,1
0.5956204379562043,0.247007299270073,437,0.01704599110542452,random,1
0.6055474452554744,0.24116788321167884,428,0.016276853706176136,random,1
0.6154744525547445,0.23153284671532848,428,0.015420446011348465,random,1
0.6254014598540146,0.21897810218978103,437,0.01383505630964743,random,1
0.6353284671532847,0.2108029197080292,433,0.012567800276912426,random,1
0.6452554744525547,0.19883211678832116,441,0.010708304359516392,random,1
0.6551824817518248,0.19182481751824818,436,0.009998193192775553,random,1
0.6651094890510949,0.1818978102189781,437,0.00932452336139544,random,1
0.675036496350365,0.17284671532846715,432,0.008422462589007565,random,1
0.684963503649635,0.167007299270073,422,0.007680292473297729,random,1
0.6948905109489051,0.15854014598540145,422,0.007180867313825842,random,1
0.7048175182481752,0.15299270072992702,408,0.006324057076101469,random,1
0.7147445255474453,0.14102189781021898,409,0.005572071790164664,random,1
0.7246715328467154,0.1345985401459854,407,0.005156623182762201,random,1
0.7345985401459854,0.12934306569343065,399,0.004815924705162439,random,1
0.7445255474452555,0.12437956204379562,384,0.004422340512658854,random,1
0.7544525547445255,0.11795620437956204,379,0.004073977881001829,random,1
0.7643795620437956,0.11036496350364963,374,0.003553903661672353,random,1
0.7743065693430657,0.10423357664233576,367,0.0030688529922612865,random,1
0.7842335766423357,0.09751824817518248,358,0.0027713915622063984,random,1
0.7941605839416058,0.08817518248175182,358,0.002146256351060673,random,1
0.8040875912408759,0.08145985401459854,350,0.0018074516021361815,random,1
0.814014598540146,0.07386861313868613,344,0.0015349265842110466,random,1
0.8239416058394161,0.06832116788321167,334,0.0012742167025169362,random,1
0.8338686131386861,0.0654014598540146,314,0.0011738092920189885,random,1
0.8437956204379562,0.05781021897810219,308,0.0009281843383770953,random,1
0.8537226277372263,0.05401459854014599,290,0.0008193366618454236,random,1
0.8636496350364964,0.0508029197080292,268,0.000678345432799288,random,1
0.8735766423357664,0.04408759124087591,258,0.0005600882194778222,random,1
0.8835036496350365,0.04,241,0.00048084367119121784,random,1
0.8934306569343066,0.027737226277372264,232,0.000276301272066459,random,1
0.9033576642335767,0.02510948905109489,216,0.00018717549325025958,random,1
0.9132846715328468,0.022773722627737226,194,0.0001522423416407061,random,1
0.9232116788321167,0.018394160583941607,182,0.00012446456386292835,random,1
0.9331386861313868,0.011386861313868613,177,5.014904131434505e-05,random,1
0.9430656934306569,0.006423357664233576,152,3.967095015576324e-05,random,1
0.952992700729927,0.005255474452554744,126,3.374870197300104e-05,random,1
0.9629197080291971,0.004379562043795621,103,2.40946261682243e-05,random,1
0.9728467153284671,0.00291970802919708,81,1.265576323987539e-05,random,1
0.9827737226277372,0.0017518248175182481,54,3.4073208722741434e-06,random,1
0.9927007299270073,0.0008759124087591241,23,0.0,random,1
1.0,0.0,0,0.0,random,1
0.0,0.9918248175182481,8,0.2619560102653707,random,2
0.009927007299270074,0.9801459854014598,10,0.25629634995931727,random,2
0.019854014598540148,0.9684671532846715,13,0.24718250259605404,random,2
0.02978102189781022,0.9573722627737227,15,0.24182544985626175,random,2
0.039708029197080295,0.9439416058394161,24,0.2352098508589455,random,2
0.049635036496350364,0.927007299270073,37,0.22936468658548098,random,2
0.05956204379562044,0.9083211678832117,59,0.22108461397604212,random,2
0.06948905109489051,0.8975182481751824,63,0.2136536449904587,random,2
0.07941605839416059,0.88,75,0.20001417951613482,random,2
0.08934306569343066,0.8478832116788321,89,0.1920096483323703,random,2
0.09927007299270073,0.8327007299270073,106,0.1848733135050308,random,2
0.1091970802919708,0.8201459854014599,115,0.1803195789802098,random,2
0.11912408759124088,0.8064233576642336,128,0.1746292927877332,random,2
0.12905109489051095,0.7973722627737226,126,0.1706188739085205,random,2
0.13897810218978102,0.7871532846715329,131,0.16644034848685843,random,2
0.14890510948905109,0.774014598540146,139,0.15972871956217458,random,2
0.15883211678832118,0.7632116788321168,142,0.1541417458882412,random,2
0.16875912408759125,0.7538686131386861,142,0.15059595412267723,random,2
0.17868613138686132,0.743065693430657,148,0.14535261564218924,random,2
0.1886131386861314,0.7328467153284671,151,0.1408785445392484,random,2
0.19854014598540146,0.7191240875912409,160,0.13391781522118845,random,2
0.20846715328467152,0.7042335766423358,166,0.1295997978148971,random,2
0.2183941605839416,0.6934306569343066,168,0.12537297890539711,random,2
0.2283211678832117,0.6759124087591241,188,0.11782132186403506,random,2
0.23824817518248176,0.6630656934306569,195,0.11320903315164411,random,2
0.24817518248175183,0.6493430656934307,205,0.1104066067683182,random,2
0.2581021897810219,0.6367883211678832,212,0.10756199519911552,random,2
0.268029197080292,0.6213138686131386,232,0.10037006022490835,random,2
0.27795620437956203,0.6087591240875913,242,0.09742347818004943,random,2
0.28788321167883213,0.5918248175182482,267,0.09112262147520618,random,2
0.29781021897810217,0.581021897810219,273,0.08937356700499223,random,2
0.30773722627737227,0.569051094890511,275,0.08691876500046769,random,2
0.31766423357664236,0.555036496350365,280,0.08227195670697424,random,2
0.3275912408759124,0.5407299270072993,298,0.07797772296012657,random,2
0.3375182481751825,0.5325547445255474,295,0.07530276897405987,random,2
0.34744525547445254,0.5223357664233577,300,0.07192627459238149,random,2
0.35737226277372264,0.5118248175182482,305,0.06968081031172445,random,2
0.3672992700729927,0.49693430656934306,326,0.06559750430157847,random,2
0.3772262773722628,0.48700729927007297,325,0.06400525142259955,random,2
0.38715328467153287,0.4759124087591241,330,0.05952979965582185,random,2
0.3970802919708029,0.46773722627737224,326,0.05774318293228924,random,2
0.407007299270073,0.4578102189781022,328,0.05534123970850022,random,2
0.41693430656934305,0.44934306569343063,331,0.05388409391534391,random,2
0.42686131386861315,0.43766423357664236,337,0.051183500424592715,random,2
0.4367883211678832,0.4254014598540146,340,0.04749410778463056,random,2
0.4467153284671533,0.41722627737226275,337,0.045772804149921555,random,2
0.4566423357664234,0.39153284671532845,347,0.03987327969278904,random,2
0.4665693430656934,0.38014598540145983,353,0.037691116669869594,random,2
0.4764963503649635,0.37284671532846714,352,0.03564905093716426,random,2
0.48642335766423356,0.3567883211678832,366,0.03182812573751534,random,2
0.49635036496350365,0.3465693430656934,365,0.030989759178062327,random,2
0.5062773722627737,0.33927007299270073,361,0.02935899992076978,random,2
0.5162043795620438,0.33167883211678834,360,0.027907542267355354,random,2
0.5261313868613139,0.32262773722627736,365,0.02659061429549163,random,2
0.536058394160584,0.31445255474452555,363,0.024718446003200677,random,2
0.545985401459854,0.30452554744525545,364,0.02329233165966519,random,2
0.5559124087591241,0.2948905109489051,366,0.022173420375596192,random,2
0.5658394160583942,0.28613138686131384,358,0.02126998459365574,random,2
0.5757664233576643,0.27883211678832115,357,0.020105318665628247,random,2
0.5856934306569344,0.27153284671532846,354,0.01922476766861989,random,2
0.5956204379562043,0.26394160583941606,349,0.0181094232896949,random,2
0.6055474452554744,0.25489051094890514,345,0.0168814378416452,random,2
0.6154744525547445,0.24379562043795622,353,0.01619754095528044,random,2
0.6254014598540146,0.2332846715328467,361,0.014689841049289063,random,2
0.6353284671532847,0.22306569343065694,364,0.0131841158230615,random,2
0.6452554744525547,0.21255474452554746,375,0.011717353356664103,random,2
0.6551824817518248,0.20145985401459854,378,0.010638793749409986,random,2
0.6651094890510949,0.19386861313868614,371,0.009560010464289085,random,2
0.675036496350365,0.18452554744525548,366,0.008148244551939061,random,2
0.684963503649635,0.17313868613138686,368,0.007503473065096897,random,2
0.6948905109489051,0.16613138686131387,359,0.006783701641470333,random,2
0.7048175182481752,0.15708029197080292,366,0.0063930369210012895,random,2
0.7147445255474453,0.15007299270072993,360,0.005478399510233623,random,2
0.7246715328467154,0.1416058394160584,363,0.004827776752280257,random,2
0.7345985401459854,0.13576642335766423,355,0.0045704903114365735,random,2
0.7445255474452555,0.12788321167883213,346,0.004244657333515394,random,2
0.7544525547445255,0.11795620437956204,346,0.0036280111697751887,random,2
0.7643795620437956,0.11240875912408758,336,0.0034653773423487205,random,2
0.7743065693430657,0.10656934306569343,330,0.002631874731684895,random,2
0.7842335766423357,0.09547445255474453,339,0.0020750696495439483,random,2
0.7941605839416058,0.08817518248175182,329,0.001633184558929302,random,2
0.8040875912408759,0.0840875912408759,315,0.001400767030001843,random,2
0.814014598540146,0.07766423357664233,308,0.0012141887836981293,random,2
0.8239416058394161,0.0689051094890511,311,0.0010181310420066259,random,2
0.8338686131386861,0.06218978102189781,303,0.0008371702393314542,random,2
0.8437956204379562,0.053722627737226275,290,0.0006602441372447214,random,2
0.8537226277372263,0.049927007299270076,274,0.0005841160127083025,random,2
0.8636496350364964,0.04525547445255475,267,0.00043303841850862875,random,2
0.8735766423357664,0.0364963503649635,254,0.00029780679795282595,random,2
0.8835036496350365,0.03445255474452555,242,0.00023389982940216582,random,2
0.8934306569343066,0.03007299270072993,227,0.00014940522548583296,random,2
0.9033576642335767,0.02832116788321168,207,9.049797878653018e-05,random,2
0.9132846715328468,0.021897810218978103,201,2.1825396825396824e-05,random,2
0.9232116788321167,0.020437956204379562,177,2.0511144488948225e-05,random,2
0.9331386861313868,0.014306569343065694,167,3.4073208722741434e-06,random,2
0.9430656934306569,0.010802919708029197,148,1.9470404984423675e-06,random,2
0.952992700729927,0.0075912408759124085,128,9.735202492211838e-07,random,2
0.9629197080291971,0.005547445255474452,104,9.735202492211838e-07,random,2
0.9728467153284671,0.0035036496350364962,80,0.0,random,2
0.9827737226277372,0.0020437956204379564,53,0.0,random,2
0.9927007299270073,0.00029197080291970805,25,0.0,random,2
1.0,0.0,0,0.0,random,2
0.0,0.9918248175182481,8,0.2619560102653707,random,3
0.009927007299270074,0.9801459854014598,14,0.25633411383528215,random,3
0.019854014598540148,0.9696350364963504,16,0.24932516247111752,random,3
0.02978102189781022,0.9585401459854015,19,0.24374027817814325,random,3
0.039708029197080295,0.9430656934306569,33,0.2364046261668195,random,3
0.049635036496350364,0.9325547445255474,35,0.23048376247594998,random,3
0.05956204379562044,0.9208759124087591,39,0.22185031662587154,random,3
0.06948905109489051,0.910948905109489,40,0.21529801193257678,random,3
0.07941605839416059,0.8983941605839416,47,0.20828918126968654,random,3
0.08934306569343066,0.8881751824817519,48,0.20100739808121523,random,3
0.09927007299270073,0.8744525547445255,59,0.1938564178390405,random,3
0.1091970802919708,0.8616058394160584,68,0.1895738093709034,random,3
0.11912408759124088,0.8508029197080292,72,0.18367876848024337,random,3
0.12905109489051095,0.8391240875912409,78,0.17807884315893951,random,3
0.13897810218978102,0.8239416058394161,96,0.16774177676879196,random,3
0.14890510948905109,0.8128467153284672,100,0.16303388170597571,random,3
0.15883211678832118,0.7985401459854015,110,0.15846156150551594,random,3
0.16875912408759125,0.7854014598540145,118,0.15416907722610115,random,3
0.17868613138686132,0.7728467153284672,129,0.15101077942695934,random,3
0.1886131386861314,0.7588321167883212,142,0.14571115795225026,random,3
0.19854014598540146,0.7436496350364964,157,0.13928244947820007,random,3
0.20846715328467152,0.7322627737226277,164,0.13486268663298454,random,3
0.2183941605839416,0.72,171,0.12922766502870184,random,3
0.2283211678832117,0.7068613138686132,178,0.12622726143221177,random,3
0.23824817518248176,0.6943065693430657,187,0.12226336108725129,random,3
0.24817518248175183,0.6843795620437956,189,0.11791982356190883,random,3
0.2581021897810219,0.6706569343065694,199,0.11285474088854637,random,3
0.268029197080292,0.6586861313868613,207,0.10883482990594556,random,3
0.27795620437956203,0.6452554744525547,216,0.10365310633410808,random,3
0.28788321167883213,0.6362043795620438,215,0.10127675035947524,random,3
0.29781021897810217,0.6213138686131386,222,0.09765405014302503,random,3
0.30773722627737227,0.6084671532846715,232,0.09414578294725784,random,3
0.31766423357664236,0.5959124087591241,243,0.09008385971937374,random,3
0.3275912408759124,0.5845255474452554,245,0.08544595727481243,random,3
0.3375182481751825,0.5702189781021898,256,0.0812275097263415,random,3
0.34744525547445254,0.5582481751824817,264,0.07876554030190128,random,3
0.35737226277372264,0.5489051094890511,264,0.07661420966970031,random,3
0.3672992700729927,0.534014598540146,269,0.0737195542888446,random,3
0.3772262773722628,0.5240875912408759,276,0.07059681839069983,random,3
0.38715328467153287,0.5121167883211679,283,0.06727207637356586,random,3
0.3970802919708029,0.503941605839416,281,0.06518729628097328,random,3
0.407007299270073,0.4908029197080292,293,0.061097207061284166,random,3
0.41693430656934305,0.48175182481751827,291,0.05996920425001617,random,3
0.42686131386861315,0.47094890510948906,298,0.05772236776938879,random,3
0.4367883211678832,0.4586861313868613,301,0.05624461878280511,random,3
0.4467153284671533,0.44233576642335765,320,0.05035331495261402,random,3
0.4566423357664234,0.4303649635036496,332,0.04600448192664897,random,3
0.4665693430656934,0.4221897810218978,331,0.043518808302613794,random,3
0.4764963503649635,0.4105109489051095,339,0.04146133095768025,random,3
0.48642335766423356,0.40175182481751825,336,0.04010818571464016,random,3
0.49635036496350365,0.3900729927007299,336,0.037173387233331745,random,3
0.5062773722627737,0.3798540145985401,340,0.034376844560985914,random,3
0.5162043795620438,0.36496350364963503,347,0.031203493301113043,random,3
0.5261313868613139,0.35474452554744523,351,0.029603834960362417,random,3
0.536058394160584,0.3442335766423358,354,0.027941547940744785,random,3
0.545985401459854,0.33197080291970804,361,0.026822652530815498,random,3
0.5559124087591241,0.32291970802919706,359,0.02543161171264267,random,3
0.5658394160583942,0.3124087591240876,363,0.024365321937386775,random,3
0.5757664233576643,0.29635036496350364,383,0.022090324451962885,random,3
0.5856934306569344,0.28613138686131384,383,0.020520514937424985,random,3
0.5956204379562043,0.272992700729927,388,0.01863804313439243,random,3
0.6055474452554744,0.26335766423357665,386,0.017400918712323504,random,3
0.6154744525547445,0.25284671532846714,388,0.016452611478604467,random,3
0.6254014598540146,0.24759124087591242,373,0.015439500633279838,random,3
0.6353284671532847,0.23970802919708029,367,0.013991198808006634,random,3
0.6452554744525547,0.22627737226277372,372,0.012634316434258023,random,3
0.6551824817518248,0.21226277372262772,376,0.010898337443752163,random,3
0.6651094890510949,0.2,379,0.0099362004277308,random,3
0.675036496350365,0.19386861313868614,373,0.009037538477228898,random,3
0.684963503649635,0.185985401459854,366,0.008304294615042278,random,3
0.6948905109489051,0.16671532846715328,374,0.006966862066088117,random,3
0.7048175182481752,0.1559124087591241,380,0.0062467518419621225,random,3
0.7147445255474453,0.145985401459854,380,0.005773564212159422,random,3
0.7246715328467154,0.13956204379562043,372,0.004803380587697176,random,3
0.7345985401459854,0.13167883211678832,370,0.0042809544670672,random,3
0.7445255474452555,0.12116788321167883,368,0.003643825254660535,random,3
0.7544525547445255,0.11036496350364963,373,0.0030400082053849576,random,3
0.7643795620437956,0.10306569343065694,367,0.002798797702492212,random,3
0.7743065693430657,0.09839416058394161,358,0.002676764621346981,random,3
0.7842335766423357,0.09284671532846715,351,0.0024673337598279184,random,3
0.7941605839416058,0.08759124087591241,341,0.0020236646547248183,random,3
0.8040875912408759,0.0837956204379562,328,0.001878443248405281,random,3
0.814014598540146,0.07795620437956205,319,0.0015989096573208721,random,3
0.8239416058394161,0.0727007299270073,304,0.0015008274922118378,random,3
0.8338686131386861,0.06598540145985402,296,0.001239147567126539,random,3
0.8437956204379562,0.05897810218978102,294,0.000979403093012906,random,3
0.8537226277372263,0.052554744525547446,285,0.0008072754413291797,random,3
0.8636496350364964,0.04554744525547445,280,0.0005279145341937398,random,3
0.8735766423357664,0.040291970802919706,263,0.0004314294058744993,random,3
0.8835036496350365,0.03299270072992701,259,0.00033363813788755373,random,3
0.8934306569343066,0.027445255474452555,242,0.000284576194184839,random,3
0.9033576642335767,0.024817518248175182,226,0.000254964953271028,random,3
0.9132846715328468,0.01897810218978102,210,0.00015826194184839044,random,3
0.9232116788321167,0.013138686131386862,200,7.085604880581516e-05,random,3
0.9331386861313868,0.012262773722627737,172,6.580996884735202e-05,random,3
0.9430656934306569,0.010510948905109488,148,5.547442886812046e-05,random,3
0.952992700729927,0.0072992700729927005,125,3.0698338525441325e-05,random,3
0.9629197080291971,0.004963503649635037,104,1.4245846313603323e-05,random,3
0.9728467153284671,0.003211678832116788,79,1.1682242990654205e-05,random,3
0.9827737226277372,0.00291970802919708,49,5.354361370716511e-06,random,3
0.9927007299270073,0.00145985401459854,21,0.0,random,3
1.0,0.0,0,0.0,random,3
0.0,0.9918248175182481,8,0.2619560102653707,random,4
0.009927007299270074,0.9804379562043796,11,0.25510572875927723,random,4
0.019854014598540148,0.9597080291970803,33,0.24510281592488076,random,4
0.02978102189781022,0.9454014598540146,42,0.2373069359384342,random,4
0.039708029197080295,0.8864233576642335,66,0.21357964729109588,random,4
0.049635036496350364,0.8753284671532847,70,0.2077767193622188,random,4
0.05956204379562044,0.8642335766423358,76,0.20100802580672616,random,4
0.06948905109489051,0.8519708029197081,84,0.1937458674340976,random,4
0.07941605839416059,0.8429197080291971,85,0.19048298812671624,random,4
0.08934306569343066,0.8297810218978102,95,0.18291922115910872,random,4
0.09927007299270073,0.8207299270072993,94,0.18038105898974036,random,4
0.1091970802919708,0.8102189781021898,97,0.1747109683689342,random,4
0.11912408759124088,0.8020437956204379,101,0.16749031034786,random,4
0.12905109489051095,0.7877372262773723,113,0.16191084879446446,random,4
0.13897810218978102,0.7748905109489052,126,0.1557814420349467,random,4
0.14890510948905109,0.7637956204379562,133,0.15136001941280858,random,4
0.15883211678832118,0.7500729927007299,145,0.1459049488473408,random,4
0.16875912408759125,0.7363503649635037,156,0.14317498555874722,random,4
0.17868613138686132,0.7188321167883212,180,0.13669789231515284,random,4
0.1886131386861314,0.7054014598540146,191,0.13255183832425363,random,4
0.19854014598540146,0.6908029197080292,213,0.12760953903097594,random,4
0.20846715328467152,0.6762043795620438,225,0.12389290875542336,random,4
0.2183941605839416,0.6642335766423357,230,0.12117919591495818,random,4
0.2283211678832117,0.6557664233576642,230,0.11962406386880686,random,4
0.23824817518248176,0.6437956204379562,240,0.11480251427462292,random,4
0.24817518248175183,0.6297810218978103,246,0.11006453774137769,random,4
0.2581021897810219,0.6204379562043796,247,0.1082576176770832,random,4
0.268029197080292,0.6078832116788321,257,0.10239215188908529,random,4
0.27795620437956203,0.5973722627737226,263,0.0990905684155538,random,4
0.28788321167883213,0.5851094890510949,274,0.09354736641754749,random,4
0.29781021897810217,0.5743065693430657,279,0.0893138762252372,random,4
0.30773722627737227,0.5547445255474452,306,0.08412867316408497,random,4
0.31766423357664236,0.5451094890510949,308,0.0802033553479231,random,4
0.3275912408759124,0.5363503649635036,308,0.0777463603834077,random,4
0.3375182481751825,0.5246715328467153,320,0.07423796493021084,random,4
0.34744525547445254,0.5156204379562044,323,0.07046445596146238,random,4
0.35737226277372264,0.5065693430656935,327,0.06871379917568586,random,4
0.3672992700729927,0.4937226277372263,334,0.06567749333242907,random,4
0.3772262773722628,0.4805839416058394,345,0.06300666444525967,random,4
0.38715328467153287,0.4618978102189781,353,0.059326110740246255,random,4
0.3970802919708029,0.4475912408759124,368,0.05391232986574693,random,4
0.407007299270073,0.4364963503649635,375,0.05094997689820996,random,4
0.41693430656934305,0.42394160583941604,390,0.04741330847836397,random,4
0.42686131386861315,0.4110948905109489,401,0.04504053250855236,random,4
0.4367883211678832,0.40145985401459855,398,0.04309616919079536,random,4
0.4467153284671533,0.3897810218978102,404,0.03965056537223593,random,4
0.4566423357664234,0.37547445255474454,404,0.0364831197956112,random,4
0.4665693430656934,0.3640875912408759,407,0.03404702798175345,random,4
0.4764963503649635,0.3556204379562044,402,0.032885495475448744,random,4
0.48642335766423356,0.34277372262773725,407,0.031038828777876677,random,4
0.49635036496350365,0.33255474452554745,416,0.028845261274291645,random,4
0.5062773722627737,0.31766423357664236,429,0.027225583898189038,random,4
0.5162043795620438,0.31124087591240873,423,0.0257306203553283,random,4
0.5261313868613139,0.3024817518248175,424,0.024294357052388593,random,4
0.536058394160584,0.29576642335766423,422,0.02346280618827348,random,4
0.545985401459854,0.2840875912408759,434,0.020780808087832035,random,4
0.5559124087591241,0.27124087591240875,447,0.018673744847226156,random,4
0.5658394160583942,0.26306569343065694,458,0.01723806303325871,random,4
0.5757664233576643,0.251970802919708,462,0.015650405647485086,random,4
0.5856934306569344,0.23795620437956205,473,0.013828483713413619,random,4
0.5956204379562043,0.23182481751824818,460,0.013291771955761441,random,4
0.6055474452554744,0.22423357664233576,456,0.012172901902311949,random,4
0.6154744525547445,0.21313868613138687,463,0.010605102398034642,random,4
0.6254014598540146,0.19357664233576644,493,0.00816801185952763,random,4
0.6353284671532847,0.18248175182481752,500,0.007045900355917879,random,4
0.6452554744525547,0.17372262773722627,498,0.006402852723384265,random,4
0.6551824817518248,0.1675912408759124,490,0.005975155531449339,random,4
0.6651094890510949,0.15737226277372263,482,0.0049804623757602725,random,4
0.675036496350365,0.15124087591240876,476,0.004235472914503288,random,4
0.684963503649635,0.14364963503649636,470,0.0038229618658210947,random,4
0.6948905109489051,0.1383941605839416,459,0.0034705637609405127,random,4
0.7048175182481752,0.12934306569343065,457,0.0030446324265687584,random,4
0.7147445255474453,0.12175182481751824,453,0.0026659550697225925,random,4
0.7246715328467154,0.11591240875912409,443,0.0024225981864708502,random,4
0.7345985401459854,0.10861313868613139,436,0.002286801383325916,random,4
0.7445255474452555,0.10306569343065694,433,0.0020053497255600058,random,4
0.7544525547445255,0.09956204379562043,416,0.001941503022548583,random,4
0.7643795620437956,0.09313868613138686,407,0.0017461082369084704,random,4
0.7743065693430657,0.08613138686131387,400,0.001628750370864857,random,4
0.7842335766423357,0.08116788321167884,389,0.0014234674009790831,random,4
0.7941605839416058,0.07211678832116789,385,0.0011876336658754882,random,4
0.8040875912408759,0.06832116788321167,367,0.0010696032209612815,random,4
0.814014598540146,0.06569343065693431,351,0.0008901278093012907,random,4
0.8239416058394161,0.06102189781021898,335,0.0007628701694852396,random,4
0.8338686131386861,0.0545985401459854,323,0.000596385458388963,random,4
0.8437956204379562,0.04817518248175182,313,0.00038538421599169264,random,4
0.8537226277372263,0.04204379562043795,302,0.00021730324074074075,random,4
0.8636496350364964,0.03678832116788321,290,9.752200464817287e-05,random,4
0.8735766423357664,0.03182481751824817,277,8.291688300449982e-05,random,4
0.8835036496350365,0.02394160583941606,273,4.86211553676507e-05,random,4
0.8934306569343066,0.006423357664233576,265,1.7036604361370716e-05,random,4
0.9033576642335767,0.006423357664233576,240,1.4602803738317758e-05,random,4
0.9132846715328468,0.005255474452554744,233,7.139148494288681e-06,random,4
0.9232116788321167,0.005255474452554744,208,6.279205607476634e-06,random,4
0.9331386861313868,0.0037956204379562043,195,1.9470404984423675e-06,random,4
0.9430656934306569,0.0037956204379562043,166,9.735202492211838e-07,random,4
0.952992700729927,0.0023357664233576644,142,9.735202492211838e-07,random,4
0.9629197080291971,0.0011678832116788322,120,9.735202492211838e-07,random,4
0.9728467153284671,0.0005839416058394161,90,9.735202492211838e-07,random,4
0.9827737226277372,0.0005839416058394161,58,0.0,random,4
0.9927007299270073,0.00029197080291970805,25,0.0,random,4
1.0,0.0,0,0.0,random,4
0.0,0.9918248175182481,8,0.2619560102653707,random,5
0.009927007299270074,0.9743065693430657,29,0.25332409721800786,random,5
0.019854014598540148,0.9637956204379562,31,0.2462614942819382,random,5
0.02978102189781022,0.948905109489051,45,0.23949217173121964,random,5
0.039708029197080295,0.9375182481751825,48,0.23319441058897836,random,5
0.049635036496350364,0.9240875912408759,59,0.22635896142949297,random,5
0.05956204379562044,0.9091970802919708,71,0.22165552734032581,random,5
0.06948905109489051,0.896934306569343,78,0.21474851580305732,random,5
0.07941605839416059,0.8855474452554745,81,0.20887327358194765,random,5
0.08934306569343066,0.8706569343065693,99,0.202859057025529,random,5
0.09927007299270073,0.8595620437956204,101,0.19708051971231003,random,5
0.1091970802919708,0.8484671532846715,107,0.19131114874222352,random,5
0.11912408759124088,0.8216058394160584,138,0.18078980817393495,random,5
0.12905109489051095,0.8058394160583942,159,0.17202103970795557,random,5
0.13897810218978102,0.7924087591240876,171,0.16614578389549187,random,5
0.14890510948905109,0.778978102189781,180,0.1609652703431909,random,5
0.15883211678832118,0.7646715328467153,191,0.15438033902483378,random,5
0.16875912408759125,0.7395620437956204,231,0.14448392995947026,random,5
0.17868613138686132,0.7302189781021898,229,0.14213942656999023,random,5
0.1886131386861314,0.7167883211678832,244,0.1388687535233242,random,5
0.19854014598540146,0.6995620437956205,269,0.13198959638168167,random,5
0.20846715328467152,0.68992700729927,270,0.12766008285101452,random,5
0.2183941605839416,0.6808759124087591,270,0.12382980595685034,random,5
0.2283211678832117,0.665985401459854,273,0.11960621949874285,random,5
0.23824817518248176,0.6548905109489052,276,0.11510957824896201,random,5
0.24817518248175183,0.6443795620437957,281,0.11101086964696777,random,5
0.2581021897810219,0.6315328467153285,289,0.10474663955862845,random,5
0.268029197080292,0.6183941605839416,304,0.10002720266709753,random,5
0.27795620437956203,0.604963503649635,309,0.09646018299749316,random,5
0.28788321167883213,0.5836496350364964,346,0.09024522602808233,random,5
0.29781021897810217,0.5696350364963504,357,0.08771342168669856,random,5
0.30773722627737227,0.5594160583941605,359,0.08535647317160168,random,5
0.31766423357664236,0.5518248175182482,352,0.08182325976528662,random,5
0.3275912408759124,0.5296350364963504,379,0.07605943261696767,random,5
0.3375182481751825,0.5162043795620438,391,0.06968336159340832,random,5
0.34744525547445254,0.5068613138686131,393,0.06751995720293033,random,5
0.35737226277372264,0.49693430656934306,392,0.06291898074126462,random,5
0.3672992700729927,0.48525547445255474,398,0.05994415422270271,random,5
0.3772262773722628,0.47094890510948906,401,0.05672691022092306,random,5
0.38715328467153287,0.46248175182481754,397,0.05510972581146355,random,5
0.3970802919708029,0.4510948905109489,405,0.0512195087276863,random,5
0.407007299270073,0.43795620437956206,418,0.04751140936231474,random,5
0.41693430656934305,0.42715328467153285,422,0.045482213026459516,random,5
0.42686131386861315,0.41605839416058393,431,0.042492278916782415,random,5
0.4367883211678832,0.4061313868613139,434,0.039842752352463214,random,5
0.4467153284671533,0.3976642335766423,431,0.03828112528966793,random,5
0.4566423357664234,0.3874452554744526,436,0.03693084532884474,random,5
0.4665693430656934,0.37401459854014596,446,0.03556984607422692,random,5
0.4764963503649635,0.3632116788321168,448,0.033347104009049104,random,5
0.48642335766423356,0.3544525547445255,447,0.03211791995809227,random,5
0.49635036496350365,0.34335766423357666,449,0.02976606385674727,random,5
0.5062773722627737,0.3337226277372263,447,0.028444907252880382,random,5
0.5162043795620438,0.32145985401459853,458,0.026359105350343668,random,5
0.5261313868613139,0.30364963503649633,469,0.023819423196978686,random,5
0.536058394160584,0.29781021897810217,459,0.022689562549448646,random,5
0.545985401459854,0.287007299270073,466,0.020915801701651585,random,5
0.5559124087591241,0.2683211678832117,461,0.01849163661116056,random,5
0.5658394160583942,0.25226277372262773,475,0.015956492916481234,random,5
0.5757664233576643,0.24291970802919707,479,0.014718755794763389,random,5
0.5856934306569344,0.23445255474452556,474,0.013940980334890964,random,5
0.5956204379562043,0.22160583941605838,484,0.012441813621866192,random,5
0.6055474452554744,0.21547445255474454,479,0.0119248766874351,random,5
0.6154744525547445,0.20408759124087592,489,0.011108567209983683,random,5
0.6254014598540146,0.19912408759124087,477,0.010299368293527171,random,5
0.6353284671532847,0.1891970802919708,484,0.009257108243089548,random,5
0.6452554744525547,0.18043795620437955,483,0.008604249724941898,random,5
0.6551824817518248,0.1708029197080292,484,0.00781663282524848,random,5
0.6651094890510949,0.1637956204379562,476,0.007275808330860901,random,5
0.675036496350365,0.15854014598540145,460,0.0067264539447658605,random,5
0.684963503649635,0.1527007299270073,452,0.006486669726301736,random,5
0.6948905109489051,0.13985401459854013,460,0.005311701867922663,random,5
0.7048175182481752,0.1337226277372263,452,0.004983601978564011,random,5
0.7147445255474453,0.12671532846715328,442,0.00430502205100628,random,5
0.7246715328467154,0.12087591240875913,430,0.003891403429881818,random,5
0.7345985401459854,0.11474452554744526,420,0.0034958420641101715,random,5
0.7445255474452555,0.10744525547445255,411,0.0030304522542402216,random,5
0.7544525547445255,0.09664233576642335,414,0.0023788233848835486,random,5
0.7643795620437956,0.08846715328467153,412,0.0020707946243139,random,5
0.7743065693430657,0.07182481751824818,425,0.00145301180895515,random,5
0.7842335766423357,0.06569343065693431,418,0.0012633492032586657,random,5
0.7941605839416058,0.06335766423357664,402,0.0011265877651683727,random,5
0.8040875912408759,0.052554744525547446,407,0.0008038171265390892,random,5
0.814014598540146,0.04934306569343066,390,0.0007043395824061713,random,5
0.8239416058394161,0.04759124087591241,366,0.000545027629431835,random,5
0.8338686131386861,0.043795620437956206,349,0.0004932827102803738,random,5
0.8437956204379562,0.03912408759124088,333,0.0004462153241358849,random,5
0.8537226277372263,0.03532846715328467,320,0.00029318257676902535,random,5
0.8636496350364964,0.03386861313868613,309,0.0002535904353953419,random,5
0.8735766423357664,0.027153284671532846,301,0.00018870299287939476,random,5
0.8835036496350365,0.02394160583941606,280,0.00016741535009642485,random,5
0.8934306569343066,0.01489051094890511,260,8.854166666666666e-05,random,5
0.9033576642335767,0.010802919708029197,248,7.119678089304257e-05,random,5
0.9132846715328468,0.009635036496350365,227,6.459306853582554e-05,random,5
0.9232116788321167,0.008467153284671533,206,4.919522326064381e-05,random,5
0.9331386861313868,0.0072992700729927005,180,3.159073208722741e-05,random,5
0.9430656934306569,0.00583941605839416,157,2.4743639667705086e-05,random,5
0.952992700729927,0.004087591240875913,133,1.79289979231568e-05,random,5
0.9629197080291971,0.0035036496350364962,109,1.0303089304257527e-05,random,5
0.9728467153284671,0.002627737226277372,82,3.4884475597092416e-06,random,5
0.9827737226277372,0.00145985401459854,53,0.0,random,5
0.9927007299270073,0.0005839416058394161,24,0.0,random,5
1.0,0.0,0,0.0,random,5
0.0,0.9918248175182481,8,0.2619560102653707,random,6
0.009927007299270074,0.9795620437956204,15,0.2578803309715985,random,6
0.019854014598540148,0.969051094890511,17,0.25139569524236577,random,6
0.02978102189781022,0.9591240875912409,17,0.24733749997892812,random,6
0.039708029197080295,0.9456934306569343,24,0.23789403168871628,random,6
0.049635036496350364,0.92992700729927,32,0.2304601428447807,random,6
0.05956204379562044,0.9141605839416058,43,0.22063317072173674,random,6
0.06948905109489051,0.9027737226277373,48,0.21686109284882651,random,6
0.07941605839416059,0.8899270072992701,59,0.20881667946431381,random,6
0.08934306569343066,0.8794160583941606,61,0.20229780591995838,random,6
0.09927007299270073,0.8665693430656934,72,0.196926461994219,random,6
0.1091970802919708,0.8522627737226277,81,0.1923277022632309,random,6
0.11912408759124088,0.8362043795620437,100,0.1839052088741779,random,6
0.12905109489051095,0.8248175182481752,106,0.1779507951188004,random,6
0.13897810218978102,0.8043795620437956,126,0.16652544635130792,random,6
0.14890510948905109,0.79007299270073,134,0.1607495043896913,random,6
0.15883211678832118,0.7708029197080292,163,0.15078706133722197,random,6
0.16875912408759125,0.7591240875912408,168,0.14629215602295337,random,6
0.17868613138686132,0.7448175182481752,174,0.14033122010334337,random,6
0.1886131386861314,0.7325547445255475,181,0.13524684483643304,random,6
0.19854014598540146,0.7103649635036496,205,0.12650082060603382,random,6
0.20846715328467152,0.6972262773722627,218,0.11972536857612792,random,6
0.2183941605839416,0.6843795620437956,227,0.11650823689550324,random,6
0.2283211678832117,0.6697810218978102,241,0.1097007630976673,random,6
0.23824817518248176,0.6604379562043796,241,0.10722083155735317,random,6
0.24817518248175183,0.6472992700729927,247,0.10236389473714239,random,6
0.2581021897810219,0.6315328467153285,259,0.09788389734724431,random,6
0.268029197080292,0.6224817518248175,259,0.09478445762711242,random,6
0.27795620437956203,0.5891970802919708,278,0.08676943339684286,random,6
0.28788321167883213,0.5798540145985401,283,0.083611263012256,random,6
0.29781021897810217,0.5684671532846716,289,0.08025940694603079,random,6
0.30773722627737227,0.5553284671532847,288,0.07819633975350973,random,6
0.31766423357664236,0.5378102189781022,313,0.07318137316560214,random,6
0.3275912408759124,0.5240875912408759,324,0.06820151397203092,random,6
0.3375182481751825,0.5124087591240876,326,0.06591224158813236,random,6
0.34744525547445254,0.4978102189781022,343,0.06265900403626748,random,6
0.35737226277372264,0.4872992700729927,348,0.05930116478093989,random,6
0.3672992700729927,0.4718248175182482,367,0.056521028815421336,random,6
0.3772262773722628,0.46131386861313867,372,0.05458375311463805,random,6
0.38715328467153287,0.45343065693430656,374,0.05268149626852898,random,6
0.3970802919708029,0.44175182481751823,379,0.049797729926161584,random,6
0.407007299270073,0.432992700729927,381,0.047632229870985705,random,6
0.41693430656934305,0.4251094890510949,384,0.04583466683941275,random,6
0.42686131386861315,0.4131386861313869,393,0.042583076686099466,random,6
0.4367883211678832,0.40058394160583943,402,0.040273076090468034,random,6
0.4467153284671533,0.3897810218978102,412,0.03880860983891065,random,6
0.4566423357664234,0.3821897810218978,409,0.03774287520198735,random,6
0.4665693430656934,0.3710948905109489,408,0.035807662342417015,random,6
0.4764963503649635,0.3637956204379562,404,0.0338875589596238,random,6
0.48642335766423356,0.352992700729927,407,0.03242635605946061,random,6
0.49635036496350365,0.34277372262773725,409,0.030009007155984375,random,6
0.5062773722627737,0.3337226277372263,406,0.02865643123966722,random,6
0.5162043795620438,0.32496350364963505,407,0.027590419486082454,random,6
0.5261313868613139,0.31357664233576643,416,0.026074641504329005,random,6
0.536058394160584,0.2981021897810219,422,0.022998234423395054,random,6
0.545985401459854,0.28905109489051095,420,0.02150256915224789,random,6
0.5559124087591241,0.27970802919708027,419,0.018820867532973257,random,6
0.5658394160583942,0.272992700729927,412,0.018092648503279345,random,6
0.5757664233576643,0.26423357664233577,411,0.01752978259031121,random,6
0.5856934306569344,0.2513868613138686,421,0.01643746579333612,random,6
0.5956204379562043,0.24116788321167884,427,0.014627003829179646,random,6
0.6055474452554744,0.23386861313868612,420,0.013974290180116698,random,6
0.6154744525547445,0.22802919708029198,410,0.013425866819339365,random,6
0.6254014598540146,0.22306569343065694,403,0.013118793422093655,random,6
0.6353284671532847,0.2145985401459854,404,0.01242450273203778,random,6
0.6452554744525547,0.20496350364963503,406,0.011900583880358997,random,6
0.6551824817518248,0.19474452554744526,410,0.01069279834532463,random,6
0.6651094890510949,0.18248175182481752,425,0.00880377737095027,random,6
0.675036496350365,0.17576642335766424,420,0.008343576192218132,random,6
0.684963503649635,0.17021897810218978,407,0.007889774363854388,random,6
0.6948905109489051,0.16262773722627738,401,0.00733637481147703,random,6
0.7048175182481752,0.15416058394160584,400,0.006816035964619492,random,6
0.7147445255474453,0.14686131386861315,397,0.00597518991371211,random,6
0.7246715328467154,0.14277372262773722,389,0.005683897588760322,random,6
0.7345985401459854,0.1348905109489051,387,0.005203475776343767,random,6
0.7445255474452555,0.12992700729927006,373,0.004607110406467883,random,6
0.7544525547445255,0.12291970802919708,374,0.004297464134277802,random,6
0.7643795620437956,0.11562043795620439,362,0.003902594663254709,random,6
0.7743065693430657,0.1054014598540146,357,0.0035356296821688177,random,6
0.7842335766423357,0.09664233576642335,356,0.0029831851419176185,random,6
0.7941605839416058,0.0908029197080292,347,0.002501012152005142,random,6
0.8040875912408759,0.07474452554744526,348,0.0017556607111951737,random,6
0.814014598540146,0.07182481751824818,334,0.0015365433231963605,random,6
0.8239416058394161,0.06686131386861315,322,0.0012375555524650151,random,6
0.8338686131386861,0.061897810218978104,308,0.0011083137856648369,random,6
0.8437956204379562,0.05605839416058394,297,0.0008574409538194583,random,6
0.8537226277372263,0.049635036496350364,294,0.0006676616910261769,random,6
0.8636496350364964,0.04583941605839416,278,0.0005520174594356837,random,6
0.8735766423357664,0.04116788321167883,265,0.0004585073869536486,random,6
0.8835036496350365,0.03240875912408759,263,0.00034170188478015574,random,6
0.8934306569343066,0.025985401459854014,248,0.00026416819648420115,random,6
0.9033576642335767,0.022773722627737226,228,0.00021494631731197152,random,6
0.9132846715328468,0.01781021897810219,217,0.0001511529261237205,random,6
0.9232116788321167,0.012846715328467153,210,0.00010150571131879544,random,6
0.9331386861313868,0.0072992700729927005,191,3.391095534787123e-05,random,6
0.9430656934306569,0.004087591240875913,166,1.4116043613707166e-05,random,6
0.952992700729927,0.0037956204379562043,136,1.2169003115264797e-05,random,6
0.9629197080291971,0.00291970802919708,115,0.0,random,6
0.9728467153284671,0.0020437956204379564,87,0.0,random,6
0.9827737226277372,0.00029197080291970805,59,0.0,random,6
0.9927007299270073,0.00029197080291970805,25,0.0,random,6
1.0,0.0,0,0.0,random,6
0.0,0.9918248175182481,8,0.2619560102653707,random,7
0.009927007299270074,0.9801459854014598,13,0.25672610994653927,random,7
0.019854014598540148,0.9693430656934306,16,0.250319450204088,random,7
0.02978102189781022,0.9564963503649635,23,0.24446334503102904,random,7
0.039708029197080295,0.9413138686131387,30,0.23941515500605748,random,7
0.049635036496350364,0.9275912408759124,37,0.23163927113255386,random,7
0.05956204379562044,0.9141605839416058,51,0.22684791120202924,random,7
0.06948905109489051,0.8981021897810219,70,0.21979716445721117,random,7
0.07941605839416059,0.8884671532846715,70,0.21606371546040065,random,7
0.08934306569343066,0.8694890510948905,80,0.2090433870089974,random,7
0.09927007299270073,0.8592700729927008,82,0.2036260264808746,random,7
0.1091970802919708,0.8464233576642336,92,0.19293135951751605,random,7
0.11912408759124088,0.8332846715328467,104,0.18664846222432382,random,7
0.12905109489051095,0.8183941605839417,112,0.18046203179716613,random,7
0.13897810218978102,0.7997080291970803,133,0.17314099481126352,random,7
0.14890510948905109,0.7865693430656935,144,0.16675904495837324,random,7
0.15883211678832118,0.7658394160583941,154,0.1617097410745191,random,7
0.16875912408759125,0.755036496350365,156,0.15583031889741877,random,7
0.17868613138686132,0.743065693430657,164,0.1524344422965188,random,7
0.1886131386861314,0.7331386861313869,165,0.14842324333679474,random,7
0.19854014598540146,0.722919708029197,167,0.14420490515131287,random,7
0.20846715328467152,0.7091970802919708,171,0.1399298427996588,random,7
0.2183941605839416,0.6951824817518248,186,0.1338271313912377,random,7
0.2283211678832117,0.6855474452554745,185,0.13072328189128715,random,7
0.23824817518248176,0.6654014598540146,205,0.12057165451499359,random,7
0.24817518248175183,0.6525547445255474,217,0.11618842395638551,random,7
0.2581021897810219,0.64,228,0.11341880169719408,random,7
0.268029197080292,0.6303649635036497,229,0.11180936358270817,random,7
0.27795620437956203,0.6172262773722628,238,0.10721840828690504,random,7
0.28788321167883213,0.6061313868613138,240,0.10414069276746758,random,7
0.29781021897810217,0.5944525547445255,251,0.10012971163181072,random,7
0.30773722627737227,0.583941605839416,262,0.09546496537054852,random,7
0.31766423357664236,0.5667153284671533,261,0.09194154447739436,random,7
0.3275912408759124,0.555036496350365,266,0.08794424971878244,random,7
0.3375182481751825,0.5427737226277373,276,0.08490459049863255,random,7
0.34744525547445254,0.5316788321167883,276,0.0819071962632491,random,7
0.35737226277372264,0.522043795620438,278,0.07812207201412079,random,7
0.3672992700729927,0.5045255474452555,293,0.07323088833274288,random,7
0.3772262773722628,0.4948905109489051,292,0.06993013024423655,random,7
0.38715328467153287,0.4764963503649635,310,0.06697207169885323,random,7
0.3970802919708029,0.46364963503649637,315,0.06472908322207388,random,7
0.407007299270073,0.4554744525547445,315,0.06341085104213025,random,7
0.41693430656934305,0.4472992700729927,314,0.06153763428398358,random,7
0.42686131386861315,0.43474452554744525,319,0.057526491726623157,random,7
0.4367883211678832,0.421021897810219,331,0.05177803394143931,random,7
0.4467153284671533,0.4113868613138686,336,0.04973238356810202,random,7
0.4566423357664234,0.39795620437956203,346,0.04657074173392807,random,7
0.4665693430656934,0.38715328467153287,349,0.04477946949748936,random,7
0.4764963503649635,0.3716788321167883,364,0.04171593567658112,random,7
0.48642335766423356,0.3623357664233577,371,0.039447922075112496,random,7
0.49635036496350365,0.3538686131386861,370,0.03790066539336399,random,7
0.5062773722627737,0.3448175182481752,372,0.036619731787444994,random,7
0.5162043795620438,0.3348905109489051,376,0.03527485258121941,random,7
0.5261313868613139,0.32321167883211677,379,0.03308086746835286,random,7
0.536058394160584,0.30715328467153286,402,0.03080667896701775,random,7
0.545985401459854,0.29751824817518246,403,0.02913605447695693,random,7
0.5559124087591241,0.2864233576642336,409,0.026964946317311972,random,7
0.5658394160583942,0.2770802919708029,409,0.024602289935964,random,7
0.5757664233576643,0.268029197080292,408,0.022534382262770117,random,7
0.5856934306569344,0.25605839416058396,419,0.020639943149507987,random,7
0.5956204379562043,0.2472992700729927,419,0.018857808095979825,random,7
0.6055474452554744,0.24145985401459855,413,0.017258651968056173,random,7
0.6154744525547445,0.23474452554744527,408,0.016539449203876774,random,7
0.6254014598540146,0.22744525547445255,401,0.015900506616847155,random,7
0.6353284671532847,0.21985401459854015,394,0.015065043901127426,random,7
0.6452554744525547,0.2113868613138686,395,0.013983246180091974,random,7
0.6551824817518248,0.19883211678832116,407,0.012257656814023635,random,7
0.6651094890510949,0.19153284671532847,411,0.011390110038693568,random,7
0.675036496350365,0.17693430656934306,429,0.009566242644513674,random,7
0.684963503649635,0.16963503649635037,422,0.008800969579810117,random,7
0.6948905109489051,0.15824817518248174,432,0.007776918993843644,random,7
0.7048175182481752,0.14890510948905109,430,0.006834615556432146,random,7
0.7147445255474453,0.13956204379562043,424,0.006412315220799449,random,7
0.7246715328467154,0.13226277372262774,415,0.005385682488267184,random,7
0.7345985401459854,0.12467153284671532,409,0.004597033312935766,random,7
0.7445255474452555,0.11766423357664234,403,0.004172090565198042,random,7
0.7544525547445255,0.11357664233576642,386,0.003930789663996439,random,7
0.7643795620437956,0.10861313868613139,377,0.003753045727636849,random,7
0.7743065693430657,0.10072992700729927,371,0.0031923038588488354,random,7
0.7842335766423357,0.09576642335766423,359,0.003012942024551253,random,7
0.7941605839416058,0.09138686131386861,345,0.0028813522196261686,random,7
0.8040875912408759,0.08554744525547445,334,0.0024273707535973892,random,7
0.814014598540146,0.07795620437956205,329,0.0020095891744548286,random,7
0.8239416058394161,0.07007299270072993,326,0.0016957841937398012,random,7
0.8338686131386861,0.06364963503649634,319,0.0015398447930574097,random,7
0.8437956204379562,0.0581021897810219,305,0.0013513620011867675,random,7
0.8537226277372263,0.052554744525547446,296,0.0010650520137961727,random,7
0.8636496350364964,0.04437956204379562,292,0.0006747816533155317,random,7
0.8735766423357664,0.035036496350364967,286,0.0004752772214804925,random,7
0.8835036496350365,0.027445255474452555,282,0.0003164149421450823,random,7
0.8934306569343066,0.021897810218978103,269,0.00020892092234089897,random,7
0.9033576642335767,0.018102189781021898,248,0.00016133548434950305,random,7
0.9132846715328468,0.013722627737226278,223,9.36190383474262e-05,random,7
0.9232116788321167,0.01167883211678832,208,7.765214730752113e-05,random,7
0.9331386861313868,0.0020437956204379564,194,1.3953790238836968e-05,random,7
0.9430656934306569,0.0020437956204379564,164,1.2980269989615782e-05,random,7
0.952992700729927,0.00145985401459854,141,4.380841121495327e-06,random,7
0.9629197080291971,0.00145985401459854,115,3.894080996884735e-06,random,7
0.9728467153284671,0.0008759124087591241,87,2.4338006230529596e-06,random,7
0.9827737226277372,0.0008759124087591241,55,2.4338006230529596e-06,random,7
0.9927007299270073,0.00029197080291970805,25,0.0,random,7
1.0,0.0,0,0.0,random,7
0.0,0.9918248175182481,8,0.2619560102653707,random,8
0.009927007299270074,0.9766423357664233,20,0.2553476485763285,random,8
0.019854014598540148,0.9652554744525548,25,0.25090109712079633,random,8
0.02978102189781022,0.9462773722627738,37,0.24026357751693617,random,8
0.039708029197080295,0.9363503649635037,37,0.23600390447645123,random,8
0.049635036496350364,0.9246715328467153,39,0.23067608586139546,random,8
0.05956204379562044,0.910948905109489,43,0.22473688876835782,random,8
0.06948905109489051,0.898978102189781,49,0.22008990266342776,random,8
0.07941605839416059,0.8846715328467153,59,0.2107198479145033,random,8
0.08934306569343066,0.8721167883211679,66,0.20518258291498653,random,8
0.09927007299270073,0.8548905109489051,79,0.199132812816078,random,8
0.1091970802919708,0.8376642335766423,88,0.1917415355364392,random,8
0.11912408759124088,0.8216058394160584,107,0.1861790074406167,random,8
0.12905109489051095,0.8122627737226278,108,0.18172655695107506,random,8
0.13897810218978102,0.7988321167883212,116,0.1761667369062229,random,8
0.14890510948905109,0.7891970802919708,118,0.17332576066629804,random,8
0.15883211678832118,0.7652554744525547,140,0.16423819385443217,random,8
0.16875912408759125,0.7541605839416058,146,0.15718979146016238,random,8
0.17868613138686132,0.741897810218978,151,0.15214817736780353,random,8
0.1886131386861314,0.7331386861313869,148,0.147510029471113,random,8
0.19854014598540146,0.7223357664233576,150,0.14364893886995228,random,8
0.20846715328467152,0.7094890510948905,161,0.13743904288209194,random,8
0.2183941605839416,0.6928467153284672,183,0.13189489605669513,random,8
0.2283211678832117,0.6791240875912409,190,0.12826887547594323,random,8
0.23824817518248176,0.6668613138686131,197,0.12451987923432141,random,8
0.24817518248175183,0.6566423357664234,204,0.12051217838009602,random,8
0.2581021897810219,0.6437956204379562,215,0.11343695494104372,random,8
0.268029197080292,0.6093430656934307,248,0.1032113297879215,random,8
0.27795620437956203,0.6008759124087591,247,0.09995448673427645,random,8
0.28788321167883213,0.5874452554744526,261,0.09444032426231609,random,8
0.29781021897810217,0.5775182481751825,261,0.08934708304254158,random,8
0.30773722627737227,0.5658394160583942,261,0.0851820870588394,random,8
0.31766423357664236,0.5521167883211678,271,0.08062960476482672,random,8
0.3275912408759124,0.5427737226277373,270,0.07677558795425327,random,8
0.3375182481751825,0.5290510948905109,281,0.07200357435053698,random,8
0.34744525547445254,0.5217518248175183,276,0.07007842492290507,random,8
0.35737226277372264,0.5112408759124087,278,0.06435994882205455,random,8
0.3672992700729927,0.5033576642335766,280,0.06164992071358894,random,8
0.3772262773722628,0.4837956204379562,299,0.05779842529236513,random,8
0.38715328467153287,0.4744525547445255,298,0.05573871257355486,random,8
0.3970802919708029,0.46160583941605837,316,0.053277041070192356,random,8
0.407007299270073,0.4484671532846715,332,0.05103720469885774,random,8
0.41693430656934305,0.4364963503649635,342,0.048806562685432424,random,8
0.42686131386861315,0.4283211678832117,339,0.04711926666110369,random,8
0.4367883211678832,0.41810218978102187,340,0.044170691709316125,random,8
0.4467153284671533,0.4067153284671533,348,0.04243881927446471,random,8
0.4566423357664234,0.4,348,0.0409341753510854,random,8
0.4665693430656934,0.3865693430656934,361,0.03819380045307323,random,8
0.4764963503649635,0.37518248175182484,371,0.03574505590787716,random,8
0.48642335766423356,0.3640875912408759,377,0.03376829986278,random,8
0.49635036496350365,0.3524087591240876,382,0.031170212289225143,random,8
0.5062773722627737,0.3381021897810219,403,0.028609160980072195,random,8
0.5162043795620438,0.32934306569343064,407,0.027260194534070116,random,8
0.5261313868613139,0.32233576642335765,401,0.025858567596301243,random,8
0.536058394160584,0.3124087591240876,402,0.024448241559733963,random,8
0.545985401459854,0.3024817518248175,405,0.022738931334652712,random,8
0.5559124087591241,0.29664233576642335,397,0.021834630622816955,random,8
0.5658394160583942,0.28905109489051095,393,0.020353981655675583,random,8
0.5757664233576643,0.28116788321167885,387,0.0192358496092433,random,8
0.5856934306569344,0.2724087591240876,384,0.01869908025515502,random,8
0.5956204379562043,0.26277372262773724,387,0.017123279657669258,random,8
0.6055474452554744,0.25489051094890514,379,0.016028694790304016,random,8
0.6154744525547445,0.24408759124087592,381,0.014967366772419341,random,8
0.6254014598540146,0.2367883211678832,375,0.014044651918045608,random,8
0.6353284671532847,0.2283211678832117,372,0.013326354331027227,random,8
0.6452554744525547,0.22160583941605838,363,0.012491315756867741,random,8
0.6551824817518248,0.21226277372262772,361,0.011566607890206021,random,8
0.6651094890510949,0.2037956204379562,359,0.011139402831721755,random,8
0.675036496350365,0.19094890510948906,372,0.009171429189536666,random,8
0.684963503649635,0.1821897810218978,372,0.00792042399124759,random,8
0.6948905109489051,0.17372262773722627,373,0.007593575384463234,random,8
0.7048175182481752,0.16583941605839417,372,0.006269583982346832,random,8
0.7147445255474453,0.15503649635036496,367,0.005554956377021213,random,8
0.7246715328467154,0.1456934306569343,372,0.005237660630841121,random,8
0.7345985401459854,0.14014598540145987,359,0.005002354991840974,random,8
0.7445255474452555,0.1337226277372263,350,0.004388524977748109,random,8
0.7544525547445255,0.12437956204379562,349,0.003946540989838303,random,8
0.7643795620437956,0.11708029197080291,345,0.003506792621643673,random,8
0.7743065693430657,0.11153284671532847,332,0.0031609031950007417,random,8
0.7842335766423357,0.10481751824817519,324,0.0028686292371309895,random,8
0.7941605839416058,0.09810218978102189,317,0.002448151934060228,random,8
0.8040875912408759,0.09021897810218978,310,0.0018568256904267415,random,8
0.814014598540146,0.08496350364963504,296,0.0016898321991049793,random,8
0.8239416058394161,0.07620437956204379,296,0.0013111247797287517,random,8
0.8338686131386861,0.07182481751824818,282,0.001104371625691719,random,8
0.8437956204379562,0.06715328467153285,271,0.0009192913432837498,random,8
0.8537226277372263,0.06102189781021898,266,0.0008307496766170831,random,8
0.8636496350364964,0.04262773722627737,263,0.0005413062323839194,random,8
0.8735766423357664,0.03795620437956204,249,0.00044577724002373533,random,8
0.8835036496350365,0.033576642335766425,236,0.00035170273327399503,random,8
0.8934306569343066,0.028905109489051097,222,0.00031059468179795276,random,8
0.9033576642335767,0.026861313868613138,199,0.00028490997255600054,random,8
0.9132846715328468,0.02394160583941606,183,0.00025544475967957274,random,8
0.9232116788321167,0.017518248175182483,175,0.0001299301846906987,random,8
0.9331386861313868,0.008467153284671533,175,2.106048805815161e-05,random,8
0.9430656934306569,0.0035036496350364962,155,1.1260384215991692e-05,random,8
0.952992700729927,0.0020437956204379564,135,6.814641744548287e-06,random,8
0.9629197080291971,0.0011678832116788322,111,3.894080996884735e-06,random,8
0.9728467153284671,0.0008759124087591241,85,3.894080996884735e-06,random,8
0.9827737226277372,0.0008759124087591241,52,3.894080996884735e-06,random,8
0.9927007299270073,0.0005839416058394161,22,9.735202492211838e-07,random,8
1.0,0.0,0,0.0,random,8
0.0,0.9918248175182481,8,0.2619560102653707,random,9
0.009927007299270074,0.9763503649635037,26,0.251104392181568,random,9
0.019854014598540148,0.9661313868613138,27,0.24617718178487746,random,9
0.02978102189781022,0.9430656934306569,54,0.23710081175530942,random,9
0.039708029197080295,0.9316788321167884,57,0.23149293207441574,random,9
0.049635036496350364,0.9211678832116789,59,0.2267930714577911,random,9
0.05956204379562044,0.9100729927007299,63,0.22267043800403907,random,9
0.06948905109489051,0.8972262773722628,74,0.21422338668870505,random,9
0.07941605839416059,0.8846715328467153,80,0.20927382701345904,random,9
0.08934306569343066,0.8735766423357664,83,0.20532485917671375,random,9
0.09927007299270073,0.8592700729927008,95,0.1958502911640324,random,9
0.1091970802919708,0.8478832116788321,100,0.1905108130636022,random,9
0.11912408759124088,0.8364963503649635,102,0.18518621644234962,random,9
0.12905109489051095,0.8254014598540146,108,0.1825815263153902,random,9
0.13897810218978102,0.8110948905109489,127,0.17599981010735977,random,9
0.14890510948905109,0.7994160583941606,129,0.17157890789009364,random,9
0.15883211678832118,0.7848175182481751,142,0.1660171971017473,random,9
0.16875912408759125,0.7667153284671533,163,0.15658379835431532,random,9
0.17868613138686132,0.7497810218978103,186,0.1470425644335545,random,9
0.1886131386861314,0.7398540145985402,187,0.1440480116516185,random,9
0.19854014598540146,0.7258394160583942,199,0.13976345442211385,random,9
0.20846715328467152,0.7138686131386861,207,0.13515137123066445,random,9
0.2183941605839416,0.6986861313868613,218,0.13035422345534786,random,9
0.2283211678832117,0.6887591240875912,219,0.12582814740641843,random,9
0.23824817518248176,0.6773722627737226,224,0.12268674798019132,random,9
0.24817518248175183,0.6598540145985401,246,0.11553951358923614,random,9
0.2581021897810219,0.6508029197080292,245,0.1127634193833814,random,9
0.268029197080292,0.6367883211678832,251,0.10838725695384574,random,9
0.27795620437956203,0.623065693430657,263,0.10220342022766088,random,9
0.28788321167883213,0.6064233576642336,274,0.09734375825314787,random,9
0.29781021897810217,0.5932846715328467,285,0.09177245421645247,random,9
0.30773722627737227,0.5807299270072993,293,0.08768683894041664,random,9
0.31766423357664236,0.5661313868613139,305,0.0829957372315725,random,9
0.3275912408759124,0.5567883211678832,307,0.08082891947962041,random,9
0.3375182481751825,0.5465693430656934,310,0.07790512557006424,random,9
0.34744525547445254,0.5375182481751825,312,0.07538276319183153,random,9
0.35737226277372264,0.5229197080291971,315,0.07236361669656063,random,9
0.3672992700729927,0.5141605839416058,311,0.0701766822654673,random,9
0.3772262773722628,0.5071532846715329,305,0.06849696617796794,random,9
0.38715328467153287,0.49605839416058395,308,0.06568928510320157,random,9
0.3970802919708029,0.47795620437956204,330,0.06185679088672663,random,9
0.407007299270073,0.4689051094890511,329,0.05960338778022774,random,9
0.41693430656934305,0.4578102189781022,335,0.05600804707580408,random,9
0.42686131386861315,0.44525547445255476,339,0.053552891520473295,random,9
0.4367883211678832,0.43474452554744525,342,0.05059029836877384,random,9
0.4467153284671533,0.42452554744525545,345,0.04773338382530847,random,9
0.4566423357664234,0.39386861313868615,361,0.04119628472081743,random,9
0.4665693430656934,0.3886131386861314,350,0.03924846231563521,random,9
0.4764963503649635,0.37635036496350366,361,0.036628802769573796,random,9
0.48642335766423356,0.36875912408759126,358,0.034590155174632396,random,9
0.49635036496350365,0.3556204379562044,370,0.031215071343722044,random,9
0.5062773722627737,0.3445255474452555,377,0.029682610835210132,random,9
0.5162043795620438,0.3305109489051095,396,0.027208266956952703,random,9
0.5261313868613139,0.31386861313868614,405,0.02424865266483257,random,9
0.536058394160584,0.30627737226277374,400,0.022304440397241214,random,9
0.545985401459854,0.2954744525547445,401,0.020509242472005324,random,9
0.5559124087591241,0.28934306569343066,395,0.019409723205576008,random,9
0.5658394160583942,0.28087591240875914,391,0.01811291658378399,random,9
0.5757664233576643,0.27065693430656934,396,0.016675758861141452,random,9
0.5856934306569344,0.258978102189781,398,0.015285503180728063,random,9
0.5956204379562043,0.24934306569343065,406,0.014364182722024428,random,9
0.6055474452554744,0.24116788321167884,404,0.013684787348338749,random,9
0.6154744525547445,0.2294890510948905,412,0.012785494295424202,random,9
0.6254014598540146,0.22043795620437956,412,0.011648437324401108,random,9
0.6353284671532847,0.20905109489051094,412,0.010736748921401374,random,9
0.6452554744525547,0.20058394160583942,410,0.010200530877589873,random,9
0.6551824817518248,0.1894890510948905,418,0.009341019542611248,random,9
0.6651094890510949,0.17956204379562044,421,0.008704737103174603,random,9
0.675036496350365,0.17401459854014598,410,0.008091527128764276,random,9
0.684963503649635,0.1635036496350365,414,0.006893983644859813,random,9
0.6948905109489051,0.15678832116788322,406,0.006269917760717993,random,9
0.7048175182481752,0.14656934306569344,415,0.00534013368132819,random,9
0.7147445255474453,0.13956204379562043,410,0.004930054115363695,random,9
0.7246715328467154,0.1337226277372263,403,0.004590074188424071,random,9
0.7345985401459854,0.12788321167883213,393,0.0040405343699006085,random,9
0.7445255474452555,0.11328467153284671,396,0.002980962656999456,random,9
0.7544525547445255,0.10744525547445255,387,0.0027619522789645457,random,9
0.7643795620437956,0.09897810218978102,389,0.0020497144340602285,random,9
0.7743065693430657,0.0908029197080292,389,0.0016026947967660583,random,9
0.7842335766423357,0.08642335766423358,374,0.001444533683800623,random,9
0.7941605839416058,0.08116788321167884,364,0.0011894605616130148,random,9
0.8040875912408759,0.07678832116788321,348,0.0011273576960638874,random,9
0.814014598540146,0.06744525547445256,346,0.0009582603193146415,random,9
0.8239416058394161,0.06364963503649634,334,0.0009099513085348366,random,9
0.8338686131386861,0.06014598540145986,315,0.0008616083018098204,random,9
0.8437956204379562,0.05167883211678832,304,0.0006666767109232063,random,9
0.8537226277372263,0.0472992700729927,289,0.0005332001310389161,random,9
0.8636496350364964,0.039708029197080295,278,0.0004206843692825001,random,9
0.8735766423357664,0.03562043795620438,263,0.0003201707214557681,random,9
0.8835036496350365,0.02948905109489051,256,0.00024305748714335162,random,9
0.8934306569343066,0.026277372262773723,246,0.00021904476029768085,random,9
0.9033576642335767,0.022773722627737226,228,0.0001496184727785195,random,9
0.9132846715328468,0.017518248175182483,214,7.397710836671117e-05,random,9
0.9232116788321167,0.013722627737226278,196,4.6193535825545165e-05,random,9
0.9331386861313868,0.01197080291970803,168,3.788577671463185e-05,random,9
0.9430656934306569,0.005547445255474452,143,2.0654854620976115e-05,random,9
0.952992700729927,0.004087591240875913,126,6.0033748701973e-06,random,9
0.9629197080291971,0.0037956204379562043,102,0.0,random,9
0.9728467153284671,0.0020437956204379564,81,0.0,random,9
0.9827737226277372,0.00145985401459854,51,0.0,random,9
0.9927007299270073,0.0005839416058394161,23,0.0,random,9
1.0,0.0,0,0.0,random,9
0.0,0.9918248175182481,8,0.2619560102653707,random,10
0.009927007299270074,0.9792700729927007,16,0.2572683220935996,random,10
0.019854014598540148,0.9608759124087591,32,0.24694837382081833,random,10
0.02978102189781022,0.9512408759124088,32,0.2413860797280774,random,10
0.039708029197080295,0.9375182481751825,40,0.23644265122857414,random,10
0.049635036496350364,0.9240875912408759,50,0.23074364444399492,random,10
0.05956204379562044,0.9141605839416058,51,0.22356335119806206,random,10
0.06948905109489051,0.8995620437956204,66,0.21800765720034118,random,10
0.07941605839416059,0.8840875912408759,87,0.20942890176520434,random,10
0.08934306569343066,0.8727007299270073,90,0.203761964711366,random,10
0.09927007299270073,0.8595620437956204,100,0.19856254797361692,random,10
0.1091970802919708,0.8499270072992701,103,0.19595033420683247,random,10
0.11912408759124088,0.84,104,0.1916386087735387,random,10
0.12905109489051095,0.8294890510948905,107,0.18803913625153407,random,10
0.13897810218978102,0.8192700729927007,108,0.18346132195621098,random,10
0.14890510948905109,0.8052554744525547,123,0.17520412521128062,random,10
0.15883211678832118,0.785985401459854,144,0.16661229094400654,random,10
0.16875912408759125,0.7748905109489052,149,0.16166248754735305,random,10
0.17868613138686132,0.7605839416058394,155,0.15899565550784886,random,10
0.1886131386861314,0.7497810218978103,159,0.15503984858599343,random,10
0.19854014598540146,0.7369343065693431,170,0.15042152134383446,random,10
0.20846715328467152,0.7208759124087591,178,0.14417362484294435,random,10
0.2183941605839416,0.7100729927007299,179,0.13996112662000512,random,10
0.2283211678832117,0.6934306569343066,188,0.13463254773199285,random,10
0.23824817518248176,0.6832116788321168,192,0.13002386887623452,random,10
0.24817518248175183,0.6694890510948905,202,0.12583343500509095,random,10
0.2581021897810219,0.6554744525547446,210,0.12241545015267269,random,10
0.268029197080292,0.6443795620437957,216,0.1197480324846709,random,10
0.27795620437956203,0.6289051094890511,237,0.11437210567372658,random,10
0.28788321167883213,0.6148905109489051,248,0.11050003371498698,random,10
0.29781021897810217,0.6067153284671533,246,0.10916268808748364,random,10
0.30773722627737227,0.5903649635036496,267,0.10429660854624348,random,10
0.31766423357664236,0.5801459854014599,273,0.10040411991521805,random,10
0.3275912408759124,0.5605839416058395,288,0.09452153839799868,random,10
0.3375182481751825,0.5518248175182482,290,0.09207987775788593,random,10
0.34744525547445254,0.534014598540146,312,0.08278784219307,random,10
0.35737226277372264,0.5164963503649636,335,0.0774878904195493,random,10
0.3672992700729927,0.5083211678832117,336,0.07595769043067525,random,10
0.3772262773722628,0.4937226277372263,351,0.07133585012199206,random,10
0.38715328467153287,0.4832116788321168,358,0.06888240950054618,random,10
0.3970802919708029,0.4744525547445255,354,0.06767060162708527,random,10
0.407007299270073,0.46335766423357666,360,0.06504989073534634,random,10
0.41693430656934305,0.4548905109489051,359,0.0634620231928205,random,10
0.42686131386861315,0.4484671532846715,348,0.06108785953521643,random,10
0.4367883211678832,0.4397080291970803,349,0.05780659168086154,random,10
0.4467153284671533,0.42802919708029197,352,0.05479801666023921,random,10
0.4566423357664234,0.4145985401459854,360,0.05208633005537211,random,10
0.4665693430656934,0.3927007299270073,371,0.047066188560055386,random,10
0.4764963503649635,0.3798540145985401,378,0.044532294602680114,random,10
0.48642335766423356,0.3623357664233577,395,0.0403867452127528,random,10
0.49635036496350365,0.3524087591240876,398,0.03847686730455421,random,10
0.5062773722627737,0.3372262773722628,405,0.03497425347994857,random,10
0.5162043795620438,0.3278832116788321,404,0.03290200282475399,random,10
0.5261313868613139,0.3191240875912409,409,0.03107031365895268,random,10
0.536058394160584,0.3103649635036496,408,0.029851970065024973,random,10
0.545985401459854,0.3016058394160584,404,0.02829986162105029,random,10
0.5559124087591241,0.2931386861313869,408,0.02637959640631954,random,10
0.5658394160583942,0.2852554744525547,402,0.024988835036221135,random,10
0.5757664233576643,0.2683211678832117,426,0.021841667362038276,random,10
0.5856934306569344,0.2505109489051095,437,0.019175501749245906,random,10
0.5956204379562043,0.24087591240875914,434,0.017865408507639815,random,10
0.6055474452554744,0.23474452554744527,432,0.017066215602284524,random,10
0.6154744525547445,0.22481751824817517,437,0.015397587601369727,random,10
0.6254014598540146,0.21693430656934307,435,0.014379732390100378,random,10
0.6353284671532847,0.2116788321167883,424,0.013911146575063047,random,10
0.6452554744525547,0.20145985401459854,426,0.012926797458339514,random,10
0.6551824817518248,0.1932846715328467,426,0.0122733474880087,random,10
0.6651094890510949,0.185985401459854,424,0.011044300193467834,random,10
0.675036496350365,0.17868613138686132,421,0.010597011292834892,random,10
0.684963503649635,0.17284671532846715,415,0.009848786808337041,random,10
0.6948905109489051,0.16905109489051096,400,0.009182314073085101,random,10
0.7048175182481752,0.16291970802919709,397,0.008739694206472828,random,10
0.7147445255474453,0.15328467153284672,398,0.00774949353767987,random,10
0.7246715328467154,0.13956204379562043,404,0.006337899220565692,random,10
0.7345985401459854,0.13197080291970803,398,0.0056919387887553775,random,10
0.7445255474452555,0.12671532846715328,385,0.00512027263202789,random,10
0.7544525547445255,0.11883211678832117,380,0.00455566642869505,random,10
0.7643795620437956,0.11124087591240876,375,0.0038777733737576027,random,10
0.7743065693430657,0.10627737226277373,365,0.003712216983756119,random,10
0.7842335766423357,0.09839416058394161,360,0.0032695507590367406,random,10
0.7941605839416058,0.0905109489051095,355,0.002821232708426049,random,10
0.8040875912408759,0.08116788321167884,355,0.0023726453944765856,random,10
0.814014598540146,0.07620437956204379,343,0.00222472246946546,random,10
0.8239416058394161,0.07007299270072993,331,0.0017230234448400337,random,10
0.8338686131386861,0.06218978102189781,325,0.0015565769791821193,random,10
0.8437956204379562,0.053138686131386864,324,0.0009876397696929238,random,10
0.8537226277372263,0.04175182481751825,318,0.0008017055147604214,random,10
0.8636496350364964,0.037664233576642336,300,0.000539828567719923,random,10
0.8735766423357664,0.01635036496350365,290,0.00024242276739356176,random,10
0.8835036496350365,0.013722627737226278,278,0.00021527777777777778,random,10
0.8934306569343066,0.012262773722627737,264,0.0001336481048805815,random,10
0.9033576642335767,0.01167883211678832,247,0.00010330672377985462,random,10
0.9132846715328468,0.009927007299270074,223,9.28576064382139e-05,random,10
0.9232116788321167,0.008175182481751826,200,6.73513759086189e-05,random,10
0.9331386861313868,0.006423357664233576,184,4.7880970924195225e-05,random,10
0.9430656934306569,0.006131386861313868,155,4.3743509865005194e-05,random,10
0.952992700729927,0.004671532846715329,131,3.0162902388369676e-05,random,10
0.9629197080291971,0.0020437956204379564,111,6.814641744548287e-06,random,10
0.9728467153284671,0.0011678832116788322,86,0.0,random,10
0.9827737226277372,0.0008759124087591241,56,0.0,random,10
0.9927007299270073,0.0005839416058394161,24,0.0,random,10
1.0,0.0,0,0.0,random,10
0.0,0.9918248175182481,8,0.2619560102653707,random,11
0.009927007299270074,0.9786861313868613,19,0.254783264540712,random,11
0.019854014598540148,0.9643795620437956,29,0.2503331481116236,random,11
0.02978102189781022,0.9494890510948905,44,0.24680115487175944,random,11
0.039708029197080295,0.9275912408759124,58,0.23140436335096268,random,11
0.049635036496350364,0.9164963503649635,62,0.2266106186415887,random,11
0.05956204379562044,0.8992700729927007,75,0.2137701826935389,random,11
0.06948905109489051,0.8805839416058394,105,0.20380667214593678,random,11
0.07941605839416059,0.8706569343065693,109,0.20067536284525975,random,11
0.08934306569343066,0.8592700729927008,116,0.19423120525608498,random,11
0.09927007299270073,0.844963503649635,127,0.18873441313107242,random,11
0.1091970802919708,0.8362043795620437,124,0.1855060824066169,random,11
0.11912408759124088,0.8245255474452555,129,0.18242495680907295,random,11
0.12905109489051095,0.8134306569343066,133,0.1764504283418765,random,11
0.13897810218978102,0.797956204379562,146,0.17042887427989223,random,11
0.14890510948905109,0.7883211678832117,149,0.16558625829773235,random,11
0.15883211678832118,0.7477372262773723,163,0.15336053975721417,random,11
0.16875912408759125,0.7313868613138687,184,0.14450687758616007,random,11
0.17868613138686132,0.7185401459854015,195,0.13923516537060637,random,11
0.1886131386861314,0.7071532846715328,202,0.13645690546851472,random,11
0.19854014598540146,0.6966423357664233,204,0.13073256503199554,random,11
0.20846715328467152,0.6791240875912409,212,0.12478349548837282,random,11
0.2183941605839416,0.6662773722627737,221,0.12070034853570193,random,11
0.2283211678832117,0.6548905109489052,225,0.11755225138147157,random,11
0.23824817518248176,0.6467153284671533,226,0.11602567736920832,random,11
0.24817518248175183,0.6356204379562044,232,0.11365758125030904,random,11
0.2581021897810219,0.6204379562043796,251,0.1093492542525837,random,11
0.268029197080292,0.6108029197080292,254,0.10551811945247985,random,11
0.27795620437956203,0.5994160583941606,259,0.10202915229565347,random,11
0.28788321167883213,0.5854014598540146,271,0.0980470901788805,random,11
0.29781021897810217,0.5763503649635037,276,0.09597731156974733,random,11
0.30773722627737227,0.5629197080291971,290,0.09181848985375561,random,11
0.31766423357664236,0.55007299270073,305,0.08892796722790883,random,11
0.3275912408759124,0.5366423357664234,321,0.08428415858490335,random,11
0.3375182481751825,0.5235036496350365,329,0.08034907616018888,random,11
0.34744525547445254,0.5121167883211679,335,0.07665309958030461,random,11
0.35737226277372264,0.49343065693430654,352,0.07115792401934341,random,11
0.3672992700729927,0.48116788321167886,358,0.0687761703104139,random,11
0.3772262773722628,0.4724087591240876,369,0.0676098428305642,random,11
0.38715328467153287,0.4645255474452555,365,0.0654974302155961,random,11
0.3970802919708029,0.45226277372262774,371,0.06254378755006675,random,11
0.407007299270073,0.4385401459854015,382,0.058744162355362714,random,11
0.41693430656934305,0.4254014598540146,389,0.05294703045418582,random,11
0.42686131386861315,0.41605839416058393,390,0.05086764721789546,random,11
0.4367883211678832,0.4058394160583942,392,0.04858017827782722,random,11
0.4467153284671533,0.3953284671532847,402,0.04632225722259309,random,11
0.4566423357664234,0.3886131386861314,396,0.0452398173012951,random,11
0.4665693430656934,0.3775182481751825,398,0.0433071425480888,random,11
0.4764963503649635,0.3702189781021898,395,0.04208618242533254,random,11
0.48642335766423356,0.3623357664233577,401,0.04016170673552391,random,11
0.49635036496350365,0.3456934306569343,428,0.03661878530942491,random,11
0.5062773722627737,0.3366423357664234,426,0.035353949169880834,random,11
0.5162043795620438,0.32350364963503647,432,0.0322109309326015,random,11
0.5261313868613139,0.3159124087591241,428,0.030927082174380657,random,11
0.536058394160584,0.3024817518248175,442,0.028614727816100482,random,11
0.545985401459854,0.29576642335766423,435,0.027247821555283592,random,11
0.5559124087591241,0.287007299270073,433,0.024840002719675614,random,11
0.5658394160583942,0.27445255474452557,443,0.022629478193146417,random,11
0.5757664233576643,0.26335766423357665,444,0.02063680354670425,random,11
0.5856934306569344,0.25518248175182484,445,0.01951510463024774,random,11
0.5956204379562043,0.24788321167883212,440,0.018474958123176576,random,11
0.6055474452554744,0.23854014598540146,442,0.017309625797359444,random,11
0.6154744525547445,0.23153284671532848,435,0.016423435336621668,random,11
0.6254014598540146,0.22335766423357664,431,0.0147904984423676,random,11
0.6353284671532847,0.21547445255474454,431,0.014075892470825297,random,11
0.6452554744525547,0.20875912408759123,428,0.013643792803985559,random,11
0.6551824817518248,0.20437956204379562,412,0.012903431427087969,random,11
0.6651094890510949,0.19620437956204378,407,0.012028223974558671,random,11
0.675036496350365,0.19007299270072991,397,0.011515337579735944,random,11
0.684963503649635,0.1856934306569343,382,0.010917952401743288,random,11
0.6948905109489051,0.17751824817518247,379,0.009853336083914355,random,11
0.7048175182481752,0.17138686131386863,371,0.009345958963803589,random,11
0.7147445255474453,0.1602919708029197,380,0.007968955134623942,random,11
0.7246715328467154,0.15211678832116787,373,0.007086195946447113,random,11
0.7345985401459854,0.14423357664233577,368,0.005922375667556742,random,11
0.7445255474452555,0.1375182481751825,357,0.005539814660287791,random,11
0.7544525547445255,0.12145985401459854,376,0.004547288746105918,random,11
0.7643795620437956,0.1164963503649635,364,0.00433001872867527,random,11
0.7743065693430657,0.11007299270072993,356,0.0039463428089304255,random,11
0.7842335766423357,0.10452554744525547,343,0.003467705783637442,random,11
0.7941605839416058,0.09956204379562043,333,0.003320683364856846,random,11
0.8040875912408759,0.09226277372262774,327,0.002935629450378282,random,11
0.814014598540146,0.08496350364963504,323,0.002334826064382139,random,11
0.8239416058394161,0.08,307,0.002046976987835632,random,11
0.8338686131386861,0.07240875912408759,300,0.001863755841121495,random,11
0.8437956204379562,0.06452554744525547,293,0.001500136756415962,random,11
0.8537226277372263,0.06014598540145986,277,0.0013335118120456906,random,11
0.8636496350364964,0.05489051094890511,264,0.0011665669967363891,random,11
0.8735766423357664,0.049927007299270076,249,0.0008340426123720516,random,11
0.8835036496350365,0.04145985401459854,242,0.0006983709761163033,random,11
0.8934306569343066,0.036204379562043795,227,0.0005364815123868863,random,11
0.9033576642335767,0.031532846715328466,211,0.000433724132176235,random,11
0.9132846715328468,0.026861313868613138,196,0.0003494659546061415,random,11
0.9232116788321167,0.024817518248175182,172,0.00032009809375463583,random,11
0.9331386861313868,0.017518248175182483,164,0.00016617990654205607,random,11
0.9430656934306569,0.014306569343065694,144,0.00012405893042575285,random,11
0.952992700729927,0.01167883211678832,119,7.14726116303219e-05,random,11
0.9629197080291971,0.009927007299270074,92,4.74591121495327e-05,random,11
0.9728467153284671,0.0075912408759124085,66,1.9162123572170302e-05,random,11
0.9827737226277372,0.0017518248175182481,51,3.5695742471443407e-06,random,11
0.9927007299270073,0.00029197080291970805,25,0.0,random,11
1.0,0.0,0,0.0,random,11
0.0,0.9918248175182481,8,0.2619560102653707,random,12
0.009927007299270074,0.9734306569343065,31,0.25187608182964494,random,12
0.019854014598540148,0.9611678832116788,36,0.24281879349935717,random,12
0.02978102189781022,0.9421897810218978,62,0.2327990325835682,random,12
0.039708029197080295,0.9316788321167884,64,0.22916228322668158,random,12
0.049635036496350364,0.9153284671532846,72,0.22044093330950806,random,12
0.05956204379562044,0.9021897810218978,78,0.21599973461064292,random,12
0.06948905109489051,0.8846715328467153,89,0.2073674358427571,random,12
0.07941605839416059,0.8747445255474453,91,0.20282979383242236,random,12
0.08934306569343066,0.8645255474452554,93,0.1995640089320726,random,12
0.09927007299270073,0.8505109489051095,103,0.19195195674868573,random,12
0.1091970802919708,0.8408759124087591,102,0.1836365492876153,random,12
0.11912408759124088,0.8303649635036496,104,0.17790375502882805,random,12
0.12905109489051095,0.8172262773722627,112,0.1725075599617802,random,12
0.13897810218978102,0.8035036496350365,121,0.16693588681621685,random,12
0.14890510948905109,0.7906569343065694,127,0.16240149075407542,random,12
0.15883211678832118,0.7813138686131387,127,0.1591691029364803,random,12
0.16875912408759125,0.76,141,0.14682412283113216,random,12
0.17868613138686132,0.7424817518248176,161,0.13904655215468592,random,12
0.1886131386861314,0.7290510948905109,164,0.13397742859965409,random,12
0.19854014598540146,0.712992700729927,182,0.12517773474308228,random,12
0.20846715328467152,0.7001459854014599,187,0.12236292452085383,random,12
0.2183941605839416,0.6840875912408759,196,0.1151146969887833,random,12
0.2283211678832117,0.6583941605839416,210,0.11048999943246438,random,12
0.23824817518248176,0.6487591240875913,214,0.10757323850431327,random,12
0.24817518248175183,0.6385401459854014,224,0.10414439552961748,random,12
0.2581021897810219,0.6280291970802919,234,0.10000873341082162,random,12
0.268029197080292,0.6195620437956204,232,0.09773602296046806,random,12
0.27795620437956203,0.6067153284671533,241,0.09373540583572709,random,12
0.28788321167883213,0.5874452554744526,270,0.0871792634637991,random,12
0.29781021897810217,0.5681751824817518,291,0.08065757067925586,random,12
0.30773722627737227,0.5515328467153284,301,0.07560992423820988,random,12
0.31766423357664236,0.541021897810219,308,0.07377365664741542,random,12
0.3275912408759124,0.5255474452554745,322,0.06899034216637896,random,12
0.3375182481751825,0.5127007299270073,336,0.06468536801875002,random,12
0.34744525547445254,0.5036496350364964,336,0.06310487296052425,random,12
0.35737226277372264,0.49518248175182483,334,0.06152752677672363,random,12
0.3672992700729927,0.4835036496350365,345,0.05733268558414586,random,12
0.3772262773722628,0.47124087591240876,357,0.05491355312273829,random,12
0.38715328467153287,0.45985401459854014,362,0.052568229194762485,random,12
0.3970802919708029,0.45197080291970804,358,0.051005922739859655,random,12
0.407007299270073,0.44262773722627735,366,0.04952528262290237,random,12
0.41693430656934305,0.43474452554744525,365,0.04822947501831847,random,12
0.42686131386861315,0.42364963503649633,367,0.0450416091755899,random,12
0.4367883211678832,0.4148905109489051,367,0.0432540915595092,random,12
0.4467153284671533,0.4072992700729927,363,0.041717204413685136,random,12
0.4566423357664234,0.39883211678832114,361,0.039915824950944694,random,12
0.4665693430656934,0.3894890510948905,362,0.038601200590686564,random,12
0.4764963503649635,0.3778102189781022,360,0.03703046043714852,random,12
0.48642335766423356,0.36554744525547445,367,0.03489729210355671,random,12
0.49635036496350365,0.3567883211678832,366,0.03312773516343902,random,12
0.5062773722627737,0.35007299270072995,360,0.03218752939525427,random,12
0.5162043795620438,0.34043795620437955,358,0.03038006230529595,random,12
0.5261313868613139,0.3278832116788321,357,0.027886225229318107,random,12
0.536058394160584,0.3164963503649635,364,0.024900136138307865,random,12
0.545985401459854,0.3016058394160584,383,0.021192725717623498,random,12
0.5559124087591241,0.287007299270073,392,0.019131927060154277,random,12
0.5658394160583942,0.27883211678832115,388,0.017505974401053257,random,12
0.5757664233576643,0.27007299270072993,386,0.01673708463136033,random,12
0.5856934306569344,0.2618978102189781,385,0.015747070167630915,random,12
0.5956204379562043,0.25343065693430655,385,0.014795039218958611,random,12
0.6055474452554744,0.24145985401459855,390,0.013945368129728526,random,12
0.6154744525547445,0.23065693430656933,396,0.012951502466251298,random,12
0.6254014598540146,0.21868613138686133,407,0.010749137739207833,random,12
0.6353284671532847,0.2113868613138686,408,0.009617007862334964,random,12
0.6452554744525547,0.2035036496350365,407,0.008465995169485239,random,12
0.6551824817518248,0.192992700729927,409,0.007698658396380358,random,12
0.6651094890510949,0.185985401459854,401,0.007104582730677941,random,12
0.675036496350365,0.17255474452554745,404,0.0062656493380062305,random,12
0.684963503649635,0.16058394160583941,413,0.005429448755748406,random,12
0.6948905109489051,0.15328467153284672,408,0.004820679501681253,random,12
0.7048175182481752,0.14715328467153285,400,0.004242355161820699,random,12
0.7147445255474453,0.14102189781021898,393,0.00369958285429956,random,12
0.7246715328467154,0.13343065693430656,388,0.003385113793700242,random,12
0.7345985401459854,0.12642335766423357,388,0.0031195142906591507,random,12
0.7445255474452555,0.12291970802919708,380,0.0028912249511694596,random,12
0.7544525547445255,0.1162043795620438,373,0.002317386144488948,random,12
0.7643795620437956,0.10715328467153284,372,0.002129526869158878,random,12
0.7743065693430657,0.10043795620437956,365,0.002007175076027296,random,12
0.7842335766423357,0.08992700729927007,368,0.0017889690111506703,random,12
0.7941605839416058,0.08554744525547445,354,0.0016361043119220687,random,12
0.8040875912408759,0.07883211678832117,343,0.0014015137467240269,random,12
0.814014598540146,0.07474452554744526,330,0.0013333599892449192,random,12
0.8239416058394161,0.07007299270072993,317,0.0011791230900459872,random,12
0.8338686131386861,0.06394160583941606,309,0.0010398459520100875,random,12
0.8437956204379562,0.05489051094890511,306,0.0008262926958166443,random,12
0.8537226277372263,0.04759124087591241,297,0.0006459175505612421,random,12
0.8636496350364964,0.040875912408759124,289,0.000419660627750581,random,12
0.8735766423357664,0.035036496350364967,277,0.0002985380970924195,random,12
0.8835036496350365,0.03299270072992701,261,0.0001881501724521584,random,12
0.8934306569343066,0.025985401459854014,251,0.000122481595831479,random,12
0.9033576642335767,0.020437956204379562,232,9.244038347426198e-05,random,12
0.9132846715328468,0.01781021897810219,213,8.064456312119865e-05,random,12
0.9232116788321167,0.015182481751824817,195,3.235564085447262e-05,random,12
0.9331386861313868,0.013138686131386862,173,2.894831998219848e-05,random,12
0.9430656934306569,0.009927007299270074,154,2.1744270137961727e-05,random,12
0.952992700729927,0.008175182481751826,128,1.8464434060228456e-05,random,12
0.9629197080291971,0.003211678832116788,106,3.894080996884735e-06,random,12
0.9728467153284671,0.00291970802919708,82,9.735202492211838e-07,random,12
0.9827737226277372,0.00291970802919708,49,9.735202492211838e-07,random,12
0.9927007299270073,0.00029197080291970805,25,0.0,random,12
1.0,0.0,0,0.0,random,12
0.0,0.9918248175182481,8,0.2619560102653707,random,13
0.009927007299270074,0.9781021897810219,19,0.2521860369289546,random,13
0.019854014598540148,0.9667153284671532,30,0.24542682605394348,random,13
0.02978102189781022,0.9527007299270073,43,0.23775271339728116,random,13
0.039708029197080295,0.9418978102189781,46,0.23284773043782978,random,13
0.049635036496350364,0.9308029197080292,49,0.22526758942208708,random,13
0.05956204379562044,0.9156204379562044,66,0.2181723313085755,random,13
0.06948905109489051,0.891970802919708,88,0.20803113013619734,random,13
0.07941605839416059,0.8823357664233576,88,0.20431270243040106,random,13
0.08934306569343066,0.8607299270072992,105,0.19680774285045605,random,13
0.09927007299270073,0.8455474452554744,121,0.18853379846669857,random,13
0.1091970802919708,0.8335766423357664,128,0.18225735387081765,random,13
0.11912408759124088,0.8198540145985401,139,0.17693272630904056,random,13
0.12905109489051095,0.80992700729927,140,0.1741044931050042,random,13
0.13897810218978102,0.7967883211678832,151,0.1649641985118767,random,13
0.14890510948905109,0.7851094890510949,156,0.15996205241247588,random,13
0.15883211678832118,0.7708029197080292,169,0.15545428068653827,random,13
0.16875912408759125,0.7553284671532847,180,0.14687357217030114,random,13
0.17868613138686132,0.7421897810218978,192,0.1430296993213173,random,13
0.1886131386861314,0.7328467153284671,192,0.14049726873485635,random,13
0.19854014598540146,0.7232116788321168,194,0.1351738166320526,random,13
0.20846715328467152,0.7138686131386861,193,0.13235836516590024,random,13
0.2183941605839416,0.7036496350364964,193,0.1283371366297038,random,13
0.2283211678832117,0.6922627737226278,196,0.12525779392163738,random,13
0.23824817518248176,0.6814598540145985,198,0.12161706661772374,random,13
0.24817518248175183,0.6694890510948905,204,0.11769592990569917,random,13
0.2581021897810219,0.6572262773722628,213,0.11523563678338794,random,13
0.268029197080292,0.6475912408759124,217,0.11309810541440214,random,13
0.27795620437956203,0.6224817518248175,233,0.10538108882129034,random,13
0.28788321167883213,0.6125547445255475,237,0.10202157327193835,random,13
0.29781021897810217,0.6023357664233576,241,0.09964346457453935,random,13
0.30773722627737227,0.5874452554744526,258,0.09466541766687794,random,13
0.31766423357664236,0.5751824817518248,264,0.08993521156013855,random,13
0.3275912408759124,0.5614598540145985,277,0.08684710446560621,random,13
0.3375182481751825,0.5515328467153284,279,0.0836798131234463,random,13
0.34744525547445254,0.5404379562043795,280,0.07932820798803568,random,13
0.35737226277372264,0.5310948905109489,280,0.07727317880771443,random,13
0.3672992700729927,0.517080291970803,291,0.0737523363432388,random,13
0.3772262773722628,0.5056934306569343,297,0.07104149233208812,random,13
0.38715328467153287,0.49664233576642336,296,0.06780346354061308,random,13
0.3970802919708029,0.48525547445255474,305,0.06565528157211861,random,13
0.407007299270073,0.46978102189781024,316,0.06245054889403604,random,13
0.41693430656934305,0.458978102189781,318,0.06043638182138474,random,13
0.42686131386861315,0.4464233576642336,327,0.05716348871306524,random,13
0.4367883211678832,0.43824817518248177,324,0.055512108632216686,random,13
0.4467153284671533,0.4294890510948905,322,0.05407808935342521,random,13
0.4566423357664234,0.4116788321167883,349,0.04947853767144071,random,13
0.4665693430656934,0.39883211678832114,355,0.047117858884798136,random,13
0.4764963503649635,0.3889051094890511,354,0.04489276323257047,random,13
0.48642335766423356,0.37693430656934307,361,0.042348095651103826,random,13
0.49635036496350365,0.36583941605839415,365,0.03942650652609765,random,13
0.5062773722627737,0.3541605839416058,370,0.03670221286912292,random,13
0.5162043795620438,0.3465693430656934,367,0.03549142603297101,random,13
0.5261313868613139,0.3381021897810219,364,0.0340447119377464,random,13
0.536058394160584,0.3310948905109489,359,0.03186272925488755,random,13
0.545985401459854,0.3208759124087591,360,0.029119210750416943,random,13
0.5559124087591241,0.30744525547445256,371,0.02759257106416861,random,13
0.5658394160583942,0.29781021897810217,370,0.025578240965507322,random,13
0.5757664233576643,0.287007299270073,373,0.024609627721923284,random,13
0.5856934306569344,0.28058394160583944,366,0.02405348110050213,random,13
0.5956204379562043,0.272992700729927,362,0.02232138885095953,random,13
0.6055474452554744,0.26248175182481753,365,0.020938973485410402,random,13
0.6154744525547445,0.25401459854014596,367,0.01931448381090612,random,13
0.6254014598540146,0.24467153284671533,364,0.017714421698066557,random,13
0.6353284671532847,0.23416058394160583,368,0.01632270380569154,random,13
0.6452554744525547,0.2254014598540146,372,0.01525445771831578,random,13
0.6551824817518248,0.2145985401459854,375,0.01382910470133017,random,13
0.6651094890510949,0.2072992700729927,368,0.012857690269124264,random,13
0.675036496350365,0.19416058394160585,378,0.011953911156233003,random,13
0.684963503649635,0.18686131386861313,374,0.01093674629444197,random,13
0.6948905109489051,0.1783941605839416,372,0.009710680985140682,random,13
0.7048175182481752,0.1678832116788321,374,0.008670302301216437,random,13
0.7147445255474453,0.16175182481751824,370,0.008048258789497107,random,13
0.7246715328467154,0.15211678832116787,367,0.006984794540869307,random,13
0.7345985401459854,0.14335766423357665,367,0.006440414765984275,random,13
0.7445255474452555,0.13138686131386862,375,0.005575743352247441,random,13
0.7544525547445255,0.11824817518248175,378,0.004612768413440143,random,13
0.7643795620437956,0.11211678832116788,360,0.004109902323468328,random,13
0.7743065693430657,0.10656934306569343,348,0.0036315898049250855,random,13
0.7842335766423357,0.09751824817518248,349,0.003044504555456658,random,13
0.7941605839416058,0.09343065693430656,338,0.002747325909855115,random,13
0.8040875912408759,0.08671532846715328,328,0.0023238082875933343,random,13
0.814014598540146,0.08058394160583941,320,0.0019790484534935467,random,13
0.8239416058394161,0.07445255474452554,315,0.0016605983904465214,random,13
0.8338686131386861,0.0691970802919708,302,0.0013707002855659395,random,13
0.8437956204379562,0.06423357664233577,288,0.0011565096053997924,random,13
0.8537226277372263,0.06014598540145986,271,0.0010854171302477377,random,13
0.8636496350364964,0.05489051094890511,256,0.0007839410881174899,random,13
0.8735766423357664,0.049051094890510946,243,0.0006018336949265686,random,13
0.8835036496350365,0.04467153284671533,227,0.0005425115431686693,random,13
0.8934306569343066,0.03912408759124088,216,0.0004356143839934728,random,13
0.9033576642335767,0.03562043795620438,197,0.0003548446539830885,random,13
0.9132846715328468,0.030656934306569343,181,0.00021422428979379917,random,13
0.9232116788321167,0.02510948905109489,167,0.0001752081479009049,random,13
0.9331386861313868,0.021021897810218976,147,0.00010521435988725708,random,13
0.9430656934306569,0.015474452554744526,136,4.851375908618899e-05,random,13
0.952992700729927,0.013722627737226278,111,3.042250778816199e-05,random,13
0.9629197080291971,0.0075912408759124085,99,9.735202492211838e-07,random,13
0.9728467153284671,0.006131386861313868,72,0.0,random,13
0.9827737226277372,0.0020437956204379564,48,0.0,random,13
0.9927007299270073,0.0011678832116788322,22,0.0,random,13
1.0,0.0,0,0.0,random,13
0.0,0.9918248175182481,8,0.2619560102653707,random,14
0.009927007299270074,0.9781021897810219,16,0.2576150478977582,random,14
0.019854014598540148,0.9672992700729927,19,0.24948575170610804,random,14
0.02978102189781022,0.9559124087591241,24,0.24002175070786344,random,14
0.039708029197080295,0.9439416058394161,31,0.233297801259834,random,14
0.049635036496350364,0.9322627737226278,37,0.2294814707105157,random,14
0.05956204379562044,0.9194160583941606,46,0.22348938878056868,random,14
0.06948905109489051,0.9100729927007299,47,0.2200612434602651,random,14
0.07941605839416059,0.896934306569343,58,0.21506448571818026,random,14
0.08934306569343066,0.8843795620437956,63,0.20877855435711745,random,14
0.09927007299270073,0.8735766423357664,65,0.2025118137071262,random,14
0.1091970802919708,0.8613138686131386,69,0.19774324489708545,random,14
0.11912408759124088,0.8487591240875912,77,0.19198523453225558,random,14
0.12905109489051095,0.8362043795620437,79,0.185200474696751,random,14
0.13897810218978102,0.8166423357664233,95,0.1779597864600785,random,14
0.14890510948905109,0.8029197080291971,104,0.17258245977477868,random,14
0.15883211678832118,0.7897810218978102,115,0.16615413745079344,random,14
0.16875912408759125,0.7801459854014599,115,0.16148779100626354,random,14
0.17868613138686132,0.7681751824817519,124,0.1556066311376621,random,14
0.1886131386861314,0.7562043795620438,131,0.15240439477340761,random,14
0.19854014598540146,0.745985401459854,134,0.14837950004845452,random,14
0.20846715328467152,0.7345985401459854,139,0.14320896596750862,random,14
0.2183941605839416,0.7246715328467154,140,0.1392722149318966,random,14
0.2283211678832117,0.7141605839416059,142,0.13576322760507922,random,14
0.23824817518248176,0.6954744525547445,162,0.12807231592935447,random,14
0.24817518248175183,0.6840875912408759,166,0.12498562352972399,random,14
0.2581021897810219,0.6738686131386862,168,0.1224744407953374,random,14
0.268029197080292,0.6525547445255474,188,0.11489044536233496,random,14
0.27795620437956203,0.6408759124087591,191,0.11016536695391835,random,14
0.28788321167883213,0.6303649635036497,193,0.10748986035814308,random,14
0.29781021897810217,0.6207299270072992,194,0.1040235596114685,random,14
0.30773722627737227,0.6087591240875913,201,0.09918097822208512,random,14
0.31766423357664236,0.5982481751824817,204,0.09406013847588031,random,14
0.3275912408759124,0.5862773722627738,205,0.09076044873102408,random,14
0.3375182481751825,0.5748905109489051,210,0.08701223235919499,random,14
0.34744525547445254,0.5643795620437956,214,0.08385208402870495,random,14
0.35737226277372264,0.5559124087591241,211,0.08148998548991249,random,14
0.3672992700729927,0.5436496350364963,220,0.0776849549399199,random,14
0.3772262773722628,0.5345985401459854,219,0.07459231328499727,random,14
0.38715328467153287,0.5237956204379562,218,0.07174074344496364,random,14
0.3970802919708029,0.4835036496350365,252,0.06421780236302725,random,14
0.407007299270073,0.4735766423357664,253,0.06197162227105276,random,14
0.41693430656934305,0.46306569343065695,257,0.05922437594261485,random,14
0.42686131386861315,0.4513868613138686,265,0.055239283550907375,random,14
0.4367883211678832,0.44321167883211676,266,0.05281480283897048,random,14
0.4467153284671533,0.4318248175182482,275,0.04975729444815309,random,14
0.4566423357664234,0.41927007299270075,283,0.04816687334656084,random,14
0.4665693430656934,0.40992700729927006,292,0.045836474095089744,random,14
0.4764963503649635,0.3967883211678832,306,0.04361902753053454,random,14
0.48642335766423356,0.3886131386861314,307,0.04172025393425803,random,14
0.49635036496350365,0.3781021897810219,316,0.03963934088043317,random,14
0.5062773722627737,0.36905109489051097,316,0.038321305336127175,random,14
0.5162043795620438,0.35737226277372264,325,0.03557197134759926,random,14
0.5261313868613139,0.34919708029197083,320,0.03406266316648909,random,14
0.536058394160584,0.33985401459854014,325,0.03324749627589873,random,14
0.545985401459854,0.3305109489051095,329,0.03157857815049696,random,14
0.5559124087591241,0.3185401459854015,339,0.029949181084037976,random,14
0.5658394160583942,0.3118248175182482,336,0.028090565198041834,random,14
0.5757664233576643,0.30481751824817516,330,0.02722631680203234,random,14
0.5856934306569344,0.29255474452554747,337,0.0258641460218563,random,14
0.5956204379562043,0.2826277372262774,341,0.023319792938002636,random,14
0.6055474452554744,0.2732846715328467,340,0.022057029778481296,random,14
0.6154744525547445,0.26248175182481753,346,0.020210501733793206,random,14
0.6254014598540146,0.25313868613138685,346,0.018904381768283636,random,14
0.6353284671532847,0.24,353,0.017070196604732236,random,14
0.6452554744525547,0.2294890510948905,358,0.015724961986352173,random,14
0.6551824817518248,0.22043795620437956,355,0.014568633177570093,random,14
0.6651094890510949,0.21343065693430657,356,0.013911378365598576,random,14
0.675036496350365,0.2029197080291971,357,0.012671079958463137,random,14
0.684963503649635,0.19591240875912408,352,0.01180967601864214,random,14
0.6948905109489051,0.185985401459854,350,0.010281237637838107,random,14
0.7048175182481752,0.1635036496350365,359,0.008779236899198932,random,14
0.7147445255474453,0.15766423357664233,352,0.007793869835706868,random,14
0.7246715328467154,0.15065693430656935,355,0.00720214568498739,random,14
0.7345985401459854,0.14394160583941606,350,0.006716291861370717,random,14
0.7445255474452555,0.1345985401459854,350,0.0058894614115116446,random,14
0.7544525547445255,0.12992700729927006,338,0.005304915813677496,random,14
0.7643795620437956,0.12233576642335767,334,0.004616805045616377,random,14
0.7743065693430657,0.11678832116788321,327,0.003970141902165851,random,14
0.7842335766423357,0.11007299270072993,318,0.0035513497162883846,random,14
0.7941605839416058,0.09985401459854015,322,0.0029653565865598573,random,14
0.8040875912408759,0.09343065693430656,312,0.0026025557224447406,random,14
0.814014598540146,0.08642335766423358,305,0.002336443962320131,random,14
0.8239416058394161,0.08087591240875912,293,0.0021467639723334823,random,14
0.8338686131386861,0.07503649635036497,281,0.0017118183040350096,random,14
0.8437956204379562,0.06686131386861315,276,0.0013095759623943035,random,14
0.8537226277372263,0.061897810218978104,268,0.0010863187954309448,random,14
0.8636496350364964,0.05401459854014599,262,0.0008978441162290461,random,14
0.8735766423357664,0.047007299270072994,256,0.0007168956757157691,random,14
0.8835036496350365,0.038832116788321165,247,0.0004848965287049398,random,14
0.8934306569343066,0.0364963503649635,229,0.00042022233348167927,random,14
0.9033576642335767,0.028905109489051097,220,0.0002810228452751817,random,14
0.9132846715328468,0.021605839416058394,215,0.00014718003634475596,random,14
0.9232116788321167,0.01956204379562044,189,0.00013327492211838004,random,14
0.9331386861313868,0.014014598540145985,173,8.360916407061267e-05,random,14
0.9430656934306569,0.012846715328467153,147,7.793029595015576e-05,random,14
0.952992700729927,0.010218978102189781,124,5.0055166147455875e-05,random,14
0.9629197080291971,0.005547445255474452,107,1.4765057113187952e-05,random,14
0.9728467153284671,0.004379562043795621,78,5.662642782969886e-06,random,14
0.9827737226277372,0.0017518248175182481,54,0.0,random,14
0.9927007299270073,0.0011678832116788322,22,0.0,random,14
1.0,0.0,0,0.0,random,14
0.0,0.9918248175182481,8,0.2619560102653707,random,15
0.009927007299270074,0.9740145985401459,30,0.25341103861686515,random,15
0.019854014598540148,0.9556204379562043,50,0.24304757862475446,random,15
0.02978102189781022,0.9357664233576642,66,0.23071572608174537,random,15
0.039708029197080295,0.9147445255474452,87,0.22089027004440265,random,15
0.049635036496350364,0.9042335766423357,90,0.21450740732311996,random,15
0.05956204379562044,0.8893430656934307,97,0.20616550778422857,random,15
0.06948905109489051,0.8797080291970802,98,0.2017906232931788,random,15
0.07941605839416059,0.8648175182481752,112,0.1935801130603993,random,15
0.08934306569343066,0.8537226277372263,118,0.18904025551886242,random,15
0.09927007299270073,0.842043795620438,124,0.18481754846810336,random,15
0.1091970802919708,0.8332846715328467,124,0.1818596797343147,random,15
0.11912408759124088,0.8186861313868613,140,0.17323564861875318,random,15
0.12905109489051095,0.8061313868613139,145,0.16745974732583963,random,15
0.13897810218978102,0.7938686131386862,153,0.162942808435507,random,15
0.14890510948905109,0.7734306569343066,182,0.15543916254598206,random,15
0.15883211678832118,0.7556204379562044,200,0.1460642045141169,random,15
0.16875912408759125,0.734014598540146,221,0.13819335159799528,random,15
0.17868613138686132,0.7226277372262774,228,0.13527687577220288,random,15
0.1886131386861314,0.6966423357664233,258,0.12506587386252982,random,15
0.19854014598540146,0.6817518248175183,278,0.12024662759899325,random,15
0.20846715328467152,0.6715328467153284,279,0.11701331683362934,random,15
0.2183941605839416,0.6616058394160584,281,0.11407783959236939,random,15
0.2283211678832117,0.6496350364963503,287,0.11150019320470547,random,15
0.23824817518248176,0.6335766423357664,305,0.10561127039011092,random,15
0.24817518248175183,0.6213138686131386,314,0.10107676910641279,random,15
0.2581021897810219,0.6075912408759124,330,0.09383184470859705,random,15
0.268029197080292,0.5973722627737226,328,0.09125779265462386,random,15
0.27795620437956203,0.5886131386861314,327,0.08871875579476338,random,15
0.28788321167883213,0.5760583941605839,333,0.08616222903686398,random,15
0.29781021897810217,0.564963503649635,341,0.0824300002065043,random,15
0.30773722627737227,0.5570802919708029,337,0.07999512231937757,random,15
0.31766423357664236,0.5413138686131387,356,0.07586525124127343,random,15
0.3275912408759124,0.5235036496350365,372,0.07042362213872144,random,15
0.3375182481751825,0.5138686131386861,374,0.06920997061738883,random,15
0.34744525547445254,0.5071532846715329,371,0.06620655672911806,random,15
0.35737226277372264,0.4995620437956204,368,0.06409034833341201,random,15
0.3672992700729927,0.4908029197080292,368,0.0617040539532508,random,15
0.3772262773722628,0.4797080291970803,375,0.05902371884454244,random,15
0.38715328467153287,0.4686131386861314,374,0.056896952038745265,random,15
0.3970802919708029,0.46014598540145984,374,0.05448566677567846,random,15
0.407007299270073,0.44525547445255476,383,0.05017693677849928,random,15
0.41693430656934305,0.43737226277372265,380,0.04897913562078282,random,15
0.42686131386861315,0.4254014598540146,386,0.047298264443781386,random,15
0.4367883211678832,0.41605839416058393,387,0.04589273973743891,random,15
0.4467153284671533,0.4067153284671533,388,0.044295317402721024,random,15
0.4566423357664234,0.39795620437956203,387,0.04194266703247427,random,15
0.4665693430656934,0.3856934306569343,396,0.03949964729206843,random,15
0.4764963503649635,0.3696350364963504,414,0.03673874158249158,random,15
0.48642335766423356,0.3567883211678832,426,0.034260644242828826,random,15
0.49635036496350365,0.34715328467153284,425,0.032387852398877516,random,15
0.5062773722627737,0.3357664233576642,428,0.0293434416240345,random,15
0.5162043795620438,0.3278832116788321,422,0.027715837597846946,random,15
0.5261313868613139,0.3197080291970803,420,0.02626432737012468,random,15
0.536058394160584,0.30569343065693433,434,0.023835586593983205,random,15
0.545985401459854,0.29576642335766423,434,0.0219528471080019,random,15
0.5559124087591241,0.2864233576642336,439,0.02048250467190304,random,15
0.5658394160583942,0.27416058394160586,445,0.01926701434922813,random,15
0.5757664233576643,0.2674452554744526,441,0.01862097545983352,random,15
0.5856934306569344,0.2583941605839416,441,0.017063395143710566,random,15
0.5956204379562043,0.2505109489051095,434,0.016540035679857526,random,15
0.6055474452554744,0.23357664233576642,438,0.014199804611384634,random,15
0.6154744525547445,0.22686131386861313,431,0.01355958138164622,random,15
0.6254014598540146,0.2181021897810219,422,0.012731382594992405,random,15
0.6353284671532847,0.20583941605839415,430,0.011554811507936507,random,15
0.6452554744525547,0.19941605839416057,423,0.010451104559165307,random,15
0.6551824817518248,0.18802919708029198,425,0.00897777630977105,random,15
0.6651094890510949,0.17605839416058394,425,0.008094772582579242,random,15
0.675036496350365,0.1678832116788321,416,0.007525655735425012,random,15
0.684963503649635,0.16058394160583941,408,0.006885835434900856,random,15
0.6948905109489051,0.15357664233576643,403,0.006344240623300202,random,15
0.7048175182481752,0.14773722627737226,403,0.005820072210478169,random,15
0.7147445255474453,0.14335766423357665,391,0.005544404885526381,random,15
0.7246715328467154,0.1305109489051095,403,0.004297952439672651,random,15
0.7345985401459854,0.12321167883211678,399,0.003818120920486574,random,15
0.7445255474452555,0.11474452554744526,399,0.0031371523914602187,random,15
0.7544525547445255,0.10802919708029197,389,0.0028265553917569105,random,15
0.7643795620437956,0.10131386861313868,384,0.0025695823598130842,random,15
0.7743065693430657,0.09313868613138686,384,0.002147181967932552,random,15
0.7842335766423357,0.08729927007299271,372,0.0017452274328734608,random,15
0.7941605839416058,0.07941605839416059,361,0.0014944675462344854,random,15
0.8040875912408759,0.07211678832116789,355,0.0013318116284675864,random,15
0.814014598540146,0.06773722627737226,345,0.0010513798490580034,random,15
0.8239416058394161,0.06452554744525547,331,0.0010008159026850614,random,15
0.8338686131386861,0.05781021897810219,322,0.0005779109800721951,random,15
0.8437956204379562,0.052554744525547446,310,0.0005273528284626415,random,15
0.8537226277372263,0.04408759124087591,308,0.000422824954878109,random,15
0.8636496350364964,0.042335766423357665,288,0.00039748329562873955,random,15
0.8735766423357664,0.0364963503649635,275,0.00026296481728724713,random,15
0.8835036496350365,0.03328467153284671,257,0.00021550725040795135,random,15
0.8934306569343066,0.03007299270072993,240,0.00019439422316174654,random,15
0.9033576642335767,0.017226277372262774,227,6.254288124907283e-05,random,15
0.9132846715328468,0.014598540145985401,206,4.5820353063343716e-05,random,15
0.9232116788321167,0.010802919708029197,195,3.516030633437175e-05,random,15
0.9331386861313868,0.008467153284671533,176,2.1936656282450674e-05,random,15
0.9430656934306569,0.005547445255474452,158,1.7150181723779854e-05,random,15
0.952992700729927,0.005547445255474452,134,1.0984553478712357e-05,random,15
0.9629197080291971,0.0037956204379562043,108,5.029854620976116e-06,random,15
0.9728467153284671,0.002627737226277372,80,3.894080996884735e-06,random,15
0.9827737226277372,0.0008759124087591241,56,0.0,random,15
0.9927007299270073,0.00029197080291970805,25,0.0,random,15
1.0,0.0,0,0.0,random,15
0.0,0.9918248175182481,8,0.2619560102653707,random,16
0.009927007299270074,0.9783941605839416,14,0.25430994201584156,random,16
0.019854014598540148,0.964963503649635,19,0.2430075487504664,random,16
0.02978102189781022,0.9541605839416059,23,0.23738006517971474,random,16
0.039708029197080295,0.9398540145985401,29,0.23026010321994553,random,16
0.049635036496350364,0.927007299270073,37,0.2237531427041503,random,16
0.05956204379562044,0.9086131386861314,58,0.21335825360387276,random,16
0.06948905109489051,0.8943065693430657,66,0.20212551292165779,random,16
0.07941605839416059,0.8791240875912408,82,0.19360490638374692,random,16
0.08934306569343066,0.8662773722627737,94,0.18980152846515289,random,16
0.09927007299270073,0.8490510948905109,112,0.1824199688038035,random,16
0.1091970802919708,0.8382481751824817,115,0.17715854089824593,random,16
0.11912408759124088,0.8236496350364964,128,0.17282536440984164,random,16
0.12905109489051095,0.8122627737226278,135,0.17061135754659412,random,16
0.13897810218978102,0.7947445255474452,160,0.16378751220763488,random,16
0.14890510948905109,0.7795620437956204,172,0.15541093318729127,random,16
0.15883211678832118,0.7687591240875913,180,0.15256317665276484,random,16
0.16875912408759125,0.7445255474452555,189,0.14292080065086785,random,16
0.17868613138686132,0.7325547445255475,198,0.13906796948400335,random,16
0.1886131386861314,0.7167883211678832,218,0.13215516985610443,random,16
0.19854014598540146,0.7036496350364964,227,0.1285760731269639,random,16
0.20846715328467152,0.68992700729927,238,0.12155960479573213,random,16
0.2183941605839416,0.6773722627737226,251,0.1150388227723946,random,16
0.2283211678832117,0.6674452554744525,256,0.11235317899314685,random,16
0.23824817518248176,0.656934306569343,257,0.11034920143243741,random,16
0.24817518248175183,0.6423357664233577,266,0.10608114814561952,random,16
0.2581021897810219,0.6306569343065693,273,0.1038019800460659,random,16
0.268029197080292,0.6178102189781022,274,0.09897559463403506,random,16
0.27795620437956203,0.6067153284671533,277,0.09563391993196316,random,16
0.28788321167883213,0.5953284671532847,286,0.09034824382144767,random,16
0.29781021897810217,0.5848175182481752,287,0.0867888821599394,random,16
0.30773722627737227,0.5728467153284672,298,0.0830203049211519,random,16
0.31766423357664236,0.56,306,0.07991796321863495,random,16
0.3275912408759124,0.5451094890510949,318,0.07449760658712178,random,16
0.3375182481751825,0.5363503649635036,315,0.07160281399329296,random,16
0.34744525547445254,0.5275912408759124,320,0.06952793444710793,random,16
0.35737226277372264,0.5176642335766424,323,0.06644342361785412,random,16
0.3672992700729927,0.5077372262773723,322,0.06368852742910863,random,16
0.3772262773722628,0.4908029197080292,333,0.05846737839706591,random,16
0.38715328467153287,0.48175182481751827,335,0.05696655785857012,random,16
0.3970802919708029,0.4744525547445255,325,0.05553840288032753,random,16
0.407007299270073,0.4656934306569343,324,0.053749046778982526,random,16
0.41693430656934305,0.4543065693430657,328,0.050903967073943714,random,16
0.42686131386861315,0.44583941605839417,323,0.049753956488842586,random,16
0.4367883211678832,0.43737226277372265,321,0.045948047031283,random,16
0.4467153284671533,0.42686131386861315,331,0.04318959594835763,random,16
0.4566423357664234,0.41868613138686134,328,0.042073564275375015,random,16
0.4665693430656934,0.4061313868613139,337,0.03915593451903323,random,16
0.4764963503649635,0.3970802919708029,336,0.03759591390512827,random,16
0.48642335766423356,0.388029197080292,335,0.03533337596874397,random,16
0.49635036496350365,0.3786861313868613,333,0.03375102542728126,random,16
0.5062773722627737,0.3675912408759124,340,0.03245269980484642,random,16
0.5162043795620438,0.35912408759124087,339,0.03068147435919048,random,16
0.5261313868613139,0.3521167883211679,330,0.030061062266523716,random,16
0.536058394160584,0.3442335766423358,327,0.028585589182040703,random,16
0.545985401459854,0.33284671532846716,330,0.026678660035771604,random,16
0.5559124087591241,0.3182481751824818,339,0.023547455775770613,random,16
0.5658394160583942,0.3091970802919708,339,0.022328354261911505,random,16
0.5757664233576643,0.28992700729927007,357,0.020262101959458854,random,16
0.5856934306569344,0.27211678832116787,373,0.017755269933424137,random,16
0.5956204379562043,0.2651094890510949,371,0.017036990081893702,random,16
0.6055474452554744,0.2569343065693431,377,0.015596168909837132,random,16
0.6154744525547445,0.24817518248175183,373,0.014610330925240387,random,16
0.6254014598540146,0.23854014598540146,374,0.013338113100014384,random,16
0.6353284671532847,0.2283211678832117,373,0.012357597342191384,random,16
0.6452554744525547,0.22131386861313868,373,0.011795110863305956,random,16
0.6551824817518248,0.21284671532846716,370,0.010417136920495566,random,16
0.6651094890510949,0.20496350364963503,369,0.00971512641153412,random,16
0.675036496350365,0.19766423357664234,363,0.008849318451538078,random,16
0.684963503649635,0.19065693430656935,358,0.008449786478773045,random,16
0.6948905109489051,0.18277372262773722,354,0.007544880863879112,random,16
0.7048175182481752,0.17430656934306568,349,0.007013513809658667,random,16
0.7147445255474453,0.16496350364963502,343,0.006537009994807891,random,16
0.7246715328467154,0.1591240875912409,336,0.005827329958463137,random,16
0.7345985401459854,0.15065693430656935,334,0.004998055277406913,random,16
0.7445255474452555,0.1421897810218978,331,0.004475108014389557,random,16
0.7544525547445255,0.134014598540146,330,0.004225599410324877,random,16
0.7643795620437956,0.12700729927007298,323,0.003754033155318202,random,16
0.7743065693430657,0.11503649635036496,327,0.003302143598872571,random,16
0.7842335766423357,0.10773722627737227,318,0.002992524755229194,random,16
0.7941605839416058,0.10014598540145986,318,0.0026925344904316865,random,16
0.8040875912408759,0.09284671532846715,315,0.002504450378282154,random,16
0.814014598540146,0.08467153284671533,305,0.0022325114040943482,random,16
0.8239416058394161,0.0797080291970803,292,0.002026438028482421,random,16
0.8338686131386861,0.07503649635036497,274,0.0017088386367007861,random,16
0.8437956204379562,0.07182481751824818,256,0.0015092739393265094,random,16
0.8537226277372263,0.06861313868613139,240,0.0014450702788903723,random,16
0.8636496350364964,0.06072992700729927,232,0.0008572633882213321,random,16
0.8735766423357664,0.05489051094890511,221,0.0007046015057113188,random,16
0.8835036496350365,0.046423357664233576,217,0.0004429980715027444,random,16
0.8934306569343066,0.042335766423357665,205,0.0003645462468476487,random,16
0.9033576642335767,0.03562043795620438,194,0.000291597129506008,random,16
0.9132846715328468,0.031240875912408757,178,0.00016017653167185874,random,16
0.9232116788321167,0.026277372262773723,163,0.0001358918372645008,random,16
0.9331386861313868,0.021897810218978103,148,8.92602173268061e-05,random,16
0.9430656934306569,0.01489051094890511,140,2.8540368639667706e-05,random,16
0.952992700729927,0.010218978102189781,125,0.0,random,16
0.9629197080291971,0.005547445255474452,104,0.0,random,16
0.9728467153284671,0.00291970802919708,83,0.0,random,16
0.9827737226277372,0.0008759124087591241,56,0.0,random,16
0.9927007299270073,0.00029197080291970805,25,0.0,random,16
1.0,0.0,0,0.0,random,16
0.0,0.9918248175182481,8,0.2619560102653707,random,17
0.009927007299270074,0.981021897810219,11,0.25648473258958077,random,17
0.019854014598540148,0.9705109489051095,13,0.24974619745195098,random,17
0.02978102189781022,0.9570802919708029,31,0.24114160966402495,random,17
0.039708029197080295,0.9454014598540146,38,0.23478295096701932,random,17
0.049635036496350364,0.9243795620437956,54,0.22411763978330862,random,17
0.05956204379562044,0.9118248175182482,60,0.21626020634512164,random,17
0.06948905109489051,0.894014598540146,80,0.20595577188312295,random,17
0.07941605839416059,0.8835036496350365,82,0.2023865105532016,random,17
0.08934306569343066,0.8727007299270073,84,0.19725443852940933,random,17
0.09927007299270073,0.8467153284671532,101,0.18466304216508656,random,17
0.1091970802919708,0.832992700729927,106,0.17996841349579373,random,17
0.11912408759124088,0.8186861313868613,115,0.17497293474578815,random,17
0.12905109489051095,0.8064233576642336,126,0.16948341210753592,random,17
0.13897810218978102,0.7947445255474452,133,0.16058752745069918,random,17
0.14890510948905109,0.7842335766423357,135,0.15585380194506948,random,17
0.15883211678832118,0.7725547445255474,146,0.15206714806751315,random,17
0.16875912408759125,0.7626277372262774,152,0.1477891069616391,random,17
0.17868613138686132,0.7494890510948905,167,0.14409243114697262,random,17
0.1886131386861314,0.7369343065693431,173,0.13980236488859446,random,17
0.19854014598540146,0.7243795620437956,180,0.13420685672226268,random,17
0.20846715328467152,0.708029197080292,202,0.12987436324330306,random,17
0.2183941605839416,0.6966423357664233,206,0.12552822955860338,random,17
0.2283211678832117,0.6878832116788322,207,0.12090332613799319,random,17
0.23824817518248176,0.6767883211678832,219,0.11752695046116483,random,17
0.24817518248175183,0.661021897810219,226,0.11205107104084908,random,17
0.2581021897810219,0.6481751824817519,240,0.10676158066308475,random,17
0.268029197080292,0.637956204379562,241,0.10473248649066406,random,17
0.27795620437956203,0.6262773722627737,246,0.10115256518425328,random,17
0.28788321167883213,0.6157664233576642,247,0.09838980471544723,random,17
0.29781021897810217,0.6035036496350364,256,0.09339418604824563,random,17
0.30773722627737227,0.5891970802919708,271,0.0875699458576211,random,17
0.31766423357664236,0.5781021897810219,275,0.08433798032023791,random,17
0.3275912408759124,0.5693430656934306,272,0.08089935529326592,random,17
0.3375182481751825,0.5491970802919708,291,0.0765418358359363,random,17
0.34744525547445254,0.5386861313868613,295,0.07317182165035553,random,17
0.35737226277372264,0.5261313868613139,301,0.07159651669829825,random,17
0.3672992700729927,0.5159124087591241,299,0.06921909222873009,random,17
0.3772262773722628,0.5045255474452555,302,0.06729513927520646,random,17
0.38715328467153287,0.494014598540146,306,0.0651131381193443,random,17
0.3970802919708029,0.4805839416058394,316,0.06153636484448401,random,17
0.407007299270073,0.4686131386861314,326,0.059537233286357114,random,17
0.41693430656934305,0.458978102189781,320,0.05800004944864758,random,17
0.42686131386861315,0.4435036496350365,331,0.05385502214934166,random,17
0.4367883211678832,0.43416058394160584,327,0.05124688129346424,random,17
0.4467153284671533,0.4216058394160584,341,0.048996883611369585,random,17
0.4566423357664234,0.4128467153284672,337,0.04679144534182502,random,17
0.4665693430656934,0.40058394160583943,341,0.04493298205126475,random,17
0.4764963503649635,0.3894890510948905,343,0.04308208903959488,random,17
0.48642335766423356,0.3786861313868613,348,0.04008176066966954,random,17
0.49635036496350365,0.367007299270073,352,0.03747322432997082,random,17
0.5062773722627737,0.36,351,0.03603393954284725,random,17
0.5162043795620438,0.35094890510948906,348,0.0347893599645206,random,17
0.5261313868613139,0.3202919708029197,371,0.03026577605016565,random,17
0.536058394160584,0.3127007299270073,371,0.028893318019705284,random,17
0.545985401459854,0.3027737226277372,372,0.027378781276269595,random,17
0.5559124087591241,0.2951824817518248,371,0.026629050539608366,random,17
0.5658394160583942,0.28934306569343066,372,0.02587869474113633,random,17
0.5757664233576643,0.27883211678832115,378,0.02449380694320823,random,17
0.5856934306569344,0.27124087591240875,374,0.02285681912302823,random,17
0.5956204379562043,0.26364963503649635,371,0.022222939227612124,random,17
0.6055474452554744,0.24963503649635035,384,0.02032335552341393,random,17
0.6154744525547445,0.24321167883211678,375,0.019028526461207534,random,17
0.6254014598540146,0.2321167883211679,379,0.016977365654205608,random,17
0.6353284671532847,0.22452554744525546,377,0.01608937920313504,random,17
0.6452554744525547,0.21197080291970802,382,0.014412155636527715,random,17
0.6551824817518248,0.20058394160583942,388,0.01242894036184048,random,17
0.6651094890510949,0.1894890510948905,401,0.011049352840824804,random,17
0.675036496350365,0.18043795620437955,407,0.010191689227612124,random,17
0.684963503649635,0.17343065693430657,402,0.009469560107921673,random,17
0.6948905109489051,0.1635036496350365,405,0.008704533900138457,random,17
0.7048175182481752,0.1562043795620438,403,0.008164321754202012,random,17
0.7147445255474453,0.1454014598540146,402,0.007237041785231038,random,17
0.7246715328467154,0.13664233576642335,406,0.006465982842443123,random,17
0.7345985401459854,0.12963503649635036,403,0.005505200712341484,random,17
0.7445255474452555,0.12291970802919708,394,0.005026968161532998,random,17
0.7544525547445255,0.11562043795620439,390,0.004640521150816127,random,17
0.7643795620437956,0.1056934306569343,388,0.00396458595326878,random,17
0.7743065693430657,0.09781021897810219,389,0.003395177436357343,random,17
0.7842335766423357,0.0905109489051095,381,0.0029728608753871602,random,17
0.7941605839416058,0.08467153284671533,371,0.0023340697248407528,random,17
0.8040875912408759,0.07766423357664233,365,0.0019810689645677966,random,17
0.814014598540146,0.06715328467153285,359,0.0015384120114698384,random,17
0.8239416058394161,0.06510948905109488,334,0.0014816859137098623,random,17
0.8338686131386861,0.061897810218978104,311,0.0012743747063986548,random,17
0.8437956204379562,0.05547445255474453,299,0.001090738654625921,random,17
0.8537226277372263,0.052262773722627734,286,0.0010293419775750383,random,17
0.8636496350364964,0.04788321167883212,273,0.0009099999845472976,random,17
0.8735766423357664,0.03737226277372263,270,0.0004974074228601098,random,17
0.8835036496350365,0.03386861313868613,254,0.00044936419856104435,random,17
0.8934306569343066,0.03007299270072993,235,0.00040042046803144934,random,17
0.9033576642335767,0.02510948905109489,224,0.00028080148531375165,random,17
0.9132846715328468,0.01897810218978102,213,0.00018074098798397863,random,17
0.9232116788321167,0.01635036496350365,191,0.00015838015502151015,random,17
0.9331386861313868,0.012554744525547445,173,8.081145230677942e-05,random,17
0.9430656934306569,0.010218978102189781,151,5.353665999109923e-05,random,17
0.952992700729927,0.007883211678832117,126,4.109182613855511e-05,random,17
0.9629197080291971,0.0023357664233576644,109,7.78816199376947e-06,random,17
0.9728467153284671,0.0017518248175182481,83,0.0,random,17
0.9827737226277372,0.0011678832116788322,56,0.0,random,17
0.9927007299270073,0.0005839416058394161,24,0.0,random,17
1.0,0.0,0,0.0,random,17
0.0,0.9918248175182481,8,0.2619560102653707,random,18
0.009927007299270074,0.9778102189781022,21,0.25448178186094367,random,18
0.019854014598540148,0.967007299270073,24,0.24857548859337703,random,18
0.02978102189781022,0.952992700729927,36,0.23943936257743212,random,18
0.039708029197080295,0.9424817518248175,37,0.23520707836318236,random,18
0.049635036496350364,0.9287591240875912,45,0.22725227638837453,random,18
0.05956204379562044,0.915036496350365,53,0.22259341821805317,random,18
0.06948905109489051,0.9013138686131387,65,0.21640342240940957,random,18
0.07941605839416059,0.8905109489051095,68,0.21130344258221012,random,18
0.08934306569343066,0.8797080291970802,72,0.20682174233963077,random,18
0.09927007299270073,0.8689051094890511,74,0.20310924597803978,random,18
0.1091970802919708,0.8513868613138686,87,0.1939758629221246,random,18
0.11912408759124088,0.8397080291970803,95,0.18950959490708325,random,18
0.12905109489051095,0.828029197080292,101,0.18503084816760343,random,18
0.13897810218978102,0.8163503649635037,104,0.18124240786310003,random,18
0.14890510948905109,0.8046715328467153,109,0.17578383269497466,random,18
0.15883211678832118,0.7903649635036496,122,0.1685077212101891,random,18
0.16875912408759125,0.7792700729927007,126,0.16382668349519983,random,18
0.17868613138686132,0.7655474452554745,139,0.15977253297660718,random,18
0.1886131386861314,0.7518248175182481,152,0.15684195343424315,random,18
0.19854014598540146,0.7325547445255475,177,0.14967844594290272,random,18
0.20846715328467152,0.7197080291970803,185,0.14417257448062065,random,18
0.2183941605839416,0.7097810218978102,186,0.14037868552894836,random,18
0.2283211678832117,0.6966423357664233,190,0.13626248393027016,random,18
0.23824817518248176,0.6858394160583942,193,0.1323541777726211,random,18
0.24817518248175183,0.6718248175182482,206,0.12569355128635212,random,18
0.2581021897810219,0.6475912408759124,223,0.11743879574421338,random,18
0.268029197080292,0.6364963503649635,228,0.11386212409518484,random,18
0.27795620437956203,0.6268613138686131,230,0.10978453400452524,random,18
0.28788321167883213,0.6035036496350364,235,0.10287047735872211,random,18
0.29781021897810217,0.5953284671532847,228,0.09976584897233262,random,18
0.30773722627737227,0.5868613138686132,227,0.09801803323342459,random,18
0.31766423357664236,0.5775182481751825,227,0.09483359465960225,random,18
0.3275912408759124,0.5658394160583942,239,0.09180378720448815,random,18
0.3375182481751825,0.5573722627737226,240,0.08855328203079371,random,18
0.34744525547445254,0.5465693430656934,245,0.08606329954767455,random,18
0.35737226277372264,0.5331386861313868,262,0.08056332409639945,random,18
0.3672992700729927,0.5194160583941606,266,0.07751510356584831,random,18
0.3772262773722628,0.5103649635036497,267,0.07615684111449297,random,18
0.38715328467153287,0.49576642335766424,279,0.07144868203199103,random,18
0.3970802919708029,0.48671532846715326,280,0.06805556837427457,random,18
0.407007299270073,0.475036496350365,290,0.06518056219319361,random,18
0.41693430656934305,0.4648175182481752,295,0.06328317354536689,random,18
0.42686131386861315,0.4508029197080292,311,0.057478366989319095,random,18
0.4367883211678832,0.43532846715328466,328,0.05353124265996637,random,18
0.4467153284671533,0.41605839416058393,334,0.04976633143433668,random,18
0.4566423357664234,0.404963503649635,342,0.047279507181011274,random,18
0.4665693430656934,0.3964963503649635,346,0.04541156752072348,random,18
0.4764963503649635,0.3862773722627737,346,0.04389046380021847,random,18
0.48642335766423356,0.3743065693430657,353,0.04082142807975168,random,18
0.49635036496350365,0.3637956204379562,355,0.038339170872611295,random,18
0.5062773722627737,0.35094890510948906,361,0.036674949209776896,random,18
0.5162043795620438,0.3418978102189781,364,0.03475583483505505,random,18
0.5261313868613139,0.33313868613138686,360,0.032993301920799,random,18
0.536058394160584,0.32350364963503647,360,0.0305883128261925,random,18
0.545985401459854,0.31503649635036496,360,0.028988240142299723,random,18
0.5559124087591241,0.3054014598540146,363,0.02748237738702108,random,18
0.5658394160583942,0.29664233576642335,366,0.025644152887070528,random,18
0.5757664233576643,0.2875912408759124,362,0.023519004892325567,random,18
0.5856934306569344,0.27970802919708027,369,0.02246351037494437,random,18
0.5956204379562043,0.27065693430656934,370,0.021221759413786283,random,18
0.6055474452554744,0.26452554744525547,365,0.02056046410646294,random,18
0.6154744525547445,0.25430656934306567,368,0.018715150292983238,random,18
0.6254014598540146,0.24437956204379563,365,0.01750187441279731,random,18
0.6353284671532847,0.23503649635036497,368,0.015610926451317807,random,18
0.6452554744525547,0.22423357664233576,368,0.01460971998158038,random,18
0.6551824817518248,0.2145985401459854,369,0.01368946365215349,random,18
0.6651094890510949,0.20963503649635037,356,0.012956733206003067,random,18
0.675036496350365,0.2,359,0.012096381208895812,random,18
0.684963503649635,0.1927007299270073,352,0.01109854149668694,random,18
0.6948905109489051,0.18773722627737227,338,0.010827625877713496,random,18
0.7048175182481752,0.181021897810219,328,0.010051579575236117,random,18
0.7147445255474453,0.1678832116788321,337,0.008830777842679128,random,18
0.7246715328467154,0.1602919708029197,334,0.008074561958031584,random,18
0.7345985401459854,0.1454014598540146,349,0.006376776261122055,random,18
0.7445255474452555,0.1386861313868613,340,0.006104085196886014,random,18
0.7544525547445255,0.13255474452554744,332,0.005714558405855135,random,18
0.7643795620437956,0.12525547445255475,326,0.004935161395587798,random,18
0.7743065693430657,0.11941605839416058,316,0.0043115798483059,random,18
0.7842335766423357,0.11416058394160584,304,0.003972057275430523,random,18
0.7941605839416058,0.09605839416058394,313,0.0031958728360597516,random,18
0.8040875912408759,0.08963503649635036,310,0.002630384248301888,random,18
0.814014598540146,0.08437956204379563,299,0.0021910070961618853,random,18
0.8239416058394161,0.07591240875912408,294,0.001722993417429749,random,18
0.8338686131386861,0.06686131386861315,292,0.0014200428362957569,random,18
0.8437956204379562,0.061313868613138686,287,0.001208096274831088,random,18
0.8537226277372263,0.05430656934306569,279,0.0009479664665120271,random,18
0.8636496350364964,0.04291970802919708,283,0.0005102914997774811,random,18
0.8735766423357664,0.03795620437956204,273,0.00039387084013252236,random,18
0.8835036496350365,0.03386861313868613,252,0.00029550280002966914,random,18
0.8934306569343066,0.02948905109489051,233,0.0002632514649161846,random,18
0.9033576642335767,0.024233576642335768,220,0.0002295583926717104,random,18
0.9132846715328468,0.021897810218978103,204,0.00017226672600504378,random,18
0.9232116788321167,0.017518248175182483,185,0.0001074766355140187,random,18
0.9331386861313868,0.01489051094890511,163,5.497144340602285e-05,random,18
0.9430656934306569,0.0070072992700729924,148,2.709631360332295e-05,random,18
0.952992700729927,0.004087591240875913,128,1.6955477673935616e-05,random,18
0.9629197080291971,0.002627737226277372,108,5.0298546209761166e-06,random,18
0.9728467153284671,0.00145985401459854,82,2.758307372793354e-06,random,18
0.9827737226277372,0.0008759124087591241,53,1.9470404984423675e-06,random,18
0.9927007299270073,0.0005839416058394161,24,9.735202492211838e-07,random,18
1.0,0.0,0,0.0,random,18
0.0,0.9918248175182481,8,0.2619560102653707,random,19
0.009927007299270074,0.978978102189781,14,0.25555345476066854,random,19
0.019854014598540148,0.9635036496350365,27,0.24641078228841082,random,19
0.02978102189781022,0.9527007299270073,29,0.24125179670353444,random,19
0.039708029197080295,0.9395620437956205,36,0.23261851877192125,random,19
0.049635036496350364,0.9272992700729927,44,0.22748933382892206,random,19
0.05956204379562044,0.9103649635036496,50,0.21963454136292923,random,19
0.06948905109489051,0.901021897810219,49,0.21407962323134636,random,19
0.07941605839416059,0.8913868613138686,49,0.2100375036600212,random,19
0.08934306569343066,0.8805839416058394,52,0.20603076315612823,random,19
0.09927007299270073,0.8694890510948905,56,0.2026368791811987,random,19
0.1091970802919708,0.8595620437956204,56,0.19800629071138712,random,19
0.11912408759124088,0.847007299270073,66,0.1915797436921853,random,19
0.12905109489051095,0.8341605839416059,76,0.182798602317659,random,19
0.13897810218978102,0.8224817518248175,79,0.17712262975266774,random,19
0.14890510948905109,0.8011678832116789,104,0.16798668765900074,random,19
0.15883211678832118,0.7646715328467153,114,0.15459411990041372,random,19
0.16875912408759125,0.7451094890510949,143,0.14797532012164022,random,19
0.17868613138686132,0.7299270072992701,163,0.1408252892724271,random,19
0.1886131386861314,0.7162043795620437,174,0.13380653225279393,random,19
0.19854014598540146,0.7062773722627738,176,0.13051322025964257,random,19
0.20846715328467152,0.6948905109489051,182,0.12820800617368958,random,19
0.2183941605839416,0.6814598540145985,196,0.12339977472877589,random,19
0.2283211678832117,0.67007299270073,204,0.11954431804241966,random,19
0.23824817518248176,0.6583941605839416,214,0.11705012825851026,random,19
0.24817518248175183,0.6481751824817519,218,0.11366922346485722,random,19
0.2581021897810219,0.6359124087591241,228,0.10974242323205524,random,19
0.268029197080292,0.6262773722627737,228,0.10633103064294652,random,19
0.27795620437956203,0.6131386861313869,237,0.10061823068167987,random,19
0.28788321167883213,0.6014598540145986,248,0.09697987642117314,random,19
0.29781021897810217,0.5918248175182482,252,0.09406351652576828,random,19
0.30773722627737227,0.5804379562043795,259,0.08858212298421118,random,19
0.31766423357664236,0.5702189781021898,263,0.08549563333105972,random,19
0.3275912408759124,0.5605839416058395,263,0.08288307917528127,random,19
0.3375182481751825,0.5456934306569343,265,0.07840360482423858,random,19
0.34744525547445254,0.536058394160584,277,0.07560874980851616,random,19
0.35737226277372264,0.5232116788321168,283,0.07218182834224014,random,19
0.3672992700729927,0.5036496350364964,305,0.06745386904761905,random,19
0.3772262773722628,0.48905109489051096,323,0.06520995172294822,random,19
0.38715328467153287,0.4770802919708029,330,0.06116251501721712,random,19
0.3970802919708029,0.46773722627737224,332,0.059446226632704435,random,19
0.407007299270073,0.4508029197080292,346,0.05555963556065775,random,19
0.41693430656934305,0.43503649635036495,360,0.05198346869900608,random,19
0.42686131386861315,0.42627737226277373,360,0.05057688492063492,random,19
0.4367883211678832,0.41635036496350364,366,0.048240712539558916,random,19
0.4467153284671533,0.40846715328467154,359,0.04645838934937942,random,19
0.4566423357664234,0.4035036496350365,351,0.04542998882769619,random,19
0.4665693430656934,0.39153284671532845,361,0.042887979111036936,random,19
0.4764963503649635,0.3786861313868613,375,0.04072706857600257,random,19
0.48642335766423356,0.3678832116788321,380,0.037666163294887006,random,19
0.49635036496350365,0.35912408759124087,382,0.036165689283241854,random,19
0.5062773722627737,0.35007299270072995,386,0.03531330800073499,random,19
0.5162043795620438,0.34131386861313867,388,0.03410485568159342,random,19
0.5261313868613139,0.3272992700729927,400,0.0314894595361155,random,19
0.536058394160584,0.3173722627737226,398,0.029682146024946846,random,19
0.545985401459854,0.3030656934306569,411,0.027153634243806554,random,19
0.5559124087591241,0.28788321167883213,425,0.025480240243163723,random,19
0.5658394160583942,0.28087591240875914,426,0.02395216577350047,random,19
0.5757664233576643,0.2683211678832117,434,0.021660734374227365,random,19
0.5856934306569344,0.25343065693430655,442,0.01862105840194333,random,19
0.5956204379562043,0.24467153284671533,442,0.0171419917915245,random,19
0.6055474452554744,0.23532846715328468,443,0.015171330678559065,random,19
0.6154744525547445,0.2283211678832117,438,0.014767927066335361,random,19
0.6254014598540146,0.22218978102189782,431,0.01395871733298719,random,19
0.6353284671532847,0.21226277372262772,437,0.012466237004277307,random,19
0.6452554744525547,0.20583941605839415,428,0.011898335898481925,random,19
0.6551824817518248,0.19766423357664234,422,0.011203309273475747,random,19
0.6651094890510949,0.1886131386861314,421,0.010132240363694802,random,19
0.675036496350365,0.1778102189781022,427,0.009379637742298374,random,19
0.684963503649635,0.16963503649635037,421,0.008808537154477575,random,19
0.6948905109489051,0.16058394160583941,416,0.008038444391905257,random,19
0.7048175182481752,0.14978102189781023,420,0.007284731880161203,random,19
0.7147445255474453,0.1421897810218978,415,0.006676981802054816,random,19
0.7246715328467154,0.13693430656934308,402,0.005876860575604735,random,19
0.7345985401459854,0.12642335766423357,402,0.005155992712505563,random,19
0.7445255474452555,0.11941605839416058,401,0.004623919856104435,random,19
0.7544525547445255,0.10832116788321168,408,0.003978415665331553,random,19
0.7643795620437956,0.10248175182481752,407,0.003329666407061267,random,19
0.7743065693430657,0.09547445255474453,402,0.002864487526578648,random,19
0.7842335766423357,0.08846715328467153,391,0.002225805703901498,random,19
0.7941605839416058,0.08145985401459854,382,0.002055762130090401,random,19
0.8040875912408759,0.07474452554744526,370,0.0016333794034582585,random,19
0.814014598540146,0.06861313868613139,360,0.001294330255997896,random,19
0.8239416058394161,0.06364963503649634,348,0.0011319447254026693,random,19
0.8338686131386861,0.058686131386861316,334,0.0008992098541602047,random,19
0.8437956204379562,0.049635036496350364,319,0.0005480100009889729,random,19
0.8537226277372263,0.04321167883211679,305,0.00044716102952084254,random,19
0.8636496350364964,0.038248175182481754,293,0.0003559421821688177,random,19
0.8735766423357664,0.03328467153284671,280,0.0002547331627354992,random,19
0.8835036496350365,0.03007299270072993,264,0.0002047753486129654,random,19
0.8934306569343066,0.02832116788321168,242,0.00018921524996291347,random,19
0.9033576642335767,0.02394160583941606,224,0.0001415846128170894,random,19
0.9132846715328468,0.021605839416058394,202,0.0001272437323839193,random,19
0.9232116788321167,0.014306569343065694,194,7.341965212876427e-05,random,19
0.9331386861313868,0.01167883211678832,172,3.1931464174454823e-05,random,19
0.9430656934306569,0.009635036496350365,147,2.1817284156653314e-05,random,19
0.952992700729927,0.0075912408759124085,123,1.730664033526183e-05,random,19
0.9629197080291971,0.0037956204379562043,103,0.0,random,19
0.9728467153284671,0.0023357664233576644,78,0.0,random,19
0.9827737226277372,0.0008759124087591241,55,0.0,random,19
0.9927007299270073,0.00029197080291970805,25,0.0,random,19
1.0,0.0,0,0.0,random,19
