iata,name,country,in_deg,out_deg,deg_und,deg_cent_und,betweenness_dir,closeness_dir_wf,closeness_und_LCC,eigenvector_und,eigenvector_dir_LSCC,core_und
AAE,Rabah Bitat Airport,Algeria,7,7,7,0.0020443925233644858,1.4748809725460259e-06,0.2875391566045691,0.2936192287739927,0.007843391225619384,0.00793388782256654,7
AAL,Aalborg Airport,Denmark,13,13,13,0.0037967289719626164,1.0551993367394387e-05,0.29078719086043503,0.29739907172256763,0.01647646432209646,0.016672377576905602,12
AAN,Al Ain International Airport,United Arab Emirates,2,2,2,0.0005841121495327102,4.5030881135462287e-08,0.22211154569100183,0.22661150407046576,0.00022973049861704022,0.0002247571941060772,2
AAQ,Anapa Vityazevo Airport,Russia,3,3,3,0.0008761682242990653,4.5004836669796894e-08,0.26430991082666094,0.26990939437291367,0.003395869685713311,0.0034520211657129486,3
AAR,Aarhus Airport,Denmark,8,8,8,0.002336448598130841,1.2502523527974442e-05,0.26673009796194125,0.2720281960909965,0.0072710057731160075,0.0073814794835724735,7
AAT,Altay Air Base,China,1,1,1,0.0002920560747663551,0.0,0.2263814656504307,0.23089475115583355,0.00020136028436038274,0.00020555523797345326,1
AAX,Romeu Zema Airport,Brazil,1,1,2,0.0005841121495327102,0.0,0.20199450849307593,0.20609297244811264,1.1488367541515729e-05,1.1541041755767384e-05,2
AAY,Al Ghaidah International Airport,Yemen,1,1,1,0.0002920560747663551,0.0,0.22327638806065814,0.22779715588945532,0.0001665295443203448,0.00016078988279686178,1
ABA,Abakan Airport,Russia,4,4,4,0.0011682242990654205,5.717107562250272e-07,0.26452044922942236,0.2701240852688514,0.0026189329045468723,0.002661766630654609,4
ABB,Asaba International Airport,Nigeria,2,2,2,0.0005841121495327102,0.0,0.23900890453621476,0.2438954323470267,0.0005367454723331632,0.000524854424694678,2
ABD,Abadan Airport,Iran,3,3,3,0.0008761682242990653,0.0,0.22288675210592443,0.2273853364579846,0.0002523192497977542,0.00024133542276201284,3
ABE,Lehigh Valley International Airport,United States,9,9,9,0.002628504672897196,3.875012768050388e-05,0.27898762661733745,0.2850428067819372,0.005410463936414045,0.005451539552909369,9
ABI,Abilene Regional Airport,United States,1,1,1,0.0002920560747663551,0.0,0.26162370752589365,0.26826763567422385,0.0009067073649020931,0.0009138576936963287,1
ABJ,Port Bouet Airport,Cote d'Ivoire,20,21,21,0.006133177570093458,0.0003714186427477791,0.2867941721760228,0.2965938864628821,0.011704261458413811,0.009630227119082214,12
ABL,Ambler Airport,United States,2,2,3,0.0008761682242990653,4.2660834759911645e-08,0.18371264215679178,0.18757249378624688,1.4853250779029227e-06,1.4831137343680787e-06,3
ABM,Northern Peninsula Airport,Australia,1,1,1,0.0002920560747663551,0.0,0.218933921388856,0.22328884213294758,4.924853040514317e-05,5.0076313812272175e-05,1
ABQ,Albuquerque International Sunport,United States,23,23,23,0.006717289719626168,0.0011614583559813507,0.2966050124710761,0.30367522131807206,0.01428357086473894,0.014394323248475602,20
ABR,Aberdeen Regional Airport,United States,1,1,1,0.0002920560747663551,0.0,0.250531099179643,0.25643736313524124,0.0006901878559172552,0.000696828342497343,1
ABS,Abu Simbel Airport,Egypt,1,1,1,0.0002920560747663551,0.0,0.20522771890650565,0.20952615992102666,2.1953672294110215e-05,2.204387193985432e-05,1
ABT,Al Baha Airport,Saudi Arabia,3,3,3,0.0008761682242990653,0.0,0.2540189489502156,0.2600903729800107,0.0015476764248425064,0.0015383949379435865,3
ABV,Nnamdi Azikiwe International Airport,Nigeria,25,25,25,0.007301401869158878,0.0036584352324139143,0.2930711958014446,0.29907529722589166,0.009271048582231534,0.009209595269881563,9
ABX,Albury Airport,Australia,2,2,2,0.0005841121495327102,0.0,0.2474692391106765,0.25451547627969723,0.00046749085527989935,0.00046116736370815405,2
ABY,Southwest Georgia Regional Airport,United States,1,1,1,0.0002920560747663551,0.0,0.2623885682384772,0.26799242424242425,0.0011608011244565834,0.0011723581532111563,1
ABZ,Aberdeen Dyce Airport,United Kingdom,29,29,29,0.008469626168224298,0.0013074846242932634,0.2962610152222471,0.303485254691689,0.024305538029588014,0.02455213491604742,19
ACA,General Juan N Alvarez International Airport,Mexico,5,5,5,0.0014602803738317756,2.3808320340812835e-06,0.2666658411327526,0.2721808126953595,0.0017537954489757477,0.0017588776619475042,5
ACC,Kotoka International Airport,Ghana,28,30,30,0.008761682242990653,0.0029941017472017565,0.309630743088687,0.3166728832525177,0.02195003086778431,0.018961943033505464,17
ACE,Lanzarote Airport,Spain,57,54,57,0.01664719626168224,0.0002007903066317438,0.2944223530123387,0.30125077619089863,0.049264058682117653,0.0497686231806046,31
ACH,St Gallen Altenrhein Airport,Switzerland,2,2,2,0.0005841121495327102,3.0024986965535316e-07,0.2567290080886098,0.262037037037037,0.001694684093469983,0.001714705696813096,2
ACI,Alderney Airport,Guernsey,2,2,2,0.0005841121495327102,0.0,0.22494003384313271,0.22976995940460082,0.00045288203107412086,0.0004600714703333141,2
ACK,Nantucket Memorial Airport,United States,6,6,6,0.0017523364485981306,0.0007424882612557788,0.25444714731638707,0.2599510104102878,0.0010032942663349255,0.0010126721143697238,3
ACR,Araracuara Airport,Colombia,2,2,2,0.0005841121495327102,1.7064333903964658e-07,0.1923200161942531,0.19661880500231588,5.463914034008453e-06,5.538887704478802e-06,2
ACT,Waco Regional Airport,United States,1,1,1,0.0002920560747663551,0.0,0.26162370752589365,0.26826763567422385,0.0009067073649020931,0.0009138576936963287,1
ACU,?,?,1,1,2,0.0005841121495327102,0.00028804595629892347,0.13737030361653713,0.1629480351230747,1.1464145531736802e-07,1.6579114487866716e-09,2
ACV,California Redwood Coast-Humboldt County Airport,United States,3,3,3,0.0008761682242990653,8.532166951982329e-08,0.260965793290858,0.26662479390751354,0.0010946686031682354,0.0011070908007829211,2
ACX,Xingyi Airport,China,5,5,5,0.0014602803738317756,1.6593664088229502e-06,0.2667943857657402,0.2726396917148362,0.0018910612720642046,0.0019207178492189885,5
ACY,Atlantic City International Airport,United States,9,9,9,0.002628504672897196,3.5742730089695537e-07,0.27966900114756343,0.28569024985278035,0.006114391009714055,0.0061716044915608,9
ACZ,Zabol Airport,Iran,1,1,1,0.0002920560747663551,0.0,0.22251338244613833,0.2270053475935829,0.00012485517980900988,0.00012055947479218047,1
ADA,Adana Airport,Turkey,10,10,10,0.0029205607476635513,9.482988208951633e-06,0.27462700294625936,0.2807771806531625,0.005600140180635726,0.0056613781460117755,7
ADB,Adnan Menderes International Airport,Turkey,45,44,45,0.013142523364485981,0.0004115783850625113,0.30079617025599353,0.3076086956521739,0.04337669448321854,0.04386825709639833,29
ADD,Addis Ababa Bole International Airport,Ethiopia,72,67,75,0.021904205607476634,0.012187778119343321,0.32704251719777117,0.3348451981857622,0.032739986870342186,0.03225905509515797,23
ADE,Aden International Airport,Yemen,15,18,18,0.005257009345794392,7.493302202146544e-05,0.2826444565176754,0.2933149075833477,0.00977834817077309,0.007341225799985459,12
ADF,Adıyaman Airport,Turkey,2,2,2,0.0005841121495327102,0.0,0.2698512692691507,0.27564935064935064,0.0021348202057998437,0.002160370697889114,2
ADK,Adak Airport,United States,1,1,1,0.0002920560747663551,0.0,0.22519935708844216,0.23022167988610942,9.9063679453333e-05,0.00010103357908547863,1
ADL,Adelaide International Airport,Australia,26,26,26,0.007593457943925233,0.0045036274065319085,0.293097062632495,0.298943661971831,0.004840721057709083,0.004868868416919041,10
ADQ,Kodiak Airport,United States,5,8,8,0.002336448598130841,0.004313095715896587,0.22532159856331715,0.23056555095390047,9.920661069047185e-05,0.00010111814365256435,2
ADU,Ardabil Airport,Iran,2,2,2,0.0005841121495327102,0.0,0.22278208235785377,0.22726360168640836,0.00014881657283931685,0.00014060943950741983,2
ADZ,Gustavo Rojas Pinilla International Airport,Colombia,8,8,8,0.002336448598130841,0.0005760594091046964,0.24754302792591634,0.2531494595601938,0.0010921420483317754,0.001096787658502153,6
AEB,Baise Youjiang Airport,China,3,3,3,0.0008761682242990653,0.0,0.25637224732696423,0.26207748109276124,0.0010096860247500498,0.001013588618049611,3
AEP,Jorge Newbery Airpark,Argentina,42,43,44,0.012850467289719626,0.014076250915265001,0.2589309722905394,0.2645684013711437,0.0017241773869634603,0.0017225336597779027,8
AER,Sochi International Airport,Russia,18,17,18,0.005257009345794392,2.4374519920894536e-05,0.27668636224180704,0.2826231691078562,0.009034145655544055,0.00911139119089082,13
AES,Ålesund Airport,Norway,10,10,10,0.0029205607476635513,2.941340024026496e-07,0.2829816548467122,0.28973637061684154,0.010796360801223419,0.010915175193610047,10
AET,Allakaket Airport,United States,2,3,3,0.0008761682242990653,0.0002870931976559521,0.20709633424547355,0.21152289006540018,1.1298918776917046e-05,1.1374050678181439e-05,2
AEX,Alexandria International Airport,United States,3,3,3,0.0008761682242990653,0.0,0.27237448487747445,0.27934523319898,0.003003002093637655,0.0030319002763573425,3
AEY,Akureyri Airport,Iceland,1,1,1,0.0002920560747663551,0.0,0.16228264280047736,0.16556969431037005,1.268334453929407e-07,1.3109468932041065e-07,1
AFA,Suboficial Ay Santiago Germano Airport,Argentina,2,2,3,0.0008761682242990653,0.0002880459562989235,0.20506296897777992,0.2092550372789451,2.54007279838217e-05,2.5220794337632918e-05,2
AFL,Piloto Osvaldo Marques Dias Airport,Brazil,1,1,1,0.0002920560747663551,0.0,0.20230214557576415,0.2064563195331023,2.005714343874776e-05,2.043189249701657e-05,1
AFZ,Sabzevar National Airport,Iran,1,1,1,0.0002920560747663551,0.0,0.20201908502410076,0.20618055977171998,2.396139303030665e-05,2.0049964715239375e-05,1
AGA,Al Massira Airport,Morocco,21,20,22,0.006425233644859813,0.0002085318031548412,0.29219443199526335,0.30029180298877,0.024512584648801666,0.022249943957049087,19
AGB,Augsburg Airport,Germany,1,1,1,0.0002920560747663551,0.0,0.23586829459664524,0.24068036853295535,0.0009118503774015197,0.0009290505737112501,1
AGF,Agen-La Garenne Airport,France,2,2,2,0.0005841121495327102,0.0,0.23863105199958093,0.24344086021505376,0.0009672461794862013,0.0009807917166064202,2
AGH,Ängelholm-Helsingborg Airport,Sweden,2,2,2,0.0005841121495327102,1.064712785579066e-06,0.25407725475334114,0.2595933343525455,0.0014169431438032782,0.001438186747172765,2
AGM,?,?,5,5,5,0.0014602803738317756,0.002301637356966753,0.17280479365281617,0.17607715041219474,4.4595358890333865e-07,4.582496508929817e-07,1
AGN,Angoon Seaplane Base,United States,1,1,2,0.0005841121495327102,0.0002876193479513243,0.20686412007887423,0.21124657875093306,1.1214346875193672e-05,1.1297567910494902e-05,2
AGP,Málaga Airport,Spain,115,115,117,0.03417056074766355,0.002392533715102764,0.3159046536935092,0.3229671897289586,0.09380242441229934,0.09457871458936136,31
AGR,Agra Airport,India,2,2,3,0.0008761682242990653,0.0002876193479513243,0.2454571453637496,0.2507383343177791,0.0005853682807619222,0.0005881653426324079,2
AGS,Augusta Regional At Bush Field,United States,3,3,3,0.0008761682242990653,0.0,0.26361750572566234,0.26922467100047565,0.002484837485948444,0.002507243476859508,3
AGT,Guarani International Airport,Paraguay,2,2,2,0.0005841121495327102,0.0,0.25336001523050034,0.25882173614815945,0.0007352573329947192,0.0007421981671664633,2
AGU,Jesús Terán Paredo International Airport,Mexico,7,7,7,0.0020443925233644858,3.0383583634851668e-06,0.2828370428094854,0.28941537412647006,0.0044129527310625815,0.004382186200985978,7
AGX,Agatti Airport,India,1,1,1,0.0002920560747663551,0.0,0.22317135212541453,0.2273701124799143,0.00014632159778123265,0.0001480158089901333,1
AHB,Abha Regional Airport,Saudi Arabia,10,11,11,0.0032126168224299065,1.16115899097827e-06,0.278870483677038,0.284755995304377,0.00490356930683105,0.0046883535073730664,9
AHE,Ahe Airport,French Polynesia,3,2,3,0.0008761682242990653,8.532166951982329e-08,0.22252829321357423,0.22724839400428265,3.7461405513884725e-05,3.8081727294012e-05,2
AHN,Athens Ben Epps Airport,United States,1,1,1,0.0002920560747663551,0.0,0.23141391774398384,0.2367870589875889,0.0003944690353667601,0.0003976653682497902,1
AHO,Alghero-Fertilia Airport,Italy,31,31,31,0.009053738317757009,0.00013785273452742103,0.27931615103256524,0.28513853904282116,0.019380685728709213,0.019685287879892172,23
AHU,Cherif Al Idrissi Airport,Morocco,1,1,2,0.0005841121495327102,0.00028804595629892325,0.1961482409702403,0.2507383343177791,0.000929243158733918,1.3021298289888506e-05,2
AIA,Alliance Municipal Airport,United States,1,1,2,0.0005841121495327102,0.0002876193479513243,0.2515368671130259,0.25713636707806464,0.0007093427280538805,0.0007060918994832925,2
AIN,Wainwright Airport,United States,2,2,2,0.0005841121495327102,0.0,0.1834183772232073,0.18755177555641464,1.6231176337288993e-06,1.5052787914492843e-06,2
AIT,Aitutaki Airport,Cook Islands,1,2,2,0.0005841121495327102,0.0,0.22037226887160186,0.22503478894705453,2.2328097829215893e-05,2.2282202319477277e-05,2
AIU,Enua Airport,Cook Islands,2,1,2,0.0005841121495327102,0.0,0.22038689405536024,0.22503478894705453,2.2328097829215215e-05,2.260380942991526e-05,2
AJA,Ajaccio-Napoléon Bonaparte Airport,France,25,25,26,0.007593457943925233,0.0008235411820679652,0.2907108219930113,0.2978686080168406,0.020130736989838936,0.01975995857936625,18
AJF,Al-Jawf Domestic Airport,Saudi Arabia,2,2,2,0.0005841121495327102,0.0,0.25357282526161945,0.25969259004358797,0.0012388226174460328,0.00122829206604859,2
AJI,Ağrı Airport,Turkey,2,2,2,0.0005841121495327102,0.0,0.2698512692691507,0.27564935064935064,0.0021348202057998437,0.002160370697889114,2
AJL,Lengpui Airport,India,3,3,3,0.0008761682242990653,0.0,0.2258733314940939,0.23011248136603876,0.0001726521329522906,0.0001753060101098505,3
AJR,Arvidsjaur Airport,Sweden,1,1,1,0.0002920560747663551,0.0,0.2019453733657363,0.20606796116504855,1.947994013704048e-05,1.9928954034173574e-05,1
AJU,Santa Maria Airport,Brazil,8,8,8,0.002336448598130841,3.7174681627298213e-06,0.2543497027899945,0.25993111366245697,0.001488139817238608,0.0015043705624704256,7
AKB,Atka Airport,United States,1,1,1,0.0002920560747663551,0.0,0.0005257009345794393,,,,1
AKF,Kufra Airport,Libya,2,2,2,0.0005841121495327102,0.0,0.23128497838321274,0.23604643080558838,0.0003530720000414521,0.0003581800197175543,2
AKI,Akiak Airport,United States,2,2,2,0.0005841121495327102,1.7064333903964658e-07,0.15507563834996585,0.15819630129966927,2.0732594390940365e-08,2.1428718503719372e-08,2
AKJ,Asahikawa Airport,Japan,3,3,3,0.0008761682242990653,4.450332928442611e-08,0.2582061830049116,0.26376699029126216,0.0010768744334628008,0.0010896236492747302,3
AKK,Akhiok Airport,United States,1,1,1,0.0002920560747663551,0.0,0.1833778629204356,0.18737585521959832,1.4202559741088134e-06,1.4594748891366464e-06,1
AKL,Auckland International Airport,New Zealand,50,45,50,0.014602803738317755,0.014750210416132866,0.3127509624812741,0.3197439035872328,0.010545719987008994,0.010603403572747737,16
AKN,King Salmon Airport,United States,6,6,10,0.0029205607476635513,0.006321994424740827,0.22555115938505524,0.23058120586637698,0.00010066880376050285,0.00010251381029056158,2
AKP,Anaktuvuk Pass Airport,United States,3,2,3,0.0008761682242990653,0.00028804595629892347,0.20712216800512495,0.21150971599402094,1.1141595910216587e-05,1.137645386277918e-05,2
AKU,Aksu Airport,China,2,2,2,0.0005841121495327102,0.0,0.24273004309817764,0.24777469721289946,0.000592912183138628,0.0006041572082897148,2
AKV,Akulivik Airport,Canada,2,2,2,0.0005841121495327102,0.0009576908998959982,0.16724364019068133,0.1705076065672541,3.9023651222137114e-07,3.9201621836215707e-07,2
AKX,Aktobe Airport,Kazakhstan,4,4,4,0.0011682242990654205,0.0,0.2532247765461467,0.2583295298950251,0.0018126489278952284,0.001842202238300717,4
AKY,Sittwe Airport,Burma,2,2,2,0.0005841121495327102,0.0,0.2276852738859217,0.23209404045926735,0.0001478519642008624,0.00015031639742827202,2
ALA,Almaty Airport,Kazakhstan,45,45,45,0.013142523364485981,0.003068753918966799,0.31665774002347363,0.32379862700228834,0.026091986281920863,0.02628364734578223,23
ALB,Albany International Airport,United States,19,19,19,0.005549065420560747,0.0011513010681733424,0.28485072221874835,0.29170245662257344,0.01340181759631213,0.013499155231026507,17
ALC,Alicante International Airport,Spain,96,96,96,0.02803738317757009,0.0021673383748421946,0.30561289523524465,0.3124195032198712,0.06773547494044138,0.06854145299643738,31
ALF,Alta Airport,Norway,6,7,8,0.002336448598130841,0.0007511418266460319,0.24505864656676024,0.2502026081190599,0.001310113639594889,0.0013275694570370627,4
ALG,Houari Boumediene Airport,Algeria,65,65,67,0.019567757009345793,0.010418064442868372,0.3206323954452224,0.32795750845002414,0.04630510861570183,0.046412291242164096,30
ALH,Albany Airport,Australia,2,2,2,0.0005841121495327102,0.0,0.23070652491497626,0.23522892567707973,0.00012803963287928198,0.00012925999979552537,2
ALO,Waterloo Regional Airport,United States,1,1,1,0.0002920560747663551,0.0,0.26917319604654033,0.2751802933311725,0.001286136946605542,0.001300805273568333,1
ALS,San Luis Valley Regional Bergman Field,United States,2,2,2,0.0005841121495327102,0.0,0.25155592149277844,0.2571558382553385,0.000709456167813279,0.0007165494281523408,2
ALW,Walla Walla Regional Airport,United States,1,1,1,0.0002920560747663551,0.0,0.2585479383078611,0.26428015564202334,0.0006611696200997228,0.0006702015115181423,1
AMA,Rick Husband Amarillo International Airport,United States,5,6,6,0.0017523364485981306,1.4029859556136658e-06,0.27558420909760734,0.28292926768307924,0.0037860578721345332,0.003385359713157094,6
AMD,Sardar Vallabhbhai Patel International Airport,India,18,18,18,0.005257009345794392,2.14939789837619e-05,0.2880629527781201,0.29379704126654554,0.008618504946627229,0.008622525736264899,15
AMH,Arba Minch Airport,Ethiopia,2,1,2,0.0005841121495327102,0.0,0.2455478940865253,0.250886524822695,0.00047551789899218127,0.00047232689817301927,2
AMM,Queen Alia International Airport,Jordan,58,57,58,0.016939252336448597,0.001596710620818169,0.32862837403524675,0.3359382728261945,0.049378368546868286,0.04967395837509323,28
AMQ,"Pattimura Airport, Ambon",Indonesia,8,9,10,0.0029205607476635513,0.002928123850316258,0.23460188764579074,0.23962743437764605,0.000345486782344425,0.00034675161897877683,3
AMS,Amsterdam Airport Schiphol,Netherlands,231,232,248,0.07242990654205607,0.04265777892785808,0.38293239386833117,0.39305555555555555,0.16786030600040164,0.16591950416250772,31
ANC,Ted Stevens Anchorage International Airport,United States,34,34,34,0.009929906542056074,0.07020362618341769,0.29193755776933344,0.29904896090172595,0.006919718741027036,0.007000002682547726,10
ANF,Andrés Sabella Gálvez International Airport,Chile,6,5,6,0.0017523364485981306,1.2079281760506983e-05,0.2475983984212771,0.2531117239323247,0.0005701915117295826,0.0005693843251722316,4
ANG,Angoulême-Brie-Champniers Airport,France,1,1,1,0.0002920560747663551,0.0,0.19912392634323728,0.20300077709366968,9.00764892230446e-05,9.171194556392305e-05,1
ANI,Aniak Airport,United States,8,7,9,0.002628504672897196,0.005978637274147853,0.22562778364085936,0.2306438467807661,0.00010069087302470705,0.00010262141084825396,3
ANM,Antsirabato Airport,Madagascar,3,3,3,0.0008761682242990653,0.0,0.2268918912015693,0.2322368870956712,9.548723514910841e-05,8.164233561544231e-05,3
ANR,Antwerp International Airport (Deurne),Belgium,1,1,1,0.0002920560747663551,0.0,0.22826434696358044,0.23298572996706915,0.0004731625364512938,0.00048188335685819735,1
ANS,Andahuaylas Airport,Peru,1,1,1,0.0002920560747663551,0.0,0.24281878616745892,0.2481911861433896,0.0003294459880853251,0.00033029101316018174,1
ANU,V.C. Bird International Airport,Antigua and Barbuda,22,22,23,0.006717289719626168,0.0005405617856465984,0.2888647981581566,0.3030519364626093,0.012418953142555644,0.009929351787661952,13
ANV,Anvik Airport,United States,2,2,2,0.0005841121495327102,1.7064333903964658e-07,0.15478650692766702,0.15789473684210525,2.0940873734394434e-08,2.1695960649450745e-08,2
ANX,Andøya Airport,Norway,4,3,4,0.0011682242990654205,2.8440556506607763e-08,0.2090256007821595,0.21351776171015405,0.0001717645276064921,0.00017508922440044098,3
AOE,Anadolu Airport,Turkey,1,1,1,0.0002920560747663551,0.0,0.25774524368411733,0.26313342631334263,0.0017601083191550594,0.0017663429195414724,1
AOG,Anshan Air Base,China,2,2,2,0.0005841121495327102,0.0,0.2706209534370604,0.27670496211195306,0.0020401479797741854,0.0020639999697355973,2
AOI,Ancona Falconara Airport,Italy,10,10,10,0.0029205607476635513,7.070449664937227e-06,0.27613418589939864,0.28220043210902446,0.010452080491922554,0.010599593387184952,10
AOJ,Aomori Airport,Japan,5,5,5,0.0014602803738317756,0.00010576160882549613,0.2673743735608831,0.2728806749698674,0.0014359625217979977,0.0014085826323643102,4
AOK,Karpathos Airport,Greece,4,3,4,0.0011682242990654205,0.00040202875895561967,0.27070919700221474,0.27616491827274947,0.004005105150310421,0.004049119098255286,3
AOO,Altoona Blair County Airport,United States,2,2,2,0.0005841121495327102,0.0,0.26305368501474713,0.2695879971421767,0.001118185718263828,0.001094393626585451,2
AOQ,?,?,1,1,1,0.0002920560747663551,0.0,0.14725687196249249,0.14996688010598366,6.432662673757944e-09,6.664315958403737e-09,1
AOR,Sultan Abdul Halim Airport,Malaysia,2,2,2,0.0005841121495327102,6.021482449109641e-07,0.25000299026019485,0.2554920252783629,0.0005611706689642362,0.0005639214301217197,2
AOS,?,?,1,1,2,0.0005841121495327102,0.00028778999129036397,0.1834663816382567,0.18739653459883016,1.420547117990058e-06,,1
APF,Naples Municipal Airport,United States,1,1,1,0.0002920560747663551,0.0,0.2543107458742662,0.2609898555179834,0.0009340445084608221,0.0009081180472341487,1
APL,Nampula Airport,Mozambique,7,7,7,0.0020443925233644858,0.00035866674984726566,0.25357282526161945,0.2591575091575092,0.0009675897477401221,0.0009381237054230442,4
APN,Alpena County Regional Airport,United States,2,2,2,0.0005841121495327102,0.0,0.2591937027494668,0.26527105139821905,0.0014886152597264242,0.001502933567462054,2
APO,Antonio Roldan Betancourt Airport,Colombia,2,2,2,0.0005841121495327102,0.0,0.23888854899835754,0.2446333381357153,0.0003820043926704963,0.00038410651327239973,2
APW,Faleolo International Airport,Samoa,5,3,5,0.0014602803738317756,8.046733229858999e-07,0.26185063236288975,0.2671281365531346,0.0009534356244712347,0.000949108645791869,5
AQA,Araraquara Airport,Brazil,1,1,1,0.0002920560747663551,0.0,0.20540543821526372,0.20953908804837415,3.966025484628538e-05,4.034108387104622e-05,1
AQG,Anqing Tianzhushan Airport,China,7,7,7,0.0020443925233644858,6.320123668135058e-09,0.27363132165673765,0.2799901063566658,0.0028219952027045163,0.002861141037885597,7
AQI,Al Qaisumah/Hafr Al Batin Airport,Saudi Arabia,2,2,2,0.0005841121495327102,0.0,0.25357282526161945,0.25969259004358797,0.0012388226174460328,0.00122829206604859,2
AQJ,Aqaba King Hussein International Airport,Jordan,2,2,2,0.0005841121495327102,0.0,0.27121771640200654,0.2769306042567072,0.0025586007185027563,0.0025883726293497475,2
AQP,Rodríguez Ballón International Airport,Peru,5,5,5,0.0014602803738317756,2.1224781027216983e-06,0.2431566024475484,0.24853629976580796,0.0003693258129115299,0.0003700049198360449,3
ARC,Arctic Village Airport,United States,1,1,1,0.0002920560747663551,0.0,0.14585978475979128,0.14869302508866414,2.3208658523342685e-09,2.4091219037131305e-09,1
ARH,Talagi Airport,Russia,6,6,6,0.0017523364485981306,0.0011401599409324914,0.2599444007535161,0.26554069903823596,0.0023458142314476136,0.0023849380747306462,3
ARI,Chacalluta Airport,Chile,3,4,4,0.0011682242990654205,3.020572421622616e-05,0.2418813984722972,0.24689203925845146,0.00026319220069042374,0.0002531480371918939,4
ARK,Arusha Airport,Tanzania,1,1,2,0.0005841121495327102,0.0,0.22320135230717625,0.23563696919233973,0.00021084197307355044,0.0001043769368152779,2
ARM,Armidale Airport,Australia,1,1,1,0.0002920560747663551,0.0,0.2469906820101278,0.2540204951754058,0.000267067589724528,0.0002575989240510622,1
ARN,Stockholm-Arlanda Airport,Sweden,123,123,124,0.036214953271028034,0.01885802414054572,0.34220833879082524,0.3503920759389187,0.09502690288577167,0.09564428045891049,31
ART,Watertown International Airport,United States,2,2,2,0.0005841121495327102,0.0,0.27132851700516125,0.2773376888525929,0.0022895753023232375,0.002313342202880801,2
ARU,Araçatuba Airport,Brazil,2,2,2,0.0005841121495327102,3.5089267578667273e-06,0.2537665993906593,0.259236641221374,0.000729426238537757,0.0007370746107170845,2
ARW,Arad International Airport,Romania,1,1,1,0.0002920560747663551,0.0,0.22067980592943703,0.22521387359904502,0.0006968875861327172,0.0007122110973093151,1
ASB,Ashgabat International Airport,Turkmenistan,11,11,11,0.0032126168224299065,5.4641986446580596e-05,0.3012600670984458,0.30752512904102147,0.011727782380625601,0.011851279794601379,10
ASE,Aspen-Pitkin Co/Sardy Field,United States,2,2,2,0.0005841121495327102,0.0,0.276502058253636,0.28285857071464265,0.0017804824386206729,0.0018006385315577085,2
ASF,Astrakhan Airport,Russia,7,7,7,0.0020443925233644858,7.817093631933597e-07,0.2668372615207849,0.27246469833119386,0.004688776198385712,0.004767120792895355,7
ASJ,Amami Airport,Japan,2,2,2,0.0005841121495327102,0.0,0.24789412657705046,0.25288554620597214,0.00035888696379571776,0.00036449361576881606,2
ASM,Asmara International Airport,Eritrea,8,7,9,0.002628504672897196,0.00028995730332715075,0.2621193243054833,0.2680558844423396,0.0026479859903477303,0.0024318960325764795,8
ASO,Asosa Airport,Ethiopia,2,1,2,0.0005841121495327102,0.0,0.2455478940865253,0.250886524822695,0.00047551789899218084,0.00047232689817301927,2
ASP,Alice Springs Airport,Australia,8,8,8,0.002336448598130841,3.94493607492608e-06,0.2516321678886238,0.25682522876805564,0.0009032154883596781,0.0009017101794052406,7
ASR,Kayseri Erkilet Airport,Turkey,5,5,5,0.0014602803738317756,5.4992023084830764e-08,0.2842655127226646,0.2908530318602261,0.007463052887434964,0.007530636929358738,5
ASU,Silvio Pettirossi International Airport,Paraguay,10,10,10,0.0029205607476635513,0.00012660390373949902,0.26843341036506085,0.27420266451352443,0.0031776261901979392,0.0031499686878734435,8
ASV,Amboseli Airport,Kenya,1,1,1,0.0002920560747663551,0.0,0.18109776515385112,0.18463545914206492,1.3709031283098972e-06,1.3341907751814687e-06,1
ASW,Aswan International Airport,Egypt,3,3,3,0.0008761682242990653,0.0005756653042502478,0.25923417015036443,0.26504331538281434,0.0015334907651948918,0.0015272859911285395,2
ATA,Comandante FAP German Arias Graziani Airport,Peru,1,1,1,0.0002920560747663551,0.0,0.24281878616745892,0.2481911861433896,0.0003294459880853251,0.00033029101316018174,1
ATC,Arthur's Town Airport,Bahamas,2,2,2,0.0005841121495327102,0.0,0.23240182795340247,0.23819877954688926,0.0002752171486355697,0.0002790936732580613,2
ATD,Uru Harbour Airport,Solomon Islands,1,1,1,0.0002920560747663551,0.0,0.19597460723671692,0.19956514074161133,3.85418053706812e-06,3.91719377667212e-06,1
ATH,Eleftherios Venizelos International Airport,Greece,102,104,104,0.03037383177570093,0.010587454719355651,0.3263675400123998,0.3336280577659888,0.0866225761120091,0.08724878532192623,31
ATK,Atqasuk Edward Burnell Sr Memorial Airport,United States,2,2,2,0.0005841121495327102,0.0,0.1834183772232073,0.18755177555641464,1.6231176337271353e-06,1.5052787914492843e-06,2
ATL,Hartsfield Jackson Atlanta International Airport,United States,216,217,217,0.06337616822429906,0.029395763769366787,0.3576510198843477,0.3660666163630484,0.08108337323863894,0.08122557304148526,30
ATM,Altamira Airport,Brazil,2,3,3,0.0008761682242990653,6.820592108911252e-05,0.20889411333120514,0.21347749559969825,3.5428757210503806e-05,3.5523645823200425e-05,3
ATQ,Sri Guru Ram Dass Jee International Airport,India,6,6,6,0.0017523364485981306,6.721445093878389e-06,0.27224050824939894,0.27760974413471756,0.0031145253601542544,0.003129231087376039,5
ATT,?,?,2,2,3,0.0008761682242990653,4.2660834759911645e-08,0.18400785280801066,0.18787342332374418,1.46923513956248e-06,1.4632367670864485e-06,3
ATW,Appleton International Airport,United States,7,7,7,0.0020443925233644858,2.334120621261803e-05,0.2783328907573689,0.2844459334952676,0.004813154148178539,0.004853063838968949,7
ATY,Watertown Regional Airport,United States,2,2,2,0.0005841121495327102,3.7272452476849235e-06,0.2506067255019371,0.2565148425107637,0.0007003431443467615,0.0007071690963138797,2
ATZ,Assiut International Airport,Egypt,5,5,5,0.0014602803738317756,0.0,0.26160309749694094,0.2671281365531346,0.0028555055209994696,0.0028455330776425846,5
AUA,Queen Beatrix International Airport,Aruba,25,25,25,0.007301401869158878,0.0008849984821196168,0.2964990821094793,0.3038382392412991,0.016158729518084298,0.016200636319179833,17
AUC,Santiago Perez Airport,Colombia,1,1,1,0.0002920560747663551,0.0,0.2388370051514793,0.24458048253510983,0.00037611674029137406,0.0003781347983375107,1
AUG,Augusta State Airport,United States,1,1,1,0.0002920560747663551,0.0,0.25429127189112244,0.25979192166462667,0.000859486101437896,0.0008682246149294949,1
AUH,Abu Dhabi International Airport,United Arab Emirates,89,87,90,0.026285046728971962,0.008194986538949777,0.3556591752839422,0.3634417808219178,0.06158201754709037,0.06174091793565152,29
AUK,Alakanuk Airport,United States,2,2,2,0.0005841121495327102,2.6876325898744335e-06,0.15513359430188584,0.15825527750594157,4.106814971989567e-08,4.2506653578149435e-08,2
AUQ,Hiva Oa-Atuona Airport,French Polynesia,4,4,4,0.0011682242990654205,0.0005753240175721683,0.22255812074433134,0.22727881140409584,3.695563155454491e-05,3.757145700726071e-05,3
AUR,Aurillac Airport,France,1,1,1,0.0002920560747663551,0.0,0.23861390526882,0.2434234105082073,0.0009493313442080118,0.0009625777302789628,1
AUS,Austin Bergstrom International Airport,United States,41,42,42,0.012266355140186916,0.0001525422269775985,0.30968849385677216,0.31649580615097855,0.027194215388209705,0.027087451809808524,30
AUU,Aurukun Airport,Australia,2,2,3,0.0008761682242990653,4.2660834759911645e-08,0.21896279306515679,0.22331820871966857,5.0700192772650564e-05,5.08096681716824e-05,3
AUX,Araguaína Airport,Brazil,3,3,3,0.0008761682242990653,3.668831789352402e-07,0.22832712593689275,0.23336998350742166,0.00012612966222657964,0.00012761324598084477,3
AUY,Aneityum Airport,Vanuatu,1,1,1,0.0002920560747663551,0.0,0.16694935999327173,0.16997847740127134,1.378947110425885e-07,1.3894999072328405e-07,1
AVA,Anshun Huangguoshu Airport,China,3,3,3,0.0008761682242990653,0.0,0.2566694790250555,0.2623812099204203,0.0008916505226901621,0.000906696572074603,3
AVL,Asheville Regional Airport,United States,8,8,8,0.002336448598130841,3.7525936690365385e-05,0.2783795556732474,0.28446976042888256,0.0048143771694990215,0.004849688101742221,8
AVN,Avignon-Caumont Airport,France,2,2,2,0.0005841121495327102,5.281817636941441e-08,0.22521463001872963,0.23026851098454026,0.0003888050191224389,0.00038825080264153107,2
AVP,Wilkes Barre Scranton International Airport,United States,6,6,6,0.0017523364485981306,7.697730180946906e-06,0.27882365404082016,0.2848754299135979,0.005177039744322347,0.005214105176277094,6
AVV,Avalon Airport,Australia,1,1,1,0.0002920560747663551,0.0,0.2469906820101278,0.2540204951754058,0.000267067589724528,0.0002575989240510622,1
AWD,Aniwa Airport,Vanuatu,2,2,2,0.0005841121495327102,0.0,0.16695775362625281,0.1699869856842527,1.3989750363805954e-07,1.4098487659758404e-07,2
AWZ,Ahwaz Airport,Iran,13,13,14,0.0040887850467289715,0.0004069656977068031,0.2785196443534486,0.2843982916003685,0.0033408410627649566,0.0030666581749451407,8
AXA,Clayton J Lloyd International Airport,Anguilla,4,4,4,0.0011682242990654205,1.869803475085725e-08,0.23881982881166255,0.2450039679676791,0.0009612907368630243,0.0009303282491243957,4
AXD,Dimokritos Airport,Greece,2,2,2,0.0005841121495327102,0.0,0.2452034054217063,0.2502394812467762,0.0012605383782282932,0.001280214642853455,2
AXK,Ataq Airport,Yemen,1,1,1,0.0002920560747663551,0.0,0.22327638806065814,0.22779715588945532,0.0001665295443203448,0.00016078988279686178,1
AXM,El Eden Airport,Colombia,2,2,2,0.0005841121495327102,0.0,0.2527621951306263,0.2579958975917344,0.0009544752448085594,0.0009629267800829107,2
AXP,Spring Point Airport,Bahamas,2,2,2,0.0005841121495327102,0.0,0.23240182795340247,0.23819877954688926,0.0002752171486355698,0.0002790936732580613,2
AXR,Arutua Airport,French Polynesia,1,1,2,0.0005841121495327102,0.0002876193479513243,0.2224984736767952,0.22721798474508229,3.692444859323816e-05,3.699740820407741e-05,2
AXT,Akita Airport,Japan,5,5,5,0.0014602803738317756,5.661320876166973e-07,0.26735284756671507,0.27285874979913227,0.0016563836380110548,0.0016326954287217293,5
AXU,Axum Airport,Ethiopia,2,2,2,0.0005841121495327102,9.581623487076359e-05,0.2455478940865253,0.250886524822695,0.0004757129355392074,0.00046589773854125626,2
AYP,Coronel FAP Alfredo Mendivil Duarte Airport,Peru,1,1,1,0.0002920560747663551,0.0,0.24281878616745892,0.2481911861433896,0.0003294459880853251,0.00033029101316018174,1
AYQ,Ayers Rock Connellan Airport,Australia,3,3,3,0.0008761682242990653,0.0,0.2475245765970608,0.2545727136431784,0.00032924668175577455,0.0003206899477143638,3
AYT,Antalya International Airport,Turkey,64,63,65,0.018983644859813083,0.0009019105848712429,0.3022471757191379,0.3091206990715456,0.05173556598681625,0.052187952749261975,31
AZA,Phoenix-Mesa-Gateway Airport,United States,32,32,32,0.009345794392523364,0.0006239518602588184,0.25341801889699084,0.2588611936885433,0.0027241253973552056,0.002762044706758175,9
AZD,Shahid Sadooghi Airport,Iran,4,4,5,0.0014602803738317756,2.7438678088576864e-07,0.25341801889699084,0.25897963852665296,0.0010872684651814402,0.0008262181315384052,5
AZI,Bateen Airport,United Arab Emirates,4,4,4,0.0011682242990654205,0.001151159965161456,0.2764560206148991,0.28210666223625186,0.001508172661885772,0.0015052822172333883,2
AZN,Andizhan Airport,Uzbekistan,3,3,3,0.0008761682242990653,0.0,0.255740448180683,0.2608695652173913,0.0025045078474032387,0.0025230730378466484,3
AZO,Kalamazoo Battle Creek International Airport,United States,4,4,4,0.0011682242990654205,0.0,0.27707882516697274,0.2831651796881514,0.003935553330788554,0.003976096994241543,4
AZR,Touat Cheikh Sidi Mohamed Belkebir Airport,Algeria,5,6,6,0.0017523364485981306,0.0005759767283439951,0.24205770971835908,0.24714358489192925,0.0010778462329207581,0.0010788095068610796,3
AZS,Samaná El Catey International Airport,Dominican Republic,5,4,5,0.0014602803738317756,1.968700735609686e-06,0.27952775417728687,0.2861235150391777,0.004292666768573646,0.004288190749697601,5
BAH,Bahrain International Airport,Bahrain,40,40,41,0.01197429906542056,0.0003560482447696544,0.31119761218500314,0.31759094734873283,0.024633404800152248,0.024587188509182817,22
BAL,Batman Airport,Turkey,3,3,3,0.0008761682242990653,5.4992023084830764e-08,0.2710406235411499,0.27679517483087457,0.0030745909251088544,0.0031175215228868786,3
BAQ,Ernesto Cortissoz International Airport,Colombia,6,6,6,0.0017523364485981306,4.465607462247722e-06,0.2564316385811713,0.26230014675214336,0.0019436919083774898,0.0019221682673187044,6
BAV,Baotou Airport,China,17,17,17,0.004964953271028037,8.58421621777056e-06,0.2756070810545413,0.2820129546586946,0.00515398646576079,0.005235468268606682,15
BAX,Barnaul Airport,Russia,2,2,2,0.0005841121495327102,4.5004836669796894e-08,0.2641417212556608,0.2697378872120731,0.0024561159485541016,0.002497557085659243,2
BAY,Tautii Magheraus Airport,Romania,1,1,1,0.0002920560747663551,0.0,0.23820312170046395,0.24312714776632302,0.0009360428926585408,0.0009549816537581393,1
BAZ,Barcelos Airport,Brazil,1,1,1,0.0002920560747663551,0.0,0.20897298594337474,0.21345065996228788,4.0273751492918694e-05,4.046885234895834e-05,1
BBA,Balmaceda Airport,Chile,3,3,3,0.0008761682242990653,0.0,0.24138909061758873,0.24642623902474423,0.00023209582089416694,0.00023071386481586246,3
BBI,Biju Patnaik Airport,India,6,7,7,0.0020443925233644858,6.183484630689397e-06,0.255977007602418,0.261572826003235,0.0019457323061207873,0.0019496131874918198,6
BBK,Kasane Airport,Botswana,3,3,3,0.0008761682242990653,0.0,0.2510424644410469,0.2563405797101449,0.0005070479149067192,0.0005059667072280227,3
BBN,Bario Airport,Malaysia,2,2,2,0.0005841121495327102,0.0,0.20831752836247214,0.21271531475101785,2.7326361294560705e-05,2.7894824640486736e-05,2
BBO,Berbera Airport,Somalia,5,6,7,0.0020443925233644858,0.0005861118459457804,0.2768709120915598,0.2831651796881514,0.0020921954989477688,0.0016398861699582362,6
BCD,Bacolod-Silay Airport,Philippines,4,4,4,0.0011682242990654205,0.0,0.24467946652123254,0.2496508123208116,0.0004213414821875834,0.00042712531086967184,4
BCI,Barcaldine Airport,Australia,1,1,2,0.0005841121495327102,0.0,0.24230497771807138,0.24696385717402372,0.00015035603661986538,0.00014949381950618836,2
BCN,Barcelona International Airport,Spain,163,163,163,0.04760514018691588,0.010295841255611188,0.34541187015042313,0.35283116883116883,0.1281338599302456,0.12945588543819647,31
BCV,?,?,5,5,5,0.0014602803738317756,4.2660834759911645e-08,0.22605784340545734,0.23114620201470187,0.00012798904086826058,0.0001284643644308911,4
BDA,L.F. Wade International International Airport,Bermuda,8,8,8,0.002336448598130841,2.8658891033949104e-06,0.28974694351506575,0.2968790978232363,0.009735230971308713,0.009790419048714753,8
BDB,Bundaberg Airport,Australia,1,1,1,0.0002920560747663551,0.0,0.24228729896586665,0.2469279429942558,0.0001481706100583509,0.00014949381950618836,1
BDH,Bandar Lengeh Airport,Iran,2,2,2,0.0005841121495327102,0.0,0.2768016770547777,0.2824586209764618,0.0015894746437201315,0.0015836636736244415,2
BDJ,Syamsudin Noor Airport,Indonesia,8,8,8,0.002336448598130841,5.5429509100055645e-05,0.23428740790363822,0.23930660277640758,0.0004243071023417754,0.00042728735001753925,6
BDL,Bradley International Airport,United States,26,26,26,0.007593457943925233,1.5140304263527717e-05,0.2999268171627681,0.307664431962312,0.018696848740623162,0.018792881937258532,24
BDO,Husein Sastranegara International Airport,Indonesia,9,9,9,0.002628504672897196,2.943491247110691e-05,0.2566298083173236,0.26225963394856744,0.0015554348180305752,0.0015740946266832453,7
BDP,Bhadrapur Airport,Nepal,1,1,1,0.0002920560747663551,0.0,0.2299715872317291,0.23454658470888873,0.00019511829503492296,0.00019726593822198737,1
BDQ,Vadodara Airport,India,2,2,2,0.0005841121495327102,0.0,0.25520978478528805,0.2607894332667793,0.0012887105621571797,0.0013005363292693918,2
BDS,Brindisi – Salento Airport,Italy,19,19,19,0.005549065420560747,4.7652276705045686e-06,0.2775419740598553,0.2836855734692173,0.01832359854156052,0.018554348269618628,19
BDU,Bardufoss Airport,Norway,1,1,1,0.0002920560747663551,0.0,0.24467946652123254,0.2497793468667255,0.0011890702272005255,0.0012077210654029703,1
BEB,Benbecula Airport,United Kingdom,2,2,2,0.0005841121495327102,0.0,0.23906052261364683,0.244439645864824,0.0007519874689978489,0.0007533201504329351,2
BEG,Belgrade Nikola Tesla Airport,Serbia,52,52,52,0.015186915887850466,0.0005863824190458132,0.3111101479882114,0.31836505109215335,0.052310038603230406,0.05294595457511066,31
BEJ,Kalimarau Airport,Indonesia,1,1,1,0.0002920560747663551,0.0,0.2039546566531242,0.2081392498161314,2.6502026806864425e-05,2.698861876069605e-05,1
BEL,Val de Cans/Júlio Cezar Ribeiro International Airport,Brazil,18,18,19,0.005549065420560747,0.004258824206745128,0.2650482655939156,0.27126767313683203,0.002396964015467625,0.0023852642555751125,7
BEN,Benina International Airport,Libya,12,12,12,0.003504672897196261,0.00011897144886864155,0.27747240304363036,0.28361449807917155,0.007404683479104313,0.007448125605715502,9
BES,Brest Bretagne Airport,France,11,11,11,0.0032126168224299065,3.5535268468858128e-06,0.2841438966053023,0.29025641025641025,0.010154809229034745,0.010303957887580664,11
BET,Bethel Airport,United States,21,22,29,0.008469626168224298,0.017804185118899737,0.22624265701227472,0.2312878839474222,9.96893948104069e-05,0.00010135736150365322,3
BEU,Bedourie Airport,Australia,2,2,2,0.0005841121495327102,0.00034603348051362047,0.16315170087580663,0.16607169054721502,6.093778797418315e-08,6.26895825166011e-08,2
BEW,Beira Airport,Mozambique,6,6,6,0.0017523364485981306,7.320591653604053e-05,0.2515368671130259,0.2568446528513084,0.0005638653389537428,0.0005628697347051751,4
BEY,Beirut Rafic Hariri International Airport,Lebanon,44,45,45,0.013142523364485981,0.00034836169710749076,0.3095441573104184,0.31593636617359755,0.03612766956488681,0.03605795769405647,25
BFD,Bradford Regional Airport,United States,2,2,2,0.0005841121495327102,0.0,0.23165606694287885,0.23713427833251868,0.0004263259351575883,0.0004315387526685045,2
BFF,Western Neb. Rgnl/William B. Heilig Airport,United States,1,1,1,0.0002920560747663551,0.0,0.25151781561964465,0.2571168988491823,0.0006991876764882943,0.0007060918994832925,1
BFI,Boeing Field King County International Airport,United States,2,2,3,0.0008761682242990653,4.2660834759911643e-07,0.000657126168224299,,,,2
BFJ,Bijie Feixiong Airport,China,7,7,7,0.0020443925233644858,2.647490795087466e-07,0.2579855282493915,0.26368506871651526,0.0016667800546916317,0.0016964947384958023,7
BFL,Meadows Field,United States,5,5,5,0.0014602803738317756,0.0,0.28300577123113757,0.28946471189907946,0.0041050128801723785,0.0041516134074934315,5
BFN,Bram Fischer International Airport,South Africa,3,3,3,0.0008761682242990653,0.0,0.25106144398776503,0.25635993055031325,0.0006375771182966925,0.0006202776586394195,3
BFQ,?,?,1,1,2,0.0005841121495327102,0.0002876193479513243,0.1596226552406349,0.1629480351230747,1.1464145531825513e-07,1.1486660439540502e-07,2
BFS,Belfast International Airport,United Kingdom,27,29,29,0.008469626168224298,2.5850374898782853e-05,0.29700292635955355,0.304519368723099,0.02978323867625043,0.02884768243589044,26
BFV,Buri Ram Airport,Thailand,1,1,1,0.0002920560747663551,0.0,0.21528620548629937,0.21970628194345604,0.00010243650143145599,0.00010462235751648968,1
BGA,Palonegro Airport,Colombia,3,3,3,0.0008761682242990653,0.0,0.24737706493043565,0.2529797377830751,0.0009274716126205009,0.0009319821677818303,3
BGF,Bangui M'Poko International Airport,Central African Republic,2,3,4,0.0011682242990654205,0.0,0.2794571841812815,0.28663065496286294,0.003443893883290564,0.002432751442202422,4
BGG,Bingöl Çeltiksuyu Airport,Turkey,2,2,2,0.0005841121495327102,0.0,0.2698512692691507,0.27564935064935064,0.0021348202057998437,0.002160370697889114,2
BGI,Sir Grantley Adams International Airport,Barbados,18,17,19,0.005549065420560747,0.0010664953895570591,0.290228082470387,0.3041103250649234,0.011256533583606586,0.008853387034417133,11
BGM,Greater Binghamton/Edwin A Link field,United States,3,3,3,0.0008761682242990653,0.0,0.26754670638302996,0.27393724288134225,0.00290404337172323,0.002897240000733321,3
BGO,Bergen Airport Flesland,Norway,49,49,49,0.0143107476635514,0.002428904898293187,0.30169798488472505,0.3085029069767442,0.03916202568850706,0.039666445302343714,28
BGR,Bangor International Airport,United States,6,6,6,0.0017523364485981306,7.356914620542604e-06,0.2623263859409249,0.26795013413287044,0.002854582298116867,0.0028672729819414085,6
BGW,Baghdad International Airport,Iraq,13,13,13,0.0037967289719626164,1.4687406834383638e-05,0.2887392156878678,0.29471491799010674,0.010852304918969921,0.010950250354827997,13
BGY,Il Caravaggio International Airport,Italy,80,80,80,0.02336448598130841,0.0018727099834033977,0.28438723299016594,0.2906538856555974,0.04867844720449061,0.04934478140287454,31
BHB,Hancock County-Bar Harbor Airport,United States,1,1,1,0.0002920560747663551,0.0,0.25429127189112244,0.25979192166462667,0.000859486101437896,0.0008682246149294949,1
BHD,George Best Belfast City Airport,United Kingdom,18,18,18,0.005257009345794392,1.6732673302536373e-05,0.28546288314503293,0.2914271003175148,0.014568123694011819,0.014698945918007194,15
BHE,Woodbourne Airport,New Zealand,3,3,3,0.0008761682242990653,0.0,0.237487643540454,0.2423982869379015,0.00018659884674408344,0.00018908506333917174,3
BHH,Bisha Airport,Saudi Arabia,3,3,3,0.0008761682242990653,0.0,0.2540189489502156,0.2600903729800107,0.0015476764248425064,0.0015383949379435865,3
BHI,Comandante Espora Airport,Argentina,3,3,3,0.0008761682242990653,1.4535501758856995e-07,0.2051136330837658,0.20930662557781202,3.081896975087931e-05,3.097704059331785e-05,2
BHJ,Bhuj Airport,India,1,1,1,0.0002920560747663551,0.0,0.24542086465347485,0.2506828080017716,0.0005616565962610849,0.0005646133186782118,1
BHK,Bukhara Airport,Uzbekistan,4,3,4,0.0011682242990654205,0.0,0.2557601447648004,0.26088960589997695,0.0025965209445255144,0.0026160639325429193,4
BHM,Birmingham-Shuttlesworth International Airport,United States,20,20,20,0.005841121495327103,1.1673906554409811e-05,0.2889150617388349,0.29682720041954375,0.013458996946809418,0.013519143140195927,18
BHO,Raja Bhoj International Airport,India,3,2,3,0.0008761682242990653,0.0,0.2552293997099507,0.260809461638891,0.0013134971017915009,0.0013248962635214882,3
BHQ,Broken Hill Airport,Australia,4,4,4,0.0011682242990654205,8.674369734515369e-07,0.24721132432265078,0.25424870854233733,0.00034801885490626076,0.00033940298285379427,3
BHR,Bharatpur Airport,Nepal,1,1,1,0.0002920560747663551,0.0,0.2299715872317291,0.23454658470888873,0.00019511829503492296,0.00019726593822198737,1
BHS,Bathurst Airport,Australia,2,2,2,0.0005841121495327102,0.0,0.24700905382521335,0.2540394973070018,0.0002709464984014808,0.000261371392098288,2
BHU,Bhavnagar Airport,India,1,1,1,0.0002920560747663551,0.0,0.24542086465347485,0.2506828080017716,0.0005616565962610849,0.0005646133186782118,1
BHV,Bahawalpur Airport,Pakistan,4,3,4,0.0011682242990654205,0.0,0.24493212270439357,0.2497609766860337,0.0010261026032593154,0.0009769404345407494,4
BHX,Birmingham International Airport,United Kingdom,81,81,81,0.023656542056074766,0.0012687819794044357,0.3155444431419772,0.32299790755183566,0.06713774685546295,0.06768505125228567,31
BHY,Beihai Airport,China,15,15,15,0.004380841121495327,1.3978463788695205e-06,0.2755613409365337,0.2819427148194272,0.005060792583197576,0.005125822852149871,14
BIA,Bastia-Poretta Airport,France,23,23,23,0.006717289719626168,0.0001491358025058252,0.29101653839507213,0.29729493127899853,0.023785893194285816,0.024026324712965567,20
BIK,Frans Kaisiepo Airport,Indonesia,2,2,2,0.0005841121495327102,0.0,0.2042808636581058,0.20847145488029467,3.07595974864696e-05,3.129341040139182e-05,2
BIL,Billings Logan International Airport,United States,12,12,12,0.003504672897196261,0.0028831008634055163,0.2658971670771213,0.2717887154861945,0.0036701912256744706,0.0037127069680698626,7
BIM,South Bimini Airport,Bahamas,1,1,1,0.0002920560747663551,0.0,0.2416349937878315,0.2471076184239249,0.0005783585045171854,0.0005847919817454,1
BIO,Bilbao Airport,Spain,35,35,35,0.01022196261682243,6.44469334810273e-05,0.30266038275849144,0.30945872061235646,0.045090210714490195,0.04555070117838885,30
BIQ,Biarritz-Anglet-Bayonne Airport,France,13,13,13,0.0037967289719626164,1.1163561921958081e-05,0.28684371768387046,0.29306178805661026,0.013601453811489646,0.013761380535822218,13
BIR,Biratnagar Airport,Nepal,1,1,1,0.0002920560747663551,0.0,0.2299715872317291,0.23454658470888873,0.00019511829503492296,0.00019726593822198737,1
BIS,Bismarck Municipal Airport,United States,5,5,5,0.0014602803738317756,9.190575952966397e-06,0.25840710603269534,0.2645065815094634,0.0022669763497955376,0.0022798870867080418,5
BJA,Soummam Airport,Algeria,4,4,4,0.0011682242990654205,0.0,0.25081493350650813,0.25624386931260845,0.003449143448226947,0.0035036300667153873,4
BJB,Bojnord Airport,Iran,1,1,1,0.0002920560747663551,0.0,0.20201908502410076,0.20618055977171998,2.396139303030665e-05,2.0049964715239375e-05,1
BJF,Båtsfjord Airport,Norway,3,5,5,0.0014602803738317756,3.8902618364395617e-07,0.17248167660240837,0.17603151565415717,4.30988021718453e-06,2.29001935800576e-06,4
BJI,Bemidji Regional Airport,United States,1,1,1,0.0002920560747663551,0.0,0.250531099179643,0.25643736313524124,0.0006901878559172552,0.000696828342497343,1
BJL,Banjul International Airport,Gambia,7,7,7,0.0020443925233644858,6.816806327237815e-06,0.25976139859403696,0.2656030032848428,0.004338652975283738,0.004317353221276906,6
BJM,Bujumbura International Airport,Burundi,4,3,4,0.0011682242990654205,1.028246866509658e-06,0.2637221823083043,0.26920332936979785,0.00250539739874001,0.0023944194457126387,4
BJR,Bahir Dar Airport,Ethiopia,1,2,2,0.0005841121495327102,9.581623487076359e-05,0.24552973897420838,0.250886524822695,0.0004757129355392074,0.00046560662901379946,2
BJV,Milas Bodrum International Airport,Turkey,20,21,21,0.006133177570093458,3.104054190548052e-05,0.2895195919464837,0.29610253727439184,0.021157303775818058,0.020732375760632832,20
BJX,Del Bajío International Airport,Mexico,10,10,10,0.0029205607476635513,5.768969250394955e-06,0.28696765637972416,0.29374621572528326,0.006828683284189706,0.006822293866675414,9
BJZ,Badajoz Airport,Spain,2,2,2,0.0005841121495327102,0.0,0.27128418590198256,0.27722448979591835,0.0035947541349122766,0.0036474117042568687,2
BKC,Buckland Airport,United States,2,2,2,0.0005841121495327102,0.0,0.18370247937302475,0.18756213409919364,1.4637521107785848e-06,1.5045155955419837e-06,2
BKG,Branson Airport,United States,4,4,4,0.0011682242990654205,6.564680077270926e-07,0.25212889830887314,0.25774134790528236,0.0015105101213599285,0.0014954809336909715,4
BKI,Kota Kinabalu International Airport,Malaysia,30,30,30,0.008761682242990653,0.0030162818454116157,0.28385244205711324,0.29013242204186246,0.0076048064406948135,0.00765162870020832,14
BKK,Suvarnabhumi Airport,Thailand,121,121,122,0.035630841121495324,0.022200815019184115,0.34805468185999033,0.3553788195897865,0.06354199247192094,0.06379374631949955,28
BKM,Bakalalan Airport,Malaysia,1,1,1,0.0002920560747663551,0.0,0.18019370121146933,0.183736406427528,1.944387476105076e-06,1.9909727050139583e-06,1
BKO,Modibo Keita International Airport,Mali,16,16,16,0.004672897196261682,7.999858225278608e-05,0.287763407246635,0.29359384455779375,0.009154426591778833,0.009045573705055213,12
BKQ,Blackall Airport,Australia,1,1,2,0.0005841121495327102,0.0,0.24230497771807138,0.24696385717402372,0.00015035603661986538,0.00014949381950618836,2
BKS,Fatmawati Soekarno Airport,Indonesia,2,2,2,0.0005841121495327102,0.0,0.23415524747046737,0.2391717726600465,0.0002658505961689093,0.00026616336452816756,2
BKW,Raleigh County Memorial Airport,United States,1,2,2,0.0005841121495327102,0.0,0.26303284907930047,0.2695879971421767,0.0011181857182638276,0.0010785978464561419,2
BKY,Bukavu Kavumu Airport,Congo (Kinshasa),2,2,3,0.0008761682242990653,0.0005756653042502478,0.18376347294705153,0.18730351331972864,1.8387434378679108e-06,1.8590781095222947e-06,2
BKZ,Bukoba Airport,Tanzania,1,1,1,0.0002920560747663551,0.0,0.19346284413784842,0.19756821222875096,9.15268303131485e-06,8.170786748530844e-06,1
BLA,General José Antonio Anzoategui International Airport,Venezuela,6,6,6,0.0017523364485981306,5.323049649130086e-05,0.2560954515019795,0.2621179376350726,0.001729315490324211,0.0017085900173288554,5
BLD,?,?,1,1,1,0.0002920560747663551,0.0,0.0002920560747663551,,,,1
BLE,Borlange Airport,Sweden,2,2,2,0.0005841121495327102,2.7945879841691258e-05,0.23125276599068026,0.23617775923221365,0.0005711599922190369,0.0005824435051771062,2
BLI,Bellingham International Airport,United States,9,9,9,0.002628504672897196,2.798731516108611e-05,0.2787300419360558,0.2850906648757555,0.00404676949900915,0.004088172205853505,9
BLJ,Batna Airport,Algeria,4,4,4,0.0011682242990654205,0.0,0.25081493350650813,0.25624386931260845,0.003449143448226947,0.0035036300667153873,4
BLK,Blackpool International Airport,United Kingdom,9,9,9,0.002628504672897196,1.5385972196468104e-06,0.2559572776033735,0.2611704991155887,0.008263664427261999,0.008351305514603266,9
BLL,Billund Airport,Denmark,39,39,39,0.01139018691588785,0.0005143069325501822,0.30017081439267546,0.3068859569853606,0.0391804573355529,0.03957929628729785,27
BLQ,Bologna Guglielmo Marconi Airport,Italy,64,64,64,0.018691588785046728,0.00028453032838912504,0.30785109109355413,0.31482339853527397,0.06355903196035965,0.06431808029904358,31
BLR,Kempegowda International Airport,India,41,40,41,0.01197429906542056,0.0021583111050262997,0.3102092218240232,0.31693887074195054,0.019152476343147307,0.019200772475321225,19
BLV,Scott AFB/Midamerica Airport,United States,1,1,1,0.0002920560747663551,0.0,0.21935330732717934,0.22839464658013317,0.00011319517419979551,0.00010063681746344682,1
BLZ,Chileka International Airport,Malawi,4,4,5,0.0014602803738317756,3.87142131620745e-07,0.2531475620998756,0.2623812099204203,0.0014663286360328243,0.0009278652422072552,5
BMA,Stockholm-Bromma Airport,Sweden,15,15,15,0.004380841121495327,0.0006413309496931634,0.2647102207753024,0.27018855915347284,0.003948302570474003,0.003998943951981033,5
BME,Broome International Airport,Australia,7,8,8,0.002336448598130841,2.9340988254116087e-05,0.25115638478491664,0.25635993055031325,0.0008025176534726647,0.0007886087649604004,6
BMI,Central Illinois Regional Airport at Bloomington-Normal,United States,8,8,8,0.002336448598130841,1.5679886498454092e-05,0.2823080608370457,0.2897858179025514,0.0063393353855968676,0.00638983213492961,8
BMU,Muhammad Salahuddin Airport,Indonesia,2,2,2,0.0005841121495327102,0.0,0.22608862470221733,0.23080059806986544,0.00016811722318569756,0.00017075366810733491,2
BMV,Buon Ma Thuot Airport,Vietnam,4,4,4,0.0011682242990654205,0.0,0.243263476640991,0.247937504563043,0.0007018910888681458,0.0007141702396028671,4
BMW,Bordj Badji Mokhtar Airport,Algeria,1,1,1,0.0002920560747663551,0.0,0.19431186188567398,0.19817927170868346,1.5430600247518136e-05,1.5570848291663827e-05,1
BMY,Île Art - Waala Airport,New Caledonia,1,2,2,0.0005841121495327102,0.0,0.0009856892523364485,,,,2
BNA,Nashville International Airport,United States,46,47,47,0.013726635514018691,0.0010176914841055948,0.3024674122985853,0.31022197862428064,0.02755414286896232,0.027551816670143916,30
BNB,Boende Airport,Congo (Kinshasa),1,1,2,0.0005841121495327102,0.0,0.22571980149715662,0.2301592680447306,0.0001283842920789606,0.00012694439400575587,2
BNC,Beni Airport,Congo (Kinshasa),2,2,2,0.0005841121495327102,0.0005751533742331288,0.15487313308582074,0.1577846954420852,2.7094007185904588e-08,2.6461919112464713e-08,2
BND,Bandar Abbas International Airport,Iran,12,12,12,0.003504672897196261,0.0003220235749252799,0.27765800331322477,0.28333055231102955,0.0020412136174975154,0.002010468271333848,8
BNE,Brisbane International Airport,Australia,56,60,61,0.017815420560747662,0.030521260849623286,0.32131492207316575,0.3278625217223402,0.0103498976915468,0.010357518549573428,16
BNI,Benin Airport,Nigeria,2,2,2,0.0005841121495327102,0.0,0.23900890453621476,0.2438954323470267,0.0005367454723331632,0.000524854424694678,2
BNK,Ballina Byron Gateway Airport,Australia,3,3,3,0.0008761682242990653,0.0,0.24748768219005576,0.25453455254084845,0.0004771016520294655,0.00047079532982932226,3
BNN,Brønnøysund Airport,Norway,5,5,6,0.0017523364485981306,1.0026954054866617e-05,0.24500440605180523,0.2501288944538558,0.0020833350848144193,0.002107309188892645,4
BNS,Barinas Airport,Venezuela,1,1,1,0.0002920560747663551,0.0,0.23613665075916718,0.24182866908780176,0.0003117141210097452,0.0003149355984061097,1
BNX,Banja Luka International Airport,Bosnia and Herzegovina,3,3,3,0.0008761682242990653,4.3733673442297945e-08,0.2663877522562304,0.27181046902513206,0.0027621721024189885,0.0027997210896211727,3
BNY,?,?,2,2,2,0.0005841121495327102,0.0,0.19598617325461332,0.1995768688293371,3.910158929439903e-06,3.97456004326502e-06,2
BOB,Bora Bora Airport,French Polynesia,5,7,7,0.0020443925233644858,4.977097388656359e-07,0.22254320597950464,0.22729402315775382,3.967206075156864e-05,3.922236372359788e-05,4
BOC,Bocas Del Toro International Airport,Panama,3,2,3,0.0008761682242990653,0.004157468990692429,0.2357343451143727,0.24117605283715646,0.0002730068205648319,0.00027563414228536125,2
BOD,Bordeaux-Mérignac Airport,France,49,49,49,0.0143107476635514,0.00021068284346097987,0.300932462131959,0.30752512904102147,0.04930213390247518,0.04979928252369824,31
BOG,El Dorado International Airport,Colombia,74,74,74,0.02161214953271028,0.024835663352562064,0.31527482385134037,0.32373689227836033,0.026272212691577427,0.026198662795140465,20
BOH,Bournemouth Airport,United Kingdom,17,17,17,0.004964953271028037,3.5516792566478603e-06,0.2572460856477007,0.26254348666408966,0.014008806468518188,0.014094652698124252,16
BOI,Boise Air Terminal/Gowen Field,United States,16,16,16,0.004672897196261682,2.2117340653355928e-05,0.28470419406945885,0.29125214408233274,0.008610677066698129,0.008705783730816066,14
BOJ,Burgas Airport,Bulgaria,11,11,11,0.0032126168224299065,1.763925971483755e-05,0.2775651721519699,0.2836381859183162,0.012383324133289953,0.01256620704941276,10
BOM,Chhatrapati Shivaji International Airport,India,82,83,85,0.024824766355140186,0.010026413117533817,0.3268493818529693,0.33451536643026003,0.03923239775280243,0.03911862726259772,25
BON,Flamingo International Airport,Netherlands Antilles,6,6,6,0.0017523364485981306,1.296895238900264e-06,0.2892925968835411,0.29571577847439917,0.006189844636711341,0.006223178813045087,6
BOO,Bodø Airport,Norway,14,15,15,0.004380841121495327,0.0025009535959341724,0.24533020978325712,0.25046094844752564,0.0022302433140841994,0.0022319023423574467,5
BOS,General Edward Lawrence Logan International Airport,United States,102,103,103,0.030081775700934576,0.010465289611999797,0.3427735053288778,0.3509352071923117,0.06003615166115219,0.06015400827886257,30
BOY,Bobo Dioulasso Airport,Burkina Faso,2,2,2,0.0005841121495327102,0.0,0.22240906299820293,0.22902616671162665,0.00031071672380372545,0.0002550126469640399,2
BPL,Alashankou Bole (Bortala) airport,China,1,1,1,0.0002920560747663551,0.0,0.2263814656504307,0.23089475115583355,0.00020136028436038274,0.00020555523797345326,1
BPN,Sultan Aji Muhamad Sulaiman Airport,Indonesia,14,14,14,0.0040887850467289715,0.0006402414762828237,0.25720623651352864,0.2628279544926863,0.0018511988710963343,0.0018698774503837542,7
BPS,Porto Seguro Airport,Brazil,6,6,6,0.0017523364485981306,5.99560633790334e-06,0.25413558732885655,0.25963302752293577,0.0009488354561581319,0.0009584599977799589,6
BPT,Southeast Texas Regional Airport,United States,1,1,1,0.0002920560747663551,0.0,0.26162370752589365,0.26826763567422385,0.0009067073649020931,0.0009138576936963287,1
BPX,Qamdo Bangda Airport,China,2,2,2,0.0005841121495327102,0.0,0.23942247437823852,0.24433412475717678,0.0004330465824687557,0.0004410629199562063,2
BQB,Busselton Regional Airport,Australia,2,2,2,0.0005841121495327102,0.0,0.23070652491497626,0.23522892567707973,0.00012803963287928255,0.00012925999979552537,2
BQK,Brunswick Golden Isles Airport,United States,1,1,1,0.0002920560747663551,0.0,0.2623885682384772,0.26799242424242425,0.0011608011244565834,0.0011723581532111563,1
BQL,Boulia Airport,Australia,2,2,2,0.0005841121495327102,0.0009206749247296346,0.19546705042240084,0.19906213364595546,4.255247292962435e-06,4.342001121910562e-06,2
BQN,Rafael Hernandez Airport,Puerto Rico,4,4,4,0.0011682242990654205,1.5584191513629108e-09,0.2768016770547777,0.2830943647882628,0.004127463000087546,0.004166259240566865,4
BQS,Ignatyevo Airport,Russia,5,5,5,0.0014602803738317756,1.9352079768012667e-07,0.2520714831961567,0.25676697414184185,0.0014383139047563721,0.0014628350864439971,5
BRA,Barreiras Airport,Brazil,2,2,2,0.0005841121495327102,0.0,0.23359522507218403,0.23878498101532836,0.00024056361500262395,0.00024351614542220552,2
BRC,San Carlos De Bariloche Airport,Argentina,6,6,7,0.0020443925233644858,0.00011121967075259616,0.23906052261364683,0.24518085336798787,0.00044186029674692415,0.00044362849103986486,4
BRD,Brainerd Lakes Regional Airport,United States,2,2,2,0.0005841121495327102,0.0,0.2505500014807732,0.2564567285908473,0.0007002121934484657,0.0007070332094804534,2
BRE,Bremen Airport,Germany,43,43,43,0.01255841121495327,0.00014104300356472738,0.29919719971404346,0.3060286563936199,0.041526382176159705,0.041862831223071426,29
BRI,Bari Karol Wojtyła Airport,Italy,41,41,41,0.01197429906542056,8.400735134883709e-05,0.29211732227534903,0.2991806889260858,0.038290429974999714,0.03881269308523995,27
BRL,Southeast Iowa Regional Airport,United States,2,2,2,0.0005841121495327102,0.0,0.2694790002131111,0.2754704737183647,0.0017328223304802456,0.0017519968113747396,2
BRM,Barquisimeto International Airport,Venezuela,3,3,3,0.0008761682242990653,1.0226542514439138e-07,0.23786188092730953,0.24387791741472173,0.0004455085574840175,0.00044918042441366554,3
BRN,Bern Belp Airport,Switzerland,12,12,12,0.003504672897196261,6.22218470019657e-06,0.2832230038060698,0.2897116533014844,0.01478226958334158,0.014932373862560275,11
BRO,Brownsville South Padre Island International Airport,United States,2,2,2,0.0005841121495327102,0.0,0.26849852196201235,0.2752695144686715,0.0018422009691810737,0.001859542123146186,2
BRQ,Brno-Tuřany Airport,Czech Republic,1,1,1,0.0002920560747663551,0.0,0.2288463730705098,0.23359471729261247,0.0011072772725688556,0.0011233630221815633,1
BRR,Barra Airport,United Kingdom,1,1,1,0.0002920560747663551,0.0,0.2389401150975801,0.24431654676258993,0.0007190057775160083,0.000719854742369083,1
BRS,Bristol Airport,United Kingdom,72,73,73,0.021320093457943924,0.0006933649438520259,0.30008943788416487,0.3070524412296564,0.06132805750100628,0.06142858179296849,31
BRU,Brussels Airport,Belgium,147,146,153,0.04468457943925233,0.007807362273907179,0.34907912536804037,0.3570602460309116,0.12294571117795348,0.12237917243916106,31
BRW,Wiley Post Will Rogers Memorial Airport,United States,6,7,7,0.0020443925233644858,0.0020047147260665137,0.22536747333737145,0.23081628491809963,0.00011175362721342441,0.00010278633875528339,3
BSA,Bosaso Airport,Somalia,2,2,2,0.0005841121495327102,6.9458627978477854e-06,0.21708764591921084,0.22187377499019992,3.611773421973653e-05,2.9337212783297235e-05,2
BSB,Presidente Juscelino Kubistschek International Airport,Brazil,45,44,45,0.013142523364485981,0.008704435985732327,0.2970826372898701,0.30413756045137025,0.008503380412033228,0.008535247883607914,9
BSC,José Celestino Mutis Airport,Colombia,1,1,1,0.0002920560747663551,0.0,0.1923311548491931,0.19663018933472295,5.8876523791222715e-06,5.971714934888995e-06,1
BSD,Baoshan Yunduan Airport,China,1,1,1,0.0002920560747663551,0.0,0.22868877622933464,0.23298572996706915,0.0002581091098260975,0.0002630009319364245,1
BSG,Bata Airport,Equatorial Guinea,2,2,2,0.0005841121495327102,0.0,0.22215612253319295,0.22714199719082337,0.000174226706909682,0.00016622289636918132,2
BSK,Biskra Airport,Algeria,3,3,3,0.0008761682242990653,0.0,0.2505500014807732,0.2559734680033165,0.0025372930708254283,0.0025745794930041375,3
BSL,EuroAirport Basel-Mulhouse-Freiburg Airport,France,65,66,66,0.019275700934579438,0.00019916212079880842,0.3052757602156801,0.31196031600220464,0.06747547279739859,0.0680969857217736,31
BSO,Basco Airport,Philippines,1,1,1,0.0002920560747663551,0.0,0.2445713447949748,0.2495407450951576,0.0003293056655485688,0.0003337175378114053,1
BSR,Basrah International Airport,Iraq,7,7,7,0.0020443925233644858,2.896170540964375e-07,0.28475302003311337,0.29090286105876306,0.0069099271198396345,0.006951254503876473,7
BSS,?,?,1,0,1,0.0002920560747663551,0.0,0.18562903004751213,0.1897630755476084,3.5067583491762845e-06,,1
BTC,Batticaloa Airport,Sri Lanka,1,1,1,0.0002920560747663551,0.0,0.19403936657860044,0.19776380153738643,5.379254426183872e-06,5.476368625886171e-06,1
BTH,Hang Nadim International Airport,Indonesia,17,17,17,0.004964953271028037,0.0006025544764361305,0.23633831895425012,0.24141608018767327,0.0006525361792691293,0.000659063618396121,7
BTI,Barter Island LRRS Airport,United States,2,2,2,0.0005841121495327102,1.0096397559845756e-06,0.18374313725591593,0.18759321659393471,1.7613352614674276e-06,1.809336389073093e-06,2
BTJ,Sultan Iskandar Muda International Airport,Indonesia,3,3,3,0.0008761682242990653,0.0,0.2505878146412744,0.25610859728506785,0.0008767120537962861,0.0008805748006502669,3
BTK,Bratsk Airport,Russia,4,4,4,0.0011682242990654205,2.911402692434811e-07,0.2596598420225325,0.26508469284208885,0.0021008195552612813,0.002132295580137954,4
BTM,Bert Mooney Airport,United States,1,1,1,0.0002920560747663551,0.0,0.24109116593772095,0.2462832692726086,0.00045851167030034457,0.0004633154749654837,1
BTR,Baton Rouge Metropolitan Airport,United States,4,4,4,0.0011682242990654205,0.0,0.27288928585965716,0.27987473215757375,0.003818042833171218,0.003853563054114322,4
BTS,M. R. Štefánik Airport,Slovakia,18,18,18,0.005257009345794392,1.553677292347e-05,0.26313706177703394,0.26837363679468945,0.01440951659128304,0.014657433956241289,17
BTT,Bettles Airport,United States,3,4,4,0.0011682242990654205,0.0002878326521251239,0.20712216800512495,0.21152289006540018,1.130106979056171e-05,1.1535914922556532e-05,2
BTU,Bintulu Airport,Malaysia,5,5,5,0.0014602803738317756,0.0,0.2502667661184843,0.25576140985088114,0.0007159287198978473,0.0007210758229751141,5
BTV,Burlington International Airport,United States,10,10,10,0.0029205607476635513,1.6815869082595034e-05,0.2843141883241583,0.2914271003175148,0.009231241087958836,0.009269632353726048,10
BUA,Buka Airport,Papua New Guinea,3,3,4,0.0011682242990654205,0.00014446412827470912,0.22053325273118396,0.2251392203659507,5.3586671831752006e-05,5.373706799501301e-05,3
BUC,Burketown Airport,Australia,2,2,2,0.0005841121495327102,0.0,0.16311163218361258,0.166031094162511,7.206327743529379e-08,7.41927411333171e-08,2
BUD,Budapest Liszt Ferenc International Airport,Hungary,77,77,77,0.022488317757009345,0.0006202430294824235,0.31446872344944776,0.3214387127307146,0.07986937831589133,0.0808737974248411,31
BUF,Buffalo Niagara International Airport,United States,20,20,20,0.005841121495327103,3.5289360173930673e-07,0.2869428600731157,0.29407689643228263,0.015857764297667838,0.015973310721636477,20
BUL,Bulolo Airport,Papua New Guinea,1,1,1,0.0002920560747663551,0.0,0.2204893247212116,0.2250795334040297,5.1291623335180605e-05,5.218076536653446e-05,1
BUN,Gerardo Tobar López Airport,Colombia,1,1,1,0.0002920560747663551,0.0,0.2388370051514793,0.24458048253510983,0.00037611674029137406,0.0003781347983375107,1
BUQ,Joshua Mqabuko Nkomo International Airport,Zimbabwe,3,3,3,0.0008761682242990653,0.0,0.2510424644410469,0.2563405797101449,0.0005530504667040412,0.0005519660553427582,3
BUR,Bob Hope Airport,United States,12,12,12,0.003504672897196261,7.221431746182436e-05,0.28639842342614646,0.29301121656600515,0.006532908662712622,0.006595266390904677,11
BUS,Batumi International Airport,Georgia,5,5,5,0.0014602803738317756,6.02243877624286e-07,0.2740830075624107,0.2799670239076669,0.003986299532048056,0.004044046539079784,5
BUW,Betoambari Airport,Indonesia,1,1,1,0.0002920560747663551,0.0,0.20421805052740719,0.20840748695918992,2.6652502705217248e-05,2.7142299486010036e-05,1
BUX,Bunia Airport,Congo (Kinshasa),1,3,3,0.0008761682242990653,0.0002876193479513243,0.13383265705985442,0.15779202676331197,5.2684997191591845e-08,3.8193446075422464e-10,2
BUZ,Bushehr Airport,Iran,4,4,4,0.0011682242990654205,0.0001736966879153962,0.2774492204550228,0.28311796581909127,0.0017382912165594476,0.0017242731131318612,4
BVA,Paris Beauvais Tillé Airport,France,59,59,59,0.01723130841121495,0.00025345163827110467,0.281518287523412,0.28789420142421157,0.034251162326957074,0.03478474014640422,27
BVB,Atlas Brasil Cantanhede Airport,Brazil,1,1,1,0.0002920560747663551,0.0,0.20897298594337474,0.21345065996228788,4.0273751492918694e-05,4.046885234895834e-05,1
BVC,Rabil Airport,Cape Verde,13,6,13,0.0037967289719626164,6.879014586509148e-06,0.29078719086043503,0.29708686904032894,0.016377858545278425,0.016369099797019608,12
BVE,Brive Souillac Airport,France,5,4,5,0.0014602803738317756,8.743097078312292e-07,0.24642250813491895,0.2514251869401051,0.004160854525638631,0.004218115585367046,5
BVG,Berlevåg Airport,Norway,4,4,5,0.0014602803738317756,4.609401622392358e-07,0.17249959584573105,0.17603151565415717,4.047158391586701e-06,1.865100882277667e-06,4
BVH,Brigadeiro Camarão Airport,Brazil,1,1,1,0.0002920560747663551,0.0,0.20230214557576415,0.2064563195331023,2.005714343874776e-05,2.043189249701657e-05,1
BVI,Birdsville Airport,Australia,2,2,2,0.0005841121495327102,1.1791892274662758e-06,0.14003498859855645,0.1424915033776696,1.3314633484227067e-09,1.379158278429663e-09,2
BVS,Breves Airport,Brazil,1,0,1,0.0002920560747663551,0.0,0.20895231026603367,0.2133970089229609,3.43152783770827e-05,,1
BVV,?,?,1,1,1,0.0002920560747663551,0.0,0.2215928012562504,0.2260684329649847,6.916525299858533e-05,6.987030566506614e-05,1
BWA,Gautam Buddha Airport,Nepal,1,1,1,0.0002920560747663551,0.0,0.2299715872317291,0.23454658470888873,0.00019511829503492296,0.00019726593822198737,1
BWI,Baltimore/Washington International Thurgood Marshall Airport,United States,72,72,72,0.02102803738317757,0.00040501528386767524,0.3140820693867557,0.32137787451499955,0.035963209722962235,0.03612848333720917,30
BWK,Bol Airport,Croatia,1,1,1,0.0002920560747663551,0.0,0.23032249407866334,0.2352126333287159,0.00047109076900866276,0.0004799854645867599,1
BWN,Brunei International Airport,Brunei,13,13,14,0.0040887850467289715,0.00026904817605717657,0.29327825837906635,0.30023870568473165,0.007252593324012721,0.007043428526337459,12
BWT,Wynyard Airport,Australia,3,3,3,0.0008761682242990653,2.559650085594699e-07,0.24030608000768278,0.24488029997115662,0.00021219524657892623,0.00021541210694215582,2
BXB,Babo Airport,Indonesia,1,1,1,0.0002920560747663551,0.0,0.1692812213705545,0.17260482846251587,6.869523910519596e-07,7.054611100216376e-07,1
BXR,Bam Airport,Iran,1,1,1,0.0002920560747663551,0.0,0.20201908502410076,0.20618055977171998,2.396139303030665e-05,2.0049964715239375e-05,1
BXU,Bancasi Airport,Philippines,2,2,2,0.0005841121495327102,0.0,0.24464341532534023,0.24961411245865492,0.0003979554737278482,0.0004031876134040898,2
BYC,Yacuiba Airport,Bolivia,2,2,2,0.0005841121495327102,1.2798250427973495e-07,0.17906657965091227,0.18261991826199184,1.854634121149205e-06,1.6747807011179735e-06,2
BYN,Bayankhongor Airport,Mongolia,2,2,2,0.0005841121495327102,0.0005756653042502478,0.22339655026075805,0.2278430057027843,9.115946147234042e-05,9.24741855087153e-05,1
BYO,Bonito Airport,Brazil,1,1,1,0.0002920560747663551,0.0,0.20540543821526372,0.20953908804837415,3.966025484628538e-05,4.034108387104622e-05,1
BZE,Philip S. W. Goldson International Airport,Belize,20,20,20,0.005841121495327103,0.00711719636168485,0.29322646530915397,0.3004512076439883,0.008429988642287901,0.00838843306893443,10
BZG,Bydgoszcz Ignacy Jan Paderewski Airport,Poland,3,3,3,0.0008761682242990653,3.5129675183215526e-08,0.2523588205506625,0.25758495145631066,0.0037292132502377727,0.0037933987685040394,3
BZL,Barisal Airport,Bangladesh,1,1,1,0.0002920560747663551,0.0,0.23448592851476968,0.2393740748572637,0.0002681425496492598,0.00027210205112301823,1
BZN,Gallatin Field,United States,7,7,7,0.0020443925233644858,1.0565302329009886e-05,0.2747860752690251,0.2809630181186399,0.004559599412601348,0.004613572529296554,7
BZO,Bolzano Airport,Italy,1,1,1,0.0002920560747663551,0.0,0.267438972346474,0.2735400724929521,0.001951890106978497,0.001961165972383636,1
BZR,Béziers-Vias Airport,France,9,9,9,0.002628504672897196,1.0456794381205217e-06,0.25593755064556206,0.2618753855644664,0.006551442513189977,0.006648160657124868,9
BZV,Maya-Maya Airport,Congo (Brazzaville),12,13,13,0.0037967289719626164,0.0006020905850427518,0.28610232787336676,0.2928848641655886,0.005564819576622367,0.0050303987753042585,11
CAB,Cabinda Airport,Angola,2,2,2,0.0005841121495327102,0.0,0.23918105154322733,0.24449244060475162,0.000313826635850198,0.00031363735483575997,2
CAC,Cascavel Airport,Brazil,3,3,3,0.0008761682242990653,3.5089267578667273e-06,0.25384419199099284,0.2593158216249236,0.0007732376266525578,0.000780962819211831,3
CAE,Columbia Metropolitan Airport,United States,10,10,10,0.0029205607476635513,2.4060326061599468e-08,0.284997401272414,0.29323892582678523,0.008910874966121456,0.008961881908389301,10
CAG,Cagliari Elmas Airport,Italy,38,38,38,0.011098130841121495,0.0002986245400569211,0.28339219317512954,0.2892428242909463,0.027716827280922052,0.02808261329734384,26
CAH,Cà Mau Airport,Vietnam,1,1,1,0.0002920560747663551,0.0,0.24258818902959808,0.2472515471423371,0.00033041796621138445,0.00033597232788569524,1
CAI,Cairo International Airport,Egypt,82,81,82,0.02394859813084112,0.004890320173956171,0.33502721142314046,0.34171865566512377,0.060118195469117744,0.06030313211346173,30
CAJ,Canaima Airport,Venezuela,1,1,1,0.0002920560747663551,0.0,0.19168723849146665,0.19597206994056207,5.862659990850236e-06,5.959661982910763e-06,1
CAK,Akron Canton Regional Airport,United States,11,11,11,0.0032126168224299065,2.7304681745975194e-09,0.2811369556066854,0.287212449255751,0.008709214008295236,0.008783071235326557,11
CAL,Campbeltown Airport,United Kingdom,1,1,1,0.0002920560747663551,0.0,0.2389401150975801,0.24431654676258993,0.0007190057775160083,0.000719854742369083,1
CAN,Guangzhou Baiyun International Airport,China,149,150,150,0.04380841121495327,0.017411501035067202,0.3450171137273941,0.35352904434728294,0.04049875492649327,0.04075455844647363,25
CAP,Cap Haitien International Airport,Haiti,2,2,2,0.0005841121495327102,0.0,0.2264277730551049,0.23233221591297804,0.00028102834818618464,0.00026559075885422643,2
CAW,Bartolomeu Lisandro Airport,Brazil,3,3,3,0.0008761682242990653,5.6881113013215525e-08,0.20245014446297435,0.2066070450812192,4.0009275936306915e-05,4.0577235187209044e-05,3
CAY,Cayenne-Rochambeau Airport,French Guiana,4,4,4,0.0011682242990654205,7.414738275994926e-05,0.24310320055828466,0.24840904103576913,0.0011177215807987128,0.0011270997867804337,4
CBB,Jorge Wilsterman International Airport,Bolivia,8,6,8,0.002336448598130841,0.0011251476876671023,0.25405781651183296,0.2594148651745474,0.0007851018578119329,0.0007787099053078585,4
CBH,Béchar Boudghene Ben Ali Lotfi Airport,Algeria,1,1,1,0.0002920560747663551,0.0,0.22748251264736047,0.2322210065645514,0.0002597960915174642,0.00026065861988039125,1
CBO,Awang Airport,Philippines,1,1,1,0.0002920560747663551,0.0,0.2445713447949748,0.2495407450951576,0.0003293056655485688,0.0003337175378114053,1
CBQ,Margaret Ekpo International Airport,Nigeria,2,2,2,0.0005841121495327102,0.0,0.23900890453621476,0.2438954323470267,0.0005367454723331632,0.000524854424694678,2
CBR,Canberra International Airport,Australia,6,6,6,0.0017523364485981306,7.370619994862393e-07,0.25115638478491664,0.2563405797101449,0.0008600026622724834,0.0008579366059229374,6
CBS,?,?,1,1,1,0.0002920560747663551,0.0,0.23613665075916718,0.24182866908780176,0.0003117141210097452,0.0003149355984061097,1
CBT,Catumbela Airport,Angola,2,2,2,0.0005841121495327102,0.0,0.23918105154322733,0.24449244060475162,0.00031409717405426584,0.0003139120263726251,2
CCC,Jardines Del Rey Airport,Cuba,5,5,8,0.002336448598130841,9.231014724430954e-06,0.281327492343796,0.2890458762447868,0.004990681642621028,0.0042560971165436145,7
CCF,Carcassonne Airport,France,10,10,10,0.0029205607476635513,1.3917048016016847e-06,0.2552686386060549,0.2605693240236323,0.006903186875987655,0.0070228958173132496,10
CCJ,Calicut International Airport,India,16,18,18,0.005257009345794392,0.0002722691889843287,0.2830540163336318,0.2892921032455916,0.008060377081315634,0.0076335025308213265,14
CCK,Cocos (Keeling) Islands Airport,Cocos (Keeling) Islands,1,1,1,0.0002920560747663551,0.0,0.1869392996862288,0.19045482586506646,1.8071620387979734e-06,1.8391118468000322e-06,1
CCM,Diomício Freitas Airport,Brazil,2,2,2,0.0005841121495327102,0.0,0.21040294745144572,0.214773589678725,6.491580505668126e-05,6.584067007463173e-05,2
CCP,Carriel Sur Airport,Chile,4,4,4,0.0011682242990654205,0.00014436426482754102,0.24140663853054434,0.24640835872877667,0.00023536222154277685,0.00023075976773609744,2
CCS,Simón Bolívar International Airport,Venezuela,47,47,47,0.013726635514018691,0.01032313291987586,0.31058639353031875,0.31893313298271975,0.021773611245784714,0.021819974358511,20
CCU,Netaji Subhash Chandra Bose International Airport,India,37,37,37,0.01080607476635514,0.0038949873818791194,0.29301947583395116,0.29881214254289484,0.009219598602233989,0.009273783875512087,15
CCV,Craig Cove Airport,Vanuatu,4,3,4,0.0011682242990654205,0.00014417371309894677,0.20097982930618943,0.20472630817458404,9.938269797490942e-06,9.799100147319139e-06,2
CDB,Cold Bay Airport,United States,4,4,4,0.0011682242990654205,0.0017264839827336243,0.22529102575482823,0.2303153611393693,9.912462680573853e-05,0.00010109676111690122,1
CDC,Cedar City Regional Airport,United States,1,1,1,0.0002920560747663551,0.0,0.24109116593772095,0.2462832692726086,0.00045851167030034457,0.0004633154749654837,1
CDG,Charles de Gaulle International Airport,France,233,237,240,0.07009345794392523,0.06170332586928531,0.38999292068422414,0.3993884511348936,0.15945347914406746,0.15922753828700223,31
CDJ,Conceição do Araguaia Airport,Brazil,1,1,2,0.0005841121495327102,0.0002878753129598838,0.15624466094209857,0.15931694501782698,3.3514442557126074e-08,,1
CDR,Chadron Municipal Airport,United States,1,1,2,0.0005841121495327102,0.0002880459562989235,0.20038557323353656,0.25713636707806464,0.0007093427280538805,1.0191280749173317e-05,2
CDV,Merle K (Mudhole) Smith Airport,United States,2,2,2,0.0005841121495327102,3.9980599350976435e-05,0.22522990502076562,0.23025289850159333,9.924226713372459e-05,0.00010121772686262773,2
CEB,Mactan Cebu International Airport,Philippines,29,29,29,0.008469626168224298,0.0020670710543287153,0.28106557085282846,0.28726103874132974,0.004795272766441608,0.00481315951718393,8
CEC,Jack Mc Namara Field Airport,United States,2,2,2,0.0005841121495327102,0.0,0.2609452867850203,0.26660386245878476,0.000861595747626863,0.0008702167496363327,2
CED,Ceduna Airport,Australia,1,1,1,0.0002920560747663551,0.0,0.22588869598164535,0.2301592680447306,6.930045239276828e-05,7.027414209324167e-05,1
CEE,Cherepovets Airport,Russia,7,7,7,0.0020443925233644858,0.0005826205467599029,0.26452044922942236,0.27010260081126225,0.003858704927543813,0.003924027617305046,5
CEG,Hawarden Airport,United Kingdom,2,2,2,0.0005841121495327102,0.0,0.23617023822104888,0.24088523194779402,0.0016048165941641144,0.0016263720010268334,2
CEI,Chiang Rai International Airport,Thailand,3,3,3,0.0008761682242990653,2.586408703821561e-06,0.25917347378648,0.2642390289449113,0.0012702218292724807,0.0012883815400475942,3
CEK,Chelyabinsk Balandino Airport,Russia,14,14,14,0.0040887850467289715,4.36909280460233e-06,0.2686071115122679,0.2742248062015504,0.0067121311685855835,0.006756472275680504,12
CEM,Central Airport,United States,1,1,2,0.0005841121495327102,0.0002876193479513243,0.20709633424547355,0.21148337277369536,1.1134613226551803e-05,1.120754862890084e-05,2
CEN,Ciudad Obregón International Airport,Mexico,4,4,4,0.0011682242990654205,0.0,0.2530896821603664,0.25874285714285716,0.0008711731252914122,0.0008668971034173509,4
CEZ,Cortez Municipal Airport,United States,1,1,1,0.0002920560747663551,0.0,0.25151781561964465,0.2571168988491823,0.0006991876764882943,0.0007060918994832925,1
CFB,Cabo Frio Airport,Brazil,3,3,3,0.0008761682242990653,2.2183634075154061e-07,0.20992412413086595,0.21425867507886434,6.932845421581168e-05,7.038752451652998e-05,3
CFC,Caçador Airport,Brazil,2,2,2,0.0005841121495327102,1.8884135665326093e-06,0.2091045727363622,0.21353118712273642,4.419898141226657e-05,4.428015331819011e-05,2
CFE,Clermont-Ferrand Auvergne Airport,France,6,6,6,0.0017523364485981306,5.169223636377205e-07,0.2868932803132759,0.29405143302450426,0.008519505660839722,0.008593797305507266,6
CFK,Ech Cheliff Airport,Algeria,1,1,1,0.0002920560747663551,0.0,0.23586829459664524,0.24068036853295535,0.0009118503774015197,0.0009290505737112501,1
CFN,Donegal Airport,Ireland,2,2,2,0.0005841121495327102,0.0,0.25113739088150705,0.25659236871930485,0.002379788205073799,0.0024129676318149556,2
CFR,Caen-Carpiquet Airport,France,4,4,4,0.0011682242990654205,0.0,0.24832047555718,0.2533950156693031,0.003357927586145512,0.0034081488562602985,4
CFS,Coffs Harbour Airport,Australia,2,2,2,0.0005841121495327102,0.0,0.2474692391106765,0.25451547627969723,0.00046749085527989935,0.00046116736370815405,2
CFU,Ioannis Kapodistrias International Airport,Greece,38,37,39,0.01139018691588785,8.990955601125429e-05,0.2950501750001038,0.30197403521252003,0.03766748349888661,0.03797586227587759,28
CGA,?,?,4,3,4,0.0011682242990654205,1.2798250427973495e-07,0.2053800309002516,0.209642570529045,1.0076819394662815e-05,1.0292781810343282e-05,3
CGB,Marechal Rondon Airport,Brazil,18,18,18,0.005257009345794392,0.0029559855930515696,0.25458369515686663,0.2601501455492569,0.0014010159133040364,0.0014156017028878105,7
CGD,Changde Airport,China,8,8,8,0.002336448598130841,1.0533539446891764e-08,0.27417352374720677,0.28052205517924994,0.0030065415009316383,0.0030491406341708956,8
CGH,Congonhas Airport,Brazil,26,26,26,0.007593457943925233,0.0005197773640824053,0.24464341532534023,0.24987123831947614,0.001086934637236025,0.0010855892298844891,8
CGI,Cape Girardeau Regional Airport,United States,1,1,1,0.0002920560747663551,0.0,0.23295613606637447,0.2384663998314725,0.00044668538387470654,0.0004511915378064066,1
CGK,Soekarno-Hatta International Airport,Indonesia,63,64,64,0.018691588785046728,0.01701439289549821,0.3070256767405851,0.31418262558978627,0.017917451961438062,0.017781779076521877,23
CGM,Camiguin Airport,Philippines,1,1,1,0.0002920560747663551,0.0,0.21867441851877836,0.22317145298021948,6.86498081792793e-05,6.947007559268451e-05,1
CGN,Cologne Bonn Airport,Germany,92,92,93,0.027161214953271028,0.0006040982047479187,0.30595077571643337,0.31296654686204034,0.07404244356501492,0.0743969817928496,31
CGO,Zhengzhou Xinzheng International Airport,China,55,55,55,0.01606308411214953,0.00014300326696912156,0.2832230038060698,0.28899668113352056,0.012779584868639289,0.012918943451980337,25
CGP,Shah Amanat International Airport,Bangladesh,10,10,11,0.0032126168224299065,5.949401526758409e-06,0.28534024055904517,0.29225473321858864,0.006343443252166991,0.0054112162829993565,11
CGQ,Longjia Airport,China,29,29,29,0.008469626168224298,3.085645802318181e-05,0.2821881134964453,0.28914431673052365,0.008956478341462772,0.009045048803540743,24
CGR,Campo Grande Airport,Brazil,10,10,10,0.0029205607476635513,0.0005838455123928229,0.2543886716428809,0.2599709102043941,0.0013382386214431153,0.0013521158155251885,7
CGY,Laguindingan Airport,Philippines,5,5,5,0.0014602803738317756,4.2660834759911645e-08,0.24469749610391042,0.24966916629907365,0.0004498343380635288,0.00045630173785407216,4
CHA,Lovell Field,United States,8,8,8,0.002336448598130841,2.8206036382516646e-05,0.280211772814629,0.28760162601626016,0.005626173925233782,0.0056663689167797855,8
CHC,Christchurch International Airport,New Zealand,21,20,21,0.006133177570093458,0.0014332729539409507,0.26971976280264526,0.27587327376116977,0.0016524881557080596,0.001663005219382012,7
CHG,Chaoyang Airport,China,2,2,2,0.0005841121495327102,0.0,0.2690641484059446,0.27511341542449774,0.0013725066179650339,0.0013886365413804836,2
CHO,Charlottesville Albemarle Airport,United States,6,6,6,0.0017523364485981306,0.0,0.2799047302449568,0.2867032503165893,0.005761250971172907,0.005783012014387032,6
CHQ,Chania International Airport,Greece,38,37,39,0.01139018691588785,9.359714178417093e-05,0.29565435537982265,0.30261985385849227,0.0350092130281761,0.03524912105866909,27
CHS,Charleston Air Force Base-International Airport,United States,19,20,20,0.005841121495327103,1.3659531253879039e-06,0.2914507389526214,0.30055757146650147,0.016098781308087624,0.015677101951425285,20
CHU,Chuathbaluk Airport,United States,1,1,2,0.0005841121495327102,0.0011499654617881784,0.1836009133425205,0.18745860013247959,1.442104780346273e-06,1.4811720910311693e-06,2
CHX,Cap Manuel Niño International Airport,Panama,1,1,2,0.0005841121495327102,0.0,0.1596226552406349,0.1944905790046389,4.021404774518001e-06,1.1486660439540502e-07,2
CHY,Choiseul Bay Airport,Solomon Islands,2,1,2,0.0005841121495327102,0.0,0.19600930938650502,0.1995768688293371,3.91264770959523e-06,3.977082148982901e-06,2
CIA,Ciampino–G. B. Pastine International Airport,Italy,50,50,50,0.014602803738317755,7.014509386457909e-05,0.2805668908099162,0.2867032503165893,0.03139741534584487,0.03195953218273077,27
CIC,Chico Municipal Airport,United States,1,1,1,0.0002920560747663551,0.0,0.2609247835017025,0.26658293429625557,0.0008459243159299447,0.0008542377064061545,1
CID,The Eastern Iowa Airport,United States,11,11,11,0.0032126168224299065,8.17654075775575e-05,0.28204431116240597,0.2895140664961637,0.006481466465946121,0.006536341305180764,9
CIF,Chifeng Airport,China,10,10,10,0.0029205607476635513,3.729260521765572e-06,0.26980741953413784,0.27587327376116977,0.0024129573067901196,0.0024370071458667294,9
CIH,Changzhi Airport,China,11,11,11,0.0032126168224299065,4.130443212565101e-06,0.2743774039185465,0.28075396825396826,0.003358848124259876,0.003408438172415484,10
CIJ,Capitán Aníbal Arab Airport,Bolivia,3,2,3,0.0008761682242990653,0.0,0.2090914066003128,0.2133031844733371,3.670833002390307e-05,3.638291408295096e-05,3
CIK,Chalkyitsik Airport,United States,2,2,2,0.0005841121495327102,0.0,0.2071480082107272,0.21152289006540018,1.1137290599468839e-05,1.137442726624709e-05,2
CIP,Chipata Airport,Zambia,1,1,1,0.0002920560747663551,0.0,0.21822893603378907,0.23080059806986544,8.329266904691326e-05,4.3731251053870786e-05,1
CIT,Shymkent Airport,Kazakhstan,9,8,10,0.0029205607476635513,2.11788275546826e-05,0.264773538480798,0.2726396917148362,0.004042500089223674,0.0031318316011849194,8
CIU,Chippewa County International Airport,United States,1,1,1,0.0002920560747663551,0.0,0.2546032139558513,0.26040947780078216,0.0007984274038091698,0.0008061052249647108,1
CIX,Capitan FAP Jose A Quinones Gonzales International Airport,Peru,1,1,1,0.0002920560747663551,0.0,0.24281878616745892,0.2481911861433896,0.0003294459880853251,0.00033029101316018174,1
CIY,Comiso Airport,Italy,8,8,8,0.002336448598130841,2.86910816485989e-07,0.25297400164745704,0.2581920474416483,0.005732999810138638,0.005844771731763506,8
CIZ,Coari Airport,Brazil,1,1,1,0.0002920560747663551,0.0,0.20897298594337474,0.21345065996228788,4.0273751492918694e-05,4.046885234895834e-05,1
CJA,Mayor General FAP Armando Revoredo Iglesias Airport,Peru,1,1,1,0.0002920560747663551,0.0,0.24281878616745892,0.2481911861433896,0.0003294459880853251,0.00033029101316018174,1
CJB,Coimbatore International Airport,India,8,8,8,0.002336448598130841,2.2418939580347046e-06,0.26828160604509355,0.2738047246633879,0.003160495092916728,0.0031713350666863157,8
CJC,El Loa Airport,Chile,4,4,4,0.0011682242990654205,5.6881113013215525e-08,0.2413715452555726,0.24639048102735253,0.00024032308884622757,0.00023900627402088492,3
CJJ,Cheongju International Airport/Cheongju Air Base (K-59/G-513),South Korea,4,4,4,0.0011682242990654205,1.0826872125221544e-07,0.26971976280264526,0.2757836608738022,0.001807095722561283,0.0018304592483172027,4
CJL,Chitral Airport,Pakistan,2,2,2,0.0005841121495327102,0.0,0.24142418899499585,0.24707166242269915,0.0004995511781229676,0.0004827305045061171,2
CJM,Chumphon Airport,Thailand,1,1,1,0.0002920560747663551,0.0,0.21528620548629937,0.21970628194345604,0.00010243650143145599,0.00010462235751648968,1
CJS,Abraham González International Airport,Mexico,6,6,6,0.0017523364485981306,0.0,0.25312826584542786,0.2587822906347634,0.0010551989548682505,0.001052009090455478,6
CJU,Jeju International Airport,South Korea,33,33,33,0.009637850467289719,0.0034249604734650566,0.28295754257210026,0.28877551020408165,0.008642423301337715,0.00871014129880911,22
CKB,North Central West Virginia Airport,United States,2,3,3,0.0008761682242990653,3.87890674463276e-06,0.2217555739316306,0.27048984468339304,0.001231404096789456,0.00011622882438424514,2
CKD,?,?,1,2,3,0.0008761682242990653,0.0011503920701357775,0.1547720786552092,0.15790942062680183,4.190340908301171e-08,2.1378295206165698e-08,2
CKG,Chongqing Jiangbei International Airport,China,89,89,89,0.025992990654205607,0.00187140260009533,0.2996021038998708,0.30525842696629213,0.018048733070835665,0.01826985891208073,25
CKH,Chokurdakh Airport,Russia,1,1,1,0.0002920560747663551,0.0,0.21787099590776593,0.22254259501965923,9.045791695927914e-05,9.240024433192247e-05,1
CKS,Carajás Airport,Brazil,4,3,4,0.0011682242990654205,0.0005772160908581374,0.2148683092608326,0.22010499708341436,0.00010338624069363775,0.00010367154525044315,3
CKX,?,?,1,1,1,0.0002920560747663551,0.0,0.0002920560747663551,,,,1
CKY,Conakry International Airport,Guinea,8,8,8,0.002336448598130841,1.607891246248899e-05,0.28070919016282064,0.2867516676517774,0.004047390148412754,0.003963937140467701,7
CKZ,Çanakkale Airport,Turkey,1,1,1,0.0002920560747663551,0.0,0.2274513506593266,0.23182469793159943,0.00028312724709564314,0.0002889603032240352,1
CLD,Mc Clellan-Palomar Airport,United States,1,1,1,0.0002920560747663551,0.0,0.2737215396988269,0.2799901063566658,0.0010812947621323793,0.0010945466320744159,1
CLE,Cleveland Hopkins International Airport,United States,56,56,56,0.016355140186915886,0.0030164417506369345,0.30285359960110975,0.31078978676672464,0.02935306020893932,0.029467158891303715,30
CLJ,Cluj-Napoca International Airport,Romania,18,18,18,0.005257009345794392,2.1879211273736704e-05,0.2809942223410195,0.2868727825646224,0.01696380824077998,0.017241979725320013,17
CLL,Easterwood Field,United States,2,2,2,0.0005841121495327102,0.0,0.26849852196201235,0.2752695144686715,0.0018422009691810737,0.001859542123146186,2
CLM,William R Fairchild International Airport,United States,1,1,1,0.0002920560747663551,0.0,0.0004380841121495327,,,,1
CLO,Alfonso Bonilla Aragon International Airport,Colombia,18,18,18,0.005257009345794392,0.0014445973177938374,0.2778438520436888,0.2842316705724808,0.004647936843849783,0.004589209069740815,9
CLQ,Licenciado Miguel de la Madrid Airport,Mexico,2,2,2,0.0005841121495327102,0.0,0.25272372295480733,0.258368837492392,0.0006417863455329348,0.000635390084681003,2
CLT,Charlotte Douglas International Airport,United States,139,141,141,0.04117990654205607,0.008086378871018604,0.3335800823331158,0.3415468168560796,0.05693158896553726,0.056928021011289597,30
CLV,Nelson Ribeiro Guimarães Airport,Brazil,2,2,2,0.0005841121495327102,2.9807890954040826e-08,0.20543085181726992,0.2095649490897871,5.522096598494214e-05,5.600978674777158e-05,2
CLY,Calvi-Sainte-Catherine Airport,France,11,11,11,0.0032126168224299065,5.515398016223197e-06,0.28441158955345736,0.29057927611876444,0.010913656190814757,0.011045457115644834,11
CMA,Cunnamulla Airport,Australia,2,2,2,0.0005841121495327102,0.0005756653042502478,0.16599798648468725,0.1690309093624011,8.561521253680608e-08,8.533363368299622e-08,1
CMB,Bandaranaike International Colombo Airport,Sri Lanka,41,41,41,0.01197429906542056,0.004184060281119016,0.3200452698174796,0.3269786250722126,0.02623566072612252,0.02627705344957398,23
CME,Ciudad del Carmen International Airport,Mexico,2,2,2,0.0005841121495327102,0.0,0.26623825219483427,0.27176696542893725,0.0015114864204926449,0.0015283092827147674,2
CMG,Corumbá International Airport,Brazil,1,1,1,0.0002920560747663551,0.0,0.20217897836384585,0.20634341961356178,1.915841478363804e-05,1.9515577672501114e-05,1
CMH,John Glenn Columbus International Airport,United States,32,32,33,0.009637850467289719,1.8119916178158997e-05,0.3016705777276679,0.30940233236151604,0.023670321622723006,0.023691631998457093,29
CMI,University of Illinois Willard Airport,United States,2,2,2,0.0005841121495327102,0.0,0.2759276875468357,0.2831651796881514,0.0021928443115076324,0.0022146629672646616,2
CMN,Mohammed V International Airport,Morocco,87,87,93,0.027161214953271028,0.007065659452106193,0.32588711674447185,0.33458128078817734,0.0639795239690946,0.06250564901100378,31
CMP,Santana do Araguaia Airport,Brazil,1,0,1,0.0002920560747663551,0.0,0.1349355571767467,0.1374286754886488,4.797975352972029e-10,,1
CMU,Chimbu Airport,Papua New Guinea,1,1,1,0.0002920560747663551,0.0,0.2204893247212116,0.2250795334040297,5.1291623335180605e-05,5.218076536653446e-05,1
CMW,Ignacio Agramonte International Airport,Cuba,3,3,3,0.0008761682242990653,1.105042173943383e-06,0.2741508890965218,0.28084684088653655,0.0025444939573168526,0.0025294165117278303,3
CMX,Houghton County Memorial Airport,United States,1,1,1,0.0002920560747663551,0.0,0.26917319604654033,0.2751802933311725,0.001286136946605542,0.001300805273568333,1
CND,Mihail Kogălniceanu International Airport,Romania,1,1,1,0.0002920560747663551,0.0,0.2696978575185713,0.2754928206376247,0.0018516929587042007,0.001871410394665079,1
CNF,Tancredo Neves International Airport,Brazil,33,33,35,0.01022196261682243,0.0024165877616355775,0.27442275180779835,0.281592039800995,0.004657413559378374,0.0046342261826627625,9
CNJ,Cloncurry Airport,Australia,3,3,3,0.0008761682242990653,0.0,0.24249961440237827,0.24714358489192925,0.0001627472437844414,0.00016419244694801716,3
CNM,Cavern City Air Terminal,United States,1,1,1,0.0002920560747663551,0.0,0.22796661767187262,0.2329537659486898,0.0002044856356955704,0.0002077584909942393,1
CNP,Neerlerit Inaat Airport,Greenland,2,2,2,0.0005841121495327102,0.0005756653042502478,0.1727508567666945,0.1760223915409734,4.4567933554124593e-07,4.579632008479457e-07,1
CNS,Cairns International Airport,Australia,29,30,30,0.008761682242990653,0.0074509032780005445,0.28149442397441454,0.28745556119857796,0.003440069869129453,0.0034694835685476506,10
CNX,Chiang Mai International Airport,Thailand,26,26,26,0.007593457943925233,0.0020505614925313814,0.28428984843987404,0.2900828564106945,0.008967920890420686,0.009033771230679529,17
CNY,Canyonlands Field,United States,1,1,1,0.0002920560747663551,0.0,0.24109116593772095,0.2462832692726086,0.00045851167030034457,0.0004633154749654837,1
COD,Yellowstone Regional Airport,United States,2,2,2,0.0005841121495327102,0.0,0.25355346412355256,0.2592762253779203,0.0011576993467886378,0.0011694073744487764,2
COK,Cochin International Airport,India,22,22,22,0.006425233644859813,0.0005946425539629081,0.28853851069825076,0.2942552638419548,0.010220741930555742,0.010255116323729043,18
COO,Cadjehoun Airport,Benin,19,18,20,0.005841121495327103,0.0004023614451391672,0.28438723299016594,0.29130211013896035,0.008125404904571542,0.007519000513629826,12
COQ,Choibalsan Airport,Mongolia,3,3,3,0.0008761682242990653,1.9008037111930237e-06,0.22424132079317766,0.22870226951309852,0.00014664195971879744,0.00014882439268434406,3
COR,Ingeniero Ambrosio Taravella Airport,Argentina,11,11,11,0.0032126168224299065,0.000681403120901971,0.2608632929792748,0.26649925449266265,0.0021240991615546667,0.0021346253375958035,6
COS,City of Colorado Springs Municipal Airport,United States,11,11,11,0.0032126168224299065,2.9246534273363706e-07,0.29276114957473054,0.2999470058293588,0.009862811373244629,0.009936161053913034,11
COU,Columbia Regional Airport,United States,2,2,2,0.0005841121495327102,0.0,0.2759276875468357,0.2831651796881514,0.0021928443115076324,0.0022146629672646616,2
CPC,Aviador C. Campos Airport,Argentina,1,1,1,0.0002920560747663551,0.0,0.205037646309346,0.20922925266465406,2.4683569141349352e-05,2.4861952758225746e-05,1
CPD,Coober Pedy Airport,Australia,1,1,1,0.0002920560747663551,0.0,0.22588869598164535,0.2301592680447306,6.930045239276828e-05,7.027414209324167e-05,1
CPE,Ingeniero Alberto Acuña Ongay International Airport,Mexico,1,1,1,0.0002920560747663551,0.0,0.25049330313239554,0.2560699743628412,0.0005759928162136648,0.00058262485326491,1
CPH,Copenhagen Kastrup Airport,Denmark,120,121,122,0.035630841121495324,0.02661200134592673,0.35218896167421443,0.3601272534464475,0.10939000496451488,0.10943096442990324,31
CPO,Desierto de Atacama Airport,Chile,3,3,3,0.0008761682242990653,0.0,0.24135400244393984,0.24637260591990714,0.0002322753583765998,0.00023090507116338714,3
CPR,Casper-Natrona County International Airport,United States,3,3,3,0.0008761682242990653,0.0,0.25694751776742253,0.26266532601129244,0.0018831060226430268,0.001905871807532502,3
CPT,Cape Town International Airport,South Africa,22,23,23,0.006717289719626168,0.0016010489381293278,0.2952600444230611,0.30267379679144385,0.008352375995787874,0.007154050840083558,7
CPV,Presidente João Suassuna Airport,Brazil,2,2,3,0.0008761682242990653,1.1745580479352297e-07,0.2291622192827388,0.23480605683468161,0.00019130417550465724,0.00018721128529643267,3
CPX,Benjamin Rivera Noriega Airport,Puerto Rico,1,1,1,0.0002920560747663551,0.0,0.23432047132558342,0.24030568921596376,0.0003390884152845891,0.00033956280847889707,1
CRA,Craiova Airport,Romania,2,2,2,0.0005841121495327102,1.5513030821786053e-08,0.23293979514773908,0.23759882459945428,0.001564730011039584,0.0015971941554630382,2
CRD,General E. Mosconi Airport,Argentina,6,4,6,0.0017523364485981306,8.950131394342225e-07,0.20517699843226248,0.2093711467324291,3.83129487649481e-05,3.84736043978637e-05,4
CRI,Colonel Hill Airport,Bahamas,2,2,2,0.0005841121495327102,0.0,0.23240182795340247,0.23819877954688926,0.0002752171486355706,0.0002790936732580613,2
CRK,Diosdado Macapagal International Airport,Philippines,8,8,8,0.002336448598130841,6.916176727995037e-06,0.286620897602811,0.29222958437311763,0.0048975354189026155,0.004922315663333991,8
CRL,Brussels South Charleroi Airport,Belgium,83,83,83,0.024240654205607476,0.0005358577416425628,0.2836827028554731,0.2894893870940244,0.043446121317470755,0.04395997640047527,31
CRM,Catarman National Airport,Philippines,1,1,1,0.0002920560747663551,0.0,0.2445713447949748,0.2495407450951576,0.0003293056655485688,0.0003337175378114053,1
CRP,Corpus Christi International Airport,United States,3,4,4,0.0011682242990654205,9.053928406473128e-08,0.2686071115122679,0.2754481304242031,0.0021890713598952775,0.0021521580938378498,4
CRW,Yeager Airport,United States,9,3,9,0.002628504672897196,1.9527087723147884e-07,0.28361001961108273,0.2918528704022001,0.007684787333455098,0.007726400448594961,9
CSG,Columbus Metropolitan Airport,United States,1,1,1,0.0002920560747663551,0.0,0.2623885682384772,0.26799242424242425,0.0011608011244565834,0.0011723581532111563,1
CSH,Solovki Airport,Russia,1,1,1,0.0002920560747663551,0.0,0.20567259504683316,0.20983687592684133,3.358301078097031e-05,3.442267496478745e-05,1
CSK,Cap Skirring Airport,Senegal,1,1,2,0.0005841121495327102,0.0,0.18959690092070616,0.2407998298234418,0.00033727392957625155,4.446441373879949e-06,2
CSX,Changsha Huanghua International Airport,China,70,70,70,0.02044392523364486,0.00042039054324840414,0.28578224781636563,0.2915772301880313,0.014588194787557322,0.014776730844576322,25
CSY,Cheboksary Airport,Russia,2,2,2,0.0005841121495327102,0.0,0.2546813190908941,0.2597720492618374,0.002028110772379177,0.0020608401151971474,2
CTA,Catania-Fontanarossa Airport,Italy,50,47,50,0.014602803738317755,0.000171556366024159,0.3008779305632117,0.30805515239477504,0.05710247716456906,0.05777896865409831,31
CTC,Catamarca Airport,Argentina,1,1,1,0.0002920560747663551,0.0,0.205037646309346,0.20922925266465406,2.4683569141349352e-05,2.4861952758225746e-05,1
CTG,Rafael Nuñez International Airport,Colombia,8,8,8,0.002336448598130841,3.402490017592085e-05,0.27830956416578684,0.2848754299135979,0.004046721857159715,0.00403863630665513,7
CTL,Charleville Airport,Australia,4,4,4,0.0011682242990654205,0.001379767928863841,0.24248190723812837,0.24712560034929412,0.0001563338056060761,0.00015762698487174274,2
CTM,Chetumal International Airport,Mexico,1,1,1,0.0002920560747663551,0.0,0.25049330313239554,0.2560699743628412,0.0005759928162136648,0.00058262485326491,1
CTS,New Chitose Airport,Japan,36,37,37,0.01080607476635514,0.0013293008381415035,0.285144231463693,0.29491966999565783,0.008694668282274338,0.008425062618315262,14
CTU,Chengdu Shuangliu International Airport,China,108,108,108,0.03154205607476635,0.008295495237248884,0.3161753517686535,0.3231823372668443,0.027350377323072283,0.027616709136775983,25
CUC,Camilo Daza International Airport,Colombia,3,3,3,0.0008761682242990653,0.0,0.24737706493043565,0.2529797377830751,0.0009274716126205009,0.0009319821677818303,3
CUE,Mariscal Lamar Airport,Ecuador,2,2,2,0.0005841121495327102,0.0,0.23122056256970952,0.23632567849686847,0.0002864919037255273,0.0002530153618499374,2
CUF,Cuneo International Airport,Italy,5,5,5,0.0014602803738317756,1.9196588460741035e-06,0.24732179337351368,0.25309286033686096,0.002698274244122855,0.0027224559225467668,5
CUK,?,?,4,4,4,0.0011682242990654205,0.0,0.22604245589995017,0.23113047029197578,0.0001262077343971594,0.00012666221381307425,4
CUL,Bachigualato Federal International Airport,Mexico,7,7,7,0.0020443925233644858,1.553275067334408e-07,0.2537084360628137,0.25937523867715573,0.001203148079443485,0.001203597573984912,6
CUM,Cumaná (Antonio José de Sucre) Airport,Venezuela,1,1,1,0.0002920560747663551,0.0,0.23613665075916718,0.24182866908780176,0.0003117141210097452,0.0003149355984061097,1
CUN,Cancún International Airport,Mexico,78,78,81,0.023656542056074766,0.004066897989809272,0.33131694299373127,0.34089540252961253,0.04998074046652739,0.04567907104195837,30
CUQ,Coen Airport,Australia,2,1,3,0.0008761682242990653,4.2660834759911645e-08,0.21896279306515679,0.22331820871966857,5.070019277265298e-05,5.08096681716824e-05,3
CUR,Hato International Airport,Netherlands Antilles,19,19,19,0.005549065420560747,0.0003552529413699847,0.2917323833458814,0.29815627743634765,0.008337858020081369,0.008306296927569205,12
CUU,General Roberto Fierro Villalobos International Airport,Mexico,10,10,10,0.0029205607476635513,1.1197195655368466e-05,0.27132851700516125,0.2783606557377049,0.003624340666075077,0.0035824792288027874,8
CUZ,Alejandro Velasco Astete International Airport,Peru,5,5,5,0.0014602803738317756,2.122478102721699e-06,0.2431566024475484,0.24853629976580796,0.0003693258129115305,0.0003700049198360449,3
CVG,Cincinnati Northern Kentucky International Airport,United States,47,47,47,0.013726635514018691,0.0010701665018907056,0.3133116067200838,0.3206798866855524,0.030037577578506027,0.03014119402635417,30
CVM,General Pedro Jose Mendez International Airport,Mexico,1,1,1,0.0002920560747663551,0.0,0.25049330313239554,0.2560699743628412,0.0005759928162136648,0.00058262485326491,1
CVU,Corvo Airport,Portugal,2,2,2,0.0005841121495327102,0.0,0.1995666898813803,0.20362153735459887,2.5687489739233044e-05,2.5746510316146844e-05,2
CWA,Central Wisconsin Airport,United States,3,3,3,0.0008761682242990653,0.0,0.2702245682827055,0.276232308443143,0.0027747522063319647,0.0028037388410303865,3
CWB,Afonso Pena Airport,Brazil,24,23,24,0.007009345794392522,0.001726880420286884,0.26536596768628484,0.27141943734015345,0.003060278853777149,0.00304074731955476,9
CWL,Cardiff International Airport,United Kingdom,19,20,21,0.006133177570093458,0.0005823106772435426,0.28516871787257775,0.2916523531432497,0.020347717482392835,0.019020097862075598,19
CXB,Cox's Bazar Airport,Bangladesh,1,1,1,0.0002920560747663551,0.0,0.23448592851476968,0.2393740748572637,0.0002681425496492598,0.00027210205112301823,1
CXF,?,?,1,1,2,0.0005841121495327102,0.0,0.17114826158976282,0.17461051982107048,3.2129239991809595e-07,1.6650204928059897e-07,2
CXH,Vancouver Harbour Water Aerodrome,Canada,1,1,1,0.0002920560747663551,0.0,0.0005110981308411214,0.17305340399510802,1.355913625729091e-07,,1
CXI,Cassidy International Airport,Kiribati,2,2,2,0.0005841121495327102,0.0,0.24906545560835283,0.2544201378483668,0.0003872233947464102,0.00038897313483634346,2
CXJ,Hugo Cantergiani Regional Airport,Brazil,3,3,3,0.0008761682242990653,2.9807890954040826e-08,0.21528620548629937,0.2198769828423438,9.903235409974296e-05,9.989799524251803e-05,3
CXR,Cam Ranh Airport,Vietnam,4,4,4,0.0011682242990654205,2.6634089073307664e-06,0.2579654874253219,0.2628279544926863,0.0017792745691081935,0.0018092939195160265,4
CYB,Gerrard Smith International Airport,Cayman Islands,3,2,3,0.0008761682242990653,1.4916065035991836e-05,0.25446664518208184,0.26115041525684407,0.0011354927562990625,0.0011110177292325337,2
CYF,Chefornak Airport,United States,2,2,2,0.0005841121495327102,0.0,0.18399765733744283,0.18786303037008353,1.4481970463943623e-06,1.4846611475758614e-06,2
CYO,Vilo Acuña International Airport,Cuba,2,3,4,0.0011682242990654205,3.865632909478192e-06,0.25629310176940406,0.2808700686461004,0.0028705963509141398,0.0012481538938577147,4
CYP,Calbayog Airport,Philippines,1,1,1,0.0002920560747663551,0.0,0.2445713447949748,0.2495407450951576,0.0003293056655485688,0.0003337175378114053,1
CYS,Cheyenne Regional Jerry Olson Field,United States,2,2,2,0.0005841121495327102,0.0005756653042502478,0.25155592149277844,0.2571558382553385,0.0006993310057315824,0.0007062390245910989,1
CYX,Cherskiy Airport,Russia,1,1,1,0.0002920560747663551,0.0,0.21787099590776593,0.22254259501965923,9.045791695927914e-05,9.240024433192247e-05,1
CYZ,Cauayan Airport,Philippines,1,1,1,0.0002920560747663551,0.0,0.2445713447949748,0.2495407450951576,0.0003293056655485688,0.0003337175378114053,1
CZE,José Leonardo Chirinos Airport,Venezuela,1,1,1,0.0002920560747663551,0.0,0.23613665075916718,0.24182866908780176,0.0003117141210097452,0.0003149355984061097,1
CZH,?,?,2,2,2,0.0005841121495327102,0.0,0.18389576473730027,0.18779031187790313,1.859684385013137e-06,1.8821110120420493e-06,2
CZJ,?,?,1,0,1,0.0002920560747663551,0.0,0.13749349241912726,0.1401279141737157,1.6180590451725938e-09,,1
CZL,Mohamed Boudiaf International Airport,Algeria,12,12,12,0.003504672897196261,0.00021367958069287455,0.28833808453817555,0.2944338477544651,0.009183872447596142,0.009300084219248625,9
CZM,Cozumel International Airport,Mexico,9,9,9,0.002628504672897196,0.0,0.287763407246635,0.29589614010629955,0.007662563657136501,0.0076251988566185406,9
CZS,Cruzeiro do Sul Airport,Brazil,1,1,1,0.0002920560747663551,0.0,0.1853429547148612,0.18916058597448895,1.7808291254967614e-06,1.8171872561422228e-06,1
CZU,Las Brujas Airport,Colombia,1,1,1,0.0002920560747663551,0.0,0.2388370051514793,0.24458048253510983,0.00037611674029137406,0.0003781347983375107,1
CZX,Changzhou Benniu Airport,China,18,18,18,0.005257009345794392,4.5385363815444766e-06,0.2753100414215029,0.28168546781685466,0.004865910309069079,0.004922924156988385,16
DAB,Daytona Beach International Airport,United States,2,2,2,0.0005841121495327102,0.0,0.26330397396338157,0.2689049014173727,0.001975841863990143,0.001994020930968136,2
DAC,Hazrat Shahjalal International Airport,Bangladesh,34,33,34,0.009929906542056074,0.0036135096356753006,0.3077369770759122,0.3146775389177168,0.01873008388456668,0.01885229831128308,22
DAD,Da Nang International Airport,Vietnam,20,20,20,0.005841121495327103,0.00027057092081247806,0.2784729324634103,0.28430305567182923,0.0062269757865723785,0.006283665492079933,14
DAL,Dallas Love Field,United States,21,24,24,0.007009345794392522,0.0003689705780406547,0.27088585689095096,0.2889720898570456,0.007701616408537874,0.005768666476135752,16
DAR,Julius Nyerere International Airport,Tanzania,19,22,22,0.006425233644859813,0.002167059589104773,0.288563583561537,0.30329552558721085,0.010215772742845316,0.007231643960049853,11
DAT,Datong Airport,China,7,7,7,0.0020443925233644858,4.818693473962012e-06,0.27139504083247534,0.2774963229285831,0.0027274597181467753,0.0027656898398011323,7
DAU,Daru Airport,Papua New Guinea,3,3,3,0.0008761682242990653,7.11013912665194e-08,0.22051860811648638,0.22510937292854302,5.289367412086252e-05,5.381290401623103e-05,3
DAV,Enrique Malek International Airport,Panama,2,2,2,0.0005841121495327102,0.003869423034393506,0.23570088151225552,0.24115892628887942,0.00027294924956108824,0.0002756324843739125,2
DAX,Dachuan Airport,China,5,5,5,0.0014602803738317756,4.213415778756705e-09,0.2745361871384068,0.28089330024813897,0.003092049260167782,0.003133373375344293,5
DAY,James M Cox Dayton International Airport,United States,16,16,16,0.004672897196261682,7.733289191116573e-08,0.2873898502489111,0.295690030474532,0.012823618978900329,0.012907538681314619,16
DBA,Dalbandin Airport,Pakistan,1,1,2,0.0005841121495327102,0.0,0.19620618727481054,0.2412617220801364,0.0002588763939583605,1.461590756778278e-05,2
DBO,Dubbo City Regional Airport,Australia,2,2,2,0.0005841121495327102,0.0,0.24700905382521335,0.2540394973070018,0.0002720498772388672,0.0002624976503260241,2
DBQ,Dubuque Regional Airport,United States,1,1,1,0.0002920560747663551,0.0,0.26917319604654033,0.2751802933311725,0.001286136946605542,0.001300805273568333,1
DBV,Dubrovnik Airport,Croatia,41,41,42,0.012266355140186916,0.00020510605280674488,0.29788210617385796,0.30495689655172414,0.04878626653089748,0.04918937365201412,31
DCA,Ronald Reagan Washington National Airport,United States,89,91,91,0.026577102803738317,0.0011003853566921697,0.30942878490739545,0.3176206509539843,0.035553964518597894,0.03555807119606142,30
DCM,Castres-Mazamet Airport,France,3,3,3,0.0008761682242990653,3.0947384382537616e-07,0.23994145373021447,0.24477439815482196,0.00125137307740823,0.001261936490448666,2
DCN,RAAF Base Curtin,Australia,1,1,1,0.0002920560747663551,0.0,0.2306904980636449,0.2352126333287159,0.00012620659925124305,0.0001273943433809766,1
DCY,Daocheng Yading Airport,China,1,1,1,0.0002920560747663551,0.0,0.23935344670795503,0.24426382795080198,0.00039155189877824515,0.0003986019703162616,1
DDC,Dodge City Regional Airport,United States,2,2,2,0.0005841121495327102,0.0,0.2515368671130259,0.25713636707806464,0.0007093427280538801,0.0007164324288504797,2
DDG,Dandong Airport,China,3,3,3,0.0008761682242990653,0.0,0.270643008934488,0.27672750977835725,0.0022461184691660815,0.002274079238805245,3
DEA,Dera Ghazi Khan Airport,Pakistan,3,2,3,0.0008761682242990653,0.0,0.24642250813491895,0.2519661670871049,0.0009309370056045776,0.0008879431770387897,3
DEB,Debrecen International Airport,Hungary,2,2,2,0.0005841121495327102,9.563072357608978e-09,0.23253201593909167,0.23720053083746595,0.00152607695572193,0.0015517241875397897,2
DEC,Decatur Airport,United States,2,2,2,0.0005841121495327102,0.0,0.2694790002131111,0.2754704737183647,0.0017328223304802456,0.0017519968113747396,2
DED,Dehradun Airport,India,2,2,2,0.0005841121495327102,0.0,0.2539412494934747,0.2594545037818015,0.000795202965311205,0.0008046832514254184,2
DEE,Mendeleyevo Airport,Russia,1,1,1,0.0002920560747663551,0.0,0.2215928012562504,0.2260684329649847,6.916525299858533e-05,6.987030566506614e-05,1
DEF,Dezful Airport,Iran,1,1,1,0.0002920560747663551,0.0,0.20201908502410076,0.20618055977171998,2.396139303030665e-05,2.0049964715239375e-05,1
DEL,Indira Gandhi International Airport,India,97,97,98,0.0286214953271028,0.014926910560858982,0.34210257748286477,0.3502836513666839,0.05078560559543175,0.05098763518956406,26
DEN,Denver International Airport,United States,168,169,170,0.04964953271028037,0.02617143869454248,0.33775322616214076,0.3460715377560379,0.04883911131900133,0.048920816777750065,30
DFW,Dallas Fort Worth International Airport,United States,185,187,188,0.054906542056074766,0.025132936812371796,0.35623146531068095,0.36658031088082904,0.06333461446377929,0.06331564646251193,30
DGA,?,?,4,5,5,0.0014602803738317756,0.0004318698505528389,0.22605784340545734,0.23116193587910966,0.0001244005394814712,0.00012478009072769444,3
DGO,General Guadalupe Victoria International Airport,Mexico,4,4,4,0.0011682242990654205,1.670570477797242e-06,0.28070919016282064,0.2870910474258179,0.002658574711944295,0.0026756211462052766,4
DGT,Sibulan Airport,Philippines,2,2,2,0.0005841121495327102,0.0,0.24464341532534023,0.24961411245865492,0.0003979554737278482,0.0004031876134040898,2
DHB,?,?,2,2,2,0.0005841121495327102,0.0005781396326663227,0.0007950415368639667,0.14763291744555057,1.9419414396950163e-09,,1
DHI,Dhangarhi Airport,Nepal,1,1,1,0.0002920560747663551,0.0,0.2299715872317291,0.23454658470888873,0.00019511829503492296,0.00019726593822198737,1
DHM,Kangra Airport,India,1,1,1,0.0002920560747663551,0.0,0.2539218320558318,0.2594346829640947,0.0007270539658960961,0.00073592301059118,1
DHN,Dothan Regional Airport,United States,1,1,1,0.0002920560747663551,0.0,0.2623885682384772,0.26799242424242425,0.0011608011244565834,0.0011723581532111563,1
DIB,Dibrugarh Airport,India,4,3,4,0.0011682242990654205,1.543571956720667e-05,0.25462273574805766,0.260130218307162,0.0008992384896481931,0.0009107484261817947,3
DIE,Arrachart Airport,Madagascar,5,5,5,0.0014602803738317756,1.3436533547852003e-06,0.22813889252721684,0.2328100363337218,0.0002098291825982751,0.0001957556090169862,4
DIG,Diqing Airport,China,5,5,5,0.0014602803738317756,2.8975581696937126e-06,0.25784530783649107,0.263541828340835,0.001290385087575034,0.0013122601787582265,5
DIJ,Dijon-Bourgogne Airport,France,1,1,1,0.0002920560747663551,0.0,0.23359522507218403,0.23833251456242543,0.0007268353846455405,0.0007397510348281493,1
DIK,Dickinson Theodore Roosevelt Regional Airport,United States,2,2,2,0.0005841121495327102,0.0,0.2549159222864948,0.26094974642692487,0.00138937553240555,0.0014029202419806356,2
DIL,Presidente Nicolau Lobato International Airport,East Timor,3,3,3,0.0008761682242990653,0.0,0.25581925272522676,0.2614117465937957,0.000903366700395166,0.0009179276657713342,3
DIN,Dien Bien Phu Airport,Vietnam,1,1,1,0.0002920560747663551,0.0,0.23880265494219532,0.24358054798450723,0.0002713532950650294,0.00027625113527949906,1
DIR,Aba Tenna Dejazmach Yilma International Airport,Ethiopia,3,3,3,0.0008761682242990653,5.025852628381972e-07,0.24569323169770407,0.2510163352797694,0.0005826631839566088,0.0005704189572935436,2
DIU,Diu Airport,India,1,1,2,0.0005841121495327102,0.0002876193479513243,0.24543900366786167,0.25070131404104534,0.0005698141366311185,0.0005646133186782118,2
DIW,?,?,1,1,1,0.0002920560747663551,0.0,0.1940166931307647,0.1977407709328054,5.378151711572613e-06,5.475227540397155e-06,1
DIY,Diyarbakir Airport,Turkey,4,4,4,0.0011682242990654205,5.4992023084830764e-08,0.2711070062557081,0.2768628729822273,0.003695577863863094,0.003750687964580924,4
DJB,Sultan Thaha Airport,Indonesia,2,2,2,0.0005841121495327102,0.0,0.23415524747046737,0.2391717726600465,0.0002658505961689093,0.00026616336452816756,2
DJE,Djerba Zarzis International Airport,Tunisia,23,24,25,0.007301401869158878,3.443557998778282e-05,0.2929419301011087,0.29910163818918445,0.02707329964805932,0.026798528211608053,22
DJG,Djanet Inedbirene Airport,Algeria,1,2,3,0.0008761682242990653,8.379292241830034e-05,0.2419166401709163,0.24705368834570057,0.0006864923237005372,0.0006698854091734608,3
DJJ,Sentani International Airport,Indonesia,9,9,9,0.002628504672897196,0.0021849665817135263,0.2345190479961983,0.23952602623783326,0.00028688557588252696,0.0002876052584730991,3
DKR,Léopold Sédar Senghor International Airport,Senegal,31,31,32,0.009345794392523364,0.0016566177872165983,0.3082225468374019,0.3171164441124288,0.02322172109491249,0.02134408534306684,17
DLA,Douala International Airport,Cameroon,19,21,21,0.006133177570093458,0.0005413237223444524,0.28949435268295426,0.2954585000870019,0.009516766876682384,0.009323032219598147,11
DLC,Zhoushuizi Airport,China,59,59,59,0.01723130841121495,0.0005243493863023403,0.2843628805982332,0.2906041417080267,0.01229047714005988,0.012425162468273607,25
DLE,Dole-Tavaux Airport,France,3,3,3,0.0008761682242990653,7.074865580311357e-09,0.25064455578731737,0.25610859728506785,0.002725293762777275,0.002767919672232177,3
DLG,Dillingham Airport,United States,2,2,2,0.0005841121495327102,0.0,0.22538276908009827,0.23040911866476693,0.00010050486839177282,0.00010251319813849523,2
DLH,Duluth International Airport,United States,4,4,4,0.0011682242990654205,4.884028631869448e-06,0.27057685322465314,0.27661480817789363,0.0027407304457129885,0.0027739636433296356,4
DLI,Lien Khuong Airport,Vietnam,3,3,3,0.0008761682242990653,0.0,0.24324565775169707,0.24791940429259746,0.000690917533888228,0.0007029178843725847,3
DLM,Dalaman International Airport,Turkey,28,28,29,0.008469626168224298,8.131569160022215e-05,0.29737527712242934,0.30416480071652485,0.03128322088361741,0.031151244515372347,26
DLU,Dali Airport,China,4,4,4,0.0011682242990654205,6.337765366719984e-08,0.24161741266197384,0.24655147379120082,0.000824921623505834,0.0008408948949137393,4
DLY,Dillon's Bay Airport,Vanuatu,2,2,2,0.0005841121495327102,0.0,0.20094334500944985,0.2047016274864376,9.626133916337084e-06,9.620925298099119e-06,2
DLZ,Dalanzadgad Airport,Mongolia,1,0,1,0.0002920560747663551,0.0,0.22346893791448433,0.2278124371100825,9.114077816425822e-05,,1
DMB,Taraz Airport,Kazakhstan,3,4,5,0.0014602803738317756,5.702751236380891e-06,0.23994145373021447,0.2589401448722836,0.002168176172702733,0.0006899124399048331,5
DMD,Doomadgee Airport,Australia,3,3,3,0.0008761682242990653,0.0005465434371196778,0.19545554559306463,0.19905046597503076,4.266391574806946e-06,4.353523903198149e-06,2
DME,Domodedovo International Airport,Russia,189,189,190,0.055490654205607476,0.029417301857640656,0.33499341467024796,0.34161553163665626,0.07602306531616343,0.07665407557577285,31
DMK,Don Mueang International Airport,Thailand,48,48,48,0.014018691588785045,0.007483407205849909,0.2754927592190284,0.2815453490300116,0.007155314466735627,0.007248647592395111,19
DMM,King Fahd International Airport,Saudi Arabia,48,48,48,0.014018691588785045,0.0006777529693569554,0.30733824337123256,0.3140373589791012,0.021573814853966936,0.021485144394538986,22
DMU,Dimapur Airport,India,2,2,2,0.0005841121495327102,0.0,0.22585796909652237,0.23009689003320008,0.0001448627135908606,0.00014699704447677207,2
DND,Dundee Airport,United Kingdom,1,1,1,0.0002920560747663551,0.0,0.2288463730705098,0.23359471729261247,0.0011072772725688556,0.0011233630221815633,1
DNH,Dunhuang Airport,China,4,4,4,0.0011682242990654205,0.0,0.23856247985820175,0.24365045200172192,0.0007802764316241472,0.0007958147650810317,4
DNK,Dnipropetrovsk International Airport,Ukraine,9,9,9,0.002628504672897196,2.2628276905526107e-06,0.2766633108078121,0.28359081419624216,0.008655289552395092,0.008762606730180231,8
DNR,Dinard-Pleurtuit-Saint-Malo Airport,France,3,3,3,0.0008761682242990653,2.273549660407763e-08,0.23300517258112322,0.23774852982357883,0.0018879123234076041,0.0019161291426456537,3
DNZ,Çardak Airport,Turkey,2,2,2,0.0005841121495327102,5.4992023084830764e-08,0.2709521638076181,0.27670496211195306,0.0027914636780132077,0.0028285612196628424,2
DOB,Rar Gwamar Airport,Indonesia,1,1,1,0.0002920560747663551,0.0,0.15894269466453684,0.16203063123240613,7.185133698855448e-08,7.329385013298705e-08,1
DOH,Hamad International Airport,Qatar,118,116,118,0.0344626168224299,0.017418566441577854,0.3667354742822936,0.3745863666446062,0.0811488072276326,0.08142738404081645,31
DOK,Donetsk International Airport,Ukraine,12,12,12,0.003504672897196261,2.3381150391863583e-05,0.2841438966053023,0.2902812206171468,0.011494847526510399,0.011579943576717691,11
DOL,Deauville-Saint-Gatien Airport,France,1,1,1,0.0002920560747663551,0.0,0.22826434696358044,0.23298572996706915,0.0004731625364512938,0.00048188335685819735,1
DOM,Douglas-Charles Airport,Dominica,8,8,9,0.002628504672897196,7.553379442854066e-06,0.24142418899499585,0.24766627771295216,0.0012443423020674653,0.0011724916386132397,6
DOU,Dourados Airport,Brazil,3,3,3,0.0008761682242990653,3.5089267578667273e-06,0.25382478939281267,0.25929602198976864,0.0007485846533213952,0.0007565901883895856,3
DOY,Dongying Shengli Airport,China,6,6,6,0.0017523364485981306,2.9589522785230097e-08,0.27435473559370194,0.28073075969248573,0.0032198442305448774,0.003251603576859434,6
DPL,Dipolog Airport,Philippines,3,3,3,0.0008761682242990653,0.0,0.2446614395952382,0.24963246104087033,0.00041490158970917696,0.0004205393425058071,3
DPO,Devonport Airport,Australia,1,1,1,0.0002920560747663551,0.0,0.2402191637461059,0.244792042096158,0.0002004232655553715,0.00020356843965709187,1
DPS,Ngurah Rai (Bali) International Airport,Indonesia,42,42,42,0.012266355140186916,0.006095228806932407,0.29340782113678815,0.3,0.009827788338621652,0.009895409089326474,17
DQA,Saertu Airport,China,2,2,2,0.0005841121495327102,0.0,0.2689769738883985,0.2750242954324587,0.0014025248854100162,0.0014193789371892307,2
DRG,Deering Airport,United States,2,2,2,0.0005841121495327102,0.0,0.18370247937302475,0.18756213409919364,1.4637521107800439e-06,1.5045155955419837e-06,2
DRK,Drake Bay Airport,Costa Rica,1,1,1,0.0002920560747663551,0.0,0.23530005807597024,0.24066331230954574,0.0002728362493291792,0.0002755176177695171,1
DRO,Durango La Plata County Airport,United States,3,3,3,0.0008761682242990653,0.0,0.26741743594992495,0.2744020685197156,0.002149007562733168,0.0021710023332593316,3
DRS,Dresden Airport,Germany,18,18,18,0.005257009345794392,3.7677204844283167e-06,0.288563583561537,0.29448491155046824,0.020544334708357696,0.02073088360422957,18
DRV,Dharavandhoo Airport,Maldives,2,2,2,0.0005841121495327102,9.622187176330367e-06,0.23679333425742785,0.2415019200682691,0.0002910076105473848,0.0002727935537618459,2
DRW,Darwin International Airport,Australia,20,20,20,0.005841121495327103,0.00319418704410762,0.27141722269114577,0.2776551385822909,0.0026602765796136284,0.002679594789599555,10
DSA,Robin Hood Doncaster Sheffield Airport,United Kingdom,8,8,8,0.002336448598130841,5.463284871266989e-07,0.2539800932792481,0.2592564317886862,0.004927175738879772,0.004994511484677097,8
DSK,Dera Ismael Khan Airport,Pakistan,2,2,2,0.0005841121495327102,2.9394482530511726e-05,0.22132696078553507,0.22578286018216873,0.00011466985619548027,0.00011490490155745735,2
DSM,Des Moines International Airport,United States,17,17,17,0.004964953271028037,0.00010829367555204741,0.2879131021004134,0.29556135770234987,0.011387512503214861,0.01149530351551797,14
DSN,Ordos Ejin Horo Airport,China,19,19,19,0.005549065420560747,6.1109352594974365e-06,0.27264283412365914,0.27872619829284306,0.004708616808050255,0.004778003995814488,18
DTM,Dortmund Airport,Germany,29,28,29,0.008469626168224298,6.005013569465113e-05,0.27931615103256524,0.28485153497735277,0.019900915849598067,0.020189402162381923,21
DTW,Detroit Metropolitan Wayne County Airport,United States,134,135,135,0.03942757009345794,0.008534312389602698,0.343340541731407,0.35206303130831434,0.0557711272181298,0.05585013266086972,30
DUB,Dublin Airport,Ireland,144,144,144,0.04205607476635514,0.007176485558631642,0.33441991134201093,0.3419595206927802,0.11600767659910853,0.11730550841986534,31
DUD,Dunedin Airport,New Zealand,4,3,4,0.0011682242990654205,0.0,0.24655057685248852,0.2513507512397306,0.00033476945680243416,0.0003385788828453601,4
DUJ,DuBois Regional Airport,United States,2,2,2,0.0005841121495327102,0.0,0.23165606694287885,0.23713427833251868,0.00042632593515759017,0.0004315387526685045,2
DUR,King Shaka International Airport,South Africa,13,13,13,0.0037967289719626164,0.00022985148198253528,0.27901106701614586,0.2850188837599664,0.002633715875165577,0.0025304292944526305,7
DUS,Düsseldorf Airport,Germany,147,147,147,0.0429322429906542,0.0055107714457495885,0.3481276569479157,0.35631098520616933,0.11507919916898374,0.11599050454871082,31
DUT,Unalaska Airport,United States,3,3,3,0.0008761682242990653,5.119300171189398e-07,0.0008761682242990654,,,,1
DVO,Francisco Bangoy International Airport,Philippines,9,9,9,0.002628504672897196,4.6312821238102986e-05,0.26267914251116664,0.2686283815851922,0.0011837068539217457,0.0012021959040688756,5
DWC,Al Maktoum International Airport,United Arab Emirates,37,40,41,0.01197429906542056,0.0006145418239222183,0.2918092899495754,0.30898007460649624,0.017512242781454305,0.014336783417408275,22
DWD,King Salman Abdulaziz Airport,Saudi Arabia,2,2,2,0.0005841121495327102,0.0,0.25357282526161945,0.25969259004358797,0.0012388226174460328,0.00122829206604859,2
DXB,Dubai International Airport,United Arab Emirates,182,188,188,0.054906542056074766,0.05935046022271049,0.38408393703749344,0.3926919518963922,0.1037969528669241,0.1027437448849516,31
DYG,Dayong Airport,China,12,12,12,0.003504672897196261,3.33371012811743e-07,0.274808814930997,0.28119566117413264,0.004647339774359745,0.004713749713002318,12
DYR,Ugolny Airport,Russia,2,2,2,0.0005841121495327102,0.0,0.25172754090556154,0.2564180006040471,0.0011980260830797532,0.0012177386510542712,2
DYU,Dushanbe Airport,Tajikistan,31,30,31,0.009053738317757009,0.00035728152565218566,0.30202725962948324,0.308390846349437,0.01313270897874717,0.013209116062435185,15
DZA,Dzaoudzi Pamandzi International Airport,Mayotte,10,7,10,0.0029205607476635513,0.0001267478594077061,0.2571265752710931,0.26254348666408966,0.0026073326289185396,0.0025462751019029737,7
DZN,Zhezkazgan Airport,Kazakhstan,2,2,2,0.0005841121495327102,0.0,0.23988945457098665,0.24486264330521307,0.0006384735488078714,0.0006487588299772012,2
EAE,Siwo Airport,Vanuatu,1,1,1,0.0002920560747663551,0.0,0.20093118652061284,0.20468928937375686,9.486378554177468e-06,9.48008601306266e-06,1
EAM,Nejran Airport,Saudi Arabia,3,3,3,0.0008761682242990653,0.0,0.2540189489502156,0.2600903729800107,0.0015476764248425064,0.0015383949379435865,3
EAR,?,?,1,1,1,0.0002920560747663551,0.0,0.25151781561964465,0.2571168988491823,0.0006991876764882943,0.0007060918994832925,1
EAS,San Sebastian Airport,Spain,2,2,2,0.0005841121495327102,0.0,0.27128418590198256,0.27722448979591835,0.0035947541349122766,0.0036474117042568687,2
EAT,Pangborn Memorial Airport,United States,1,1,1,0.0002920560747663551,0.0,0.2585479383078611,0.26428015564202334,0.0006611696200997228,0.0006702015115181423,1
EAU,Chippewa Valley Regional Airport,United States,1,1,1,0.0002920560747663551,0.0,0.26917319604654033,0.2751802933311725,0.001286136946605542,0.001300805273568333,1
EBA,Marina Di Campo Airport,Italy,5,5,5,0.0014602803738317756,8.943505270655713e-06,0.27088585689095096,0.27632221318144834,0.004355519375330629,0.00440509674726402,4
EBB,Entebbe International Airport,Uganda,16,20,20,0.005841121495327103,0.0022310589778159304,0.29255481628280927,0.3063599458728011,0.013353447220260826,0.0072632681585955,11
EBH,El Bayadh Airport,Algeria,1,1,1,0.0002920560747663551,0.0,0.24189901803803673,0.2469818181818182,0.000662910532730241,0.0006698854091734608,1
EBJ,Esbjerg Airport,Denmark,2,2,2,0.0005841121495327102,4.978754763744158e-08,0.23178542050856205,0.2366055876820177,0.0009088745554555103,0.0009256321720530888,2
EBL,Erbil International Airport,Iraq,20,20,20,0.005841121495327103,3.5589465363287437e-05,0.3008779305632117,0.307664431962312,0.021878636882327943,0.022067582168748094,18
EBU,Saint-Étienne-Bouthéon Airport,France,4,4,4,0.0011682242990654205,1.063107487454535e-06,0.24858071110308916,0.25362210604929053,0.002198579121667791,0.002239834178555611,4
ECN,Ercan International Airport,Cyprus,8,8,8,0.002336448598130841,6.95002916784122e-07,0.2717948698335381,0.27756436452799343,0.004645244934361594,0.004716998448794993,7
ECP,Northwest Florida Beaches International Airport,United States,5,5,5,0.0014602803738317756,0.0,0.26284547408787146,0.2684372776855585,0.002808869872574228,0.0028352865398872233,5
EDA,?,?,2,1,3,0.0008761682242990653,0.000863881903888211,0.16999179522017754,0.20965551302629953,9.79426363737794e-06,1.4230601996568966e-07,2
EDI,Edinburgh Airport,United Kingdom,89,88,89,0.025992990654205607,0.002987596873881433,0.3109644835308707,0.31773952095808383,0.0758563716708871,0.07669821982951859,31
EDL,Eldoret International Airport,Kenya,3,2,3,0.0008761682242990653,0.0002880886171336833,0.24053235691917776,0.24590876176683563,0.0004219824778985319,0.00039233023828685187,2
EDO,Balıkesir Körfez Airport,Turkey,1,1,1,0.0002920560747663551,0.0,0.24028869172403533,0.24518085336798787,0.0009397707193090101,0.0009571508249977642,1
EDR,Pormpuraaw Airport,Australia,2,2,2,0.0005841121495327102,0.0,0.21894835627521383,0.2233035244608101,4.9963819565136896e-05,5.08096681716824e-05,2
EEK,Eek Airport,United States,2,2,2,0.0005841121495327102,0.0,0.18400785280801066,0.18787342332374418,1.4479001138928522e-06,1.4843562615013577e-06,2
EFL,Kefallinia Airport,Greece,6,5,7,0.0020443925233644858,1.032879252889785e-06,0.2607608731547835,0.28828522920203736,0.007326535444158721,0.004992464594384129,7
EGC,Bergerac-Roumanière Airport,France,9,9,9,0.002628504672897196,1.2848488199742534e-05,0.23662460593032408,0.2413989195336935,0.004646823765376472,0.004710860752692866,8
EGE,Eagle County Regional Airport,United States,1,1,1,0.0002920560747663551,0.0,0.25151781561964465,0.2571168988491823,0.0006991876764882943,0.0007060918994832925,1
EGM,Sege Airport,Solomon Islands,3,4,5,0.0014602803738317756,3.4128667807929316e-07,0.1960208795009839,0.19961206136483867,4.084793828723344e-06,4.036141332157666e-06,3
EGN,Geneina Airport,Sudan,1,1,1,0.0002920560747663551,0.0,0.22320135230717625,0.22750720171501307,0.00015280605291530456,0.00015210311092605264,1
EGO,Belgorod International Airport,Russia,9,9,9,0.002628504672897196,4.0790407586458035e-07,0.2552686386060549,0.2603895108112253,0.003273513257552764,0.003290747172756075,9
EGS,Egilsstaðir Airport,Iceland,1,1,1,0.0002920560747663551,0.0,0.16228264280047736,0.16556969431037005,1.268334453929407e-07,1.3109468932041065e-07,1
EGX,Egegik Airport,United States,1,1,2,0.0005841121495327102,0.0002880459562989234,0.15472160087714523,0.18739653459883016,1.4621208691327508e-06,2.1355879642185067e-08,2
EIN,Eindhoven Airport,Netherlands,61,62,63,0.018399532710280372,0.0003137269190236656,0.2850952712591147,0.2910524511484402,0.04597848418317434,0.046194443449795994,31
EIS,Terrance B. Lettsome International Airport,British Virgin Islands,4,5,5,0.0014602803738317756,1.706433390396466e-08,0.23833989231509137,0.24458048253510983,0.0008156563093711177,0.0008039373119071526,5
EJA,Yariguíes Airport,Colombia,1,1,1,0.0002920560747663551,0.0,0.2388370051514793,0.24458048253510983,0.00037611674029137406,0.0003781347983375107,1
EJH,Al Wajh Domestic Airport,Saudi Arabia,1,1,1,0.0002920560747663551,0.0,0.2518802881998004,0.2579175210754158,0.0006725158210115085,0.0006565908751707835,1
EKO,Elko Regional Airport,United States,1,1,1,0.0002920560747663551,0.0,0.24109116593772095,0.2462832692726086,0.00045851167030034457,0.0004633154749654837,1
EKS,Shakhtyorsk Airport,Russia,1,1,1,0.0002920560747663551,0.0,0.2215928012562504,0.2260684329649847,6.916525299858533e-05,6.987030566506614e-05,1
ELC,Elcho Island Airport,Australia,1,1,1,0.0002920560747663551,0.0,0.17502712905846032,0.1785770626281748,5.454524174229158e-07,5.584510880152005e-07,1
ELD,South Arkansas Regional At Goodwin Field,United States,3,2,3,0.0008761682242990653,7.416942377506119e-07,0.22854712454412718,0.23490350695164972,0.000375171263784161,0.0003524474191385663,2
ELF,El Fasher Airport,Sudan,1,1,1,0.0002920560747663551,0.0,0.22320135230717625,0.22750720171501307,0.00015280605291530456,0.00015210311092605264,1
ELG,El Golea Airport,Algeria,2,2,2,0.0005841121495327102,2.41744730306166e-07,0.19436872810220476,0.19822554284380106,2.3581790970296232e-05,1.4316611791532641e-05,2
ELH,North Eleuthera Airport,Bahamas,4,4,4,0.0011682242990654205,3.454603848305919e-07,0.2580657226939826,0.2646921278254092,0.002001107663986197,0.0019891051362198957,4
ELI,Elim Airport,United States,3,3,3,0.0008761682242990653,8.532166951982329e-08,0.18374313725591593,0.18760357971494862,1.5284856275418962e-06,1.550245431121896e-06,2
ELL,?,?,1,1,1,0.0002920560747663551,0.0,0.25100451395511475,0.2563018867924528,0.0004802986617177679,0.0004804980485209108,1
ELM,Elmira Corning Regional Airport,United States,5,5,5,0.0014602803738317756,1.45750530879335e-05,0.2722851524783674,0.27829222322379743,0.003238067430100943,0.0032578046755364163,5
ELP,El Paso International Airport,United States,12,13,13,0.0037967289719626164,4.798493451919396e-06,0.29017736102989933,0.29854945054945053,0.009454745050146781,0.008512977568997746,13
ELQ,Gassim Airport,Saudi Arabia,10,9,10,0.0029205607476635513,2.6971879409837274e-07,0.2860530381278464,0.29215416379903647,0.007616101562578193,0.007632459497065087,10
ELS,Ben Schoeman Airport,South Africa,4,4,4,0.0011682242990654205,0.0,0.251080426404519,0.2563792843122452,0.0006468373337310668,0.0006293614606106993,4
ELU,Guemar Airport,Algeria,1,1,1,0.0002920560747663551,0.0,0.24189901803803673,0.2469818181818182,0.000662910532730241,0.0006698854091734608,1
ELV,Elfin Cove Seaplane Base,United States,1,1,2,0.0005841121495327102,0.00028804595629892347,0.1709720290184919,0.21124657875093306,1.1214346875192903e-05,1.6306190018438773e-07,2
EMA,East Midlands Airport,United Kingdom,57,57,57,0.01664719626168224,0.0003745428611957148,0.2917580143758714,0.2989173488249274,0.04024420799328674,0.040555041971418584,29
EMD,Emerald Airport,Australia,1,1,1,0.0002920560747663551,0.0,0.24228729896586665,0.2469279429942558,0.0001481706100583509,0.00014949381950618836,1
EMK,Emmonak Airport,United States,3,3,3,0.0008761682242990653,0.0003012978336031772,0.18408945726626577,0.1879566083683861,1.4489727466883899e-06,1.4852340126480828e-06,2
ENA,Kenai Municipal Airport,United States,1,1,1,0.0002920560747663551,0.0,0.22519935708844216,0.23022167988610942,9.9063679453333e-05,0.00010103357908547863,1
ENE,Ende (H Hasan Aroeboesman) Airport,Indonesia,2,2,2,0.0005841121495327102,8.532166951982329e-08,0.18529124649180717,0.1894349305516818,5.35093272992024e-06,5.4769721628516695e-06,2
ENH,Enshi Airport,China,1,1,1,0.0002920560747663551,0.0,0.23240182795340247,0.23700188429059948,0.00023722197332386085,0.0002418537606365548,1
ENU,Akanu Ibiam International Airport,Nigeria,3,3,3,0.0008761682242990653,0.0,0.25045551848753056,0.25612791311561955,0.0010054557893291603,0.0009904610537084773,3
ENY,Yan'an Ershilipu Airport,China,4,4,4,0.0011682242990654205,2.8653510267187427e-06,0.2697855000102501,0.2758508650800097,0.0017164601441832217,0.0017401716861485093,4
EOH,Enrique Olaya Herrera Airport,Colombia,8,8,8,0.002336448598130841,0.001152013181856654,0.23899170346356013,0.2447391179014125,0.0004112596941007242,0.0004137438427908444,3
EOI,Eday Airport,United Kingdom,2,1,2,0.0005841121495327102,0.0,0.19584747107962774,0.19987051968689307,3.384478221955236e-05,3.433507753758359e-05,2
EPR,Esperance Airport,Australia,1,2,2,0.0005841121495327102,0.0,0.2306904980636449,0.23522892567707973,0.00012803963287928144,0.0001273943433809766,2
EQS,Brigadier Antonio Parodi Airport,Argentina,3,3,4,0.0011682242990654205,0.0,0.2051136330837658,0.20931952662721892,3.733350845078475e-05,3.701479664472618e-05,4
ERC,Erzincan Airport,Turkey,3,3,3,0.0008761682242990653,5.4992023084830764e-08,0.2710406235411499,0.27679517483087457,0.0030745909251088544,0.0031175215228868786,3
ERF,Erfurt Airport,Germany,6,6,6,0.0017523364485981306,2.158831483078982e-07,0.2597817194419282,0.26562377786468516,0.0063670278071003145,0.00637122484678745,6
ERI,Erie International Tom Ridge Field,United States,3,3,3,0.0008761682242990653,0.0,0.26063807547493667,0.26618592255839474,0.0022220883518516486,0.0022439523514312743,3
ERL,Erenhot Saiwusu International Airport,China,2,2,2,0.0005841121495327102,0.0,0.26891163006123314,0.27495749332037894,0.0013050145691614087,0.0013202294345056487,2
ERM,Erechim Airport,Brazil,3,2,3,0.0008761682242990653,2.6576943872606177e-06,0.21156917173968962,0.21949327817993794,8.281246657247185e-05,7.04463554231235e-05,2
ERN,Eirunepé Airport,Brazil,1,1,1,0.0002920560747663551,0.0,0.17247271837676162,0.17598590454474788,5.770378248582658e-07,5.845887559474271e-07,1
ERS,Eros Airport,Namibia,3,3,3,0.0008761682242990653,3.4128667807929316e-07,0.0008761682242990654,,,,2
ERZ,Erzurum International Airport,Turkey,3,3,3,0.0008761682242990653,5.4992023084830764e-08,0.2710406235411499,0.27679517483087457,0.0030745909251088544,0.0031175215228868786,3
ESB,Esenboğa International Airport,Turkey,45,43,45,0.013142523364485981,0.002083073765719237,0.2957333439866567,0.3017593744446419,0.019776783263396127,0.020020304342879672,18
ESC,Delta County Airport,United States,1,1,1,0.0002920560747663551,0.0,0.2546032139558513,0.26040947780078216,0.0007984274038091698,0.0008061052249647108,1
ESD,Orcas Island Airport,United States,1,1,2,0.0005841121495327102,1.7064333903964658e-07,0.0005257009345794393,,,,2
ESL,Elista Airport,Russia,1,1,1,0.0002920560747663551,0.0,0.2499841704024517,0.25464907018596283,0.0010883570352199666,0.0011063760351434418,1
ESM,General Rivadeneira Airport,Ecuador,3,3,3,0.0008761682242990653,0.0,0.23139779246227915,0.23650672052371335,0.0003530324298438103,0.00031925308005259577,3
ESU,Mogador Airport,Morocco,2,2,2,0.0005841121495327102,0.0,0.24246420265962093,0.24741366749235028,0.0018611817216095314,0.0018916283039902126,2
ETH,Eilat Airport,Israel,3,3,3,0.0008761682242990653,0.001150989321822416,0.2548767917435082,0.2606493207460281,0.0011532814135350612,0.0011622770269302742,2
ETR,Santa Rosa International Airport,Ecuador,1,1,1,0.0002920560747663551,0.0,0.2305143495506156,0.23553890969621308,0.00015465520816698426,0.00015504950882167103,1
ETZ,Metz-Nancy-Lorraine Airport,France,5,5,5,0.0014602803738317756,2.275244520528621e-08,0.25032336194980914,0.2556651358879771,0.004421998037638277,0.004499055505528479,5
EUG,Mahlon Sweet Field,United States,9,9,9,0.002628504672897196,2.5272493099501587e-05,0.2800699771971129,0.28648557448962375,0.005113868524536366,0.005167165229295908,9
EUN,Hassan I Airport,Western Sahara,3,3,3,0.0008761682242990653,0.0,0.24721132432265078,0.2530174340634779,0.0022534160191198228,0.0022270289994069776,3
EUX,F. D. Roosevelt Airport,Netherlands Antilles,1,1,1,0.0002920560747663551,0.0,0.23339820913875234,0.23875140607424072,0.0002822119122771564,0.00028347507895013315,1
EVE,"Harstad/Narvik Airport, Evenes",Norway,7,7,7,0.0020443925233644858,9.922188570048152e-05,0.24800520684288038,0.2529797377830751,0.0030136541872901384,0.0030526230325959203,5
EVG,Sveg Airport,Sweden,2,2,2,0.0005841121495327102,0.0,0.2539995196287416,0.25951398441082074,0.0013801774993657452,0.0014006851367822052,2
EVN,Zvartnots International Airport,Armenia,33,33,33,0.009637850467289719,0.00015877522120672885,0.2997102635041668,0.30594594594594593,0.020467568180308038,0.020662454551952942,19
EVV,Evansville Regional Airport,United States,4,4,4,0.0011682242990654205,0.0,0.2792691716109804,0.28665484932894403,0.0041520728397733886,0.004193126345440529,4
EWB,New Bedford Regional Airport,United States,2,3,3,0.0008761682242990653,0.0,0.20222822724719372,0.2228054061146831,0.0001418038770335296,2.9024610513099363e-05,3
EWN,Coastal Carolina Regional Airport,United States,2,2,2,0.0005841121495327102,0.0,0.26330397396338157,0.2689049014173727,0.001975841863990143,0.001994020930968136,2
EWR,Newark Liberty International Airport,United States,152,153,153,0.04468457943925233,0.017392612378705753,0.366007904731199,0.37520715942989724,0.09358255643808537,0.09399351462175959,30
EXI,?,?,1,1,1,0.0002920560747663551,0.0,0.20685123455999552,0.2112334390744542,1.1053800687451372e-05,1.1297567910494902e-05,1
EXT,Exeter International Airport,United Kingdom,19,19,19,0.005549065420560747,0.0010205025422564688,0.28989870970110587,0.2969829470922606,0.017918515092492038,0.01806441577614358,14
EYK,Beloyarskiy Airport,Russia,4,4,4,0.0011682242990654205,8.754557464694613e-06,0.25130843950553716,0.2566893424036281,0.0010042492060918977,0.0010167861812093722,3
EYP,El Yopal Airport,Colombia,1,1,1,0.0002920560747663551,0.0,0.2388370051514793,0.24458048253510983,0.00037611674029137406,0.0003781347983375107,1
EYW,Key West International Airport,United States,8,8,8,0.002336448598130841,3.4039472931956996e-07,0.27152818639625254,0.2776551385822909,0.004932146318416184,0.004939340642656199,8
EZE,Ministro Pistarini International Airport,Argentina,40,40,41,0.01197429906542056,0.005391450926212583,0.3139929765153336,0.3230286312184914,0.025877843468848694,0.02578366828012559,20
EZS,Elazığ Airport,Turkey,4,4,4,0.0011682242990654205,5.4992023084830764e-08,0.2711070062557081,0.2768628729822273,0.003695577863863094,0.003750687964580924,4
FAE,Vagar Airport,Faroe Islands,4,4,4,0.0011682242990654205,0.0,0.2604132465202453,0.26579009157079125,0.003138425087242113,0.0031746523093757464,4
FAI,Fairbanks International Airport,United States,21,19,24,0.007009345794392522,0.01514258121762292,0.26220210972176616,0.26816171825647506,0.0007666316906604036,0.0007765029336146709,3
FAO,Faro Airport,Portugal,61,63,64,0.018691588785046728,0.0006508113733054428,0.3013967797809192,0.30886766712141883,0.05459886365016471,0.053249541115938354,31
FAR,Hector International Airport,United States,10,10,10,0.0029205607476635513,6.01158531484305e-05,0.2819006553163131,0.2893660531697341,0.006116003005828847,0.0061679441123768,9
FAT,Fresno Yosemite International Airport,United States,11,11,11,0.0032126168224299065,2.2138885796226982e-06,0.2845090575416525,0.2910524511484402,0.006949541830819669,0.007026771882563946,11
FAV,Fakarava Airport,French Polynesia,2,2,2,0.0005841121495327102,0.0,0.2224984736767952,0.22721798474508229,3.6955534473893685e-05,3.757111609015018e-05,2
FAY,Fayetteville Regional Grannis Field,United States,4,4,4,0.0011682242990654205,2.4060326061599468e-08,0.2704666655502662,0.2768628729822273,0.0035870150981448068,0.0035858413233156505,4
FBM,Lubumbashi International Airport,Congo (Kinshasa),7,6,7,0.0020443925233644858,0.00013187156116934923,0.25750540629855523,0.2629907844807558,0.0015109152281268883,0.0014719936703678764,5
FBS,?,?,2,2,2,0.0005841121495327102,0.0011549141186203283,0.0008944217289719625,0.20933242926708995,9.471222322133225e-06,,1
FCA,Glacier Park International Airport,United States,5,5,5,0.0014602803738317756,0.0,0.2655144894559981,0.2713977463438024,0.0032344634986600025,0.0032729016615479873,5
FCO,Leonardo da Vinci–Fiumicino Airport,Italy,159,157,162,0.04731308411214953,0.012167717881638365,0.3671003448624992,0.3764966740576497,0.1363419027863489,0.1358772781240507,31
FDE,?,?,3,2,3,0.0008761682242990653,0.0,0.244787683888115,0.24988962472406182,0.0017825566859347877,0.0018128346501793903,3
FDF,Martinique Aimé Césaire International Airport,Martinique,10,11,11,0.0032126168224299065,0.00020797052980506465,0.29270953897101526,0.2994444934309144,0.006352160558131855,0.0060034289311518465,9
FDH,Friedrichshafen Airport,Germany,12,12,12,0.003504672897196261,1.1274151775581817e-05,0.28962059302513243,0.29548420777864787,0.013228801209384333,0.013377649930888807,11
FEG,Fergana International Airport,Uzbekistan,6,6,6,0.0017523364485981306,3.504961628337062e-08,0.2560164767270194,0.2611303344867359,0.0032720321117049493,0.003266043322152479,6
FEN,Fernando de Noronha Airport,Brazil,2,2,2,0.0005841121495327102,0.0,0.2258118944394239,0.23073787199347737,0.00013605037183697332,0.00013708093006025907,2
FEZ,Saïss Airport,Morocco,16,16,16,0.004672897196261682,4.362967454276132e-05,0.26205726954120645,0.2680770445216293,0.010783936951484309,0.010948015191154811,14
FIH,Ndjili International Airport,Congo (Kinshasa),19,16,20,0.005841121495327103,0.008242312714195933,0.29278696170218377,0.2988910403098046,0.008839389028087619,0.008795206007323676,11
FJR,Fujairah International Airport,United Arab Emirates,1,1,1,0.0002920560747663551,0.0,0.21587399854554823,0.22004794919976672,2.1591214719683918e-05,2.1726283550991953e-05,1
FKB,Karlsruhe Baden-Baden Airport,Germany,18,18,18,0.005257009345794392,2.3003928837911766e-05,0.27259807253539386,0.278223824348681,0.014826148218723571,0.015043190871868218,18
FKI,Bangoka International Airport,Congo (Kinshasa),3,2,3,0.0008761682242990653,0.002299845601906837,0.2258272505696136,0.23029974230299743,0.0001265982499228218,0.00012697085049183534,2
FKL,Venango Regional Airport,United States,2,2,2,0.0005841121495327102,0.0,0.23165606694287885,0.23713427833251868,0.0004263259351575894,0.0004315387526685045,2
FKQ,Fakfak Airport,Indonesia,4,3,4,0.0011682242990654205,0.0001049416856585327,0.18961855305351272,0.19344915978353747,6.22922404955195e-06,6.248851751610231e-06,3
FKS,Fukushima Airport,Japan,2,2,2,0.0005841121495327102,0.0,0.221312210571554,0.22795006041079338,0.00015511310307854217,0.00015273392064759798,2
FLA,Gustavo Artunduaga Paredes Airport,Colombia,1,1,1,0.0002920560747663551,0.0,0.2388370051514793,0.24458048253510983,0.00037611674029137406,0.0003781347983375107,1
FLG,Flagstaff Pulliam Airport,United States,1,1,1,0.0002920560747663551,0.0,0.24202242690956696,0.24728755552319232,0.0005431125213427798,0.0005510527400797104,1
FLL,Fort Lauderdale Hollywood International Airport,United States,97,97,97,0.028329439252336445,0.006094162367092447,0.32016869645450907,0.3281793583301121,0.04039904639949538,0.040516682773613116,30
FLN,Hercílio Luz International Airport,Brazil,12,12,12,0.003504672897196261,0.0009716426546053001,0.2552882625788874,0.2609296965040338,0.0017641309617230122,0.0017667114123436785,8
FLO,Florence Regional Airport,United States,1,1,1,0.0002920560747663551,0.0,0.249196286929774,0.2546108861898336,0.000815040739533559,0.0008216627777569799,1
FLR,Peretola Airport,Italy,26,26,26,0.007593457943925233,9.930273996180543e-06,0.29657852278522534,0.3035395066142295,0.03580661492868724,0.03618263897253333,26
FLS,Flinders Island Airport,Australia,2,1,2,0.0005841121495327102,0.0005762625559368865,0.1998790008201618,0.2036459582633725,8.861019625422253e-06,8.860615144668202e-06,1
FLW,Flores Airport,Portugal,4,4,4,0.0011682242990654205,6.429851678961494e-05,0.22821728538424632,0.2337072465762852,0.00027202159048610327,0.00025672554108939916,3
FMA,Formosa Airport,Argentina,1,1,1,0.0002920560747663551,0.0,0.205037646309346,0.20922925266465406,2.4683569141349352e-05,2.4861952758225746e-05,1
FMI,Kalemie Airport,Congo (Kinshasa),1,0,1,0.0002920560747663551,0.0,0.13396446692670302,0.13628155222922267,3.769312796991479e-10,,1
FMM,Memmingen Allgau Airport,Germany,21,21,21,0.006133177570093458,1.1394494295140405e-05,0.26466802579311133,0.2702960840496657,0.015836973866659585,0.0160493115330403,18
FMN,Four Corners Regional Airport,United States,3,3,3,0.0008761682242990653,5.977064343536088e-06,0.2515749787595582,0.2571753123816736,0.0007172666334995399,0.0007245385991419986,2
FMO,Münster Osnabrück Airport,Germany,11,11,11,0.0032126168224299065,1.1037233283277849e-06,0.28516871787257775,0.2910524511484402,0.012987875139064957,0.013122305241369864,11
FNA,Lungi International Airport,Sierra Leone,11,11,12,0.003504672897196261,0.000140852741981972,0.2848018627466697,0.2964126734747316,0.009919695870153632,0.0075459948419839004,9
FNC,Madeira Airport,Portugal,30,30,30,0.008761682242990653,7.307090070488476e-05,0.29470977277477534,0.3018130110202631,0.03494966310977571,0.03529985623349151,27
FNI,Nîmes-Arles-Camargue Airport,France,4,4,4,0.0011682242990654205,2.1640393693893768e-07,0.23339820913875234,0.2380651945320715,0.0021624041087033377,0.0022051062862618476,4
FNJ,Pyongyang Sunan International Airport,North Korea,4,4,4,0.0011682242990654205,9.901361532288395e-07,0.2757214978102099,0.2822238843181252,0.0020743643012979527,0.002095403754076142,4
FNT,Bishop International Airport,United States,8,8,8,0.002336448598130841,2.7304681745975194e-09,0.2783328907573689,0.28442211055276384,0.00598165347539891,0.006038234691569657,8
FOC,Fuzhou Changle International Airport,China,47,47,47,0.013726635514018691,0.0001242585954849028,0.2844846842822041,0.29030603521969567,0.013032218307595536,0.013208368279939499,25
FOE,Topeka Regional Airport - Forbes Field,United States,1,1,1,0.0002920560747663551,0.0,0.26917319604654033,0.2751802933311725,0.001286136946605542,0.001300805273568333,1
FON,Arenal Airport,Costa Rica,1,2,2,0.0005841121495327102,0.0,0.23530005807597024,0.24068036853295535,0.0002768556961713285,0.0002755176177695171,2
FOR,Pinto Martins International Airport,Brazil,19,19,19,0.005549065420560747,0.0007019060808657377,0.2770557082951917,0.283496118206862,0.004956656565272453,0.005013092449891104,9
FPO,Grand Bahama International Airport,Bahamas,10,10,10,0.0029205607476635513,7.100750914008071e-07,0.27777412962159503,0.28404148544663765,0.0063740739620730584,0.0064086956473198425,10
FRA,Frankfurt am Main Airport,Germany,238,239,244,0.07126168224299065,0.050999877320783545,0.3923891905501794,0.40184593539226127,0.16639497080160792,0.16575117148770455,31
FRD,Friday Harbor Airport,United States,1,1,2,0.0005841121495327102,1.7064333903964658e-07,0.0004380841121495327,,,,2
FRE,Fera/Maringe Airport,Solomon Islands,1,2,2,0.0005841121495327102,0.0,0.19597460723671692,0.1995768688293371,3.910996287460083e-06,3.91719377667212e-06,2
FRO,Florø Airport,Norway,4,5,6,0.0017523364485981306,1.177306757715391e-07,0.2448237776191513,0.2499631974090976,0.002293726749841044,0.0022581997157992014,4
FRS,Mundo Maya International Airport,Guatemala,2,2,2,0.0005841121495327102,3.424378434617034e-07,0.23220681907741894,0.2376320761318312,0.0003156618077932606,0.0003180891684779806,2
FRU,Manas International Airport,Kyrgyzstan,22,22,22,0.006425233644859813,0.00017226356660353089,0.290228082470387,0.29656798532879225,0.010985100278965895,0.011069902123448865,15
FRW,Francistown Airport,Botswana,2,2,2,0.0005841121495327102,0.0,0.2510234877637137,0.2563212317910786,0.0004972114252716722,0.000496309186473279,2
FSC,Figari Sud-Corse Airport,France,9,9,9,0.002628504672897196,0.0005761795184544144,0.24957084921284892,0.2546872656367182,0.006291952550543476,0.006354163704371407,8
FSD,Joe Foss Field Airport,United States,9,9,9,0.002628504672897196,5.320022588943497e-05,0.28168544572280674,0.28914431673052365,0.005657491335528488,0.005704628637411317,9
FSM,Fort Smith Regional Airport,United States,2,2,2,0.0005841121495327102,0.0,0.266430497402613,0.2732759314396073,0.002067508489358678,0.002086215846907485,2
FSP,St Pierre Airport,Saint Pierre and Miquelon,3,3,3,0.0008761682242990653,0.0,0.25212889830887314,0.25756541524459614,0.0012446648015467597,0.0012432569546247387,3
FSZ,?,?,7,7,7,0.0020443925233644858,6.25343170369442e-08,0.27070919700221474,0.2761424621889738,0.002813513082629462,0.0028008125492379665,7
FTA,Futuna Airport,Vanuatu,2,2,2,0.0005841121495327102,0.0,0.16695775362625281,0.1699869856842527,1.3989750363782597e-07,1.4098487659758404e-07,2
FTE,El Calafate Airport,Argentina,3,3,3,0.0008761682242990653,3.581057080048597e-07,0.23899170346356013,0.24511006856730422,0.00040090083324991746,0.00040282710962590896,3
FTU,Tôlanaro Airport,Madagascar,2,2,2,0.0005841121495327102,0.0,0.22686089080654243,0.2322051282051282,9.296850306001756e-05,7.930316099346172e-05,2
FUE,Fuerteventura Airport,Spain,51,53,55,0.01606308411214953,0.0001879202025937313,0.2937971971712084,0.3015985790408526,0.05291713705319695,0.04866001440441935,31
FUG,Fuyang Xiguan Airport,China,9,9,9,0.002628504672897196,1.7679479994046635e-07,0.2738569783627056,0.28022114035811535,0.0031112829579194026,0.0031572366084061374,9
FUJ,Fukue Airport,Japan,2,2,2,0.0005841121495327102,5.799642895465112e-08,0.2341057257403009,0.23950913322519218,0.0002237203296390417,0.00022674617461178637,2
FUK,Fukuoka Airport,Japan,37,37,37,0.01080607476635514,0.002115497595615537,0.30694054160515466,0.31476503846510334,0.012683906169704768,0.012767720725608934,22
FUN,Funafuti International Airport,Tuvalu,1,1,1,0.0002920560747663551,0.0,0.1979724406597215,0.20367038503058654,6.993604430067034e-06,4.731742284112993e-06,1
FUO,Foshan Shadi Airport,China,1,1,1,0.0002920560747663551,0.0,0.20631148854536333,0.21057853289514478,5.347634237594476e-05,5.477576770052243e-05,1
FUT,Pointe Vele Airport,Wallis and Futuna,1,1,1,0.0002920560747663551,0.0,0.18572649438625102,0.18933987511150757,1.2644278509285325e-06,1.2809109658107579e-06,1
FVM,?,?,1,1,1,0.0002920560747663551,0.0,0.23675956934451506,0.24146757679180889,0.00028918816867267577,0.0002709428187120541,1
FWA,Fort Wayne International Airport,United States,10,10,10,0.0029205607476635513,6.713399338703236e-05,0.28082788326648356,0.28826075884899416,0.005227879029317945,0.005267891476213826,9
FYU,Fort Yukon Airport,United States,5,4,5,0.0014602803738317756,0.0014789720064975675,0.2071997079694371,0.21157560276618279,1.1321630987743166e-05,1.156200641905671e-05,2
GAE,Gabès Matmata International Airport,Tunisia,2,2,3,0.0008761682242990653,9.197706817096641e-05,0.23969898366003814,0.24461571706403515,0.0008153245866263523,0.0008026275304655953,3
GAF,Gafsa Ksar International Airport,Tunisia,1,2,3,0.0008761682242990653,0.0,0.23968168311989665,0.24461571706403515,0.0008153245866263514,0.0007912077425835328,3
GAJ,Yamagata Airport,Japan,3,3,3,0.0008761682242990653,2.1372652255330846e-05,0.2479311422746131,0.2529232144187086,0.00036046190181869726,0.00036608388048360043,3
GAL,Edward G. Pitka Sr Airport,United States,6,5,6,0.0017523364485981306,0.0013993692339615508,0.20718678061056703,0.21157560276618279,1.1315597952340238e-05,1.1383816032506532e-05,3
GAM,Gambell Airport,United States,2,2,2,0.0005841121495327102,0.0,0.18373297109805067,0.18759321659393471,1.485656619491796e-06,1.5272473717669982e-06,2
GAN,Gan International Airport,Maldives,3,3,3,0.0008761682242990653,3.337984179058765e-06,0.24381716003128986,0.24891885948838233,0.0006690588097443308,0.000654255962530342,2
GAO,Mariana Grajales Airport,Cuba,1,1,1,0.0002920560747663551,0.0,0.23371030471012513,0.23964434408298638,0.00035107659705311417,0.00033265548809890386,1
GAU,Lokpriya Gopinath Bordoloi International Airport,India,12,12,12,0.003504672897196261,0.0003950750549566734,0.2665802135045491,0.27226809909404315,0.0026628375135455793,0.0026918101803772303,5
GBB,Gabala International Airport,Azerbaijan,1,1,1,0.0002920560747663551,0.0,0.2499841704024517,0.25464907018596283,0.0010883570352199666,0.0011063760351434418,1
GBE,Sir Seretse Khama International Airport,Botswana,8,8,8,0.002336448598130841,9.140612806617697e-06,0.25324408751820093,0.25884146341463415,0.0011813771462188065,0.001095457707949394,5
GBT,Gorgan Airport,Iran,4,4,5,0.0014602803738317756,4.274357102735035e-07,0.25341801889699084,0.25897963852665296,0.001083636739664942,0.000822745556796318,5
GCC,Gillette Campbell County Airport,United States,3,3,3,0.0008761682242990653,0.0,0.25357282526161945,0.25929602198976864,0.0011745138544800955,0.001186533036587582,3
GCH,Gachsaran Airport,Iran,1,1,1,0.0002920560747663551,0.0,0.20201908502410076,0.20618055977171998,2.396139303030665e-05,2.0049964715239375e-05,1
GCI,Guernsey Airport,Guernsey,15,14,15,0.004380841121495327,0.00043199843746406536,0.28843826280084844,0.29515035633582476,0.014284101685904584,0.014370907635647174,12
GCK,Garden City Regional Airport,United States,1,1,1,0.0002920560747663551,0.0,0.26162370752589365,0.26826763567422385,0.0009067073649020931,0.0009138576936963287,1
GCM,Owen Roberts International Airport,Cayman Islands,19,18,19,0.005549065420560747,0.0016064711865622799,0.2909910374716236,0.2984182776801406,0.013856774191371707,0.013841865666584933,15
GCN,Grand Canyon National Park Airport,United States,1,1,1,0.0002920560747663551,0.0,0.2005550017892359,0.2047386507505878,1.80139440813395e-05,1.8380501262239165e-05,1
GCW,?,?,1,1,1,0.0002920560747663551,0.0,0.0002920560747663551,,,,1
GDE,Gode Airport,Ethiopia,1,1,1,0.0002920560747663551,0.0,0.19657785589452248,0.2006025163919901,6.830941644448076e-06,6.8405249782759775e-06,1
GDL,Don Miguel Hidalgo Y Costilla International Airport,Mexico,41,41,41,0.01197429906542056,0.0006378781045037816,0.2933300697488003,0.30007952637624813,0.01260718452281505,0.012661494053806331,18
GDN,Gdańsk Lech Wałęsa Airport,Poland,47,47,47,0.013726635514018691,0.0003538621889608088,0.295181308411215,0.30221589392186526,0.039936602600136796,0.04044252031590429,28
GDQ,Gonder Airport,Ethiopia,2,2,2,0.0005841121495327102,9.581623487076359e-05,0.2455478940865253,0.250886524822695,0.0004757129355392074,0.00046589773854125626,2
GDT,JAGS McCartney International Airport,Turks and Caicos Islands,3,3,3,0.0008761682242990653,0.0005756653042502477,0.2229615764486483,0.23000338638672535,0.00017809539610993716,0.00016591067155767328,2
GDV,Dawson Community Airport,United States,1,1,1,0.0002920560747663551,0.0,0.20938144512144818,0.21371932032724986,5.254298053430484e-05,5.358684740518499e-05,1
GDX,Sokol Airport,Russia,4,4,4,0.0011682242990654205,0.0,0.2520714831961567,0.25676697414184185,0.00139269412508932,0.0014162796386950611,4
GDZ,Gelendzhik Airport,Russia,1,1,1,0.0002920560747663551,0.0,0.2585076848533527,0.2640746500777605,0.0013677589133341346,0.001391181050515801,1
GEA,Nouméa Magenta Airport,New Caledonia,9,8,9,0.002628504672897196,5.545908518788514e-06,0.002628504672897196,,,,2
GEG,Spokane International Airport,United States,10,10,10,0.0029205607476635513,4.056165082728107e-08,0.2800935998335162,0.28646140868831715,0.005585517298310651,0.005646596747372153,10
GEL,Santo Ângelo Airport,Brazil,2,2,3,0.0008761682242990653,0.0002880459562989235,0.1741733829658118,0.21947909261293866,7.301119426219639e-05,1.690851497841601e-06,2
GEO,Cheddi Jagan International Airport,Guyana,7,7,7,0.0020443925233644858,0.00026914186949802174,0.28059059734906366,0.2875285750571501,0.0040825496827239195,0.0040727449381481404,6
GES,General Santos International Airport,Philippines,3,3,3,0.0008761682242990653,0.0,0.2446614395952382,0.24963246104087033,0.0004268562373883201,0.00043278515433262517,3
GET,Geraldton Airport,Australia,1,1,1,0.0002920560747663551,0.0,0.2306904980636449,0.2352126333287159,0.00012620659925124305,0.0001273943433809766,1
GEV,Gällivare Airport,Sweden,4,4,4,0.0011682242990654205,3.697272345859009e-07,0.25405781651183296,0.25957349231827564,0.0014210058678148052,0.001442473968234698,2
GFF,Griffith Airport,Australia,2,2,2,0.0005841121495327102,0.0,0.24700905382521335,0.2540394973070018,0.00027094649840148137,0.000261371392098288,2
GFK,Grand Forks International Airport,United States,5,5,5,0.0014602803738317756,0.0005806541288124997,0.25686801667900433,0.2628889921040409,0.0015681100604994613,0.0015741231116550292,4
GFN,Grafton Airport,Australia,1,1,1,0.0002920560747663551,0.0,0.19750147018116854,0.20260112158453644,3.824161436936755e-06,3.7187933543901897e-06,1
GGG,East Texas Regional Airport,United States,1,1,1,0.0002920560747663551,0.0,0.26162370752589365,0.26826763567422385,0.0009067073649020931,0.0009138576936963287,1
GGT,Exuma International Airport,Bahamas,5,6,6,0.0017523364485981306,1.4692978322497017e-05,0.2803537120832561,0.2872367419436691,0.004231164867461268,0.004221596213043487,5
GGW,Wokal Field Glasgow International Airport,United States,1,1,1,0.0002920560747663551,0.0,0.20938144512144818,0.21371932032724986,5.254298053430484e-05,5.358684740518499e-05,1
GHA,Noumérat - Moufdi Zakaria Airport,Algeria,4,4,4,0.0011682242990654205,0.00011961969301755428,0.2420047893620586,0.24707166242269915,0.0010641792849122934,0.0010652828701033577,3
GHB,Governor's Harbour Airport,Bahamas,3,2,3,0.0008761682242990653,0.0,0.24507673207573197,0.2500920539067678,0.0009102095643590548,0.0009207892242846612,3
GHE,?,?,1,1,2,0.0005841121495327102,0.00028804595629892347,0.13737030361653713,0.1629480351230747,1.146414553183726e-07,1.6579114487866716e-09,2
GHT,Ghat Airport,Libya,1,1,1,0.0002920560747663551,0.0,0.23125276599068026,0.23601362151643618,0.00024706549629755777,0.0002506785253241909,1
GIB,Gibraltar Airport,Gibraltar,5,5,5,0.0014602803738317756,4.16529077550217e-07,0.28327132300828867,0.2891689373297003,0.007060325457005535,0.007148044825860419,5
GIG,Rio Galeão – Tom Jobim International Airport,Brazil,50,49,50,0.014602803738317755,0.011251346321244781,0.3224067688957445,0.329804797513839,0.02679518825417216,0.02685121440380591,20
GIL,Gilgit Airport,Pakistan,1,1,1,0.0002920560747663551,0.0,0.24001082101952648,0.24564195298372513,0.0003852141862856446,0.0003681504177321495,1
GIS,Gisborne Airport,New Zealand,2,2,2,0.0005841121495327102,0.0,0.23745368034509606,0.24236368826719953,0.00016294159085203301,0.00016508230630252167,2
GIU,Sigiriya Air Force Base,Sri Lanka,3,3,3,0.0008761682242990653,0.0011511599651614559,0.2416349937878315,0.24649778616534804,0.00037574747749146743,0.0003794243169147085,1
GIZ,Jizan Regional Airport,Saudi Arabia,4,4,4,0.0011682242990654205,0.0,0.2550333860399484,0.26019000919399327,0.001784390191182507,0.0017730161871591604,4
GJA,La Laguna Airport,Honduras,1,1,1,0.0002920560747663551,0.0,0.18496099585753414,0.1895724014737077,6.477272057036142e-06,6.5330987258238e-06,1
GJT,Grand Junction Regional Airport,United States,6,6,6,0.0017523364485981306,0.0,0.2759047623484686,0.28307076769192296,0.004268419513166876,0.004316466670758399,6
GKA,Goroka Airport,Papua New Guinea,4,4,4,0.0011682242990654205,0.0,0.22053325273118396,0.22512429565793834,5.37513492108839e-05,5.470555266227986e-05,4
GKK,Kooddoo Airport,Maldives,2,2,2,0.0005841121495327102,0.0,0.23677645059723124,0.24148474720898813,0.00029338835821231225,0.00027491070449775967,2
GLA,Glasgow International Airport,United Kingdom,62,63,63,0.018399532710280372,0.005735324067036724,0.3154545188207626,0.3232746311280343,0.05022342982856805,0.049874362813031516,31
GLF,Golfito Airport,Costa Rica,2,2,2,0.0005841121495327102,0.0,0.23531673183292007,0.24068036853295535,0.00027679894242871236,0.0002795525004537278,2
GLH,Mid Delta Regional Airport,United States,1,1,1,0.0002920560747663551,0.0,0.207225567527374,0.21139122315592904,1.6621600923863508e-05,1.6924596339842103e-05,1
GLK,Galcaio Airport,Somalia,3,3,4,0.0011682242990654205,3.555735346438395e-05,0.24061950000914195,0.246122626467604,0.0004306722538241287,0.0003927111040310944,3
GLN,?,?,2,2,3,0.0008761682242990653,0.0002876193479513243,0.2471377330971324,0.2529608938547486,0.0019159957789328566,0.0019058875003453313,2
GLO,Gloucestershire Airport,United Kingdom,1,1,1,0.0002920560747663551,0.0,0.20795226499005376,0.21207768687941048,0.00011265184304044167,0.00011497588166013198,1
GLT,Gladstone Airport,Australia,3,3,3,0.0008761682242990653,6.8179010979089735e-06,0.25009713207005335,0.2550315410033043,0.00041757378916446557,0.0004094656088807675,3
GLV,Golovin Airport,United States,3,3,3,0.0008761682242990653,8.532166951982329e-08,0.18374313725591593,0.18760357971494862,1.507543123202053e-06,1.5496272898652723e-06,2
GMA,Gemena Airport,Congo (Kinshasa),1,1,1,0.0002920560747663551,0.0,0.18367199776693408,0.1871177475342994,1.8383392716628222e-06,1.8590670035784697e-06,1
GMB,Gambella Airport,Ethiopia,1,2,2,0.0005841121495327102,0.0,0.24552973897420838,0.250886524822695,0.0004755178989921825,0.00046560662901379946,2
GMO,Gombe Lawanti International Airport,Nigeria,1,1,1,0.0002920560747663551,0.0,0.2258733314940939,0.23023728813559322,0.0001327256524894745,0.00013292542480270434,1
GMP,Gimpo International Airport,South Korea,13,13,13,0.0037967289719626164,0.0006376378701260941,0.27168368809835297,0.2777914110429448,0.002684260025055571,0.002721607740179408,8
GMR,Totegegie Airport,French Polynesia,1,1,2,0.0005841121495327102,0.00014398031731470174,0.18151351296125542,0.22721798474508229,3.693201943376722e-05,5.339970145208016e-07,2
GMZ,La Gomera Airport,Spain,1,1,1,0.0002920560747663551,0.0,0.21647912122725999,0.22110814506152746,0.00017719039041731854,0.00017957773138655694,1
GND,Point Salines International Airport,Grenada,8,8,8,0.002336448598130841,0.00013356814838540342,0.2807329207562912,0.28767471410419315,0.0042200428360292365,0.004175535411234602,6
GNM,Guanambi Airport,Brazil,1,1,2,0.0005841121495327102,0.00028804595629892347,0.185301585828144,0.23320972393901937,0.0001205538758832567,1.7366772810959766e-06,2
GNU,?,?,1,1,2,0.0005841121495327102,0.0002876193479513243,0.18399765733744283,0.18786303037008353,1.4478958638499131e-06,1.462927607456101e-06,2
GNV,Gainesville Regional Airport,United States,5,5,5,0.0014602803738317756,2.7304681745975194e-09,0.2689334078090515,0.27497975708502026,0.004093930218075997,0.004087151760329082,5
GNY,Şanlıurfa GAP Airport,Turkey,4,4,4,0.0011682242990654205,5.4992023084830764e-08,0.2711070062557081,0.2768628729822273,0.003695577863863094,0.003750687964580924,4
GOA,Genoa Cristoforo Colombo Airport,Italy,17,17,17,0.004964953271028037,3.74777441155923e-05,0.29557540895649026,0.3017861903492402,0.018691259046800572,0.0188994840989273,17
GOH,Godthaab / Nuuk Airport,Greenland,9,9,9,0.002628504672897196,0.00943024777537327,0.24177573495640103,0.2472515471423371,0.0005873394634464301,0.0005971727415048438,3
GOI,Dabolim Airport,India,12,12,12,0.003504672897196261,3.0122667026566123e-05,0.286546701149898,0.2923805424020663,0.006706469375405104,0.006743712554076778,11
GOJ,Nizhny Novgorod Strigino International Airport,Russia,15,15,15,0.004380841121495327,4.41014809032741e-05,0.28871411229578925,0.29458709229701596,0.00872554429814433,0.008769551736016247,12
GOM,Goma International Airport,Congo (Kinshasa),3,3,4,0.0011682242990654205,0.0012950122999718777,0.18375330453885394,0.1873138444567016,1.8398644249016732e-06,1.8330037193481118e-06,2
GOP,Gorakhpur Airport,India,1,1,1,0.0002920560747663551,0.0,0.2539218320558318,0.2594346829640947,0.0007270539658960961,0.00073592301059118,1
GOQ,Golmud Airport,China,2,2,2,0.0005841121495327102,0.0,0.22278208235785377,0.2269446672012831,0.0002763890298302313,0.00028240682512256816,2
GOT,Gothenburg-Landvetter Airport,Sweden,32,32,32,0.009345794392523364,0.0008372550045191504,0.3020822086442434,0.3090644339279214,0.03977317221423372,0.040227623820789316,25
GOU,Garoua International Airport,Cameroon,2,2,3,0.0008761682242990653,1.5286799122301674e-07,0.223803054294795,0.23025289850159333,0.000330751677334369,0.00024329844888320743,3
GOV,Gove Airport,Australia,3,3,3,0.0008761682242990653,0.0,0.22163717010119255,0.2262340949970022,8.860186590540306e-05,9.005162418610343e-05,3
GPA,Araxos Airport,Greece,3,3,3,0.0008761682242990653,4.932365423486669e-07,0.2819485243357249,0.28794302187552995,0.004343904385361746,0.00438638761516504,3
GPB,Tancredo Thomas de Faria Airport,Brazil,1,1,1,0.0002920560747663551,0.0,0.20905191813825422,0.21349091594895328,4.381138811480087e-05,4.388820849474646e-05,1
GPI,Juan Casiano Airport,Colombia,1,1,1,0.0002920560747663551,0.0,0.216719292542333,0.2213387212409568,6.654052611828195e-05,6.623771820265835e-05,1
GPS,Seymour Airport,Ecuador,1,1,1,0.0002920560747663551,0.0,0.22365232486706413,0.23261867251181587,0.0001318366955585435,9.796585302826637e-05,1
GPT,Gulfport Biloxi International Airport,United States,4,4,4,0.0011682242990654205,0.0,0.27288928585965716,0.27987473215757375,0.003818042833171218,0.003853563054114322,4
GRB,Austin Straubel International Airport,United States,4,4,4,0.0011682242990654205,0.0,0.27707882516697274,0.2831651796881514,0.003935553330788554,0.003976096994241543,4
GRI,Central Nebraska Regional Airport,United States,3,3,3,0.0008761682242990653,4.31867780184455e-06,0.2664091231148149,0.27329792370835343,0.0016711130080922841,0.0016901877209602881,3
GRJ,George Airport,South Africa,3,3,3,0.0008761682242990653,0.0,0.25106144398776503,0.25635993055031325,0.0006375771182966925,0.0006202776586394195,3
GRK,Robert Gray  Army Air Field Airport,United States,3,3,3,0.0008761682242990653,0.0,0.27237448487747445,0.27934523319898,0.003003002093637655,0.0030319002763573425,3
GRO,Girona Airport,Spain,49,49,50,0.014602803738317755,0.0004302515699663349,0.2836827028554731,0.2915521978021978,0.028965395906312114,0.0275494978008919,26
GRP,Gurupi Airport,Brazil,1,1,2,0.0005841121495327102,0.0005766038426149659,0.00038940809968847346,0.18923436977599464,1.7434990152919155e-06,,1
GRQ,Eelde Airport,Netherlands,6,5,8,0.002336448598130841,7.829440536137195e-07,0.24011494718916618,0.24569526841267544,0.0057191821446317005,0.0046430215226850435,8
GRR,Gerald R. Ford International Airport,United States,20,20,20,0.005841121495327103,0.00012523381955092345,0.28931780097805965,0.2977641385357299,0.013222815857524226,0.013306718459606353,17
GRU,Guarulhos - Governador André Franco Montoro International Airport,Brazil,90,92,92,0.026869158878504672,0.039641447507841716,0.3410485487959503,0.3491312840546931,0.048180994594707004,0.04827243349543714,29
GRV,?,?,1,1,1,0.0002920560747663551,0.0,0.2499841704024517,0.25464907018596283,0.0010883570352199666,0.0011063760351434418,1
GRW,Graciosa Airport,Portugal,1,1,1,0.0002920560747663551,0.0,0.19991509961026838,0.20397621478767494,3.293364384600061e-05,3.347133138002225e-05,1
GRX,Federico Garcia Lorca Airport,Spain,5,5,5,0.0014602803738317756,1.568597175526634e-06,0.2724862328404175,0.2784519514594949,0.0053210545914802315,0.005405973550577949,4
GRZ,Graz Airport,Austria,11,11,11,0.0032126168224299065,1.1363856205985919e-07,0.2853157246864995,0.2911522633744856,0.015840946318554445,0.0160044948425622,11
GSE,Gothenburg City Airport,Sweden,20,20,20,0.005841121495327103,0.000243945971200971,0.2599037113270853,0.2651467832604622,0.01455877722401299,0.0148423484069963,18
GSM,?,?,5,5,5,0.0014602803738317756,0.0001737581816564815,0.2774955895066573,0.2831651796881514,0.0017783210524711143,0.0017644677249309528,5
GSO,Piedmont Triad International Airport,United States,14,14,14,0.0040887850467289715,7.54011363719012e-05,0.28949435268295426,0.29823482919118294,0.011098419482847309,0.011125407144533231,13
GSP,Greenville Spartanburg International Airport,United States,20,20,20,0.005841121495327103,0.00011249373480826879,0.2882379758377023,0.29656798532879225,0.013035198202611122,0.013117839903911662,17
GST,Gustavus Airport,United States,2,2,2,0.0005841121495327102,0.0,0.20686412007887423,0.21124657875093306,1.1214346875193543e-05,1.1463017809204156e-05,2
GTE,Groote Eylandt Airport,Australia,3,3,3,0.0008761682242990653,0.0,0.22163717010119255,0.2262340949970022,8.860186590540178e-05,9.005162418610343e-05,3
GTF,Great Falls International Airport,United States,7,7,7,0.0020443925233644858,8.61873847267538e-06,0.26562067826157165,0.2715062360089543,0.003310060884359678,0.003340399191938452,6
GTO,Jalaluddin Airport,Indonesia,2,2,2,0.0005841121495327102,0.0,0.20426829794095885,0.2084586581548094,4.24171325846405e-05,4.323655992519721e-05,2
GTR,Golden Triangle Regional Airport,United States,1,1,1,0.0002920560747663551,0.0,0.2623885682384772,0.26799242424242425,0.0011608011244565834,0.0011723581532111563,1
GUA,La Aurora Airport,Guatemala,21,19,21,0.006133177570093458,0.0005249817717000243,0.30277076218327575,0.31059081763307117,0.013619373336463089,0.013650032572685948,15
GUC,Gunnison Crested Butte Regional Airport,United States,1,1,1,0.0002920560747663551,0.0,0.25151781561964465,0.2571168988491823,0.0006991876764882943,0.0007060918994832925,1
GUM,Antonio B. Won Pat International Airport,Guam,19,19,19,0.005549065420560747,0.0019159697635408787,0.28247615852553315,0.2888983411314334,0.005323395924544793,0.005337243094724681,11
GUR,Gurney Airport,Papua New Guinea,4,4,4,0.0011682242990654205,0.001006610515217227,0.22057719824816793,0.22515414705297354,5.2091546424769615e-05,5.299042422007041e-05,2
GUW,Atyrau Airport,Kazakhstan,7,7,7,0.0020443925233644858,0.00012140547313012631,0.28534024055904517,0.2920787821450073,0.005566809860350567,0.00559681552018615,6
GVA,Geneva Cointrin International Airport,Switzerland,100,101,101,0.029497663551401865,0.001529700640680086,0.3336806390299606,0.3415468168560796,0.10030750625936914,0.10032551804466457,31
GVR,Coronel Altino Machado de Oliveira Airport,Brazil,1,1,1,0.0002920560747663551,0.0,0.20198222246981135,0.20608046604769706,1.1323898434870064e-05,1.1541041755767384e-05,1
GWD,Gwadar International Airport,Pakistan,3,3,3,0.0008761682242990653,0.0,0.24158225808425493,0.24626540971718636,0.0006984779186983927,0.0007031617439357084,3
GWL,Gwalior Airport,India,1,1,1,0.0002920560747663551,0.0,0.24542086465347485,0.2506828080017716,0.0005616565962610849,0.0005646133186782118,1
GWT,Westerland Sylt Airport,Germany,7,7,7,0.0020443925233644858,4.875523972561331e-09,0.28339219317512954,0.2891689373297003,0.011636316102051847,0.011777255780223862,7
GXF,Sayun International Airport,Yemen,4,4,4,0.0011682242990654205,0.0,0.2649425338779455,0.2715930902111324,0.0018606505287373574,0.0018144683645830333,4
GXH,Gannan Xiahe Airport,China,2,2,2,0.0005841121495327102,0.0,0.22306641496783555,0.22721798474508229,0.0002495358551621154,0.0002548617053271819,2
GYA,Capitán de Av. Emilio Beltrán Airport,Bolivia,1,1,1,0.0002920560747663551,0.0,0.17252648169296383,0.17585831909274507,5.360696308889753e-07,5.356806915481849e-07,1
GYD,Heydar Aliyev International Airport,Azerbaijan,39,39,39,0.01139018691588785,0.00033345447867577584,0.3119283974850806,0.31863389003565395,0.03206974010922784,0.03241989858916054,23
GYE,José Joaquín de Olmedo International Airport,Ecuador,18,19,19,0.005549065420560747,0.0025077802702280654,0.2893430094646831,0.30310603355944304,0.009208953857213391,0.006787458771832939,12
GYN,Santa Genoveva Airport,Brazil,11,11,11,0.0032126168224299065,4.783280253179988e-05,0.25446664518208184,0.26003062787136294,0.0013923107688605793,0.0014069153107609512,8
GYS,Guangyuan Airport,China,4,4,4,0.0011682242990654205,4.213415778756705e-09,0.2734961060472878,0.27985166872682327,0.0022514641303321664,0.0022812614699573444,4
GZO,Nusatupe Airport,Solomon Islands,5,4,5,0.0014602803738317756,0.0004321826966744116,0.196044023828217,0.19961206136483867,4.0840032563512605e-06,4.149301421660363e-06,3
GZP,Gazipaşa Airport,Turkey,6,6,6,0.0017523364485981306,6.6948397415627745e-06,0.27601942645051686,0.28175557952377,0.006930603981456326,0.007027860901577819,6
GZT,Gaziantep International Airport,Turkey,5,5,5,0.0014602803738317756,5.4992023084830764e-08,0.27112914105373676,0.27688544639217283,0.0037620798522215847,0.003818770111384674,5
HAA,Hasvik Airport,Norway,2,2,2,0.0005841121495327102,0.0,0.2089598363721475,0.2134372446734963,9.65391277110868e-05,9.869557041729377e-05,2
HAC,Hachijojima Airport,Japan,1,1,1,0.0002920560747663551,0.0,0.24776465863061764,0.25275379577255136,0.00032824797070686064,0.0003333616771630597,1
HAD,Halmstad Airport,Sweden,3,4,4,0.0011682242990654205,1.4730379182810771e-06,0.25409669596955914,0.25963302752293577,0.0015226370964022912,0.0014584153694911302,3
HAH,Prince Said Ibrahim International Airport,Comoros,6,7,7,0.0020443925233644858,8.544899615521234e-06,0.2348341503165383,0.24728755552319232,0.0009677487969271827,0.00046589800934401554,7
HAJ,Hannover Airport,Germany,50,50,51,0.01489485981308411,5.706042096488991e-05,0.3025225216020924,0.30948692244600384,0.05461005864375165,0.05468731570198018,31
HAK,Haikou Meilan International Airport,China,37,38,38,0.011098130841121495,2.2736532660105945e-05,0.28087538861762396,0.2866790477798413,0.009860119466871013,0.009860958036579626,25
HAM,Hamburg Airport,Germany,87,87,87,0.025408878504672897,0.0006296081870778645,0.3205395482264641,0.32776759000096517,0.08638883644648924,0.08725757865085831,31
HAN,Noi Bai International Airport,Vietnam,46,46,46,0.013434579439252336,0.004357874387415282,0.31521497101339996,0.321987294965393,0.018954358364868387,0.019139763074750564,23
HAQ,Hanimaadhoo Airport,Maldives,2,2,2,0.0005841121495327102,5.606060490501601e-07,0.22273725398257216,0.22692950217173405,0.00012709023234453587,0.00012822618989112114,2
HAS,Ha'il Airport,Saudi Arabia,5,5,5,0.0014602803738317756,1.9928478474292123e-07,0.2778671006297522,0.2839702316247178,0.0033384391365437684,0.003314439281865351,5
HAU,Haugesund Airport,Norway,10,10,10,0.0029205607476635513,2.4142856051408265e-06,0.2663236602475073,0.2716365381538954,0.008987118191637894,0.00913343594620934,10
HAV,José Martí International Airport,Cuba,30,31,33,0.009637850467289719,0.0016659885745654308,0.30640244691143825,0.3151447661469933,0.02452312816937967,0.023047678062100257,20
HBA,Hobart International Airport,Australia,3,3,3,0.0008761682242990653,0.0,0.2505500014807732,0.2554920252783629,0.00061566146533825,0.0006106611832143424,3
HBE,Borg El Arab International Airport,Egypt,19,21,21,0.006133177570093458,0.00011522965773483996,0.2880879430577052,0.2942552638419548,0.011655176114291666,0.01152473612488386,15
HBX,Hubli Airport,India,2,2,2,0.0005841121495327102,0.0,0.24549343680240765,0.2507568485564498,0.000835846176532014,0.0008417450237273234,2
HCR,Holy Cross Airport,United States,2,2,2,0.0005841121495327102,0.0005753240175721684,0.18361106489141701,0.18745860013247959,1.4418046777026808e-06,1.4814852367284152e-06,2
HDF,Heringsdorf Airport,Germany,5,5,5,0.0014602803738317756,9.744548824381635e-07,0.2823800781995041,0.288383152173913,0.006412371193857197,0.0064830734205441705,5
HDG,Handan Airport,China,6,6,6,0.0017523364485981306,1.1804790568384453e-07,0.26776243506097147,0.2736061875604254,0.0023964689167820046,0.0024338890445843022,6
HDM,Hamadan Airport,Iran,1,1,1,0.0002920560747663551,0.0,0.22251338244613833,0.2270053475935829,0.00012485517980900988,0.00012055947479218047,1
HDN,Yampa Valley Airport,United States,1,1,1,0.0002920560747663551,0.0,0.25151781561964465,0.2571168988491823,0.0006991876764882943,0.0007060918994832925,1
HDS,Hoedspruit Air Force Base Airport,South Africa,2,2,2,0.0005841121495327102,0.0,0.2510424644410469,0.2563405797101449,0.0005998724665625636,0.0005837550559366001,2
HDY,Hat Yai International Airport,Thailand,5,5,5,0.0014602803738317756,2.586408703821561e-06,0.2613971756632689,0.2668342893061994,0.0024122836692284707,0.002441793753132362,5
HEA,Herat Airport,Afghanistan,4,4,4,0.0011682242990654205,3.6948440767397655e-06,0.25840710603269534,0.2648159700561447,0.0013366313290561545,0.0013177812351446892,4
HEH,Heho Airport,Burma,4,3,4,0.0011682242990654205,5.6881113013215525e-08,0.22771650000865173,0.23212576896787424,0.0001710025609341046,0.00017393854029608047,3
HEK,Heihe Airport,China,2,2,2,0.0005841121495327102,0.0,0.21881851078190354,0.22432128938503204,0.00016801388472489806,0.00015867363182962564,2
HEL,Helsinki Vantaa Airport,Finland,88,88,89,0.025992990654205607,0.011462522122787963,0.3357045814421925,0.34275333064190555,0.07689920191669457,0.07781704315459911,31
HER,Heraklion International Nikos Kazantzakis Airport,Greece,58,59,62,0.018107476635514017,0.00044199329319525964,0.29995390837559105,0.30727470141150925,0.057665141789721895,0.05750272849950065,31
HET,Baita International Airport,China,37,37,37,0.01080607476635514,0.000651942934261061,0.2766402632144425,0.28307076769192296,0.007576075276995889,0.0076856496113233514,24
HFA,Haifa International Airport,Israel,2,2,2,0.0005841121495327102,0.0,0.20249952555803208,0.2067831699445899,1.675034131451442e-05,1.702123899317035e-05,2
HFE,Hefei Luogang International Airport,China,35,35,35,0.01022196261682243,1.400005382467335e-05,0.2807566553623747,0.28653391832602093,0.010043188834058973,0.010137775775080267,25
HFS,Hagfors Airport,Sweden,2,2,2,0.0005841121495327102,1.6855637011229803e-05,0.2540189489502156,0.25953381734810854,0.0013666222301915783,0.0013868386001972125,2
HFT,Hammerfest Airport,Norway,9,7,9,0.002628504672897196,0.0012261652176132703,0.2090650793015719,0.21354461422373136,0.00011902469644950317,0.00012133016392204948,4
HGA,Egal International Airport,Somalia,7,5,8,0.002336448598130841,4.2791645426886494e-05,0.2799519237587395,0.28581046961790946,0.002826702310077833,0.002738243979201253,6
HGH,Hangzhou Xiaoshan International Airport,China,72,72,72,0.02102803738317757,0.0012611855346242526,0.3061199962782235,0.3131396957123098,0.018239380057748448,0.018401071142090667,25
HGN,Mae Hong Son Airport,Thailand,1,1,1,0.0002920560747663551,0.0,0.22062116128263143,0.2248708780294001,0.00012838603326233362,0.0001303876937944102,1
HGR,Hagerstown Regional Richard A Henson Field,United States,2,2,2,0.0005841121495327102,2.309341604253103e-06,0.2638898378596764,0.2704683020070086,0.0012153727863961604,0.0011792346639195887,2
HGU,Mount Hagen Kagamuga Airport,Papua New Guinea,9,8,9,0.002628504672897196,1.5926711643700348e-06,0.22060650499077714,0.22519893899204244,5.7504696520992416e-05,5.853255924747702e-05,4
HHH,Hilton Head Airport,United States,2,2,2,0.0005841121495327102,0.0,0.24953334232237512,0.25495495495495496,0.0013240363614918573,0.0013348853236483523,2
HHN,Frankfurt-Hahn Airport,Germany,47,47,47,0.013726635514018691,0.00016007684279029344,0.2644783147201472,0.27018855915347284,0.026155219262782477,0.02648387555751883,26
HIA,Lianshui Airport,China,12,12,12,0.003504672897196261,5.653436534626341e-07,0.2774955895066573,0.2832124093069802,0.00427181525553094,0.004326808996765836,12
HIB,Range Regional Airport,United States,1,1,1,0.0002920560747663551,0.0,0.250531099179643,0.25643736313524124,0.0006901878559172552,0.000696828342497343,1
HID,Horn Island Airport,Australia,1,1,1,0.0002920560747663551,0.0,0.218933921388856,0.22328884213294758,4.924853040514317e-05,5.0076313812272175e-05,1
HIJ,Hiroshima Airport,Japan,9,9,9,0.002628504672897196,1.8232785264156852e-06,0.2759276875468357,0.2818257261410788,0.0040443618715388105,0.004044038613438432,9
HIN,Sacheon Air Base/Airport,South Korea,2,2,2,0.0005841121495327102,0.0,0.22026994691073018,0.22454377148902407,0.00016215441238420856,0.00016499857699679357,2
HIR,Honiara International Airport,Solomon Islands,19,21,21,0.006133177570093458,0.009780588096818591,0.24464341532534023,0.24930259873733665,0.0002692192076936329,0.0002713985573221784,4
HJJ,Zhijiang Airport,China,2,2,2,0.0005841121495327102,0.0,0.2558586732125871,0.26153253754331923,0.0007886326211756743,0.0008015032214390987,2
HJR,Khajuraho Airport,India,1,1,2,0.0005841121495327102,4.2660834759911645e-08,0.19650806080988037,0.20747800586510265,3.16389524629407e-05,8.489203463908796e-06,2
HKB,?,?,1,1,1,0.0002920560747663551,0.0,0.20708341978212574,0.211470203624136,1.0975208517083866e-05,1.120754862890084e-05,1
HKD,Hakodate Airport,Japan,6,6,6,0.0017523364485981306,4.433625434432255e-07,0.2599240544478842,0.2655199374511337,0.0016705011464977328,0.0016875497268423044,6
HKG,Hong Kong International Airport,Hong Kong,134,133,134,0.039135514018691586,0.027812079376844864,0.36174179952354774,0.36981378634433193,0.05998845055640766,0.06046705333857557,28
HKK,Hokitika Airfield,New Zealand,1,1,1,0.0002920560747663551,0.0,0.2117445463002084,0.21623686723973257,2.3657255892050504e-05,2.4002757036650058e-05,1
HKN,Kimbe Airport,Papua New Guinea,3,3,3,0.0008761682242990653,0.0,0.22051860811648638,0.22510937292854302,5.3632451983652326e-05,5.458260530552109e-05,3
HKT,Phuket International Airport,Thailand,31,32,32,0.009345794392523364,0.0013803933043260244,0.30407377709240624,0.3104204753199269,0.015411076768097188,0.014589210207691961,22
HLA,Lanseria Airport,South Africa,2,2,2,0.0005841121495327102,0.0,0.22728011221861394,0.23249127130827685,0.00015727845657892593,0.0001397796101185087,2
HLD,Dongshan Airport,China,9,9,9,0.002628504672897196,0.00016733602240747784,0.269895133259604,0.2759629449049244,0.0016513057467250833,0.001661065035063162,7
HLH,Ulanhot Airport,China,4,4,4,0.0011682242990654205,2.8396010483667914e-06,0.2692386670687667,0.27529182879377434,0.0015841885109355027,0.0016048588280584057,4
HLN,Helena Regional Airport,United States,4,5,5,0.0014602803738317756,0.0,0.2552490176499745,0.27010260081126225,0.0025564441260604513,0.001914448911074935,5
HLZ,Hamilton International Airport,New Zealand,4,4,4,0.0011682242990654205,0.0,0.2375046287817314,0.24241558997787138,0.00018934783683296854,0.00019189414814306627,4
HMA,Khanty Mansiysk Airport,Russia,8,8,8,0.002336448598130841,1.068253069550605e-05,0.25272372295480733,0.2576240327719618,0.002113234973166502,0.0021458077580908366,7
HMB,Sohag International Airport,Egypt,5,5,5,0.0014602803738317756,0.0,0.26160309749694094,0.2671281365531346,0.0028555055209994696,0.0028455330776425846,5
HME,Oued Irara Airport,Algeria,6,6,6,0.0017523364485981306,0.00045654948443211497,0.25832669930969804,0.2641979150459001,0.0027043729006748563,0.002735383363547754,4
HMI,Hami Airport,China,6,6,6,0.0017523364485981306,1.4342201738759826e-05,0.27155039002585396,0.2776551385822909,0.002647853014816307,0.0026841962654811863,5
HMO,General Ignacio P. Garcia International Airport,Mexico,13,13,13,0.0037967289719626164,9.979053907580861e-05,0.27865987409802534,0.2851624821563523,0.003415761602321749,0.0033782203558345727,8
HMV,Hemavan Airport,Sweden,1,1,1,0.0002920560747663551,0.0,0.2019453733657363,0.20606796116504855,1.9479940137041067e-05,1.9928954034173574e-05,1
HNA,Hanamaki Airport,Japan,4,4,4,0.0011682242990654205,7.980896981160998e-06,0.23535008643700694,0.24071448823362632,0.00033827264909460606,0.0003386053253881053,4
HND,Tokyo Haneda International Airport,Japan,74,73,74,0.02161214953271028,0.015767554994119803,0.33101970889415555,0.3382133253659994,0.022928520797315728,0.023096605515408996,23
HNH,Hoonah Airport,United States,2,2,2,0.0005841121495327102,0.0,0.20686412007887423,0.21124657875093306,1.1214346875193641e-05,1.1463017809204156e-05,2
HNL,Daniel K Inouye International Airport,United States,50,51,52,0.015186915887850466,0.014943147086102972,0.32875851100150166,0.33710541989279336,0.022905064780761254,0.022835454703534833,24
HNM,Hana Airport,United States,1,1,1,0.0002920560747663551,0.0,0.22330641649022717,0.22805721576791352,0.00012327324374399723,0.00012556122592340233,1
HNS,Haines Airport,United States,2,2,2,0.0005841121495327102,0.0,0.20686412007887423,0.21124657875093306,1.1214346875193807e-05,1.1463017809204156e-05,2
HOB,Lea County Regional Airport,United States,1,1,1,0.0002920560747663551,0.0,0.2647946511144381,0.2703391179748448,0.0009354936042789782,0.0009456844294498573,1
HOD,Hodeidah International Airport,Yemen,3,4,4,0.0011682242990654205,0.0,0.25880989163948,0.26771777690185256,0.0024066137774131583,0.0015343429926523134,4
HOE,Ban Huoeisay Airport,Laos,1,1,1,0.0002920560747663551,0.0,0.21830066523969024,0.22260094389092816,6.55502823486142e-05,6.638157746068348e-05,1
HOF,Al Ahsa Airport,Saudi Arabia,3,3,3,0.0008761682242990653,0.0,0.2568878873386067,0.262807614920291,0.0015436133623856,0.001521398719600506,3
HOG,Frank Pais International Airport,Cuba,5,8,9,0.002628504672897196,1.8285990953535665e-06,0.2921687242324625,0.30106382978723406,0.011583370766437503,0.007316539519657986,9
HOI,Hao Airport,French Polynesia,1,2,3,0.0008761682242990653,0.0005752386959026486,0.2224984736767952,0.22723318835731013,3.745328103094525e-05,3.699740820407741e-05,2
HOM,Homer Airport,United States,1,1,1,0.0002920560747663551,0.0,0.22519935708844216,0.23022167988610942,9.9063679453333e-05,0.00010103357908547863,1
HON,Huron Regional Airport,United States,1,1,1,0.0002920560747663551,0.0,0.20040975978431916,0.20459063799024038,1.0155288429506534e-05,1.0340753816536723e-05,1
HOR,Horta Airport,Portugal,5,5,5,0.0014602803738317756,0.0005321122452930504,0.25024790652797047,0.25564588979223124,0.0015222808737409485,0.0015270937797382921,3
HOT,Memorial Field,United States,2,2,2,0.0005841121495327102,2.195995138417201e-06,0.22818592177737704,0.2332738013463388,0.0002664700085719061,0.0002703708033106943,2
HOU,William P Hobby Airport,United States,47,49,49,0.0143107476635514,0.0001997235798093783,0.2953388224498549,0.3024312049158429,0.02040073955431118,0.020273582230725805,28
HOV,"Ørsta-Volda Airport, Hovden",Norway,4,4,4,0.0011682242990654205,5.6881113013215525e-08,0.24480572942323392,0.24990801383471925,0.0018082254801271493,0.0018391697369915857,3
HPB,Hooper Bay Airport,United States,2,2,3,0.0008761682242990653,0.00014376701314090223,0.1840180494085209,0.18787342332374418,1.4692351395618066e-06,1.4843517965110147e-06,3
HPH,Cat Bi International Airport,Vietnam,2,2,2,0.0005841121495327102,0.0,0.2430854051406316,0.2477566207047494,0.0004195642388231976,0.00042666674909308565,2
HPN,Westchester County Airport,United States,15,15,16,0.004672897196261682,0.0003805789334290642,0.27983396980080627,0.2859548669585719,0.00791272024406579,0.007968133915429958,11
HRB,Taiping Airport,China,57,58,58,0.016939252336448597,0.0023337332931086968,0.2812798339510561,0.28914431673052365,0.01156525570222067,0.010832259663263129,24
HRE,Robert Gabriel Mugabe International Airport,Zimbabwe,14,11,14,0.0040887850467289715,8.21460887376022e-05,0.2835373736019611,0.29030603521969567,0.004465594581681835,0.004337479030088255,7
HRG,Hurghada International Airport,Egypt,25,26,26,0.007593457943925233,2.79032539223579e-05,0.29591781497292535,0.30197403521252003,0.028438255710891036,0.028504648615977738,22
HRI,Mattala Rajapaksa International Airport,Sri Lanka,3,4,6,0.0017523364485981306,1.2983233807365792e-06,0.24458935844635546,0.28340148543770344,0.003637724303371934,0.0009087129368883488,6
HRK,Kharkiv International Airport,Ukraine,8,9,9,0.002628504672897196,2.5010510265175673e-05,0.28570848486846495,0.29170245662257344,0.008537663541907565,0.007825622149762764,9
HRL,Valley International Airport,United States,6,6,7,0.0020443925233644858,1.508463091466884e-07,0.26511174514020186,0.27072704081632654,0.0021564396251192576,0.0020927541223420584,7
HRM,Hassi R'Mel Airport,Algeria,2,2,2,0.0005841121495327102,0.0,0.24193426487149702,0.24701774803607798,0.0007016267205091354,0.0007093661878428641,2
HRO,Boone County Airport,United States,2,2,2,0.0005841121495327102,0.0,0.2321905831090874,0.23753234944393928,0.0006358844004867114,0.0006450195408019897,2
HSG,Saga Airport,Japan,2,3,3,0.0008761682242990653,2.3516381532633095e-07,0.2671807643113821,0.2762772534982102,0.0021228680644525422,0.001254258447001928,3
HSL,Huslia Airport,United States,3,5,6,0.0017523364485981306,0.0001924416035741399,0.17121885638701564,0.17470933223582674,8.099949961507215e-07,3.309839685956574e-07,3
HSN,Zhoushan Airport,China,7,7,7,0.0020443925233644858,4.67540385606672e-06,0.2713063496426608,0.27740565267113215,0.0027254540634132816,0.0027631477165775626,7
HSV,Huntsville International Carl T Jones Field,United States,9,9,9,0.002628504672897196,2.4060326061599468e-08,0.2849729442741069,0.2932642487046632,0.008212968094228886,0.008258385844478173,9
HTA,Chita-Kadala Airport,Russia,9,9,9,0.002628504672897196,2.1781933848688838e-05,0.26496367347212707,0.27055449330783937,0.0031374884498107515,0.003190047052560086,7
HTI,Hamilton Island Airport,Australia,4,4,4,0.0011682242990654205,0.0,0.25092864739505577,0.25587703435804704,0.0006649099957433931,0.0006607374970266145,4
HTN,Hotan Airport,China,1,1,1,0.0002920560747663551,0.0,0.2263814656504307,0.23089475115583355,0.00020136028436038274,0.00020555523797345326,1
HTS,Tri-State/Milton J. Ferguson Field,United States,4,4,4,0.0011682242990654205,2.5180703329249e-06,0.25172754090556154,0.2575068243858053,0.0011361123792166005,0.0011341265290479641,4
HTY,Hatay Airport,Turkey,8,8,8,0.002336448598130841,7.176607315336694e-06,0.2745134925705686,0.28026739291903935,0.005237616236007619,0.0052816834266488375,7
HUH,Huahine-Fare Airport,French Polynesia,4,4,4,0.0011682242990654205,2.8440556506607763e-08,0.22252829321357423,0.22724839400428265,3.806114176271654e-05,3.867985517220231e-05,4
HUI,Phu Bai Airport,Vietnam,2,2,2,0.0005841121495327102,0.0,0.24301424951527026,0.24768434104004083,0.0006017712612764141,0.0006122234631651942,2
HUN,Hualien Airport,Taiwan,4,4,4,0.0011682242990654205,1.1338434450641319e-07,0.22422617958313087,0.22876389356685753,0.0004900106434829644,0.0005003695057130003,4
HUS,Hughes Airport,United States,2,2,4,0.0011682242990654205,5.7599237065007384e-05,0.1712012022284976,0.21153606577799924,1.1310486372065026e-05,1.6894301573359438e-07,3
HUU,Alferez Fap David Figueroa Fernandini Airport,Peru,1,1,1,0.0002920560747663551,0.0,0.24281878616745892,0.2481911861433896,0.0003294459880853251,0.00033029101316018174,1
HUX,Bahías de Huatulco International Airport,Mexico,2,2,2,0.0005841121495327102,0.0,0.26623825219483427,0.27176696542893725,0.0015114864204926449,0.0015283092827147674,2
HUY,Humberside Airport,United Kingdom,4,4,4,0.0011682242990654205,2.7703261457835195e-08,0.27613418589939864,0.2825761357963055,0.0032590101438956186,0.0032307234967015987,4
HVB,Hervey Bay Airport,Australia,2,2,2,0.0005841121495327102,0.0,0.2500782980364612,0.255012390177968,0.00041523819978287943,0.0004070927435572505,2
HVD,Khovd Airport,Mongolia,1,1,1,0.0002920560747663551,0.0,0.22336649758701607,0.2278124371100825,9.114077816425822e-05,9.245492110613432e-05,1
HVG,Valan Airport,Norway,2,3,3,0.0008761682242990653,0.0,0.17247271837676162,0.17599502487562188,2.084574455262991e-06,1.8059818146692857e-06,3
HVN,Tweed New Haven Airport,United States,1,1,1,0.0002920560747663551,0.0,0.2514797212893728,0.25682522876805564,0.0010034383557176983,0.0010125369293124682,1
HVR,Havre City County Airport,United States,1,1,1,0.0002920560747663551,0.0,0.20938144512144818,0.21371932032724986,5.254298053430484e-05,5.358684740518499e-05,1
HYA,Barnstable Municipal Boardman Polando Field,United States,3,2,3,0.0008761682242990653,7.382206905144105e-08,0.2543886716428809,0.2598913293028239,0.0009871290355679793,0.0009978478473376348,3
HYD,Rajiv Gandhi International Airport,India,32,32,32,0.009345794392523364,0.0016603987385955265,0.29995390837559105,0.3064152305332491,0.013449575438317313,0.013541633882571229,18
HYG,Hydaburg Seaplane Base,United States,1,1,1,0.0002920560747663551,0.0,0.205341931710745,0.20960375262313294,9.652011055376216e-06,9.857465641519567e-06,1
HYL,?,?,3,3,3,0.0008761682242990653,4.2660834759911645e-08,0.20536732959963935,0.20962962962962964,9.938553992681509e-06,1.015041603402704e-05,3
HYN,Huangyan Luqiao Airport,China,7,7,7,0.0020443925233644858,1.4821258116046644e-07,0.2736538705913612,0.2800131926121372,0.002786419550427638,0.0028282423995504066,7
HZH,Liping Airport,China,2,2,2,0.0005841121495327102,0.0,0.25568137662659135,0.26137150773493417,0.0007356031116146448,0.000747546285261285,2
IAA,Igarka Airport,Russia,1,1,1,0.0002920560747663551,0.0,0.22628890764062476,0.23056555095390047,0.00015883142146818282,0.00016124670539379997,1
IAD,Washington Dulles International Airport,United States,122,126,127,0.0370911214953271,0.01314937839118452,0.3588491160175241,0.3690101054004129,0.07698844946142384,0.07472949159264197,30
IAG,Niagara Falls International Airport,United States,5,5,5,0.0014602803738317756,5.553718477946225e-06,0.24562054139246806,0.2516114692153812,0.0009249778708086829,0.0009228631758411203,5
IAH,George Bush Intercontinental Houston Airport,United States,168,169,169,0.049357476635514014,0.022961937411856526,0.3621362834924938,0.37045925602705354,0.06534536836671465,0.06552072784137188,30
IAM,In Aménas Airport,Algeria,2,2,2,0.0005841121495327102,1.2798250427973495e-07,0.2047595091642723,0.20908755079423716,5.2302944609338105e-05,5.32900330983101e-05,2
IAN,Bob Baker Memorial Airport,United States,2,2,2,0.0005841121495327102,0.0,0.18370247937302475,0.18756213409919364,1.4637521107794315e-06,1.5045155955419837e-06,2
IAO,Siargao Airport,Philippines,1,1,1,0.0002920560747663551,0.0,0.21867441851877836,0.22317145298021948,6.86498081792793e-05,6.947007559268451e-05,1
IAR,Tunoshna Airport,Russia,1,1,1,0.0002920560747663551,0.0,0.24415776190178431,0.24924770642201835,0.0009397537371592091,0.0009544640800537054,1
IAS,Iaşi Airport,Romania,7,7,7,0.0020443925233644858,2.4555832243228357e-07,0.2717948698335381,0.2777914110429448,0.007914914264199718,0.008014205796266558,7
IBA,Ibadan Airport,Nigeria,1,1,1,0.0002920560747663551,0.0,0.2258733314940939,0.23023728813559322,0.0001327256524894745,0.00013292542480270434,1
IBE,Perales Airport,Colombia,2,2,2,0.0005841121495327102,0.0,0.23888854899835754,0.2446333381357153,0.0003820043926704963,0.00038410651327239973,2
IBR,Hyakuri Airport,Japan,5,5,5,0.0014602803738317756,4.2672819097023785e-06,0.2629911871090654,0.2684797217171318,0.0013831811540988884,0.0013980033039012359,5
IBZ,Ibiza Airport,Spain,58,58,59,0.01723130841121495,0.00013991645621731015,0.2977485626850326,0.3046559612451781,0.05600411460063921,0.05623381181820776,31
ICI,Cicia Airport,Fiji,1,1,1,0.0002920560747663551,0.0,0.1979724406597215,0.20367038503058654,6.993604430067034e-06,4.731742284112993e-06,1
ICN,Incheon International Airport,South Korea,131,131,133,0.03884345794392523,0.027013302846828135,0.3652430399940792,0.37347410095677996,0.06643036076091616,0.0638033429115036,30
ICT,Wichita Eisenhower National Airport,United States,12,11,12,0.003504672897196261,4.5335086531103835e-05,0.2920659384015979,0.29878585254267115,0.009046915884299803,0.00911581244407317,11
IDA,Idaho Falls Regional Airport,United States,4,4,4,0.0011682242990654205,1.5246622941598476e-06,0.2570668617143651,0.2627872784957053,0.00192210498997883,0.0019457374017127357,4
IDR,Devi Ahilyabai Holkar Airport,India,7,7,7,0.0020443925233644858,2.162577694087528e-07,0.25542571491625016,0.26100991468757206,0.0018859508303362784,0.0019040976686214449,7
IEV,Kiev Zhuliany International Airport,Ukraine,20,20,20,0.005841121495327103,0.0006731208266684546,0.27492256971820256,0.2808003968910203,0.012649849288237742,0.01280601630535894,17
IFJ,Ísafjörður Airport,Iceland,1,1,1,0.0002920560747663551,0.0,0.16228264280047736,0.16556969431037005,1.268334453929407e-07,1.3109468932041065e-07,1
IFN,Esfahan Shahid Beheshti International Airport,Iran,14,14,15,0.004380841121495327,0.001258016680128377,0.284460315198404,0.2906041417080267,0.005149132196704588,0.00489776014757178,8
IFO,Ivano-Frankivsk International Airport,Ukraine,1,1,1,0.0002920560747663551,0.0,0.24179333913107384,0.24665891923300406,0.0008674017692742473,0.0008730637138724441,1
IGA,Inagua Airport,Bahamas,2,2,2,0.0005841121495327102,0.0,0.23240182795340247,0.23819877954688926,0.00027521714863557007,0.0002790936732580613,2
IGD,Iğdır Airport,Turkey,2,2,2,0.0005841121495327102,0.0,0.2698512692691507,0.27564935064935064,0.0021348202057998437,0.002160370697889114,2
IGG,Igiugig Airport,United States,1,1,2,0.0005841121495327102,0.0002880459562989234,0.15472160087714523,0.18739653459883016,1.462120869132472e-06,2.1355879642185067e-08,2
IGM,?,?,2,2,2,0.0005841121495327102,2.4280323601951223e-05,0.273811817251498,0.2800824742268041,0.0010993087062137173,0.001112927133336655,2
IGR,Cataratas Del Iguazú International Airport,Argentina,3,3,3,0.0008761682242990653,3.2174416567292055e-05,0.23899170346356013,0.24511006856730422,0.0003961594881742894,0.0003980309469834001,3
IGU,Cataratas International Airport,Brazil,7,7,7,0.0020443925233644858,2.9655086493684756e-05,0.2555239858130324,0.26100991468757206,0.0015727976649049396,0.0015730319523327072,7
IIL,Ilam Airport,Iran,1,1,1,0.0002920560747663551,0.0,0.20201908502410076,0.20618055977171998,2.396139303030665e-05,2.0049964715239375e-05,1
IJK,Izhevsk Airport,Russia,3,3,3,0.0008761682242990653,0.0,0.2549550648465388,0.2600505398575695,0.0024279900464915646,0.0024658355667023643,3
IKA,Imam Khomeini International Airport,Iran,44,43,44,0.012850467289719626,0.0006122236540280815,0.3182052241880192,0.32519390979603563,0.03757897681139802,0.03791785317467401,25
IKE,?,?,2,2,2,0.0005841121495327102,0.0,0.12813171739113974,0.13043979258690225,9.34087097304671e-11,9.757617365610262e-11,2
IKI,Iki Airport,Japan,1,1,1,0.0002920560747663551,0.0,0.21281656752282543,0.21691364333163005,4.213572164595782e-05,4.246503458606346e-05,1
IKO,Nikolski Air Station,United States,1,1,1,0.0002920560747663551,0.0,0.0005257009345794393,,,,1
IKS,Tiksi Airport,Russia,1,1,1,0.0002920560747663551,0.0,0.21787099590776593,0.22254259501965923,9.045791695927914e-05,9.240024433192247e-05,1
IKT,Irkutsk Airport,Russia,28,28,28,0.008177570093457943,0.002842129671884203,0.2864972581853307,0.2921039050404266,0.007279204238067418,0.007353847401882454,12
ILD,Lleida-Alguaire Airport,Spain,1,1,1,0.0002920560747663551,0.0,0.2343700839597832,0.23935720327036933,0.0012039242289331692,0.001226873279738031,1
ILG,New Castle Airport,United States,6,6,6,0.0017523364485981306,8.23509201458612e-09,0.2660889198418404,0.2721589998397179,0.003392101726388839,0.003417595393823052,6
ILI,Iliamna Airport,United States,1,1,1,0.0002920560747663551,0.0,0.22519935708844216,0.23022167988610942,9.9063679453333e-05,0.00010103357908547863,1
ILM,Wilmington International Airport,United States,5,5,5,0.0014602803738317756,0.0,0.26536596768628484,0.2709862751356527,0.0038819320343293083,0.003916831440253929,5
ILO,Iloilo International Airport,Philippines,8,8,8,0.002336448598130841,4.5759805139887385e-05,0.2692823321137016,0.2750911300121507,0.0020187535637172945,0.0020506338154173123,5
ILP,Île des Pins Airport,New Caledonia,1,1,1,0.0002920560747663551,0.0,0.0013915612974161626,,,,1
ILR,Ilorin International Airport,Nigeria,1,1,1,0.0002920560747663551,0.0,0.2258733314940939,0.23023728813559322,0.0001327256524894745,0.00013292542480270434,1
ILY,Islay Airport,United Kingdom,1,1,1,0.0002920560747663551,0.0,0.2389401150975801,0.24431654676258993,0.0007190057775160083,0.000719854742369083,1
IMF,Imphal Airport,India,5,5,5,0.0014602803738317756,1.7064333903964658e-07,0.22590406255960327,0.23014367037137434,0.0001775257861106548,0.00018029451946004896,3
IMP,Prefeito Renato Moreira Airport,Brazil,5,5,6,0.0017523364485981306,0.00028807029760973706,0.22859432227067997,0.23419074546582994,0.00024495134445802805,0.0002470352524420673,4
IMT,Ford Airport,United States,2,2,2,0.0005841121495327102,0.0,0.2505500014807732,0.2564567285908473,0.0007002121934484655,0.0007070332094804534,2
INB,?,?,4,2,4,0.0011682242990654205,1.1376222602643105e-07,0.18391613422829908,0.18781108284481804,3.613249942211556e-06,3.654377828287852e-06,3
INC,?,?,30,29,30,0.008761682242990653,0.0001694665826202197,0.2791752601619309,0.2845412651864265,0.007551350876307576,0.007649166356690637,24
IND,Indianapolis International Airport,United States,35,35,35,0.01022196261682243,3.5265755571241656e-05,0.3021096906501245,0.3098540145985402,0.025426177262686717,0.025501644625724292,29
INH,Inhambane Airport,Mozambique,3,3,3,0.0008761682242990653,0.0,0.2514606784511713,0.25676697414184185,0.0005331156190003939,0.0005333195341301063,3
INL,Falls International Airport,United States,2,2,2,0.0005841121495327102,0.0,0.2505500014807732,0.2564567285908473,0.0007002121934484648,0.0007070332094804534,2
INN,Innsbruck Airport,Austria,6,6,6,0.0017523364485981306,8.892494979891547e-07,0.2874644840396614,0.29412783648016627,0.00991913007173004,0.009991462914431514,6
INU,Nauru International Airport,Nauru,3,3,3,0.0008761682242990653,3.792068752017806e-05,0.24246420265962093,0.2471076184239249,0.00015385964325826705,0.0001552568817622935,3
INV,Inverness Airport,United Kingdom,10,11,11,0.0032126168224299065,0.0001720231993522598,0.28082788326648356,0.28772346013725325,0.009786703197937665,0.008764704204033653,8
INZ,In Salah Airport,Algeria,3,2,3,0.0008761682242990653,8.396356575734e-05,0.24198715438505927,0.24705368834570057,0.0006883361671176119,0.0006859636148277505,3
IOA,Ioannina Airport,Greece,1,1,1,0.0002920560747663551,0.0,0.24514910081397964,0.25018417562988066,0.0012401011420456066,0.001259293317439099,1
IOM,Isle of Man Airport,Isle of Man,10,10,10,0.0029205607476635513,0.0005779442203074314,0.2635965803799149,0.2691393247741322,0.007868868527797777,0.007965980525988047,9
IOQ,?,?,1,1,1,0.0002920560747663551,0.0,0.14701565962573793,0.1497222467154572,6.384335120683921e-09,6.614083158777604e-09,1
IOS,Bahia - Jorge Amado Airport,Brazil,7,7,7,0.0020443925233644858,5.99560633790334e-06,0.25436918572395006,0.25993111366245697,0.0010705710617417733,0.0010816523241423944,7
IOT,?,?,2,2,2,0.0005841121495327102,0.0,0.12813171739113974,0.13043979258690225,9.340871016221378e-11,9.757617365610262e-11,2
IPA,Ipota Airport,Vanuatu,3,3,3,0.0008761682242990653,3.4128667807929316e-07,0.20099199368273624,0.20475099481490414,9.7620823699475e-06,9.7578983076811e-06,2
IPC,Mataveri Airport,Chile,2,2,2,0.0005841121495327102,0.00011190933797055492,0.24717452323231623,0.25245316681534347,0.00026179019213783003,0.0002610031509090807,2
IPH,Sultan Azlan Shah Airport,Malaysia,1,1,1,0.0002920560747663551,0.0,0.2549550648465388,0.26052934407364786,0.0007245857836625797,0.0007364280777110342,1
IPI,San Luis Airport,Colombia,1,1,1,0.0002920560747663551,0.0,0.2388370051514793,0.24458048253510983,0.00037611674029137406,0.0003781347983375107,1
IPL,Imperial County Airport,United States,2,2,2,0.0005841121495327102,1.4220278253303881e-08,0.24184616703999476,0.24701774803607798,0.00054829932936367,0.0005533752056306161,2
IPN,Usiminas Airport,Brazil,3,3,3,0.0008761682242990653,4.0237136785090294e-07,0.2537859930933258,0.25929602198976864,0.0007677660782544214,0.0007751620348384683,3
IPT,Williamsport Regional Airport,United States,1,1,1,0.0002920560747663551,0.0,0.2514797212893728,0.25682522876805564,0.0010034383557176983,0.0010125369293124682,1
IQN,Qingyang Airport,China,3,3,3,0.0008761682242990653,1.2544288622045915e-07,0.22311137594908412,0.22727881140409584,0.0003712749258931625,0.00037944596664261123,3
IQQ,Diego Aracena Airport,Chile,5,5,5,0.0014602803738317756,3.53103191525133e-05,0.2419166401709163,0.24690998982114293,0.0003284591660430628,0.0003141654190416415,4
IQT,Coronel FAP Francisco Secada Vignetta International Airport,Peru,4,4,4,0.0011682242990654205,5.37485164694085e-06,0.24587514583341982,0.251462421325435,0.0007901494692039013,0.000792890527384349,3
IRA,Ngorangora Airport,Solomon Islands,3,3,3,0.0008761682242990653,8.532166951982329e-08,0.19599774063779546,0.1995885982956215,3.9661602769823995e-06,4.031950221127285e-06,2
IRC,Circle City /New/ Airport,United States,1,1,2,0.0005841121495327102,0.00028804595629892347,0.17113062198537327,0.21148337277369536,1.1134613226551722e-05,1.6176261921113645e-07,2
IRG,Lockhart River Airport,Australia,2,2,3,0.0008761682242990653,0.0002880459562989234,0.21896279306515679,0.22331820871966857,5.0700192772653396e-05,5.08096681716824e-05,3
IRJ,Capitan V A Almonacid Airport,Argentina,1,1,1,0.0002920560747663551,0.0,0.205037646309346,0.20922925266465406,2.4683569141349352e-05,2.4861952758225746e-05,1
IRK,Kirksville Regional Airport,United States,1,1,1,0.0002920560747663551,0.0,0.23295613606637447,0.2384663998314725,0.00044668538387470654,0.0004511915378064066,1
IRP,Matari Airport,Congo (Kinshasa),1,1,2,0.0005841121495327102,0.0001437670131409022,0.11783789502239693,0.18723122725769104,1.8131528301847466e-06,5.512598352914993e-12,2
IRZ,Tapuruquara Airport,Brazil,1,1,1,0.0002920560747663551,0.0,0.17247271837676162,0.17598590454474788,5.770378248582658e-07,5.845887559474271e-07,1
ISA,Mount Isa Airport,Australia,9,9,9,0.002628504672897196,0.003766048950159061,0.24374557542764005,0.24840904103576913,0.0002971732715943739,0.00030076818878805244,5
ISB,New Islamabad International Airport,Pakistan,37,37,38,0.011098130841121495,0.002963423889214689,0.31732343235797117,0.32559923298178334,0.02690768038154647,0.02550690626880682,22
ISC,St. Mary's Airport,United Kingdom,3,3,3,0.0008761682242990653,0.0005756653042502478,0.2242716093486978,0.2292735619767756,0.00033090983102039405,0.0003365446975957402,2
ISE,Süleyman Demirel International Airport,Turkey,1,1,1,0.0002920560747663551,0.0,0.2696978575185713,0.2754928206376247,0.0018516929587042007,0.001871410394665079,1
ISG,New Ishigaki Airport,Japan,7,7,7,0.0020443925233644858,6.5446582388147836e-06,0.2598833713903716,0.2654784240150094,0.0018143012968583972,0.0018381952526367086,6
ISN,Sloulin Field International Airport,United States,2,2,2,0.0005841121495327102,0.0,0.2549159222864948,0.26094974642692487,0.00138937553240555,0.0014029202419806356,2
ISP,Long Island Mac Arthur Airport,United States,10,10,11,0.0032126168224299065,1.1058097610119086e-05,0.2644572524986994,0.27048984468339304,0.005372781405693478,0.005224597471687821,10
IST,Istanbul Airport,Turkey,230,227,236,0.0689252336448598,0.041219471949932335,0.37136990825611366,0.3802060008956561,0.1293430098667928,0.1296586594469052,31
ISU,Sulaymaniyah International Airport,Iraq,8,8,8,0.002336448598130841,3.48268857518536e-07,0.29142516188031314,0.2977119312702726,0.010878569718176296,0.010998676471908704,8
ITB,Itaituba Airport,Brazil,1,1,1,0.0002920560747663551,0.0,0.1728137864085225,0.17641558441558441,1.0834456858709467e-06,1.0962620041177397e-06,1
ITH,Ithaca Tompkins Regional Airport,United States,3,3,3,0.0008761682242990653,0.0,0.27002681083315727,0.275626978329681,0.003141606971614051,0.0031752846254626196,3
ITM,Osaka International Airport,Japan,22,22,22,0.006425233644859813,0.000214005803067804,0.26945713401705357,0.2754928206376247,0.0021401710077105563,0.00215694289378687,8
ITO,Hilo International Airport,United States,3,3,3,0.0008761682242990653,0.0,0.2743320710141403,0.28063796380464423,0.0015324801769081105,0.0015497002582428347,3
IUE,Niue International Airport,Niue,0,1,1,0.0002920560747663551,0.0,0.0,0.2422945205479452,0.0001509740299419472,,1
IUI,?,?,2,2,2,0.0005841121495327102,0.0,0.147263402200717,0.1499735029146794,6.526091125056593e-09,6.7619130984933435e-09,2
IVC,Invercargill Airport,New Zealand,2,2,2,0.0005841121495327102,0.0,0.2118255865041888,0.21631951079686604,3.5624816802136706e-05,3.604229594089666e-05,2
IVL,Ivalo Airport,Finland,1,1,2,0.0005841121495327102,0.0002876193479513243,0.2503988628884156,0.2552999548940009,0.0011168894805735723,0.0011231615682067246,2
IWJ,Iwami Airport,Japan,1,1,1,0.0002920560747663551,0.0,0.24776465863061764,0.25275379577255136,0.00032824797070686064,0.0003333616771630597,1
IWK,Iwakuni Marine Corps Air Station,Japan,1,1,1,0.0002920560747663551,0.0,0.24776465863061764,0.25275379577255136,0.00032824797070686064,0.0003333616771630597,1
IXA,Agartala Airport,India,3,3,3,0.0008761682242990653,0.0,0.2258733314940939,0.23011248136603876,0.0001726521329522906,0.0001753060101098505,3
IXB,Bagdogra Airport,India,5,5,5,0.0014602803738317756,1.2512555583437425e-05,0.2660462842193694,0.2716582673386129,0.0018162805191651412,0.0018390353806907588,5
IXC,Chandigarh Airport,India,3,3,3,0.0008761682242990653,0.0,0.2552293997099507,0.260809461638891,0.0013084937947685665,0.00132067341894331,3
IXD,Allahabad Airport,India,2,2,2,0.0005841121495327102,0.0,0.25520978478528805,0.2607894332667793,0.0012887105621571797,0.0013005363292693918,2
IXE,Mangalore International Airport,India,8,7,10,0.0029205607476635513,2.2355669445873708e-07,0.2785663719173029,0.28733395380319826,0.00588646788465175,0.003834531254336448,10
IXG,Belgaum Airport,India,1,1,1,0.0002920560747663551,0.0,0.23591856490666155,0.24068036853295535,0.00027418958027092933,0.0002771317050491115,1
IXJ,Jammu Airport,India,4,4,4,0.0011682242990654205,9.753026654364964e-07,0.2552490176499745,0.2608294930875576,0.001319456047586533,0.0013318633646506803,3
IXL,Leh Kushok Bakula Rimpochee Airport,India,3,3,3,0.0008761682242990653,0.0,0.2539606699010529,0.25947432762836187,0.0007657267192875543,0.0007752833667135329,3
IXM,Madurai Airport,India,3,3,3,0.0008761682242990653,1.8892655393675158e-07,0.24253503649037164,0.24744972311279512,0.0008284183722525626,0.0008332214258626094,3
IXR,Birsa Munda Airport,India,3,4,4,0.0011682242990654205,3.583485882000953e-07,0.2546032139558513,0.26139162561576357,0.0014423098229873995,0.0008916561307972323,4
IXS,Silchar Airport,India,3,3,3,0.0008761682242990653,0.0,0.2258733314940939,0.23011248136603876,0.0001726521329522906,0.0001753060101098505,3
IXU,Aurangabad Airport,India,2,2,2,0.0005841121495327102,0.0,0.25520978478528805,0.2607894332667793,0.0012887105621571797,0.0013005363292693918,2
IXZ,Vir Savarkar International Airport,India,3,3,4,0.0011682242990654205,1.1430618737867799e-07,0.23531673183292007,0.2608294930875576,0.0011471773108411045,0.0004204952420161536,4
IZA,Zona da Mata Regional Airport,Brazil,2,2,2,0.0005841121495327102,0.0,0.2151467262472412,0.22024774628704843,0.00010633645097436501,0.00010722855010770892,2
IZO,Izumo Airport,Japan,1,1,1,0.0002920560747663551,0.0,0.24776465863061764,0.25275379577255136,0.00032824797070686064,0.0003333616771630597,1
JAC,Jackson Hole Airport,United States,2,2,2,0.0005841121495327102,0.0,0.25355346412355256,0.2592762253779203,0.0011576993467886378,0.0011694073744487764,2
JAI,Jaipur International Airport,India,9,9,9,0.002628504672897196,9.5758656895127e-07,0.266751523787145,0.2720935822450124,0.0036368282202399425,0.0036572450600736643,9
JAL,El Lencero Airport,Mexico,1,1,1,0.0002920560747663551,0.0,0.25049330313239554,0.2560699743628412,0.0005759928162136648,0.00058262485326491,1
JAN,Jackson-Medgar Wiley Evers International Airport,United States,9,9,9,0.002628504672897196,3.5747349723185226e-07,0.2824521323148905,0.2899342610774353,0.006998932247954638,0.0070668673803828165,9
JAU,Francisco Carle Airport,Peru,1,1,1,0.0002920560747663551,0.0,0.24281878616745892,0.2481911861433896,0.0003294459880853251,0.00033029101316018174,1
JAV,Ilulissat Airport,Greenland,5,5,5,0.0014602803738317756,0.011466743590942331,0.20976500029222211,0.21389431252755559,3.133417662065346e-05,3.1936562752307374e-05,3
JAX,Jacksonville International Airport,United States,26,26,26,0.007593457943925233,3.1270208020138763e-05,0.29405735585107307,0.3031330893510667,0.019183192005053286,0.019285165527716176,24
JBQ,La Isabela International Airport,Dominican Republic,2,2,2,0.0005841121495327102,6.9890503890988e-08,0.23019476775448275,0.23539197338323975,0.0003368492511199867,0.00033593846664197726,2
JBR,Jonesboro Municipal Airport,United States,1,1,1,0.0002920560747663551,0.0,0.23295613606637447,0.2384663998314725,0.00044668538387470654,0.0004511915378064066,1
JCB,Santa Terezinha Airport,Brazil,3,3,3,0.0008761682242990653,2.0209902906730294e-06,0.20280870402016418,0.20701005790917404,2.707386419698335e-05,2.7155475499574983e-05,2
JCK,Julia Creek Airport,Australia,2,2,2,0.0005841121495327102,0.0005756653042502478,0.19542103922945733,0.1990154711673699,4.255247020019818e-06,4.342000834541727e-06,1
JDH,Jodhpur Airport,India,2,2,2,0.0005841121495327102,0.0,0.25520978478528805,0.2607894332667793,0.0012887105621571797,0.0013005363292693918,2
JDO,Orlando Bezerra de Menezes Airport,Brazil,5,5,5,0.0014602803738317756,3.5089267578667273e-06,0.25421340577403106,0.2598117971081019,0.0010172784668907669,0.0010288939847937246,5
JDZ,Jingdezhen Airport,China,8,8,8,0.002336448598130841,8.375448438260281e-09,0.2744000759896024,0.2807771806531625,0.0031853965088644064,0.0032330560575659644,8
JED,King Abdulaziz International Airport,Saudi Arabia,98,109,111,0.03241822429906542,0.015104760317222096,0.33840718634731154,0.3475235366352845,0.04697604970833684,0.04549119345469057,25
JEG,Aasiaat Airport,Greenland,3,3,3,0.0008761682242990653,1.194503373277527e-06,0.20691567821211093,0.21098409542743538,2.3473815729503538e-05,2.38810611593845e-05,3
JER,Jersey Airport,Jersey,29,30,30,0.008761682242990653,6.896204238960144e-05,0.29068537461713656,0.2999470058293588,0.0282592887887763,0.02612919937990829,22
JFK,John F Kennedy International Airport,United States,160,162,162,0.04731308411214953,0.025764092907781193,0.37727672342946694,0.38674410659378206,0.10650015853448692,0.10612052889156887,31
JFR,Paamiut Heliport,Greenland,2,2,2,0.0005841121495327102,0.0,0.1942663928645237,0.19839925220540983,8.854025018910656e-06,9.077079909961777e-06,2
JGA,Jamnagar Airport,India,1,1,1,0.0002920560747663551,0.0,0.24542086465347485,0.2506828080017716,0.0005616565962610849,0.0005646133186782118,1
JGD,Jiagedaqi Airport,China,3,3,3,0.0008761682242990653,1.7064333903964658e-07,0.21886177549767138,0.2243657505285412,0.0001916542130814727,0.00018264838541538322,2
JGN,Jiayuguan Airport,China,4,4,4,0.0011682242990654205,6.149309514942219e-08,0.22284188160154128,0.2270053475935829,0.0004313084208533398,0.00044064186580771054,4
JGS,Jinggangshan Airport,China,7,7,7,0.0020443925233644858,4.213415778756705e-09,0.2743774039185465,0.28075396825396826,0.0029988254146759916,0.0030424148913818193,7
JHB,Senai International Airport,Malaysia,12,12,12,0.003504672897196261,1.8948838584979833e-05,0.2511183998507387,0.25665054413542926,0.0011737803287886997,0.0011826104732671262,7
JHG,Xishuangbanna Gasa Airport,China,9,9,9,0.002628504672897196,5.564197559804534e-06,0.24394253431471152,0.24891885948838233,0.0013581486286376972,0.0013836704524337721,6
JHM,Kapalua Airport,United States,2,2,2,0.0005841121495327102,0.0,0.24651397220890564,0.2521532521532521,0.0004033157048265955,0.00040640965982517534,2
JHS,Sisimiut Airport,Greenland,3,3,3,0.0008761682242990653,1.9002142246327137e-06,0.20923632534976802,0.21335678833951122,3.132132063972122e-05,3.192324396151991e-05,3
JHW,Chautauqua County-Jamestown Airport,United States,2,2,2,0.0005841121495327102,0.0,0.23165606694287885,0.23713427833251868,0.00042632593515759017,0.0004315387526685045,2
JIB,Djibouti-Ambouli Airport,Djibouti,12,12,13,0.0037967289719626164,0.0003747747259058376,0.29455292882971157,0.3016253663735678,0.00748259703531752,0.006787871162538851,7
JIC,Jinchuan Airport,China,4,4,4,0.0011682242990654205,7.82409954612205e-07,0.22312636697078334,0.22729402315775382,0.000377449598701121,0.0003858059104201838,4
JIJ,Wilwal International Airport,Ethiopia,3,3,3,0.0008761682242990653,0.0005756653042502478,0.24558421236696998,0.2509235998226688,0.00047714959889222835,0.00047393842424842147,2
JIK,Ikaria Airport,Greece,3,2,3,0.0008761682242990653,1.624045275147204e-07,0.24598442367601245,0.2510534486582391,0.0020959145698261103,0.0021196385524440515,3
JIM,Jimma Airport,Ethiopia,1,2,2,0.0005841121495327102,0.0,0.24552973897420838,0.250886524822695,0.0004755178989921812,0.00046560662901379946,2
JIQ,Qianjiang Wulingshan Airport,China,6,6,6,0.0017523364485981306,0.0,0.2745361871384068,0.28089330024813897,0.0028315866169232413,0.002872152469763395,6
JIU,Jiujiang Lushan Airport,China,4,4,4,0.0011682242990654205,0.0,0.27342854834303565,0.2797825012357884,0.0021852261198553077,0.002213265001438962,4
JJA,?,?,1,1,1,0.0002920560747663551,0.0,0.19597460723671692,0.19956514074161133,3.85418053706812e-06,3.91719377667212e-06,1
JJN,Quanzhou Jinjiang International Airport,China,18,18,18,0.005257009345794392,4.097499224229362e-06,0.2783562212595279,0.2840890078634767,0.0064821290230744795,0.006579647797487214,16
JJU,Qaqortoq Heliport,Greenland,7,7,8,0.002336448598130841,0.005172284927961208,0.1729487901477094,0.17625077849283788,4.5262755542742984e-07,4.649694184719492e-07,2
JKG,Jönköping Airport,Sweden,2,2,2,0.0005841121495327102,0.0,0.2540383812443519,0.25955365331702845,0.001382216971255289,0.0014015183781344624,2
JKH,Chios Island National Airport,Greece,5,4,5,0.0014602803738317756,8.683180459360511e-07,0.2779601338935438,0.28432685867381113,0.005125102093325175,0.00510801891027003,5
JKL,Kalymnos Airport,Greece,3,3,3,0.0008761682242990653,2.2221862789599297e-07,0.24549343680240765,0.2505533421868083,0.0017105216457507638,0.0017383869049426971,2
JKR,Janakpur Airport,Nepal,1,1,1,0.0002920560747663551,0.0,0.2299715872317291,0.23454658470888873,0.00019511829503492296,0.00019726593822198737,1
JLN,Joplin Regional Airport,United States,1,1,1,0.0002920560747663551,0.0,0.26162370752589365,0.26826763567422385,0.0009067073649020931,0.0009138576936963287,1
JLR,Jabalpur Airport,India,2,2,2,0.0005841121495327102,0.0,0.25520978478528805,0.2607894332667793,0.0012887105621571797,0.0013005363292693918,2
JMK,Mikonos Airport,Greece,10,9,11,0.0032126168224299065,2.1147109013930906e-07,0.2880379668337382,0.294894060437652,0.016484503501963788,0.016407186266095813,10
JMU,Jiamusi Airport,China,7,7,7,0.0020443925233644858,1.0978746237002363e-06,0.27148379002830025,0.2775870524767043,0.0029230071868804925,0.0029509782833180656,7
JNB,OR Tambo International Airport,South Africa,83,81,83,0.024240654205607476,0.023067204686447802,0.33682825029173025,0.3445966514459665,0.03354944687214346,0.03329079108164929,23
JNG,Jining Qufu Airport,China,9,9,9,0.002628504672897196,3.6800166394529677e-07,0.2750591998365086,0.2814286898151985,0.0033484592239319245,0.0033863941594114567,9
JNN,Nanortalik Heliport,Greenland,4,4,5,0.0014602803738317756,0.0017263133393945846,0.14717203153812125,0.14990068417567864,6.670884326338001e-09,6.907677002640294e-09,2
JNS,Narsaq Heliport,Greenland,2,3,3,0.0008761682242990653,0.00028770466962084413,0.17286776260417325,0.17617763021373728,4.521621251705641e-07,4.6458046526987384e-07,2
JNU,Juneau International Airport,United States,14,14,16,0.004672897196261682,0.007321712373850117,0.26182998656675616,0.2677811070809021,0.000772121449542579,0.0007827398225929238,3
JNX,Naxos Airport,Greece,1,1,1,0.0002920560747663551,0.0,0.24514910081397964,0.25018417562988066,0.0012401011420456066,0.001259293317439099,1
JNZ,Jinzhou Airport,China,3,3,3,0.0008761682242990653,9.000041743407723e-09,0.2626375925044423,0.26809820794189626,0.0013106816368945093,0.0013303688988511517,3
JOE,Joensuu Airport,Finland,1,1,1,0.0002920560747663551,0.0,0.2503799833843149,0.2552807637375028,0.0011008999316295756,0.0011231615682067246,1
JOG,Adi Sutjipto International Airport,Indonesia,13,13,13,0.0037967289719626164,3.046018116010958e-05,0.2571265752710931,0.2627466150870406,0.0018953840707670237,0.0019157312849336077,7
JOI,Lauro Carneiro de Loyola Airport,Brazil,4,4,4,0.0011682242990654205,5.99560633790334e-06,0.2539412494934747,0.2594346829640947,0.0008159365557431135,0.0008112994221188223,4
JOL,Jolo Airport,Philippines,1,1,1,0.0002920560747663551,0.0,0.19600930938650502,0.1997999646996529,5.941007896637298e-06,6.0710614862796645e-06,1
JOS,Yakubu Gowon Airport,Nigeria,1,1,1,0.0002920560747663551,0.0,0.2388370051514793,0.24373788846623126,0.0004040198198436891,0.0003919289998919736,1
JPA,Presidente Castro Pinto International Airport,Brazil,6,6,6,0.0017523364485981306,3.5089267578667273e-06,0.2543302228403284,0.25991121996020206,0.0014245537881402103,0.001440499844224068,6
JPR,Ji-Paraná Airport,Brazil,1,1,1,0.0002920560747663551,0.0,0.20230214557576415,0.2064563195331023,2.005714343874776e-05,2.043189249701657e-05,1
JQA,Qaarsut Airport,Greenland,2,2,2,0.0005841121495327102,0.004022490109512069,0.17306596412477424,0.17634229930418527,4.486766086118634e-07,4.610481444635442e-07,2
JQE,Jaqué Airport,Panama,1,1,2,0.0005841121495327102,0.00028804595629892347,0.13737030361653713,0.1629480351230747,1.1464145531737599e-07,1.6579114487866716e-09,2
JRO,Kilimanjaro International Airport,Tanzania,11,9,11,0.0032126168224299065,0.004025362078543116,0.28573306828654005,0.29205366357069146,0.005789007915981598,0.005568075602613611,8
JSH,Sitia Airport,Greece,4,4,4,0.0011682242990654205,0.0001739160127655718,0.24523962186147022,0.25027636524430685,0.0014275658546960605,0.0014495115707417112,2
JSI,Skiathos Island National Airport,Greece,1,1,1,0.0002920560747663551,0.0,0.24514910081397964,0.25018417562988066,0.0012401011420456066,0.001259293317439099,1
JSR,Jessore Airport,Bangladesh,1,1,1,0.0002920560747663551,0.0,0.23448592851476968,0.2393740748572637,0.0002681425496492598,0.00027210205112301823,1
JST,John Murtha Johnstown Cambria County Airport,United States,2,2,2,0.0005841121495327102,0.0,0.26305368501474713,0.2695879971421767,0.0011181857182638287,0.001094393626585451,2
JSU,Maniitsoq Airport,Greenland,2,2,2,0.0005841121495327102,0.0,0.20922314261757613,0.21334338484734264,3.09852661490689e-05,3.157855995771939e-05,2
JSY,Syros Airport,Greece,1,1,1,0.0002920560747663551,0.0,0.24514910081397964,0.25018417562988066,0.0012401011420456066,0.001259293317439099,1
JTC,Bauru - Arealva Airport,Brazil,3,3,3,0.0008761682242990653,2.0045122999368742e-07,0.2054435609766251,0.20957788200444336,5.580018420007874e-05,5.6603836050984926e-05,2
JTR,Santorini Airport,Greece,9,10,11,0.0032126168224299065,1.5157476676781987e-05,0.2868684968578238,0.29474049644159,0.014772301708336847,0.013057658940392371,10
JTY,Astypalaia Airport,Greece,2,2,2,0.0005841121495327102,0.0,0.24516719967708883,0.2502026081190599,0.001258463105862831,0.0012780975538195741,2
JUB,Juba International Airport,South Sudan,8,7,8,0.002336448598130841,5.793536484965104e-06,0.27985755263999396,0.28557013118062563,0.0037513470132770526,0.0036342013416048214,8
JUH,Jiuhuashan Airport,China,5,5,5,0.0014602803738317756,0.0,0.25830660544696393,0.2640130607167846,0.001433699964991378,0.0014573430713361634,5
JUJ,Gobernador Horacio Guzman International Airport,Argentina,2,2,2,0.0005841121495327102,0.0,0.20709633424547355,0.2113386022776775,5.509247539063884e-05,5.5671774231528636e-05,2
JUK,?,?,1,1,1,0.0002920560747663551,0.0,0.1281267736563843,0.13043478260869565,9.207145765481047e-11,9.616782141866001e-11,1
JUL,Inca Manco Capac International Airport,Peru,3,3,3,0.0008761682242990653,0.0,0.2428543015669276,0.24822746875228419,0.0003400206300074571,0.00034097184356545065,3
JUU,?,?,2,2,2,0.0005841121495327102,0.0,0.12813171739113974,0.13043979258690225,9.340871101030426e-11,9.757617365610262e-11,2
JUV,Upernavik Airport,Greenland,9,9,9,0.002628504672897196,0.006321397173054188,0.17313815013692221,0.17641558441558441,4.493293274585872e-07,4.6172997655036163e-07,2
JUZ,Quzhou Airport,China,3,3,3,0.0008761682242990653,0.0,0.23503359895436113,0.24030568921596376,0.0005291713128007357,0.0005393338602093002,3
JXA,Jixi Xingkaihu Airport,China,4,4,4,0.0011682242990654205,2.1030355985122543e-08,0.26930416994778755,0.27535879348090486,0.001793792333317729,0.0018055784925303212,4
JYV,Jyvaskyla Airport,Finland,1,2,2,0.0005841121495327102,0.0,0.2503799833843149,0.2552999548940009,0.0011168894805735738,0.0011231615682067246,2
JZH,Jiuzhai Huanglong Airport,China,5,5,5,0.0014602803738317756,0.0,0.26739590302167393,0.27323195751870627,0.002281360834320133,0.002317623831993594,5
KAA,Kasama Airport,Zambia,1,1,2,0.0005841121495327102,0.0,0.21824327810371769,0.2308633582596873,0.00010431564700125614,4.3731251053870786e-05,2
KAD,Kaduna Airport,Nigeria,1,1,1,0.0002920560747663551,0.0,0.2388370051514793,0.24373788846623126,0.0004040198198436891,0.0003919289998919736,1
KAE,?,?,1,1,1,0.0002920560747663551,0.0,0.20685123455999552,0.2112334390744542,1.1053800687451372e-05,1.1297567910494902e-05,1
KAJ,Kajaani Airport,Finland,1,1,1,0.0002920560747663551,0.0,0.2503799833843149,0.2552807637375028,0.0011008999316295756,0.0011231615682067246,1
KAL,Kaltag Airport,United States,2,3,3,0.0008761682242990653,1.0238600342378795e-07,0.1711923765143916,0.17467338751157288,1.7823331882750706e-07,1.6671297975625936e-07,3
KAN,Mallam Aminu International Airport,Nigeria,7,7,8,0.002336448598130841,1.2793728943900698e-05,0.2745361871384068,0.28082361696849417,0.004677186324877077,0.004501462046004689,8
KAO,Kuusamo Airport,Finland,1,1,1,0.0002920560747663551,0.0,0.2503799833843149,0.2552807637375028,0.0011008999316295756,0.0011231615682067246,1
KAT,Kaitaia Airport,New Zealand,1,1,1,0.0002920560747663551,0.0,0.23738578308858163,0.2422945205479452,0.0001509740299419472,0.00015304276739827507,1
KAW,Kawthoung Airport,Burma,1,1,1,0.0002920560747663551,0.0,0.15574475750990377,0.1585656254377364,2.988097901209405e-08,3.087509978844797e-08,1
KAZ,Kao Airport,Indonesia,1,1,1,0.0002920560747663551,0.0,0.20331780564661533,0.2075033606256874,1.5764629879423288e-05,1.609426043918717e-05,1
KBC,?,?,1,1,2,0.0005841121495327102,0.0,0.20709633424547355,0.21152289006540018,1.1137290599468839e-05,1.120754862890084e-05,2
KBL,Hamid Karzai International Airport,Afghanistan,13,15,15,0.004380841121495327,4.758743492900993e-05,0.2849240428679681,0.2913770913770914,0.006950754867730351,0.006453682142479028,12
KBP,Boryspil International Airport,Ukraine,61,62,62,0.018107476635514017,0.001219254777480406,0.32044675476465967,0.3273884122240432,0.06058907070652994,0.060489281919339145,31
KBR,Sultan Ismail Petra Airport,Malaysia,7,7,7,0.0020443925233644858,2.451774494173808e-06,0.25623377466251296,0.2618350038550501,0.0015068891549093692,0.0015250982253075531,7
KBU,?,?,2,2,2,0.0005841121495327102,3.327545111273109e-07,0.20429343092132685,0.2084842531769906,3.272694363978037e-05,3.3309492645074436e-05,2
KBV,Krabi Airport,Thailand,6,6,6,0.0017523364485981306,2.9033177620380488e-06,0.26143833409117995,0.2668762278978389,0.002462610454758281,0.0024930162757186075,6
KCA,Kuqa Airport,China,1,1,1,0.0002920560747663551,0.0,0.2263814656504307,0.23089475115583355,0.00020136028436038274,0.00020555523797345326,1
KCC,?,?,1,2,3,0.0008761682242990653,0.0008626020788454135,0.20535462986990097,0.20965551302629953,9.794263637377484e-06,9.857465641519567e-06,2
KCG,?,?,1,1,2,0.0005841121495327102,0.0008626020788454135,0.18356031836969589,0.18741721854304635,1.4414886652639759e-06,1.4796190530166003e-06,2
KCH,Kuching International Airport,Malaysia,14,14,14,0.0040887850467289715,0.0008721239030152727,0.2565108697378471,0.2621179376350726,0.0015683748332991202,0.0015875978736380999,7
KCK,Kirensk Airport,Russia,1,1,1,0.0002920560747663551,0.0,0.22194825020894052,0.22608348312362692,0.00010421012505028909,0.00010614074330886743,1
KCL,?,?,1,1,2,0.0005841121495327102,0.0008630286871930126,0.1547504412892571,0.15786537746374116,2.093628394677606e-08,2.1355879642185067e-08,2
KCM,Kahramanmaraş Airport,Turkey,3,3,3,0.0008761682242990653,5.4992023084830764e-08,0.2710406235411499,0.27679517483087457,0.0030745909251088544,0.0031175215228868786,3
KCO,Cengiz Topel Airport,Turkey,1,1,1,0.0002920560747663551,0.0,0.2274513506593266,0.23182469793159943,0.00028312724709564314,0.0002889603032240352,1
KCQ,?,?,1,1,2,0.0005841121495327102,0.0008634552955406117,0.13375718852967206,0.15786537746374116,2.0936283946838205e-08,3.082371840303172e-10,2
KCT,Koggala Airport,Sri Lanka,2,2,2,0.0005841121495327102,0.0005756653042502478,0.24159983409430105,0.24646200740256913,0.00037567045153201993,0.0003793452580325823,1
KCZ,Kōchi Ryōma Airport,Japan,3,3,3,0.0008761682242990653,2.1372652255330846e-05,0.2479311422746131,0.2529232144187086,0.00036046190181869726,0.00036608388048360043,3
KDH,Kandahar Airport,Afghanistan,4,4,4,0.0011682242990654205,2.7180283883726523e-06,0.27908141185193447,0.2848754299135979,0.002437389109532203,0.002432568507782388,4
KDI,Wolter Monginsidi Airport,Indonesia,2,2,2,0.0005841121495327102,0.0,0.23430393844818798,0.23930660277640758,0.0002831612979550294,0.0002837931599753812,2
KDM,Kaadedhdhoo Airport,Maldives,2,2,2,0.0005841121495327102,0.0,0.23677645059723124,0.24148474720898813,0.0002987665099238849,0.00028038593203815685,2
KDO,Kadhdhoo Airport,Maldives,2,2,2,0.0005841121495327102,0.0,0.23677645059723124,0.24148474720898813,0.0002933883582123112,0.00027491070449775967,2
KDU,Skardu Airport,Pakistan,1,1,1,0.0002920560747663551,0.0,0.24001082101952648,0.24564195298372513,0.0003852141862856446,0.0003681504177321495,1
KDV,Vunisea Airport,Fiji,2,2,2,0.0005841121495327102,0.0,0.22820160250317265,0.2329058363623894,6.630482814474188e-05,6.411247687543993e-05,2
KEF,Keflavik International Airport,Iceland,34,32,34,0.009929906542056074,0.01100871294287419,0.3173537576095344,0.32522505267190194,0.03927575408824245,0.039606713946090895,28
KEJ,Kemerovo Airport,Russia,2,2,2,0.0005841121495327102,4.5004836669796894e-08,0.2641417212556608,0.2697378872120731,0.0024561159485541016,0.002497557085659243,2
KEM,Kemi-Tornio Airport,Finland,2,1,2,0.0005841121495327102,0.0,0.2503988628884156,0.2552999548940009,0.0011168894805735734,0.0011393725658813425,2
KEP,Nepalgunj Airport,Nepal,1,1,1,0.0002920560747663551,0.0,0.2299715872317291,0.23454658470888873,0.00019511829503492296,0.00019726593822198737,1
KER,Kerman Airport,Iran,4,4,4,0.0011682242990654205,3.412866780792932e-08,0.2224984736767952,0.22697500334179924,0.00022677035966547825,0.0002170123364081721,4
KET,Kengtung Airport,Burma,1,1,2,0.0005841121495327102,0.0,0.18496099585753414,0.23209404045926735,0.00014817926664233125,2.4758077367445866e-06,2
KEW,Keewaywin Airport,Canada,1,1,2,0.0005841121495327102,0.0,0.15457755991370703,0.18721058434399118,1.5387960393569421e-06,2.748285884699941e-08,2
KFP,False Pass Airport,United States,1,1,1,0.0002920560747663551,0.0,0.18335761248004903,0.18721058434399118,1.4190822811330129e-06,1.4591662672165212e-06,1
KFS,Kastamonu Airport,Turkey,1,1,1,0.0002920560747663551,0.0,0.2696978575185713,0.2754928206376247,0.0018516929587042007,0.001871410394665079,1
KGA,Kananga Airport,Congo (Kinshasa),3,3,3,0.0008761682242990653,1.858116358431707e-07,0.22578118844344358,0.23022167988610942,0.00015001882703635213,0.0001500537058062233,2
KGC,Kingscote Airport,Australia,1,1,1,0.0002920560747663551,0.0,0.22588869598164535,0.2301592680447306,6.930045239276828e-05,7.027414209324167e-05,1
KGD,Khrabrovo Airport,Russia,10,10,10,0.0029205607476635513,5.457130628417455e-06,0.2683032818636316,0.2739593417231365,0.007801601133900648,0.00790860126926775,9
KGE,Kaghau Airport,Solomon Islands,2,2,3,0.0008761682242990653,0.0,0.19599774063779546,0.1995885982956215,3.971126700629259e-06,3.9762529598468835e-06,3
KGF,Sary-Arka Airport,Kazakhstan,6,6,6,0.0017523364485981306,2.1030968074782704e-05,0.2647313233120351,0.2703391179748448,0.0038061984407031122,0.0038690936479938575,4
KGI,Kalgoorlie Boulder Airport,Australia,3,3,3,0.0008761682242990653,0.0,0.241969521978007,0.24678439066928276,0.00039593031719938266,0.0004012369251313101,3
KGL,Kigali International Airport,Rwanda,17,16,17,0.004964953271028037,0.0007605639438807815,0.29615533038670905,0.3028357410379882,0.010062131877087687,0.009838309356141129,11
KGP,Kogalym International Airport,Russia,1,1,1,0.0002920560747663551,0.0,0.2358347929569042,0.24056102571367854,0.0003998792741123876,0.0004049954515052169,1
KGQ,?,?,2,2,2,0.0005841121495327102,0.0,0.147263402200717,0.1499735029146794,6.5260911248927235e-09,6.7619130984933435e-09,2
KGS,Kos Airport,Greece,30,28,30,0.008761682242990653,0.0001310379087843243,0.29473592967304235,0.30165215846509147,0.03157683994543563,0.03189065352957827,26
KGT,Kangding Airport,China,1,1,1,0.0002920560747663551,0.0,0.23935344670795503,0.24426382795080198,0.00039155189877824515,0.0003986019703162616,1
KGX,?,?,2,2,2,0.0005841121495327102,1.7064333903964658e-07,0.15478650692766702,0.15789473684210525,2.0940873733654386e-08,2.1695960649450745e-08,2
KHD,Khoram Abad Airport,Iran,1,1,1,0.0002920560747663551,0.0,0.20201908502410076,0.20618055977171998,2.396139303030665e-05,2.0049964715239375e-05,1
KHG,Kashgar Airport,China,4,4,4,0.0011682242990654205,6.712242158722173e-05,0.2438887866940488,0.24895535517923906,0.0008017117107812818,0.0008173410883434378,3
KHH,Kaohsiung International Airport,Taiwan,37,37,37,0.01080607476635514,0.0011168018777846828,0.28821295952318765,0.2944593774386543,0.012734032099858683,0.012885648936397619,25
KHI,Jinnah International Airport,Pakistan,37,36,37,0.01080607476635514,0.0036264594765397368,0.3116356718868401,0.3179179928852275,0.017058906637105967,0.017110339394851685,22
KHN,Nanchang Changbei International Airport,China,38,38,38,0.011098130841121495,5.359375939639238e-05,0.2813990102216904,0.28718816067653274,0.010366462797637688,0.01047967102317884,25
KHQ,?,?,2,2,2,0.0005841121495327102,0.0,0.147263402200717,0.1499735029146794,6.5260911246228616e-09,6.7619130984933435e-09,2
KHS,Khasab Air Base,Oman,1,1,1,0.0002920560747663551,0.0,0.2371653849183094,0.24175980636434827,0.0004396015247400327,0.000441586109109534,1
KHV,Khabarovsk-Novy Airport,Russia,23,23,23,0.006717289719626168,0.0013824919329861408,0.2915530921533071,0.2977119312702726,0.007660516649227107,0.007715639197648567,11
KHY,Khoy Airport,Iran,1,1,1,0.0002920560747663551,0.0,0.20201908502410076,0.20618055977171998,2.396139303030665e-05,2.0049964715239375e-05,1
KHZ,Kauehi Airport,French Polynesia,1,1,2,0.0005841121495327102,0.0005755799825807277,0.1815333580946902,0.18518922456102083,1.0425231943576017e-06,5.339970145208016e-07,2
KID,Kristianstad Airport,Sweden,1,1,1,0.0002920560747663551,0.0,0.2539800932792481,0.2594941545044701,0.0013604186816301017,0.0013804685409379291,1
KIF,Kingfisher Lake Airport,Canada,2,2,2,0.0005841121495327102,0.0,0.17554526191394873,0.1792462788979204,3.492500731824981e-07,3.427069752092723e-07,2
KIH,Kish International Airport,Iran,9,8,9,0.002628504672897196,0.00025557274895991874,0.2787768401297992,0.28446976042888256,0.002796132823722543,0.0027848405018503016,8
KIJ,Niigata Airport,Japan,10,10,10,0.0029205607476635513,0.0003125579487165841,0.2761571492412614,0.28203637571630263,0.003545109610400565,0.0035293650043677774,8
KIM,Kimberley Airport,South Africa,2,2,2,0.0005841121495327102,0.0,0.2510424644410469,0.2563405797101449,0.0005998724665625636,0.0005837550559366001,2
KIN,Norman Manley International Airport,Jamaica,19,19,19,0.005549065420560747,4.249898612189535e-05,0.29050736765166374,0.2976597423087037,0.0105206226727699,0.010407504132956637,14
KIR,Kerry Airport,Ireland,6,6,6,0.0017523364485981306,5.814872874973614e-08,0.2551901728752915,0.2603695468833857,0.005761699792811553,0.005841563857134352,6
KIS,Kisumu Airport,Kenya,1,2,2,0.0005841121495327102,0.0,0.2404801013560843,0.24589095648396206,0.00041610947413608007,0.0003812432630467087,2
KIT,Kithira Airport,Greece,3,3,4,0.0011682242990654205,7.065942943898119e-07,0.2774955895066573,0.28392274893403563,0.0040379791002756555,0.003885563381586136,4
KIV,Chişinău International Airport,Moldova,25,25,25,0.007301401869158878,7.922196294120435e-05,0.29748183459877886,0.3037023788231086,0.02651813912365232,0.026820530987217775,22
KIX,Kansai International Airport,Japan,57,57,57,0.01664719626168224,0.003078132064901843,0.33178036962994983,0.3396339633963396,0.030630710082196224,0.030844660199564475,25
KJA,Yemelyanovo Airport,Russia,31,30,31,0.009053738317757009,0.0019403226261785083,0.2937712066194416,0.2996294335627316,0.011094568361102522,0.01117180481472846,15
KKA,Koyuk Alfred Adams Airport,United States,3,4,4,0.0011682242990654205,1.564230607863427e-07,0.18374313725591593,0.18762430939226518,2.9697719052382445e-06,1.571015778369311e-06,3
KKB,?,?,1,1,2,0.0005841121495327102,0.0005755799825807279,0.1834663816382567,0.18741721854304635,1.4205471776855143e-06,,1
KKC,Khon Kaen Airport,Thailand,2,2,2,0.0005841121495327102,2.586408703821561e-06,0.2579654874253219,0.26301115241635686,0.0010121127194463815,0.0010253806081111697,2
KKE,Kerikeri Airport,New Zealand,1,1,1,0.0002920560747663551,0.0,0.23738578308858163,0.2422945205479452,0.0001509740299419472,0.00015304276739827507,1
KKH,Kongiganak Airport,United States,3,2,3,0.0008761682242990653,4.2660834759911645e-08,0.18400785280801066,0.18787342332374418,1.4689338317164199e-06,1.5054711620757546e-06,2
KKI,?,?,2,2,2,0.0005841121495327102,1.7064333903964658e-07,0.15507563834996585,0.15819630129966927,2.0732594391471256e-08,2.1428718503719372e-08,2
KKJ,Kitakyūshū Airport,Japan,1,1,1,0.0002920560747663551,0.0,0.24776465863061764,0.25275379577255136,0.00032824797070686064,0.0003333616771630597,1
KKN,Kirkenes Airport (Høybuktmoen),Norway,5,6,6,0.0017523364485981306,0.0007636844604724742,0.2450224835553876,0.2501473187978786,0.0013067804707751164,0.0013260898240353902,4
KKR,Kaukura Airport,French Polynesia,1,1,2,0.0005841121495327102,0.00028804595629892325,0.18151351296125542,0.22721798474508229,3.6924448593237224e-05,5.339970145208016e-07,2
KLG,Kalskag Airport,United States,3,3,3,0.0008761682242990653,2.3491899674458013e-05,0.1842528835169599,0.18811277903949483,2.910642744371159e-06,2.966400720180532e-06,3
KLL,?,?,1,1,2,0.0005841121495327102,0.0002876193479513243,0.18354002761433527,0.18739653459883016,1.4621208691328816e-06,1.4796190530166003e-06,2
KLN,Larsen Bay Airport,United States,1,1,2,0.0005841121495327102,0.00028778999129036397,0.1834663816382567,0.18739653459883016,1.4205471179900669e-06,,1
KLO,Kalibo International Airport,Philippines,8,8,8,0.002336448598130841,9.097320425962294e-07,0.2757214978102099,0.28147534189805223,0.0033806199624844976,0.0033781187963724886,8
KLR,Kalmar Airport,Sweden,2,2,2,0.0005841121495327102,1.064712785579066e-06,0.25407725475334114,0.2595933343525455,0.0014169431438032782,0.001438186747172765,2
KLU,Klagenfurt Airport,Austria,4,4,4,0.0011682242990654205,4.875523972561331e-09,0.26002581783933665,0.2655822319543286,0.005330935900867936,0.005412566857315468,4
KLV,Karlovy Vary International Airport,Czech Republic,3,3,3,0.0008761682242990653,0.0,0.26010728594236454,0.26570690869259056,0.00270739192460573,0.0027506405820747234,3
KLW,Klawock Airport,United States,2,2,2,0.0005841121495327102,0.0,0.20535462986990097,0.20961669032775754,9.796272237627256e-06,1.0006025098647296e-05,2
KLX,Kalamata Airport,Greece,7,7,8,0.002336448598130841,2.0784490646613154e-05,0.276433007544008,0.2901572112098428,0.011572566021729144,0.009289878301528033,7
KME,Kamembe Airport,Rwanda,1,1,1,0.0002920560747663551,0.0,0.22770088587672574,0.2324594428092272,0.00014405091365621522,0.00014199988256281883,1
KMG,Kunming Changshui International Airport,China,95,95,95,0.027745327102803738,0.004523442856810258,0.29782867440593436,0.3037295411859404,0.018029235884932184,0.018221736881078806,25
KMI,Miyazaki Airport,Japan,7,7,7,0.0020443925233644858,9.621993718702518e-07,0.2681732794658942,0.27362823301909595,0.0023507976882046876,0.002338216713479813,7
KMJ,Kumamoto Airport,Japan,6,6,6,0.0017523364485981306,0.00011332265472672537,0.26741743594992495,0.27292453588362936,0.0016441576097146826,0.0016249669271294078,5
KMQ,Komatsu Airport,Japan,9,9,9,0.002628504672897196,8.224457697447888e-07,0.2757214978102099,0.2816153909942781,0.004049994257584975,0.004048982880203254,9
KMS,Kumasi Airport,Ghana,1,1,1,0.0002920560747663551,0.0,0.23558383368517083,0.24052694950067285,0.000314239769455458,0.0002736845928572507,1
KND,Kindu Airport,Congo (Kinshasa),2,2,2,0.0005841121495327102,0.0011494535317710594,0.22578118844344358,0.23026851098454026,0.00012657227652034802,0.00012697122675338528,2
KNG,Kaimana Airport,Indonesia,2,3,3,0.0008761682242990653,9.938543351082323e-06,0.15907212682631577,0.1933830647457434,5.165881158039505e-06,2.2238873213156373e-07,3
KNH,Kinmen Airport,Taiwan,4,4,4,0.0011682242990654205,8.235828286284109e-08,0.22360714562158565,0.22813381700927046,0.00032478661847902714,0.000332134796776867,4
KNQ,Koné Airport,New Caledonia,1,1,1,0.0002920560747663551,0.0,0.0013915612974161626,,,,1
KNS,King Island Airport,Australia,2,2,2,0.0005841121495327102,0.0,0.24023654196818117,0.24480968858131488,0.000203461082940056,0.00020667756067070073,2
KNU,Kanpur Airport,India,1,1,1,0.0002920560747663551,0.0,0.2539218320558318,0.2594346829640947,0.0007270539658960961,0.00073592301059118,1
KNX,Kununurra Airport,Australia,3,3,3,0.0008761682242990653,0.0,0.23147844135132917,0.23601362151643618,0.0001757804548886744,0.00017745218216664744,3
KOA,Ellison Onizuka Kona International At Keahole Airport,United States,11,11,11,0.0032126168224299065,5.412524411218801e-05,0.2810180011530988,0.28745556119857796,0.005267028731612532,0.005322201088266155,10
KOC,Koumac Airport,New Caledonia,2,2,2,0.0005841121495327102,6.825733561585863e-07,0.0014785338785046728,,,,2
KOE,El Tari Airport,Indonesia,6,6,6,0.0017523364485981306,0.00034764775260299005,0.22818592177737704,0.23365900646759322,0.0002329965496067323,0.00023656305201578655,3
KOI,Kirkwall Airport,United Kingdom,11,11,11,0.0032126168224299065,0.003450850829964877,0.2444273310485918,0.2497609766860337,0.002329285452594379,0.0023445268585287064,5
KOJ,Kagoshima Airport,Japan,12,12,12,0.003504672897196261,3.099978108717547e-05,0.2780066738908471,0.28382783117425825,0.005275912752992705,0.005299543285846885,9
KOK,Kokkola-Pietarsaari Airport,Finland,2,2,2,0.0005841121495327102,0.0,0.2503988628884156,0.2552999548940009,0.0011363694207106134,0.001159538925678524,2
KOO,Kongolo Airport,Congo (Kinshasa),1,1,2,0.0005841121495327102,0.00028778999129036397,0.15495055203555622,0.1577773648020814,2.6329109251476127e-08,,1
KOP,Nakhon Phanom Airport,Thailand,1,1,1,0.0002920560747663551,0.0,0.21528620548629937,0.21970628194345604,0.00010243650143145599,0.00010462235751648968,1
KOS,Sihanoukville International Airport,Cambodia,1,1,1,0.0002920560747663551,0.0,0.22097349744651107,0.22522881018702745,0.00012620969833093245,0.0001283184055962334,1
KOT,Kotlik Airport,United States,3,3,3,0.0008761682242990653,5.810405694299968e-06,0.1839263206660852,0.18780069678703754,1.4820492927696318e-06,1.5029685331554472e-06,2
KOV,Kokshetau Airport,Kazakhstan,2,2,2,0.0005841121495327102,0.0,0.2531668612964983,0.25827059091946153,0.0014618936285511197,0.0014857374379319025,2
KOW,Ganzhou Airport,China,10,10,10,0.0029205607476635513,1.5581000066792242e-07,0.2747178788572277,0.28107929150802846,0.003550034776276059,0.003603604376662261,10
KOZ,?,?,1,2,2,0.0005841121495327102,0.0,0.1833778629204356,0.18738619433868564,1.4408838729379842e-06,1.4594748891366464e-06,2
KPB,?,?,1,1,2,0.0005841121495327102,0.0002876193479513243,0.20535462986990097,0.20961669032775754,9.792197550755645e-06,9.857465641519567e-06,2
KPN,Kipnuk Airport,United States,3,2,3,0.0008761682242990653,4.2660834759911645e-08,0.18400785280801066,0.18787342332374418,1.4689338317158371e-06,1.5057848501712357e-06,2
KPO,Pohang Airport (G-815/K-3),South Korea,2,2,2,0.0005841121495327102,0.0,0.22026994691073018,0.22454377148902407,0.00016215441238420856,0.00016499857699679357,2
KPR,?,?,1,0,1,0.0002920560747663551,0.0,0.1338174266546868,0.1363417375943472,2.912035765053576e-10,,1
KPV,Perryville Airport,United States,1,1,2,0.0005841121495327102,0.0008638819038882106,0.1177793835653899,0.18741721854304635,1.4414886652632288e-06,4.448899673090607e-12,2
KQA,Akutan Seaplane Base,United States,1,1,1,0.0002920560747663551,0.0,0.0005257009345794393,,,,1
KQT,Qurghonteppa International Airport,Tajikistan,5,4,7,0.0020443925233644858,6.455978254343478e-06,0.255307889569168,0.26042944785276073,0.0028964726081537567,0.002851283679347852,6
KRF,Kramfors Sollefteå Airport,Sweden,2,2,2,0.0005841121495327102,0.0,0.2539995196287416,0.25951398441082074,0.0013807620041058942,0.0014012882901186406,2
KRK,Kraków John Paul II International Airport,Poland,52,52,52,0.015186915887850466,0.00016540268707191465,0.30150623929781806,0.3088114940438301,0.05040933307735692,0.05103899210113655,31
KRL,Korla Airport,China,5,5,5,0.0014602803738317756,4.262733570355009e-07,0.24531208684539915,0.25040554490488126,0.001072161816375699,0.0010930584733516479,5
KRN,Kiruna Airport,Sweden,2,2,2,0.0005841121495327102,0.0,0.2539995196287416,0.25951398441082074,0.0013807620041058942,0.0014012882901186406,2
KRO,Kurgan Airport,Russia,2,2,2,0.0005841121495327102,0.0,0.25230130068577483,0.2572142694842081,0.001488236309332354,0.0015113714866486587,2
KRP,Karup Airport,Denmark,1,1,1,0.0002920560747663551,0.0,0.2594366968457944,0.2647953216374269,0.0015660428975173683,0.0015794567450812464,1
KRR,Krasnodar Pashkovsky International Airport,Russia,33,34,35,0.01022196261682243,0.00023845561131310628,0.29358940143454765,0.30130423210007984,0.021941582359521466,0.019631727874587123,20
KRS,Kristiansand Airport,Norway,8,8,8,0.002336448598130841,7.819536486275834e-09,0.28106557085282846,0.2875529212531753,0.007985973736347546,0.008051412445923988,8
KRT,Khartoum International Airport,Sudan,22,22,23,0.006717289719626168,0.0017890222363962903,0.28858866078266865,0.29448491155046824,0.010673689024427065,0.010538300672118967,15
KRY,Karamay Airport,China,1,1,1,0.0002920560747663551,0.0,0.2263814656504307,0.23089475115583355,0.00020136028436038274,0.00020555523797345326,1
KSA,Kosrae International Airport,Micronesia,2,2,2,0.0005841121495327102,0.0,0.16494261757443837,0.1682770923145533,8.473676843442344e-08,8.668111214932896e-08,2
KSC,Košice Airport,Slovakia,4,4,4,0.0011682242990654205,2.8744268635426797e-07,0.2594366968457944,0.26463025013636715,0.003998755837730248,0.00406605846337292,4
KSD,Karlstad Airport,Sweden,2,2,2,0.0005841121495327102,0.0,0.256570325243465,0.2621381705905056,0.0023301293921731176,0.0023697521525376784,2
KSE,Kasese Airport,Uganda,1,1,1,0.0002920560747663551,0.0,0.22556648007242006,0.2345303867403315,0.00019116985307246525,0.00010483338056163864,1
KSF,Kassel-Calden Airport,Germany,2,2,2,0.0005841121495327102,3.0529202264283716e-08,0.2370468784086065,0.24189757105206924,0.0019445779631475236,0.0019801209011346952,2
KSH,Shahid Ashrafi Esfahani Airport,Iran,3,3,3,0.0008761682242990653,0.00015380584282918228,0.27086376179658794,0.2766824181196024,0.0020005095315435177,0.0020120198341724987,3
KSJ,Kasos Airport,Greece,2,2,2,0.0005841121495327102,9.065427386481224e-08,0.21240819493579174,0.2164711881693014,7.7774892182323e-05,7.936372776195068e-05,2
KSM,St Mary's Airport,United States,4,4,4,0.0011682242990654205,0.0019925638752146687,0.22538276908009827,0.230393487109905,9.912583826264403e-05,0.00010109771619542562,2
KSN,Kostanay West Airport,Kazakhstan,3,3,3,0.0008761682242990653,0.0,0.25388300608762754,0.2593158216249236,0.00122002410818628,0.0012372505218189273,3
KSO,Kastoria National Airport,Greece,1,1,1,0.0002920560747663551,0.0,0.24514910081397964,0.25018417562988066,0.0012401011420456066,0.001259293317439099,1
KSQ,Karshi Khanabad Airport,Uzbekistan,3,3,3,0.0008761682242990653,0.0,0.255740448180683,0.2608695652173913,0.0025045078474032387,0.0025230730378466484,3
KSU,Kristiansund Airport (Kvernberget),Norway,7,6,7,0.0020443925233644858,1.3587007606754275e-06,0.2455115865463676,0.25062730627306273,0.002918467295501569,0.0029548824185649304,5
KSY,Kars Airport,Turkey,3,3,3,0.0008761682242990653,5.4992023084830764e-08,0.2710406235411499,0.27679517483087457,0.0030745909251088544,0.0031175215228868786,3
KTA,Karratha Airport,Australia,5,5,6,0.0017523364485981306,7.332298099209405e-07,0.25098554301459963,0.256185878092939,0.0007624893083629045,0.0007494378027402166,6
KTB,?,?,2,3,3,0.0008761682242990653,0.0,0.20535462986990097,0.20962962962962964,9.938553992682214e-06,1.0003970281662654e-05,3
KTE,Kerteh Airport,Malaysia,1,1,1,0.0002920560747663551,0.0,0.20288304738674048,0.20704792098524571,1.3971536107060425e-05,1.4324056605972538e-05,1
KTG,Ketapang(Rahadi Usman) Airport,Indonesia,2,2,2,0.0005841121495327102,1.1395836779544214e-07,0.18951034181510973,0.19335003416078342,9.437622669225528e-06,9.55391673835322e-06,2
KTL,Kitale Airport,Kenya,1,1,1,0.0002920560747663551,0.0,0.18109776515385112,0.18463545914206492,1.3709031283098972e-06,1.3341907751814687e-06,1
KTM,Tribhuvan International Airport,Nepal,32,32,32,0.009345794392523364,0.005554875411427905,0.30000810548614765,0.3063875857091303,0.01362925070339667,0.01366735860305127,19
KTN,Ketchikan International Airport,United States,13,13,15,0.004380841121495327,0.00829803314944034,0.25941642993720554,0.26516748653080346,0.0006742047353485686,0.0006829638900068571,3
KTS,Brevig Mission Airport,United States,3,3,3,0.0008761682242990653,1.2798250427973495e-07,0.18375330453885394,0.18760357971494862,1.507543690899278e-06,1.5499319986158107e-06,2
KTT,Kittilä Airport,Finland,1,1,2,0.0005841121495327102,0.00028804595629892347,0.19966268155520492,0.2552999548940009,0.001116889480573573,1.6210997674617856e-05,2
KTW,Katowice International Airport,Poland,27,27,27,0.007885514018691588,8.007590845257745e-05,0.28821295952318765,0.2943572852561324,0.02111361410745053,0.021450220700797117,22
KUA,Kuantan Airport,Malaysia,3,3,3,0.0008761682242990653,0.0,0.25589810585082595,0.2614922614922615,0.0013447890422090536,0.0013603520178719298,3
KUD,Kudat Airport,Malaysia,2,2,2,0.0005841121495327102,0.0,0.22037226887160186,0.22491555732167692,0.00011842914675435174,0.00012013452205921348,2
KUF,Kurumoch International Airport,Russia,20,20,20,0.005841121495327103,6.640116336604997e-05,0.2973220270056557,0.30310603355944304,0.012310675946081559,0.012388296382475546,15
KUH,Kushiro Airport,Japan,3,3,3,0.0008761682242990653,4.450332928442611e-08,0.25664964213819985,0.2621786458735428,0.0009793524892164477,0.0009855225702443684,3
KUK,Kasigluk Airport,United States,2,1,3,0.0008761682242990653,0.0002876193479513243,0.18400785280801066,0.18787342332374418,1.4692351395628832e-06,1.4840470356059368e-06,3
KUL,Kuala Lumpur International Airport,Malaysia,111,112,112,0.03271028037383177,0.017869968834432624,0.33479077725840994,0.342891760904685,0.038222526314392186,0.038078263519339156,25
KUN,Kaunas International Airport,Lithuania,19,19,19,0.005549065420560747,9.585863734257635e-06,0.2663450208234014,0.2719192889742974,0.014463099030012144,0.01470279757560553,17
KUO,Kuopio Airport,Finland,1,1,1,0.0002920560747663551,0.0,0.2503799833843149,0.2552807637375028,0.0011008999316295756,0.0011231615682067246,1
KUS,?,?,5,5,5,0.0014602803738317756,0.004065271122520674,0.2094606862385624,0.21358490566037736,3.112486433845209e-05,3.1722878678920144e-05,2
KUT,Kopitnari Airport,Georgia,8,8,9,0.002628504672897196,2.10015642059479e-06,0.2575453481949874,0.2633987435042271,0.004015437053799984,0.0037303153587868797,9
KUU,Kullu Manali Airport,India,1,1,1,0.0002920560747663551,0.0,0.2539218320558318,0.2594346829640947,0.0007270539658960961,0.00073592301059118,1
KUV,Kunsan Air Base,South Korea,1,1,1,0.0002920560747663551,0.0,0.219817946622504,0.22408446057406797,0.00012372616339846514,0.00012571662617989589,1
KUZ,?,?,1,1,1,0.0002920560747663551,0.0,0.14701565962573793,0.1497222467154572,6.384335120683921e-09,6.614083158777604e-09,1
KVA,Alexander the Great International Airport,Greece,5,5,5,0.0014602803738317756,9.824787957427986e-09,0.27221819162440924,0.2778141361256545,0.00711179814388215,0.007208830691327817,5
KVC,King Cove Airport,United States,1,1,1,0.0002920560747663551,0.0,0.18335761248004903,0.18721058434399118,1.4190822811330129e-06,1.4591662672165212e-06,1
KVD,Ganja Airport,Azerbaijan,5,4,5,0.0014602803738317756,0.0002886269338144751,0.2743320710141403,0.2801980198019802,0.004366322686468825,0.0044271893925212314,4
KVG,Kavieng Airport,Papua New Guinea,3,3,3,0.0008761682242990653,0.0,0.22051860811648638,0.22510937292854302,5.358844132627286e-05,5.453708500167895e-05,3
KVK,Kirovsk-Apatity Airport,Russia,1,1,1,0.0002920560747663551,0.0,0.2499841704024517,0.25464907018596283,0.0010883570352199666,0.0011063760351434418,1
KVL,Kivalina Airport,United States,2,2,3,0.0008761682242990653,1.2798250427973495e-07,0.18370247937302475,0.18758285461776403,1.4853487004756071e-06,1.5042021718602025e-06,2
KVX,Pobedilovo Airport,Russia,3,3,3,0.0008761682242990653,0.00013233493919783844,0.2549354920640387,0.2603895108112253,0.0015226603166984382,0.0015443559725140158,3
KWA,Bucholz Army Air Field,Marshall Islands,3,3,3,0.0008761682242990653,0.000540365690399464,0.19734888688572935,0.20156695156695156,4.758353999679205e-06,4.822638096093765e-06,2
KWE,Longdongbao Airport,China,48,48,48,0.014018691588785045,0.0003637334150038723,0.28156602676158793,0.28733395380319826,0.010884018916421831,0.011038382523557185,25
KWF,?,?,1,1,1,0.0002920560747663551,0.0,0.205341931710745,0.20960375262313294,9.652011055376216e-06,9.857465641519567e-06,1
KWI,Kuwait International Airport,Kuwait,57,57,58,0.016939252336448597,0.0010841271264269332,0.31656718013595503,0.3232746311280343,0.03151907064356739,0.03143809467245887,23
KWJ,Gwangju Airport,South Korea,2,2,2,0.0005841121495327102,0.0,0.22026994691073018,0.22454377148902407,0.00016215441238420856,0.00016499857699679357,2
KWK,Kwigillingok Airport,United States,2,3,3,0.0008761682242990653,4.2660834759911645e-08,0.18399765733744283,0.18787342332374418,1.469226512430657e-06,1.4846566200011892e-06,2
KWL,Guilin Liangjiang International Airport,China,40,41,41,0.01197429906542056,5.188877258236605e-05,0.28242811019103314,0.2895140664961637,0.01198031135931935,0.011200980676410045,25
KWM,Kowanyama Airport,Australia,2,2,2,0.0005841121495327102,0.0,0.21894835627521383,0.2233035244608101,4.99638195651373e-05,5.08096681716824e-05,2
KWN,Quinhagak Airport,United States,3,3,3,0.0008761682242990653,0.0005756653042502478,0.1840180494085209,0.18788381742738589,1.4481927345961937e-06,1.484661148519448e-06,2
KWT,Kwethluk Airport,United States,2,2,2,0.0005841121495327102,0.0005753240175721684,0.1840180494085209,0.18788381742738589,1.427464391133203e-06,1.4632368959500488e-06,2
KXU,?,?,1,1,2,0.0005841121495327102,0.0005760065909283268,0.15330023634134282,0.22723318835731013,3.6410757836587475e-05,7.707372739367222e-09,2
KYA,Konya Airport,Turkey,3,2,3,0.0008761682242990653,5.4992023084830764e-08,0.2835373736019611,0.29020680225602463,0.005194575736306799,0.005223337525128969,3
KYK,Karluk Airport,United States,1,0,1,0.0002920560747663551,0.0,0.15474657389745944,0.157828693591114,2.0336754947371097e-08,,1
KYP,Kyaukpyu Airport,Burma,1,1,1,0.0002920560747663551,0.0,0.22766966403579927,0.23207817945739082,0.00014573529441466165,0.0001481468263903123,1
KYU,Koyukuk Airport,United States,2,2,4,0.0011682242990654205,0.00020129088273116713,0.14588541578992964,0.21154924313212484,1.1153441835911264e-05,7.183440958920436e-09,3
KYZ,Kyzyl Airport,Russia,1,1,1,0.0002920560747663551,0.0,0.22194825020894052,0.22608348312362692,0.00010421012505028909,0.00010614074330886743,1
KZB,?,?,1,0,1,0.0002920560747663551,0.0,0.15474657389745944,0.157828693591114,2.0336754948757716e-08,,1
KZI,Filippos Airport,Greece,1,0,1,0.0002920560747663551,0.0,0.2452583139836483,0.25018417562988066,0.0012401011420456066,,1
KZN,Kazan International Airport,Russia,21,21,21,0.006133177570093458,4.911256312017098e-05,0.2784729324634103,0.2844935913546117,0.008850401524965,0.008891298846487034,13
KZO,Kzyl-Orda Southwest Airport,Kazakhstan,4,4,4,0.0011682242990654205,1.194503373277526e-07,0.24001082101952648,0.24498629346414658,0.0007787819718789186,0.0007916702330141648,4
KZR,Zafer Airport,Turkey,1,1,1,0.0002920560747663551,0.0,0.2696978575185713,0.2754928206376247,0.0018516929587042007,0.001871410394665079,1
KZS,Kastelorizo Airport,Greece,1,1,1,0.0002920560747663551,0.0,0.22922549317499608,0.23430384986891128,0.0006375263061612399,0.0006384686875752903,1
LAD,Quatro de Fevereiro Airport,Angola,36,36,38,0.011098130841121495,0.008206935601409315,0.3158445615014427,0.3235518292682927,0.02160734634611121,0.021416389888371575,17
LAE,Nadzab Airport,Papua New Guinea,9,9,9,0.002628504672897196,2.047720068475759e-06,0.22062116128263143,0.22519893899204244,5.827602240643722e-05,5.9346973382454416e-05,4
LAI,Lannion-Côte de Granit Airport,France,1,1,1,0.0002920560747663551,0.0,0.23861390526882,0.2434234105082073,0.0009493313442080118,0.0009625777302789628,1
LAM,Los Alamos Airport,United States,1,1,1,0.0002920560747663551,0.0,0.22796661767187262,0.2329537659486898,0.0002044856356955704,0.0002077584909942393,1
LAN,Capital City Airport,United States,6,6,6,0.0017523364485981306,8.39359341953325e-06,0.2776812208066033,0.28378039608924543,0.0045577441269466475,0.004589956357596363,6
LAO,Laoag International Airport,Philippines,1,1,1,0.0002920560747663551,0.0,0.2445713447949748,0.2495407450951576,0.0003293056655485688,0.0003337175378114053,1
LAP,Manuel Márquez de León International Airport,Mexico,6,6,6,0.0017523364485981306,3.412866780792932e-08,0.25312826584542786,0.2587822906347634,0.0010219338855098415,0.0010199940049129958,6
LAQ,La Abraq Airport,Libya,2,2,2,0.0005841121495327102,0.0,0.2398721265260162,0.24480968858131488,0.0010256465353847193,0.001041886267907724,2
LAR,Laramie Regional Airport,United States,1,1,1,0.0002920560747663551,0.0,0.25151781561964465,0.2571168988491823,0.0006991876764882943,0.0007060918994832925,1
LAS,McCarran International Airport,United States,133,133,133,0.03884345794392523,0.012308155632637357,0.33782194502809443,0.34582484725050916,0.05067054037842766,0.05102514530796192,30
LAU,Manda Airstrip,Kenya,2,2,2,0.0005841121495327102,6.825733561585863e-07,0.19364334477964712,0.19768321788229815,7.2626140551111184e-06,6.838237450875839e-06,2
LAW,Lawton Fort Sill Regional Airport,United States,1,1,1,0.0002920560747663551,0.0,0.26162370752589365,0.26826763567422385,0.0009067073649020931,0.0009138576936963287,1
LAX,Los Angeles International Airport,United States,148,149,149,0.04351635514018691,0.06616375813998217,0.37904231476157607,0.38882528051293797,0.07552975693403888,0.0758344859239231,30
LAZ,Bom Jesus da Lapa Airport,Brazil,1,1,2,0.0005841121495327102,0.0002876193479513243,0.22821728538424632,0.23320972393901937,0.00012055387588325653,0.00012032381905976997,2
LBA,Leeds Bradford Airport,United Kingdom,51,51,51,0.01489485981308411,0.00013372459354991367,0.2982298805232302,0.3050116759475481,0.04362087276570872,0.044025406339947074,31
LBB,Lubbock Preston Smith International Airport,United States,7,7,8,0.002336448598130841,6.225280901840089e-06,0.27562995680828084,0.28278790906819884,0.0038285799760939573,0.0038073856122968182,7
LBC,Lübeck Blankensee Airport,Germany,4,4,4,0.0011682242990654205,5.219594145976073e-08,0.23839122179656627,0.24319679175021483,0.003263881357869796,0.003330246791337145,4
LBD,Khudzhand Airport,Tajikistan,19,19,19,0.005549065420560747,2.530846110018638e-05,0.2575853024841893,0.2627059642608494,0.00471736789057692,0.004757047897201937,12
LBE,Arnold Palmer Regional Airport,United States,3,3,3,0.0008761682242990653,2.86495905994087e-08,0.2509096879203754,0.2563018867924528,0.0014340572594498252,0.0014520472153904793,3
LBF,North Platte Regional Airport Lee Bird Field,United States,1,1,1,0.0002920560747663551,0.0,0.25151781561964465,0.2571168988491823,0.0006991876764882943,0.0007060918994832925,1
LBJ,Komodo Airport,Indonesia,2,2,2,0.0005841121495327102,0.00023101397130483934,0.22610401849432615,0.23081628491809963,0.00014077262288446439,0.00014290307654411032,2
LBL,Liberal Mid-America Regional Airport,United States,2,2,2,0.0005841121495327102,0.0,0.2515368671130259,0.25713636707806464,0.0007093427280538807,0.0007164324288504797,2
LBP,?,?,1,1,1,0.0002920560747663551,0.0,0.17199035216626105,0.1754494730316181,4.078551230996562e-07,4.1988761131951014e-07,1
LBS,Labasa Airport,Fiji,2,2,2,0.0005841121495327102,0.0,0.22820160250317265,0.2329058363623894,6.630482814474188e-05,6.411247687543993e-05,2
LBU,Labuan Airport,Malaysia,3,3,3,0.0008761682242990653,0.0,0.2501724965817514,0.2556651358879771,0.0006829891316052006,0.0006875110405461266,3
LBV,Libreville Leon M'ba International Airport,Gabon,15,16,16,0.004672897196261682,5.208865867469407e-05,0.28625029907992144,0.2969829470922606,0.007523919129184191,0.0055795924580747495,11
LCA,Larnaca International Airport,Cyprus,55,53,55,0.01606308411214953,0.0002541512145288001,0.31181124127945237,0.3189930490325005,0.054628444727207986,0.055193701787606166,31
LCE,Goloson International Airport,Honduras,6,7,7,0.0020443925233644858,0.0008754506815318962,0.22771650000865173,0.23390040636407466,0.0004524453471861809,0.00045263870558282806,4
LCG,A Coruña Airport,Spain,6,6,6,0.0017523364485981306,3.877637376846445e-07,0.2874396018026632,0.2934669892844798,0.007943670286175052,0.008067939172470793,6
LCH,Lake Charles Regional Airport,United States,2,2,2,0.0005841121495327102,0.0,0.26849852196201235,0.2752695144686715,0.0018422009691810737,0.001859542123146186,2
LCK,Rickenbacker International Airport,United States,2,2,2,0.0005841121495327102,2.0336504068370997e-07,0.21946928290437961,0.22851759639324407,0.00015006472396853583,0.00013835724769090428,2
LCR,?,?,2,2,2,0.0005841121495327102,5.119300171189398e-07,0.19234229479444934,0.19664157498552404,5.466091811598715e-06,5.541131161367085e-06,2
LCX,Longyan Guanzhishan Airport,China,1,1,1,0.0002920560747663551,0.0,0.21850175810147177,0.22276156116759593,0.00014719703198656176,0.00014932909501704536,1
LCY,London City Airport,United Kingdom,36,35,36,0.010514018691588784,0.0013302879783627,0.29710921710889937,0.3037295411859404,0.033050979825318176,0.0333867709594986,26
LDB,Governador José Richa Airport,Brazil,7,7,7,0.0020443925233644858,7.283963547652657e-06,0.25417449059519087,0.25967273283376663,0.0008928577698095304,0.0008887244733008659,7
LDE,Tarbes-Lourdes-Pyrénées Airport,France,5,5,5,0.0014602803738317756,1.3375341900046359e-06,0.27521877338191353,0.2811025577352868,0.006273976061050173,0.006343422794819677,5
LDH,Lord Howe Island Airport,Australia,3,3,3,0.0008761682242990653,0.0,0.25009713207005335,0.2550315410033043,0.0004212691489437334,0.0004130545090235989,3
LDS,Lindu Airport,China,2,2,2,0.0005841121495327102,0.0,0.22242395978741916,0.22697500334179924,0.0003415220704564745,0.0003356828027497565,2
LDU,Lahad Datu Airport,Malaysia,1,1,1,0.0002920560747663551,0.0,0.2203576456288101,0.22490066225165564,0.00010887149257656395,0.00011043873000121229,1
LDY,City of Derry Airport,United Kingdom,5,5,5,0.0014602803738317756,2.584453738731405e-07,0.24412186426715932,0.2491562729273661,0.0036034790326257868,0.00363611711962938,5
LEA,Learmonth Airport,Australia,1,1,1,0.0002920560747663551,0.0,0.2306904980636449,0.2352126333287159,0.00012620659925124305,0.0001273943433809766,1
LEB,Lebanon Municipal Airport,United States,2,2,2,0.0005841121495327102,1.5559379331003264e-07,0.2543497027899945,0.25985155711990204,0.0009727657318966469,0.000983231583299288,2
LEC,Coronel Horácio de Mattos Airport,Brazil,1,1,1,0.0002920560747663551,0.0,0.22820160250317265,0.2331937100872073,0.00011882800941898115,0.00012032381905976997,1
LED,Pulkovo Airport,Russia,112,110,113,0.03300233644859813,0.007823559341998857,0.32461287581878473,0.33196480938416423,0.06564294384032175,0.06612901890829374,31
LEH,Le Havre Octeville Airport,France,1,1,1,0.0002920560747663551,0.0,0.2388370051514793,0.24373788846623126,0.0009250511938871725,0.0009421163535517138,1
LEI,Almería International Airport,Spain,14,15,15,0.004380841121495327,1.5706269758100543e-05,0.2813513275968964,0.294025974025974,0.018035509166291864,0.015842271829145754,14
LEJ,Leipzig/Halle Airport,Germany,27,28,28,0.008177570093457943,2.6376168101085826e-05,0.29914329516495525,0.3060010812759056,0.03238538795806561,0.03206887322352983,25
LEN,Leon Airport,Spain,1,1,1,0.0002920560747663551,0.0,0.255740448180683,0.2608294930875576,0.0018343825959267462,0.0018684836787485066,1
LEQ,Land's End Airport,United Kingdom,1,1,1,0.0002920560747663551,0.0,0.18268179775696822,0.18652166749052562,4.737352290606553e-06,4.857471484170492e-06,1
LET,Alfredo Vásquez Cobo International Airport,Colombia,4,4,4,0.0011682242990654205,0.001726142696055545,0.23895730874477716,0.24470384781668827,0.0003763492606594935,0.00037837242206277164,2
LEX,Blue Grass Airport,United States,13,13,13,0.0037967289719626164,7.315628316809641e-05,0.2842411811714601,0.29175257731958765,0.008249417809218812,0.008316332147359076,11
LFM,Lamerd Airport,Iran,3,3,3,0.0008761682242990653,0.0,0.27696327936832094,0.2826231691078562,0.002040706150051254,0.0020374210828971342,3
LFR,La Fria Airport,Venezuela,1,1,1,0.0002920560747663551,0.0,0.23613665075916718,0.24182866908780176,0.0003117141210097452,0.0003149355984061097,1
LFT,Lafayette Regional Airport,United States,3,3,3,0.0008761682242990653,0.0,0.27237448487747445,0.27934523319898,0.003003002093637655,0.0030319002763573425,3
LFW,Lomé-Tokoin Airport,Togo,14,14,16,0.004672897196261682,8.117641112202478e-05,0.28639842342614646,0.2946637744034707,0.008211869459618961,0.005927637652691327,12
LGA,La Guardia Airport,United States,69,70,70,0.02044392523364486,0.0003153981508343518,0.29898169799461316,0.3082229079687784,0.027497364815485734,0.02750925311056745,29
LGB,Long Beach /Daugherty Field/ Airport,United States,12,12,12,0.003504672897196261,7.665788900993269e-07,0.2874147238727859,0.2944338477544651,0.00794956061984069,0.007987468323196741,12
LGG,Liège Airport,Belgium,6,7,8,0.002336448598130841,0.00028894055457123904,0.23696230338419924,0.24276217027664593,0.00397502164282761,0.0027994190863594847,7
LGI,Deadman's Cay Airport,Bahamas,1,1,1,0.0002920560747663551,0.0,0.23238556470442046,0.2381820732220508,0.0002712771007213613,0.0002750654129826663,1
LGK,Langkawi International Airport,Malaysia,5,5,5,0.0014602803738317756,8.157998292351372e-07,0.2560954515019795,0.2616937658935039,0.0013812136558996636,0.001397590449816659,5
LGL,Long Lellang Airport,Malaysia,2,2,2,0.0005841121495327102,0.0,0.20831752836247214,0.21271531475101785,2.7326361294560705e-05,2.7894824640486736e-05,2
LGP,Legazpi City International Airport,Philippines,2,2,2,0.0005841121495327102,0.0,0.24464341532534023,0.24961411245865492,0.0003979554737278482,0.0004031876134040898,2
LGQ,?,?,1,1,1,0.0002920560747663551,0.0,0.2305143495506156,0.23553890969621308,0.00015465520816698426,0.00015504950882167103,1
LGW,London Gatwick Airport,United Kingdom,165,165,165,0.04818925233644859,0.0100196624788392,0.34692746757481907,0.35563933396167136,0.11451375865387868,0.11498361487814929,31
LHE,Alama Iqbal International Airport,Pakistan,31,31,34,0.009929906542056074,0.0012829824719070547,0.31726279923819317,0.3255368098159509,0.026678172769365616,0.024102270127662296,22
LHR,London Heathrow Airport,United Kingdom,171,171,172,0.05023364485981308,0.038385283240397396,0.3883056267102629,0.39733239733239734,0.13613153992858373,0.13704324518007785,31
LHW,Lanzhou Zhongchuan Airport,China,33,33,33,0.009637850467289719,0.0006851590029969435,0.2766633108078121,0.28307076769192296,0.007666688995298594,0.007778467682988793,24
LIF,Lifou Airport,New Caledonia,3,3,3,0.0008761682242990653,8.532166951982329e-08,0.0015771028037383176,,,,2
LIG,Limoges Airport,France,10,10,10,0.0029205607476635513,6.117844470627619e-05,0.2509665749415182,0.2560313630880579,0.007027767441589117,0.007139581469273657,9
LIH,Lihue Airport,United States,11,11,11,0.0032126168224299065,7.597680551966806e-07,0.28106557085282846,0.2875042329834067,0.005716028084621914,0.0057745185626873925,11
LIL,Lille-Lesquin Airport,France,29,30,32,0.009345794392523364,5.36076907557316e-05,0.2655144894559981,0.2715062360089543,0.021677354280127632,0.01970337381025357,22
LIM,Jorge Chávez International Airport,Peru,57,57,57,0.01664719626168224,0.013748155951362773,0.3222503366934661,0.3300933125972006,0.023012203771253004,0.02288385758577271,20
LIN,Milano Linate Airport,Italy,33,33,33,0.009637850467289719,0.00036041007798706204,0.29957507619541435,0.3065812042971924,0.03636735900045263,0.03676336931339633,26
LIR,Daniel Oduber Quiros International Airport,Costa Rica,15,15,15,0.004380841121495327,0.0007905107179649721,0.29949402233280736,0.30719131614654005,0.011685632794746471,0.011728032537706863,13
LIS,Humberto Delgado Airport (Lisbon Portela Airport),Portugal,101,103,103,0.030081775700934576,0.014139165687029581,0.33512864261037123,0.3431342831160958,0.08858239393869237,0.08928646746524951,31
LIT,Bill & Hillary Clinton National Airport/Adams Field,United States,16,17,17,0.004964953271028037,2.7243016472092147e-05,0.28472860495808694,0.29240571723781644,0.010659023309454303,0.010275837566866753,16
LJA,Lodja Airport,Congo (Kinshasa),0,1,1,0.0002920560747663551,0.0,0.0,0.23012807481195366,0.0001265459528072978,,1
LJG,Lijiang Airport,China,28,28,28,0.008177570093457943,9.649596234702449e-05,0.28204431116240597,0.28782100177981185,0.00876214987223803,0.008844107080892716,24
LJU,Ljubljana Jože Pučnik Airport,Slovenia,22,22,22,0.006425233644859813,2.478463836636657e-05,0.2994400107868502,0.3063046811581131,0.027366279653397198,0.027666924056394503,18
LKB,Lakeba Island Airport,Fiji,1,1,1,0.0002920560747663551,0.0,0.1979724406597215,0.20367038503058654,6.993604430067034e-06,4.731742284112993e-06,1
LKE,?,?,2,3,3,0.0008761682242990653,0.0020192226308561384,0.0007950415368639667,0.2645684013711437,0.0006614408028305665,,1
LKG,Lokichoggio Airport,Kenya,1,1,1,0.0002920560747663551,0.0,0.18109776515385112,0.18463545914206492,1.3709031283098972e-06,1.3341907751814687e-06,1
LKH,Long Akah Airport,Malaysia,2,2,2,0.0005841121495327102,0.0,0.20831752836247214,0.21271531475101785,2.7326361294560705e-05,2.7894824640486736e-05,2
LKL,Banak Airport,Norway,3,1,3,0.0008761682242990653,0.0,0.20894668845568287,0.21342383107088989,0.00013229898214993615,0.00013524559359005491,3
LKN,Leknes Airport,Norway,3,3,3,0.0008761682242990653,8.532166951982329e-08,0.19643831526922023,0.20033034450212364,3.288273012969514e-05,3.3184599742299754e-05,2
LKO,Chaudhary Charan Singh International Airport,India,9,9,9,0.002628504672897196,3.6698101929684826e-05,0.2801644916583286,0.2863406408094435,0.0047602906639170805,0.004763979422458638,7
LLA,Luleå Airport,Sweden,5,5,5,0.0014602803738317756,1.7695740381804472e-05,0.2541161401611699,0.25963302752293577,0.0014705647858036148,0.0014934028761397035,3
LLB,Libo Airport,China,1,1,1,0.0002920560747663551,0.0,0.2555239858130324,0.26121067610183835,0.0005797859459966668,0.000588225309732914,1
LLF,Lingling Airport,China,3,3,3,0.0008761682242990653,0.0,0.22987607085879608,0.23419074546582994,0.0006809620095759372,0.0006944260075819672,3
LLI,Lalibella Airport,Ethiopia,3,3,4,0.0011682242990654205,1.7064333903964658e-07,0.19660113194163567,0.2509235998226688,0.0004891414394975429,2.016921085621917e-05,2
LLK,Lankaran International Airport,Azerbaijan,2,2,2,0.0005841121495327102,0.0,0.2546813190908941,0.2597720492618374,0.002028110772379177,0.0020608401151971474,2
LLU,Alluitsup Paa Heliport,Greenland,2,2,2,0.0005841121495327102,0.0,0.1471459464563173,0.14987422216337878,6.575381907026105e-09,6.810773000641693e-09,2
LLW,Lilongwe International Airport,Malawi,7,6,7,0.0020443925233644858,1.580935596881762e-06,0.25686801667900433,0.2624826093677539,0.0016735426767943366,0.001551452749698038,6
LMA,Minchumina Airport,United States,1,1,1,0.0002920560747663551,0.0,0.20708341978212574,0.211470203624136,1.0975208517083866e-05,1.120754862890084e-05,1
LMC,?,?,1,1,1,0.0002920560747663551,0.0,0.19228660796908906,0.1965846599131693,5.6204060593086305e-06,5.698826785849077e-06,1
LMM,Valle del Fuerte International Airport,Mexico,5,5,5,0.0014602803738317756,2.4377619862806652e-08,0.2531089725324823,0.25876257238646755,0.0009214707237810369,0.0009179763601726427,5
LMN,Limbang Airport,Malaysia,1,1,1,0.0002920560747663551,0.0,0.20829139557336562,0.21268867038266426,2.6918506171461318e-05,2.7474937029167225e-05,1
LMP,Lampedusa Airport,Italy,3,3,3,0.0008761682242990653,2.8440556506607763e-09,0.24787562287274525,0.25288554620597214,0.0025411994306385067,0.002579210190853926,3
LMT,Crater Lake-Klamath Regional Airport,United States,2,2,2,0.0005841121495327102,0.0,0.2637221823083043,0.2695879971421767,0.0012388920116290045,0.0012503102265669303,2
LNB,Lamen Bay Airport,Vanuatu,2,2,2,0.0005841121495327102,8.991998711923145e-05,0.20095550496981351,0.2047016274864376,9.628656240653217e-06,9.621519979200995e-06,2
LNE,Lonorore Airport,Vanuatu,3,3,3,0.0008761682242990653,1.3345389087426649e-05,0.20105283765975468,0.2048127374705989,1.1785987000175485e-05,1.1818226403174282e-05,2
LNJ,Lintsang Airfield,China,1,1,1,0.0002920560747663551,0.0,0.22868877622933464,0.23298572996706915,0.0002581091098260975,0.0002630009319364245,1
LNK,Lincoln Airport,United States,3,3,3,0.0008761682242990653,0.0,0.27132851700516125,0.27738299436412645,0.0026755124790110883,0.0027037255155489687,3
LNS,Lancaster Airport,United States,1,1,1,0.0002920560747663551,0.0,0.26303284907930047,0.2695665978726782,0.0011021776121963645,0.0010785978464561419,1
LNV,?,?,3,2,3,0.0008761682242990653,0.0,0.22053325273118396,0.22512429565793834,5.356531857266214e-05,5.450163550712746e-05,3
LNY,Lanai Airport,United States,2,3,3,0.0008761682242990653,0.0,0.24655057685248852,0.25220943186037875,0.0004577384638450468,0.00045515362616841884,3
LNZ,Linz Hörsching Airport,Austria,7,8,8,0.002336448598130841,7.983253004284987e-07,0.28558563120280084,0.29170245662257344,0.0098776864606021,0.009651046632844372,8
LOD,Longana Airport,Vanuatu,2,2,2,0.0005841121495327102,0.0,0.1948934632094705,0.19846882122611187,2.433499982730426e-06,2.4730230984438372e-06,2
LOE,Loei Airport,Thailand,1,1,1,0.0002920560747663551,0.0,0.21528620548629937,0.21970628194345604,0.00010243650143145599,0.00010462235751648968,1
LOH,Camilo Ponce Enriquez Airport,Ecuador,2,2,2,0.0005841121495327102,0.0,0.23122056256970952,0.23632567849686847,0.0002864919037255273,0.0002530153618499374,2
LOK,Lodwar Airport,Kenya,2,1,2,0.0005841121495327102,0.0,0.24051493587500314,0.24589095648396206,0.00041610947413608007,0.0003869059074972968,2
LOP,Lombok International Airport,Indonesia,10,10,10,0.0029205607476635513,0.00011748280360082915,0.2576052842778813,0.26323540810789864,0.0019154045892717856,0.001935075281996475,7
LOS,Murtala Muhammed International Airport,Nigeria,42,43,44,0.012850467289719626,0.0052479630746055436,0.31527482385134037,0.3222622888593661,0.02822127680443913,0.027154379678235967,20
LPA,Gran Canaria Airport,Spain,83,80,83,0.024240654205607476,0.0021303876691350326,0.3021371776568254,0.3092614515982151,0.06891174660817113,0.06954172010468285,31
LPB,El Alto International Airport,Bolivia,16,16,17,0.004964953271028037,0.0046136496790214815,0.25728594713149205,0.26317420954742715,0.0017415746146157184,0.001704927090783997,4
LPD,La Pedrera Airport,Colombia,1,1,1,0.0002920560747663551,0.0,0.19230887882940514,0.19660742198807388,5.387869639761539e-06,5.461186385595369e-06,1
LPI,Linköping City Airport,Sweden,2,2,2,0.0005841121495327102,0.0,0.27782060734762554,0.28430305567182923,0.00396915495581096,0.0039742330505473725,2
LPL,Liverpool John Lennon Airport,United Kingdom,48,48,48,0.014018691588785045,0.00045387057283075927,0.29325235955723844,0.30029180298877,0.03619665305668145,0.036555329202406936,28
LPM,Lamap Airport,Vanuatu,2,2,2,0.0005841121495327102,0.0,0.20095550496981351,0.2047016274864376,9.660606460486797e-06,9.656212145480465e-06,2
LPP,Lappeenranta Airport,Finland,3,3,3,0.0008761682242990653,0.0,0.22590406255960327,0.23092615259077928,0.0014398085915886592,0.001443923984751614,3
LPQ,Luang Phabang International Airport,Laos,7,7,7,0.0020443925233644858,1.585495442021905e-05,0.2582061830049116,0.26325581395348835,0.001528609353843837,0.00155025776731642,6
LPS,Lopez Island Airport,United States,1,1,1,0.0002920560747663551,0.0,0.0005110981308411214,0.11399415930985868,3.980862910720665e-13,,1
LPT,Lampang Airport,Thailand,1,1,1,0.0002920560747663551,0.0,0.2571863165757565,0.2622191336576326,0.0009096762180149266,0.00092075825059468,1
LPY,Le Puy-Loudes Airport,France,1,1,1,0.0002920560747663551,0.0,0.23861390526882,0.2434234105082073,0.0009493313442080118,0.0009625777302789628,1
LQM,Caucaya Airport,Colombia,1,1,1,0.0002920560747663551,0.0,0.19229774275442518,0.19659604029176797,6.338443574262841e-06,6.415126093915032e-06,1
LRD,Laredo International Airport,United States,3,3,3,0.0008761682242990653,0.0,0.2733385233044833,0.28038309114927346,0.0025676076450354586,0.0025960065562299125,3
LRE,Longreach Airport,Australia,4,2,4,0.0011682242990654205,0.0006726583808614857,0.2423934101916911,0.24699978180231288,0.00015265470875202135,0.00015399079016214587,2
LRH,La Rochelle-Île de Ré Airport,France,8,8,8,0.002336448598130841,6.272957564898942e-06,0.25856806973652324,0.26405411709820387,0.005967288874048819,0.0060697915589079925,7
LRM,Casa De Campo International Airport,Dominican Republic,8,8,9,0.002628504672897196,8.477092835386243e-06,0.28719101613994363,0.2949709024580909,0.008716053611810529,0.008501147786703168,9
LRR,Lar Airport,Iran,6,6,6,0.0017523364485981306,0.00031969408385412626,0.28130366112885796,0.2869697481832009,0.003531196174787515,0.0035258486328782106,6
LRS,Leros Airport,Greece,3,3,3,0.0008761682242990653,8.532166951982329e-08,0.24518530121280038,0.2502210433244916,0.0012826055507857846,0.0013028313299755599,2
LRT,Lorient South Brittany (Bretagne Sud) Airport,France,2,2,2,0.0005841121495327102,0.0,0.2457295929869889,0.2507753655294639,0.0018743825380951847,0.0019046940838306767,2
LSA,?,?,1,1,1,0.0002920560747663551,0.0,0.18022303916347382,0.1837861240393982,7.457500008853491e-07,7.648300004706418e-07,1
LSC,La Florida Airport,Chile,4,4,4,0.0011682242990654205,5.6881113013215525e-08,0.2413715452555726,0.24639048102735253,0.00024032308884622687,0.00023900627402088492,3
LSE,La Crosse Municipal Airport,United States,2,2,2,0.0005841121495327102,0.0,0.26982934262014857,0.2758508650800097,0.001976324802522796,0.0019976336160656763,2
LSI,Sumburgh Airport,United Kingdom,5,5,5,0.0014602803738317756,3.145320789431907e-07,0.2443194319913308,0.2496508123208116,0.0023263921682361703,0.0023415813348962073,5
LSP,Josefa Camejo International Airport,Venezuela,3,3,3,0.0008761682242990653,0.0,0.23985480098419418,0.2458375561025047,0.0006624107586047558,0.0006686530521386159,3
LST,Launceston Airport,Australia,5,5,5,0.0014602803738317756,0.0011642759521704577,0.25068239749574756,0.2556266465939029,0.0006188261383424558,0.0006138981926989349,3
LSY,Lismore Airport,Australia,1,1,1,0.0002920560747663551,0.0,0.2469906820101278,0.2540204951754058,0.000267067589724528,0.0002575989240510622,1
LTD,Ghadames East Airport,Libya,1,1,1,0.0002920560747663551,0.0,0.23125276599068026,0.23601362151643618,0.00024706549629755777,0.0002506785253241909,1
LTI,Altai Airport,Mongolia,1,1,1,0.0002920560747663551,0.0,0.18210077427210836,0.1855737704918033,1.30505183930189e-06,1.3347134276286452e-06,1
LTN,London Luton Airport,United Kingdom,85,85,85,0.024824766355140186,0.002049325897793,0.30205473163781776,0.3086430973370899,0.06061985103950572,0.061315101113466844,31
LTO,Loreto International Airport,Mexico,1,1,1,0.0002920560747663551,0.0,0.2737215396988269,0.2799901063566658,0.0010812947621323793,0.0010945466320744159,1
LTX,Cotopaxi International Airport,Ecuador,2,2,2,0.0005841121495327102,1.5895482483747455e-06,0.22368245450802696,0.2326505446324587,0.0001340782411497768,0.00010022461780105498,2
LUD,Luderitz Airport,Namibia,1,1,2,0.0005841121495327102,0.0002876193479513243,0.22200760259567912,0.22635472905418916,5.5012437878725576e-05,5.337835481350561e-05,2
LUG,Lugano Airport,Switzerland,2,2,2,0.0005841121495327102,0.0,0.26769767993761934,0.2734960135298381,0.0032398998420209765,0.003269561882692407,2
LUH,Ludhiana Airport,India,1,1,1,0.0002920560747663551,0.0,0.2539218320558318,0.2594346829640947,0.0007270539658960961,0.00073592301059118,1
LUK,Cincinnati Municipal Airport Lunken Field,United States,3,3,3,0.0008761682242990653,7.390363829670066e-06,0.24962713069429213,0.2550506947052197,0.0012304542959308978,0.0012417123325636939,2
LUM,Mangshi Airport,China,4,4,4,0.0011682242990654205,0.0,0.2744681146893271,0.28082361696849417,0.0024260013506191306,0.0024591278801051834,4
LUN,Kenneth Kaunda International Airport Lusaka,Zambia,15,18,19,0.005549065420560747,0.0023628046733622436,0.2803300455534499,0.30002650410813675,0.00581809444364122,0.003029872751437869,7
LUO,Luena Airport,Angola,1,1,1,0.0002920560747663551,0.0,0.23916382568427572,0.2444748398243467,0.0003093338490157488,0.00030911051328167907,1
LUQ,Brigadier Mayor D Cesar Raul Ojeda Airport,Argentina,2,1,2,0.0005841121495327102,0.0,0.20506296897777992,0.20924214417744916,2.5047209582390697e-05,2.5225973628316448e-05,2
LUR,Cape Lisburne LRRS Airport,United States,1,1,2,0.0005841121495327102,0.0,0.1548803563092285,0.18757249378624688,1.4643889904331292e-06,2.2028800914956407e-08,2
LUV,Dumatumbun Airport,Indonesia,3,2,3,0.0008761682242990653,0.0008636259388796514,0.18952115738078804,0.19335003416078342,5.0189034555005514e-06,5.078085620234881e-06,2
LUW,Syukuran Aminuddin Amir Airport,Indonesia,1,1,1,0.0002920560747663551,0.0,0.20421805052740719,0.20840748695918992,2.6652502705217248e-05,2.7142299486010036e-05,1
LUX,Luxembourg-Findel International Airport,Luxembourg,54,54,56,0.016355140186915886,0.0003309408262947511,0.30429668465373116,0.31115997800989553,0.057402032655360896,0.056667421012784186,31
LUZ,Lublin Airport,Poland,6,6,6,0.0017523364485981306,3.722444477669854e-07,0.27186162256456553,0.27788233368791426,0.006382256415856282,0.0064631823037328805,6
LVI,Livingstone Airport,Zambia,4,4,5,0.0014602803738317756,1.3065971999562685e-06,0.2531475620998756,0.25876257238646755,0.0010469319475328994,0.0009146157893295279,4
LWB,Greenbrier Valley Airport,United States,2,2,2,0.0005841121495327102,0.0,0.269895133259604,0.2762997315108616,0.0022629787366529493,0.002250955999667298,2
LWN,Gyumri Shirak Airport,Armenia,1,1,1,0.0002920560747663551,0.0,0.2499841704024517,0.25464907018596283,0.0010883570352199666,0.0011063760351434418,1
LWO,Lviv International Airport,Ukraine,16,16,16,0.004672897196261682,1.3826388820874617e-05,0.28211619400443194,0.28816291896478574,0.016364116246057787,0.016557708776671943,16
LWS,Lewiston Nez Perce County Airport,United States,4,4,4,0.0011682242990654205,1.4058768553839833e-06,0.25951779615709347,0.26529177408015,0.0012526751068561242,0.0012691083673233756,3
LWY,Lawas Airport,Malaysia,3,3,3,0.0008761682242990653,0.0005756653042502478,0.22053325273118396,0.2250795334040297,0.00013581783487617917,0.00013794240346117417,2
LXA,Lhasa Gonggar Airport,China,15,15,15,0.004380841121495327,0.0006774986397221924,0.2720620776360944,0.27810990090901644,0.002898454226318897,0.002941861256000935,10
LXG,Luang Namtha Airport,Laos,1,1,1,0.0002920560747663551,0.0,0.21830066523969024,0.22260094389092816,6.55502823486142e-05,6.638157746068348e-05,1
LXR,Luxor International Airport,Egypt,7,7,7,0.0020443925233644858,1.0404642872118165e-07,0.29260637233466985,0.2989699797517387,0.007944089912330225,0.008003880904536161,7
LXS,Limnos Airport,Greece,4,4,4,0.0011682242990654205,3.455197876176552e-07,0.24556605188391395,0.25059031877213694,0.0021144691404885634,0.002105367428010683,3
LYA,Luoyang Airport,China,9,9,9,0.002628504672897196,1.317287996660029e-07,0.27412825818277764,0.2804757185332012,0.003062543325676067,0.0031079807475732184,9
LYB,Edward Bodden Airfield,Cayman Islands,2,2,2,0.0005841121495327102,0.0,0.22465090783562225,0.22986327331799106,0.00021463142979745293,0.000215820389912771,2
LYC,Lycksele Airport,Sweden,2,2,2,0.0005841121495327102,0.0005756653042502476,0.2540189489502156,0.25953381734810854,0.0013606975592287043,0.0013807561827480315,1
LYG,Lianyungang Airport,China,13,13,13,0.0037967289719626164,8.148130332742856e-06,0.2776115799720923,0.28333055231102955,0.004424075005063716,0.004492885550990831,12
LYH,Lynchburg Regional Preston Glenn Field,United States,1,1,1,0.0002920560747663551,0.0,0.249196286929774,0.2546108861898336,0.000815040739533559,0.0008216627777569799,1
LYI,Shubuling Airport,China,14,14,14,0.0040887850467289715,5.148458530152324e-06,0.27458158753317086,0.2809630181186399,0.004531121047452314,0.0046002853548321445,14
LYP,Faisalabad International Airport,Pakistan,1,1,1,0.0002920560747663551,0.0,0.2367426904987644,0.24124458336293245,0.0002442177380567608,0.0002469597272583917,1
LYR,"Svalbard Airport, Longyear",Norway,2,2,2,0.0005841121495327102,0.0,0.24489599702257878,0.25,0.001283905380397997,0.0013046654336353442,2
LYS,Lyon Saint-Exupéry Airport,France,78,77,78,0.0227803738317757,0.0027916163553039232,0.31527482385134037,0.3222622888593661,0.06461595327443835,0.06527351999525279,31
LZC,Lázaro Cárdenas Airport,Mexico,1,1,1,0.0002920560747663551,0.0,0.25049330313239554,0.2560699743628412,0.0005759928162136648,0.00058262485326491,1
LZH,Liuzhou Bailian Airport,China,13,13,13,0.0037967289719626164,2.127446486018974e-07,0.27574439256216626,0.28213009886184265,0.004841051726142968,0.004916395734154327,13
LZO,Luzhou Airport,China,11,11,11,0.0032126168224299065,1.3213457522164428e-08,0.27487705650411126,0.2812422360248447,0.004242897115949758,0.004306176784757647,11
LZY,Nyingchi Airport,China,2,2,2,0.0005841121495327102,0.0,0.23942247437823852,0.24433412475717678,0.0004330465824687557,0.0004410629199562063,2
MAA,Chennai International Airport,India,38,40,40,0.011682242990654205,0.0016410843785014727,0.30671374523193573,0.31319745457899106,0.018180796750152283,0.017910164046837086,20
MAB,João Correa da Rocha Airport,Brazil,4,8,8,0.002336448598130841,0.0014473039997466048,0.22851567021925187,0.2336911643270025,0.00016345639649803894,0.00016095792742786488,3
MAD,Adolfo Suárez Madrid–Barajas Airport,Spain,156,158,159,0.04643691588785046,0.022658806969032805,0.3626900086966108,0.3715942663311084,0.1229640974039041,0.12325111768581162,31
MAF,Midland International Airport,United States,7,6,7,0.0020443925233644858,4.131874506978944e-06,0.27565283635977156,0.28281145902731514,0.0036999845505885074,0.0037081811637994524,7
MAG,Madang Airport,Papua New Guinea,7,7,7,0.0020443925233644858,6.256922431453708e-07,0.22057719824816793,0.22516907571940062,5.60341312156672e-05,5.7047640349789474e-05,4
MAH,Menorca Airport,Spain,25,23,26,0.007593457943925233,5.383564794983757e-06,0.29178364991004024,0.2979731508291656,0.030747498392099334,0.030717539055247375,26
MAJ,Marshall Islands International Airport,Marshall Islands,4,4,4,0.0011682242990654205,0.0011702505578494024,0.24667877875695798,0.25232186640909426,0.0003311314766796505,0.00033286163548255985,3
MAM,General Servando Canales International Airport,Mexico,1,1,1,0.0002920560747663551,0.0,0.25049330313239554,0.2560699743628412,0.0005759928162136648,0.00058262485326491,1
MAN,Manchester Airport,United Kingdom,144,146,148,0.04322429906542056,0.006885984812043422,0.3413289875245316,0.3501752938750258,0.1147694412773587,0.11421759694534804,31
MAO,Eduardo Gomes International Airport,Brazil,18,18,18,0.005257009345794392,0.007084682614254867,0.2652387954972978,0.27135437475029967,0.0028131706243386518,0.002803840897375749,8
MAQ,Mae Sot Airport,Thailand,1,1,1,0.0002920560747663551,0.0,0.21528620548629937,0.21970628194345604,0.00010243650143145599,0.00010462235751648968,1
MAR,La Chinita International Airport,Venezuela,8,8,8,0.002336448598130841,0.0004217155870950388,0.2561547145654249,0.2621786458735428,0.0020747812584392036,0.0020569835441686907,6
MAS,Momote Airport,Papua New Guinea,5,5,5,0.0014602803738317756,1.9908389554625433e-07,0.220547899291105,0.2251392203659507,5.520182435174534e-05,5.6193148093707154e-05,4
MAU,Maupiti Airport,French Polynesia,3,3,3,0.0008761682242990653,0.0,0.22251338244613833,0.22723318835731013,3.751625303409712e-05,3.8129629414414204e-05,3
MAZ,Eugenio Maria De Hostos Airport,Puerto Rico,1,1,1,0.0002920560747663551,0.0,0.23432047132558342,0.24030568921596376,0.0003390884152845891,0.00033956280847889707,1
MBA,Mombasa Moi International Airport,Kenya,8,9,9,0.002628504672897196,0.00025177762808133435,0.2941615483768419,0.30210835334934616,0.006903950786504353,0.004973760440936828,8
MBE,Monbetsu Airport,Japan,1,1,1,0.0002920560747663551,0.0,0.24776465863061764,0.25275379577255136,0.00032824797070686064,0.0003333616771630597,1
MBI,Songwe Airport,Tanzania,1,1,1,0.0002920560747663551,0.0,0.223186351208157,0.23273026315789475,0.00014625045818193454,0.0001043769368152779,1
MBJ,Sangster International Airport,Jamaica,27,26,29,0.008469626168224298,7.841239521348682e-05,0.30833702132090696,0.31959345002823264,0.02689425738787435,0.024313930011788616,24
MBL,Manistee Co Blacker Airport,United States,1,1,1,0.0002920560747663551,0.0,0.23045036222249607,0.2356860295648553,0.00040900511274059517,0.0004135118060721256,1
MBS,MBS International Airport,United States,4,4,4,0.0011682242990654205,0.0,0.27707882516697274,0.2831651796881514,0.003935553330788554,0.003976096994241543,4
MBT,Moises R. Espinosa Airport,Philippines,1,1,1,0.0002920560747663551,0.0,0.2445713447949748,0.2495407450951576,0.0003293056655485688,0.0003337175378114053,1
MCE,Merced Regional Macready Field,United States,1,1,1,0.0002920560747663551,0.0,0.2737215396988269,0.2799901063566658,0.0010812947621323793,0.0010945466320744159,1
MCG,McGrath Airport,United States,4,4,5,0.0014602803738317756,0.0017263986610641044,0.22548989744185294,0.2305029525554877,0.00010056761764880346,0.00010253642007143374,2
MCI,Kansas City International Airport,United States,43,43,43,0.01255841121495327,0.0009643622752705252,0.30169798488472505,0.3089519650655022,0.026179216752950363,0.02630958160572172,30
MCK,Mc Cook Ben Nelson Regional Airport,United States,1,1,1,0.0002920560747663551,0.0,0.25151781561964465,0.2571168988491823,0.0006991876764882943,0.0007060918994832925,1
MCM,?,?,1,1,1,0.0002920560747663551,0.0,0.24426551817772477,0.24932090154907863,0.0011953505489738,0.0012182521342639049,1
MCN,Middle Georgia Regional Airport,United States,2,2,2,0.0005841121495327102,0.0,0.2643730371488073,0.2700166971455832,0.0018454929636747177,0.0018655068832561556,2
MCO,Orlando International Airport,United States,102,102,102,0.02978971962616822,0.003863589308221748,0.33052550210273396,0.33824701195219126,0.0478265594192663,0.04802406352102399,30
MCP,Alberto Alcolumbre Airport,Brazil,1,1,1,0.0002920560747663551,0.0,0.20885469934755774,0.2133970089229609,3.43152783770827e-05,3.4427383819082685e-05,1
MCT,Muscat International Airport,Oman,53,54,55,0.01606308411214953,0.002070954234366205,0.3123685184485155,0.3188133683815246,0.030706702255700588,0.03059481926557945,23
MCV,McArthur River Mine Airport,Australia,1,1,1,0.0002920560747663551,0.0,0.21278929383738102,0.21733009087418406,3.808489856351246e-05,3.867556264077322e-05,1
MCX,Uytash Airport,Russia,4,4,4,0.0011682242990654205,7.440150507438879e-08,0.25479856668657774,0.2598913293028239,0.002428047935653951,0.0024312593265281715,4
MCY,Sunshine Coast Airport,Australia,2,2,2,0.0005841121495327102,0.0,0.2474692391106765,0.25451547627969723,0.00046749085527989935,0.00046116736370815405,2
MCZ,Zumbi dos Palmares Airport,Brazil,7,7,7,0.0020443925233644858,3.5089267578667273e-06,0.25429127189112244,0.2598714416896235,0.0014700544292946549,0.0014861284584813217,7
MDC,Sam Ratulangi Airport,Indonesia,11,11,11,0.0032126168224299065,0.0024071714671483726,0.25619423851459405,0.2618148176701873,0.001101178609799093,0.0011150735415612109,5
MDE,Jose Maria Córdova International Airport,Colombia,18,18,18,0.005257009345794392,0.0002358099137295883,0.28610232787336676,0.2927838606776446,0.007023524299365863,0.007015488923382533,11
MDG,Mudanjiang Hailang International Airport,China,6,6,6,0.0017523364485981306,6.142338436216832e-09,0.27515036205370524,0.28119566117413264,0.003598794800500762,0.003604166507757249,6
MDK,Mbandaka Airport,Congo (Kinshasa),3,2,3,0.0008761682242990653,0.0008636259388796512,0.22576583857680116,0.23017486783245222,0.00012841023855249742,0.00012880346100933434,2
MDL,Mandalay International Airport,Burma,8,8,8,0.002336448598130841,0.00022396912108693263,0.2595380789078678,0.2646096306685367,0.0014256418384263354,0.001446394345524086,4
MDQ,Ástor Piazzola International Airport,Argentina,2,2,2,0.0005841121495327102,0.0,0.20505030686175785,0.20924214417744916,2.5124777903547928e-05,2.5309055617563866e-05,2
MDT,Harrisburg International Airport,United States,12,12,12,0.003504672897196261,7.132828198310445e-05,0.28558563120280084,0.2924560799173269,0.009833105462922428,0.009879151315288598,11
MDU,Mendi Airport,Papua New Guinea,1,1,1,0.0002920560747663551,0.0,0.2204893247212116,0.2250795334040297,5.1291623335180605e-05,5.218076536653446e-05,1
MDW,Chicago Midway International Airport,United States,75,74,75,0.021904205607476634,0.001038458739411245,0.30082341875406904,0.308334846558925,0.028569505588980516,0.028649719916848365,30
MDZ,El Plumerillo Airport,Argentina,8,7,8,0.002336448598130841,0.0002859015802204177,0.24625804372459534,0.2517233711363131,0.0006592733265897161,0.0006601127760304201,4
MEA,Macaé Airport,Brazil,3,3,3,0.0008761682242990653,2.9901946147363977e-06,0.2098445320458874,0.21417759838546924,5.8577334275970956e-05,5.94321487072294e-05,3
MEB,Melbourne Essendon Airport,Australia,1,1,2,0.0005841121495327102,0.0002882165996379631,0.0002920560747663551,0.16921620409586924,1.2688162415573444e-07,,1
MEC,Eloy Alfaro International Airport,Ecuador,1,1,1,0.0002920560747663551,0.0,0.2305143495506156,0.23553890969621308,0.00015465520816698426,0.00015504950882167103,1
MED,Prince Mohammad Bin Abdulaziz Airport,Saudi Arabia,42,28,43,0.01255841121495327,0.0017892458288829417,0.2941876080462587,0.30042462845010615,0.01653474506742535,0.016255481268502965,22
MEE,Maré Airport,New Caledonia,1,1,1,0.0002920560747663551,0.0,0.0013915612974161626,,,,1
MEG,Malanje Airport,Angola,2,2,2,0.0005841121495327102,0.0,0.23918105154322733,0.24449244060475162,0.0003138266358501985,0.00031363735483575997,2
MEH,Mehamn Airport,Norway,5,5,6,0.0017523364485981306,5.8589162875727334e-05,0.17251751881272628,0.20025946455949994,2.2538211378435175e-05,3.795347876248787e-06,4
MEI,Key Field,United States,1,1,1,0.0002920560747663551,0.0,0.2623885682384772,0.26799242424242425,0.0011608011244565834,0.0011723581532111563,1
MEL,Melbourne International Airport,Australia,54,55,55,0.01606308411214953,0.0077977877174792406,0.3176877183226029,0.324107654132468,0.013999809359541043,0.014104020545837754,19
MEM,Memphis International Airport,United States,31,32,32,0.009345794392523364,0.0012676572207808601,0.2968967116339891,0.30416480071652485,0.01823808358816463,0.018379902378542236,28
MEU,Monte Dourado Airport,Brazil,2,3,3,0.0008761682242990653,6.820592108911252e-05,0.20889411333120514,0.21347749559969825,3.5428757210503806e-05,3.5523645823200425e-05,3
MEX,Licenciado Benito Juarez International Airport,Mexico,95,94,95,0.027745327102803738,0.014758691107674226,0.3359083268891532,0.3441775615688659,0.04023380018837507,0.040366536160885966,29
MFE,Mc Allen Miller International Airport,United States,5,5,5,0.0014602803738317756,1.2790852370918513e-06,0.27401515963579237,0.28105602913183814,0.003190059035856002,0.0032248294277438293,5
MFM,Macau International Airport,Macau,38,38,38,0.011098130841121495,0.0001338438357578991,0.2888145520635039,0.29509906152241916,0.012200113946553312,0.012331918873472285,25
MFR,Rogue Valley International Medford Airport,United States,7,7,7,0.0020443925233644858,0.0,0.2799283250127428,0.2863406408094435,0.0048644624165041315,0.004920930177691991,7
MFU,Mfuwe Airport,Zambia,1,1,1,0.0002920560747663551,0.0,0.21822893603378907,0.23080059806986544,8.329266904691326e-05,4.3731251053870786e-05,1
MGA,Augusto C. Sandino (Managua) International Airport,Nicaragua,8,8,8,0.002336448598130841,7.999356055296219e-08,0.27696327936832094,0.2832124093069802,0.004809976100865244,0.004795237181199265,8
MGB,Mount Gambier Airport,Australia,2,2,2,0.0005841121495327102,0.0,0.24037565831532162,0.24495095210617426,0.0002697237179481401,0.0002738425817503335,2
MGF,Regional de Maringá - Sílvio Nane Junior Airport,Brazil,8,8,8,0.002336448598130841,7.701091709749568e-06,0.25421340577403106,0.25971245029060874,0.0009117457811318169,0.0009079623832444054,7
MGH,Margate Airport,South Africa,1,1,1,0.0002920560747663551,0.0,0.25100451395511475,0.2563018867924528,0.0004802986617177679,0.0004804980485209108,1
MGM,Montgomery Regional (Dannelly Field) Airport,United States,3,3,3,0.0008761682242990653,0.0,0.2669445112239685,0.27378265075782005,0.0028825492288922366,0.0029078786246644647,3
MGQ,Aden Adde International Airport,Somalia,8,7,8,0.002336448598130841,0.0001868879566446306,0.24103866731698978,0.24646200740256913,0.0009316823019335347,0.0007651998318499495,6
MGS,Mangaia Island Airport,Cook Islands,1,1,1,0.0002920560747663551,0.0,0.22037226887160186,0.22501987808110258,2.2008445599271596e-05,2.2282202319477277e-05,1
MGT,Milingimbi Airport,Australia,1,1,1,0.0002920560747663551,0.0,0.17502712905846032,0.1785770626281748,5.454524174229158e-07,5.584510880152005e-07,1
MGW,Morgantown Municipal Walter L. Bill Hart Field,United States,2,2,2,0.0005841121495327102,6.0223761097222866e-05,0.2631579142266557,0.26969504447268106,0.0011198065687027343,0.0010802754192582673,2
MGZ,Myeik Airport,Burma,2,2,2,0.0005841121495327102,0.0005756653042502478,0.18499190683673156,0.18843635556542004,2.0872228006533667e-06,2.139148095834738e-06,1
MHC,Mocopulli Airport,Chile,1,1,1,0.0002920560747663551,0.0,0.19390340532676448,0.1977407709328054,3.3709550832369683e-06,3.3780589434983003e-06,1
MHD,Mashhad International Airport,Iran,37,39,40,0.011682242990654205,0.004930365845955293,0.2874396018026632,0.29364461738002595,0.00872128647357284,0.008352833725002543,12
MHG,Mannheim-City Airport,Germany,1,1,1,0.0002920560747663551,0.0,0.24964589682951197,0.25495495495495496,0.0014018489796607287,0.0014282227047784262,1
MHH,Leonard M Thompson International Airport,Bahamas,6,6,6,0.0017523364485981306,5.048179095856099e-07,0.2605767199957759,0.26717016757139483,0.002960428813267627,0.002960603658152991,6
MHK,Manhattan Regional Airport,United States,2,2,2,0.0005841121495327102,0.0,0.2759276875468357,0.2831651796881514,0.0021928443115076324,0.0022146629672646616,2
MHQ,Mariehamn Airport,Finland,3,3,3,0.0008761682242990653,0.0,0.2600054587868907,0.26562377786468516,0.0025556032593831925,0.0026002445814348163,3
MHT,Manchester-Boston Regional Airport,United States,13,13,14,0.0040887850467289715,1.6840150974943156e-07,0.2817810538503325,0.28823629264980477,0.01056284051602975,0.009963679983065027,14
MIA,Miami International Airport,United States,134,135,138,0.04030373831775701,0.021461491066695218,0.34280889022671296,0.35312467505459083,0.06524414725776949,0.06291798191047204,30
MID,Licenciado Manuel Crescencio Rejon Int Airport,Mexico,8,8,8,0.002336448598130841,8.227832857997625e-06,0.2721066633584209,0.2783378411605606,0.0036321585477342064,0.003570523042237802,7
MIG,Mianyang Airport,China,15,16,16,0.004672897196261682,2.6936986995660494e-06,0.2754242116302702,0.2818491161092207,0.00483904365176546,0.004765610926665725,15
MII,Frank Miloye Milenkowichi–Marília State Airport,Brazil,2,2,2,0.0005841121495327102,0.0,0.20543085181726992,0.2095649490897871,4.0459098233987215e-05,4.115806755137712e-05,2
MIM,Merimbula Airport,Australia,3,3,3,0.0008761682242990653,5.622441143161263e-07,0.24748768219005576,0.25453455254084845,0.0004714108495136429,0.00046498224836642537,2
MIR,Monastir Habib Bourguiba International Airport,Tunisia,10,10,10,0.0029205607476635513,5.0003009765236455e-06,0.2845334349778227,0.29035567715458277,0.01126033532224542,0.011393860137292263,10
MIS,Misima Island Airport,Papua New Guinea,1,2,2,0.0005841121495327102,8.532166951982329e-08,0.18022303916347382,0.18382591750568367,1.5129044301303574e-06,7.648300004706418e-07,2
MJD,Moenjodaro Airport,Pakistan,2,2,2,0.0005841121495327102,0.0,0.23675956934451506,0.2412617220801364,0.0002589598943654207,0.0002609132205801177,2
MJF,Mosjøen Airport (Kjærstad),Norway,4,5,5,0.0014602803738317756,6.541327996519785e-07,0.2215336704220259,0.22735489054026914,0.00033767761236456334,0.0003137525191747268,4
MJM,Mbuji Mayi Airport,Congo (Kinshasa),2,2,2,0.0005841121495327102,0.0,0.22576583857680116,0.2302060737527115,0.0001481764304960646,0.00014819021191028481,2
MJN,Amborovy Airport,Madagascar,2,2,2,0.0005841121495327102,0.0,0.2276228473251195,0.23226865467478286,0.0001289457130013621,0.00011489357486656211,2
MJT,Mytilene International Airport,Greece,7,8,9,0.002628504672897196,2.785146854343135e-05,0.27221819162440924,0.2870182555780933,0.009689426480864719,0.0067359669589324,7
MJU,?,?,1,1,1,0.0002920560747663551,0.0,0.20421805052740719,0.20840748695918992,2.6652502705217248e-05,2.7142299486010036e-05,1
MJV,San Javier Airport,Spain,17,17,17,0.004964953271028037,9.629458553375305e-06,0.27765800331322477,0.28373297685688026,0.01615854576561065,0.016357726738277935,16
MJZ,Mirny Airport,Russia,6,6,6,0.0017523364485981306,3.839475128392048e-07,0.25247393899689563,0.25735071233707185,0.001790478489190175,0.0018199139250437144,5
MKE,General Mitchell International Airport,United States,30,30,30,0.008761682242990653,6.643590853397598e-06,0.30046957289415205,0.3076923076923077,0.021873606978089898,0.022032684808992186,29
MKG,Muskegon County Airport,United States,1,1,1,0.0002920560747663551,0.0,0.26917319604654033,0.2751802933311725,0.001286136946605542,0.001300805273568333,1
MKK,Molokai Airport,United States,3,2,3,0.0008761682242990653,0.0,0.24656888325112622,0.25220943186037875,0.0004577384638450468,0.0004617230236482406,3
MKL,McKellar-Sipes Regional Airport,United States,2,2,2,0.0005841121495327102,2.9117712613907948e-08,0.2315268576745568,0.2369192130598577,0.0006555680386700181,0.0006629491699427229,2
MKM,Mukah Airport,Malaysia,2,2,2,0.0005841121495327102,0.0,0.20839596608887156,0.2127952879253086,4.937158375500957e-05,5.038931236792354e-05,2
MKP,Makemo Airport,French Polynesia,1,1,2,0.0005841121495327102,0.00014398031731470174,0.18151351296125542,0.22721798474508229,3.693201943376722e-05,5.339970145208016e-07,2
MKQ,Mopah Airport,Indonesia,1,1,1,0.0002920560747663551,0.0,0.18942386170932451,0.19325101007226997,4.107094781252529e-06,4.151110915381783e-06,1
MKW,Rendani Airport,Indonesia,5,5,5,0.0014602803738317756,0.00012660365175377113,0.20439402472002022,0.2085866961488852,3.648176633934673e-05,3.709385522351071e-05,3
MKY,Mackay Airport,Australia,5,5,5,0.0014602803738317756,8.988074567159668e-06,0.2506067255019371,0.2555497027616826,0.0006283193135470207,0.0006233915796792619,4
MLA,Malta International Airport,Malta,76,76,77,0.022488317757009345,0.0007854058895574871,0.3179006049804871,0.3251627728839525,0.07578046727058135,0.07624578949799685,31
MLB,Melbourne International Airport,United States,2,2,2,0.0005841121495327102,0.0,0.26330397396338157,0.2689049014173727,0.001975841863990143,0.001994020930968136,2
MLE,Malé International Airport,Maldives,27,29,29,0.008469626168224298,0.003285429711122511,0.311664919720898,0.31830537070015935,0.020200146022138047,0.018771982152842433,20
MLG,Abdul Rachman Saleh Airport,Indonesia,2,2,2,0.0005841121495327102,0.0,0.2358347929569042,0.24090231964247713,0.0003972048134188866,0.000399474885908898,2
MLH,?,?,11,10,11,0.0032126168224299065,0.0001311255784972808,0.25189939464660305,0.25735071233707185,0.005291155964877262,0.0053706836551375885,9
MLI,Quad City International Airport,United States,10,10,10,0.0029205607476635513,5.796096761868062e-05,0.28197246494235956,0.2894400409102531,0.00645591873933767,0.006510733862376027,9
MLL,Marshall Don Hunter Sr Airport,United States,1,2,3,0.0008761682242990653,1.3793669905704767e-06,0.18399765733744283,0.18798782175477444,1.4901699646359505e-06,1.462927607456101e-06,2
MLM,General Francisco J. Mujica International Airport,Mexico,7,7,7,0.0020443925233644858,3.1969113263511706e-06,0.282933434406251,0.2893907115466553,0.00482021150551693,0.004857228352379885,7
MLN,Melilla Airport,Spain,4,4,4,0.0011682242990654205,1.6460698109708596e-07,0.26802176913851233,0.2739593417231365,0.0034376363070379662,0.0034507004834786986,4
MLO,Milos Airport,Greece,1,1,1,0.0002920560747663551,0.0,0.24514910081397964,0.25018417562988066,0.0012401011420456066,0.001259293317439099,1
MLU,Monroe Regional Airport,United States,3,3,3,0.0008761682242990653,0.0,0.27237448487747445,0.27934523319898,0.003003002093637655,0.0030319002763573425,3
MLW,Spriggs Payne Airport,Liberia,2,2,2,0.0005841121495327102,0.0,0.23635514018691586,0.24141608018767327,0.0004562515489413956,0.00038259866959310676,2
MLX,Malatya Erhaç Airport,Turkey,3,3,3,0.0008761682242990653,5.4992023084830764e-08,0.2710406235411499,0.27679517483087457,0.0030745909251088544,0.0031175215228868786,3
MLY,Manley Hot Springs Airport,United States,1,1,2,0.0005841121495327102,0.0002876193479513243,0.20709633424547355,0.21148337277369536,1.113461322655155e-05,1.120754862890084e-05,2
MMB,Memanbetsu Airport,Japan,3,3,3,0.0008761682242990653,0.0,0.2504744093849878,0.25547280523583843,0.0006747181349325841,0.0006806667202771048,3
MME,Durham Tees Valley Airport,United Kingdom,2,2,2,0.0005841121495327102,0.0,0.27606531878179136,0.28250561517344647,0.0027510736039020934,0.002749146160800714,2
MMH,Mammoth Yosemite Airport,United States,1,1,1,0.0002920560747663551,0.0,0.2737215396988269,0.2799901063566658,0.0010812947621323793,0.0010945466320744159,1
MMJ,Matsumoto Airport,Japan,2,2,2,0.0005841121495327102,0.0,0.23513345037358693,0.2404928829403017,0.00030605871798276927,0.0003058831220675645,2
MMK,Murmansk Airport,Russia,5,5,5,0.0014602803738317756,5.517675045671365e-05,0.26065853372261916,0.2662485299882399,0.0024911725840224466,0.0025336490854758124,4
MMO,Maio Airport,Cape Verde,1,1,1,0.0002920560747663551,0.0,0.22339655026075805,0.22787358250016776,0.00010621142961959644,0.0001052884694465844,1
MMU,Morristown Municipal Airport,United States,2,2,2,0.0005841121495327102,1.4651188672920404e-07,0.23777672344452014,0.24290108003719332,0.0004476375995429662,0.0004529608739152525,2
MMX,Malmö Sturup Airport,Sweden,13,13,13,0.0037967289719626164,0.0007879089011804217,0.26150009604111885,0.2671281365531346,0.008023985548530966,0.008171514074829841,9
MMY,Miyako Airport,Japan,3,3,3,0.0008761682242990653,0.0,0.24809784980397223,0.25309286033686096,0.0004648949102539131,0.00047217623119396153,3
MNA,Melangguane Airport,Indonesia,1,1,1,0.0002920560747663551,0.0,0.20331780564661533,0.2075033606256874,1.5764629879423288e-05,1.609426043918717e-05,1
MNG,Maningrida Airport,Australia,3,3,3,0.0008761682242990653,0.0011511599651614559,0.2128438482006261,0.21738573806170786,3.810051611256571e-05,3.8691683294749794e-05,1
MNL,Ninoy Aquino International Airport,Philippines,78,78,78,0.0227803738317757,0.019475104784600142,0.3253443440409688,0.3324848247503427,0.023002402071046275,0.02312126091837017,24
MNS,Mansa Airport,Zambia,1,1,2,0.0005841121495327102,0.0,0.20146755564073093,0.2308633582596873,0.00010431564700125614,1.3396673292764037e-05,2
MNT,?,?,1,1,2,0.0005841121495327102,0.00028804595629892347,0.17113062198537327,0.21148337277369536,1.1134613226552535e-05,1.6176261921113645e-07,2
MOB,Mobile Regional Airport,United States,5,5,5,0.0014602803738317756,0.0,0.28154215511879344,0.2889720898570456,0.005104179779776762,0.005154368327682655,5
MOC,Mário Ribeiro Airport,Brazil,2,2,2,0.0005841121495327102,4.0237136785090294e-07,0.21477103347731005,0.2198769828423438,7.800009456294989e-05,7.842850799243009e-05,2
MOD,Modesto City Co-Harry Sham Field,United States,1,1,1,0.0002920560747663551,0.0,0.2609247835017025,0.26658293429625557,0.0008459243159299447,0.0008542377064061545,1
MOF,Maumere(Wai Oti) Airport,Indonesia,2,2,2,0.0005841121495327102,0.0,0.22610401849432615,0.23081628491809963,0.00014403162997178001,0.0001462384256843829,2
MOI,Mitiaro Island Airport,Cook Islands,1,1,1,0.0002920560747663551,0.0,0.22037226887160186,0.22501987808110258,2.2008445599271596e-05,2.2282202319477277e-05,1
MOL,Molde Airport,Norway,6,6,6,0.0017523364485981306,9.719282443547078e-06,0.2628662803471993,0.2682464454976303,0.004351622944935693,0.004416497417790891,5
MOQ,Morondava Airport,Madagascar,2,2,2,0.0005841121495327102,0.0,0.22686089080654243,0.2322051282051282,9.296850306001756e-05,7.930316099346172e-05,2
MOT,Minot International Airport,United States,4,4,4,0.0011682242990654205,1.5507445079512326e-06,0.25786532999116074,0.2639309862438797,0.0021537811755957415,0.0021792502692445947,4
MOU,Mountain Village Airport,United States,2,2,2,0.0005841121495327102,6.896834952852381e-07,0.18376347294705153,0.1876139439809955,1.4401317299582357e-06,1.480908283897265e-06,2
MOV,Moranbah Airport,Australia,2,2,2,0.0005841121495327102,0.0,0.24232265905036252,0.24696385717402372,0.00015849286888553436,0.0001598513506475909,2
MOZ,Moorea Airport,French Polynesia,3,4,4,0.0011682242990654205,0.0,0.22251338244613833,0.22724839400428265,3.806114176271759e-05,3.812179919157098e-05,4
MPA,Katima Mulilo Airport,Namibia,2,2,2,0.0005841121495327102,0.0,0.000657126168224299,,,,2
MPH,Godofredo P. Ramos Airport,Philippines,2,2,2,0.0005841121495327102,0.0,0.24464341532534023,0.24961411245865492,0.0003979554737278482,0.0004031876134040898,2
MPL,Montpellier-Méditerranée Airport,France,20,20,20,0.005841121495327103,3.0171040730196742e-05,0.2918092899495754,0.29805160610847814,0.01865251989636241,0.01881271428236648,18
MPM,Maputo Airport,Mozambique,15,15,15,0.004380841121495327,0.0011633634188834372,0.2698512692691507,0.275626978329681,0.003156213216446127,0.0031263603624973406,7
MPN,Mount Pleasant Airport,Falkland Islands,1,1,2,0.0005841121495327102,2.9862584331938153e-07,0.16980056857525022,0.19844562613218023,3.827623570061495e-06,4.2018731075715427e-07,2
MPP,?,?,1,1,2,0.0005841121495327102,0.00028804595629892347,0.13737030361653713,0.1629480351230747,1.1464145531772224e-07,1.6579114487866716e-09,2
MQF,Magnitogorsk International Airport,Russia,2,2,2,0.0005841121495327102,0.0,0.25959894618716134,0.26520890277235454,0.001767638187446524,0.0017961765020210179,2
MQH,Minaçu Airport,Brazil,1,1,2,0.0005841121495327102,0.0008646497989138896,0.0004380841121495327,0.2333218825145998,0.00012176056576396881,,1
MQJ,Moma Airport,Russia,1,1,1,0.0002920560747663551,0.0,0.21787099590776593,0.22254259501965923,9.045791695927914e-05,9.240024433192247e-05,1
MQL,Mildura Airport,Australia,4,4,4,0.0011682242990654205,3.262335102654038e-07,0.2476353258483347,0.2546872656367182,0.0005417735951870063,0.0005363402320763576,3
MQM,Mardin Airport,Turkey,4,4,4,0.0011682242990654205,5.4992023084830764e-08,0.2711070062557081,0.2768628729822273,0.003695577863863094,0.003750687964580924,4
MQN,"Mo i Rana Airport, Røssvoll",Norway,5,4,5,0.0014602803738317756,7.72872123067066e-07,0.22154845017187058,0.22735489054026914,0.0003454820849910266,0.00034374139395519117,4
MQP,Kruger Mpumalanga International Airport,South Africa,4,4,4,0.0011682242990654205,2.403227024808356e-07,0.251080426404519,0.2563792843122452,0.0006525651452297721,0.0006334786396694869,4
MQT,Sawyer International Airport,United States,2,2,2,0.0005841121495327102,0.0,0.2696321630095947,0.275626978329681,0.002084564350414711,0.002106910498533044,2
MQX,Mekele Airport,Ethiopia,3,3,3,0.0008761682242990653,0.0005756653042502478,0.24558421236696998,0.2509235998226688,0.0004756153972709405,0.0004725237723175104,2
MRA,?,?,7,7,7,0.0020443925233644858,3.2681034496616736e-06,0.2730912598376783,0.2788177339901478,0.004520513768953876,0.004574512597740472,6
MRD,Alberto Carnevalli Airport,Venezuela,1,1,1,0.0002920560747663551,0.0,0.23613665075916718,0.24182866908780176,0.0003117141210097452,0.0003149355984061097,1
MRE,Mara Serena Lodge Airstrip,Kenya,2,1,2,0.0005841121495327102,0.0,0.18110764177716884,0.18464549804262723,1.3910993898536456e-06,1.3537296454443149e-06,2
MRS,Marseille Provence Airport,France,85,86,86,0.02511682242990654,0.0034771907799616936,0.3101223122549653,0.31693887074195054,0.06369386015477309,0.06436827152129998,31
MRU,Sir Seewoosagur Ramgoolam International Airport,Mauritius,24,25,27,0.007885514018691588,0.0018108805839981944,0.31620545797240224,0.324107654132468,0.02145091316866004,0.018363239962124883,19
MRV,Mineralnyye Vody Airport,Russia,16,16,16,0.004672897196261682,2.9589862925681958e-05,0.28681894279030645,0.29369540776615066,0.009822048108327765,0.009876430103364793,13
MRX,Mahshahr Airport,Iran,2,2,2,0.0005841121495327102,0.0,0.22112063654455774,0.2255878836189717,9.76771032329255e-05,9.074111103546444e-05,2
MRY,Monterey Peninsula Airport,United States,6,6,6,0.0017523364485981306,0.0,0.2781929898321327,0.2845412651864265,0.004349699229853946,0.00440057674366129,6
MRZ,Moree Airport,Australia,1,1,1,0.0002920560747663551,0.0,0.2469906820101278,0.2540204951754058,0.000267067589724528,0.0002575989240510622,1
MSA,Muskrat Dam Airport,Canada,4,4,4,0.0011682242990654205,0.00014432160399278107,0.17558238881331192,0.17926520270270271,3.594025448617895e-07,3.528245233755766e-07,2
MSJ,Misawa Air Base,Japan,2,2,2,0.0005841121495327102,0.0,0.24789412657705046,0.25288554620597214,0.00035888696379571776,0.00036449361576881606,2
MSL,Northwest Alabama Regional Airport,United States,1,1,1,0.0002920560747663551,0.0,0.2623885682384772,0.26799242424242425,0.0011608011244565834,0.0011723581532111563,1
MSN,Dane County Regional Truax Field,United States,11,11,11,0.0032126168224299065,7.885599447726034e-08,0.28475302003311337,0.2923050438974006,0.008672375309708946,0.008761316902586842,11
MSO,Missoula International Airport,United States,7,7,7,0.0020443925233644858,6.480775544670672e-06,0.2656844323246794,0.2715713714514194,0.003666430161694868,0.0037088397758889974,7
MSP,Minneapolis-St Paul International/Wold-Chamberlain Airport,United States,130,130,131,0.03825934579439252,0.013395674433673885,0.33597629700790854,0.3448415922014622,0.04821046288382356,0.04827900133901588,30
MSQ,Minsk National Airport,Belarus,41,41,41,0.01197429906542056,0.0001774705357907038,0.30628940413449257,0.31319745457899106,0.04033747424264708,0.04078880498546794,27
MSR,Muş Airport,Turkey,3,3,3,0.0008761682242990653,5.4992023084830764e-08,0.2710406235411499,0.27679517483087457,0.0030745909251088544,0.0031175215228868786,3
MSS,Massena International Richards Field,United States,1,1,1,0.0002920560747663551,0.0,0.22095879430608611,0.2258429207953714,0.00019186233026807333,0.0001948382058785241,1
MST,Maastricht Aachen Airport,Netherlands,9,10,11,0.0032126168224299065,3.43544895575903e-06,0.24451731975746765,0.25217197594118956,0.00754107013709056,0.005988768317598428,10
MSU,Moshoeshoe I International Airport,Lesotho,1,1,1,0.0002920560747663551,0.0,0.25100451395511475,0.2563018867924528,0.0004802986617177679,0.0004804980485209108,1
MSW,Massawa International Airport,Eritrea,0,1,1,0.0002920560747663551,0.0,0.0,0.21140438247011953,3.790894473635628e-05,,1
MSY,Louis Armstrong New Orleans International Airport,United States,39,39,39,0.01139018691588785,4.7422517992456424e-05,0.3024674122985853,0.3101936426744611,0.02652980405601887,0.026683661070834478,30
MSZ,Namibe Airport,Angola,1,1,1,0.0002920560747663551,0.0,0.23916382568427572,0.2444748398243467,0.0003093338490157488,0.00030911051328167907,1
MTE,?,?,1,0,1,0.0002920560747663551,0.0,0.17289830564317138,0.17641558441558441,1.0834456858709467e-06,,1
MTJ,Montrose Regional Airport,United States,1,1,1,0.0002920560747663551,0.0,0.25151781561964465,0.2571168988491823,0.0006991876764882943,0.0007060918994832925,1
MTM,Metlakatla Seaplane Base,United States,1,1,1,0.0002920560747663551,0.0,0.205341931710745,0.20960375262313294,9.652011055376216e-06,9.857465641519567e-06,1
MTR,Los Garzones Airport,Colombia,2,2,2,0.0005841121495327102,0.0,0.23888854899835754,0.2446333381357153,0.0003820043926704963,0.00038410651327239973,2
MTS,Matsapha Airport,Swaziland,1,1,1,0.0002920560747663551,0.0,0.25100451395511475,0.2563018867924528,0.0004802986617177679,0.0004804980485209108,1
MTT,Minatitlán/Coatzacoalcos National Airport,Mexico,1,1,1,0.0002920560747663551,0.0,0.25049330313239554,0.2560699743628412,0.0005759928162136648,0.00058262485326491,1
MTV,Mota Lava Airport,Vanuatu,3,3,3,0.0008761682242990653,5.6881113013215525e-08,0.1627518976488026,0.16565853658536586,6.584212643168805e-08,6.749450137510663e-08,3
MTY,General Mariano Escobedo International Airport,Mexico,32,32,32,0.009345794392523364,0.0002284197339683498,0.2861762943490321,0.29369540776615066,0.009230087806428606,0.009242805394708653,13
MUA,Munda Airport,Solomon Islands,4,4,5,0.0014602803738317756,0.00014415096065374146,0.1960324509814739,0.19961206136483867,4.0848287934428026e-06,4.091851945383574e-06,3
MUB,Maun Airport,Botswana,6,6,6,0.0017523364485981306,8.238281201414047e-07,0.2511753815616193,0.25647609697152784,0.0006870907889668856,0.0006691109502546276,4
MUC,Munich Airport,Germany,189,191,192,0.05607476635514018,0.015418009098573025,0.3702519477785894,0.3785109228711547,0.14852913540634177,0.148975102041422,31
MUE,Waimea Kohala Airport,United States,1,1,1,0.0002920560747663551,0.0,0.22330641649022717,0.22805721576791352,0.00012327324374399723,0.00012556122592340233,1
MUK,Mauke Airport,Cook Islands,1,1,1,0.0002920560747663551,0.0,0.22037226887160186,0.22501987808110258,2.2008445599271596e-05,2.2282202319477277e-05,1
MUN,Maturín Airport,Venezuela,2,2,2,0.0005841121495327102,0.0,0.2364561178885053,0.2421908429610612,0.00032614259404803144,0.0003292926300179016,2
MUR,Marudi Airport,Malaysia,6,6,6,0.0017523364485981306,0.0005761772342673666,0.20836981361775542,0.21276862351982959,2.8489177411086616e-05,2.9091461869276725e-05,2
MUW,Ghriss Airport,Algeria,1,2,2,0.0005841121495327102,0.0,0.24189901803803673,0.24699978180231288,0.0006725386924785032,0.0006698854091734608,2
MUX,Multan International Airport,Pakistan,8,8,8,0.002336448598130841,2.3625909195997134e-05,0.27966900114756343,0.2854741089441829,0.00373296209709023,0.003651089388862535,7
MVD,Carrasco International /General C L Berisso Airport,Uruguay,12,12,12,0.003504672897196261,0.00025676300411488397,0.28438723299016594,0.2908530318602261,0.005328838016041704,0.005323135877115813,9
MVP,Fabio Alberto Leon Bentley Airport,Colombia,2,2,2,0.0005841121495327102,0.0,0.23887136524429348,0.24461571706403515,0.0003817371463506828,0.0003838336251233598,2
MVR,Salak Airport,Cameroon,1,1,2,0.0005841121495327102,0.0,0.22375781413827694,0.22811849264458925,0.00024519517484960634,0.00013456270089673886,2
MVT,Mataiva Airport,French Polynesia,2,2,2,0.0005841121495327102,0.0,0.2224984736767952,0.22721798474508229,3.6955534473893685e-05,3.757111609015018e-05,2
MVY,Martha's Vineyard Airport,United States,4,4,4,0.0011682242990654205,0.000166538551440465,0.2544081605474732,0.25991121996020206,0.0009891591200765289,0.0009982667700777497,3
MWA,Williamson County Regional Airport,United States,1,1,1,0.0002920560747663551,0.0,0.23295613606637447,0.2384663998314725,0.00044668538387470654,0.0004511915378064066,1
MWF,Maewo-Naone Airport,Vanuatu,1,1,1,0.0002920560747663551,0.0,0.19488202579965774,0.19845722300140253,2.2647701135081183e-06,2.3024463508274025e-06,1
MWX,Muan International Airport,South Korea,5,5,5,0.0014602803738317756,2.1705398770648637e-07,0.2711512794664953,0.2772471222140583,0.0024976880487431025,0.002529939840133642,5
MWZ,Mwanza Airport,Tanzania,4,4,4,0.0011682242990654205,0.0005756653042502478,0.24074160646847675,0.24619399739016964,0.0006393260643251434,0.0005661041838060602,3
MXH,Moro Airport,Papua New Guinea,3,2,3,0.0008761682242990653,0.0,0.22051860811648638,0.22510937292854302,5.28717888264181e-05,5.3790924529001206e-05,3
MXL,General Rodolfo Sánchez Taboada International Airport,Mexico,3,3,3,0.0008761682242990653,0.0,0.2508717775648688,0.2564567285908473,0.0008053795959721417,0.0008141318720012578,3
MXP,Malpensa International Airport,Italy,111,107,113,0.03300233644859813,0.003841724621184967,0.3446948017050206,0.3532348658206782,0.10547684507284218,0.10584341583285628,31
MXV,Mörön Airport,Mongolia,1,1,1,0.0002920560747663551,0.0,0.22336649758701607,0.2278124371100825,9.114077816425822e-05,9.245492110613432e-05,1
MXX,Mora Airport,Sweden,2,2,2,0.0005841121495327102,0.0,0.2539995196287416,0.25951398441082074,0.0013801774993657443,0.0014006851367822052,2
MXZ,Meixian Airport,China,5,5,5,0.0014602803738317756,5.7757712098373e-07,0.26692305438679914,0.27270537219947,0.0018287373546878728,0.00185952264028112,5
MYA,Moruya Airport,Australia,2,2,2,0.0005841121495327102,0.0,0.24700905382521335,0.2540394973070018,0.0002738163746151861,0.00026431018138233935,2
MYD,Malindi Airport,Kenya,2,3,3,0.0008761682242990653,0.0006193219682986613,0.24065437492761563,0.24619399739016964,0.00041154318860220704,0.0003813419618048543,2
MYG,Mayaguana Airport,Bahamas,2,2,2,0.0005841121495327102,0.0,0.23240182795340247,0.23819877954688926,0.000275217148635569,0.0002790936732580613,2
MYJ,Matsuyama Airport,Japan,8,8,8,0.002336448598130841,2.0095487070322166e-06,0.2755384765703757,0.2814286898151985,0.00383866768654851,0.00384409952217961,8
MYQ,Mysore Airport,India,1,1,1,0.0002920560747663551,0.0,0.23591856490666155,0.24068036853295535,0.00027418958027092933,0.0002771317050491115,1
MYR,Myrtle Beach International Airport,United States,23,23,23,0.006717289719626168,0.0006524055082004558,0.28858866078266865,0.29685314685314684,0.011945041472766484,0.0120627815998078,13
MYT,Myitkyina Airport,Burma,3,3,3,0.0008761682242990653,0.0005756653042502478,0.22771650000865173,0.23212576896787424,0.00016617904482318848,0.00016905837860976155,2
MYU,Mekoryuk Airport,United States,1,1,2,0.0005841121495327102,0.0004317703086050657,0.15506839690059154,0.18787342332374418,1.4482056762059713e-06,2.141972592488334e-08,2
MYW,Mtwara Airport,Tanzania,1,1,1,0.0002920560747663551,0.0,0.223186351208157,0.23273026315789475,0.00014625045818193454,0.0001043769368152779,1
MYY,Miri Airport,Malaysia,20,20,20,0.005841121495327103,0.004591977209599973,0.2641417212556608,0.2701240852688514,0.001880290462286478,0.001903571487373331,7
MZG,Makung Airport,Taiwan,4,4,4,0.0011682242990654205,8.235828286284109e-08,0.22360714562158565,0.22813381700927046,0.0003247866184790275,0.000332134796776867,4
MZH,Amasya Merzifon Airport,Turkey,2,2,2,0.0005841121495327102,5.4992023084830764e-08,0.2709521638076181,0.27670496211195306,0.0027914636780132077,0.0028285612196628424,2
MZL,La Nubia Airport,Colombia,1,1,1,0.0002920560747663551,0.0,0.2388370051514793,0.24458048253510983,0.00037611674029137406,0.0003781347983375107,1
MZR,Mazar I Sharif Airport,Afghanistan,3,3,4,0.0011682242990654205,1.5684864276166452e-07,0.27057685322465314,0.27672750977835725,0.0026140421220547127,0.0020851182014864386,4
MZT,General Rafael Buelna International Airport,Mexico,9,9,9,0.002628504672897196,4.495049829451389e-05,0.27999913318939024,0.28646140868831715,0.0035133485533542868,0.003538971282948039,7
MZV,Mulu Airport,Malaysia,4,4,4,0.0011682242990654205,3.962717539920682e-07,0.2297806337964412,0.2350498338870432,0.00026207223574459666,0.0002624883983012252,4
MZW,Mecheria Airport,Algeria,1,1,1,0.0002920560747663551,0.0,0.24189901803803673,0.2469818181818182,0.000662910532730241,0.0006698854091734608,1
NAG,Dr. Babasaheb Ambedkar International Airport,India,7,8,8,0.002336448598130841,1.957594623968675e-06,0.25870907756514244,0.26405411709820387,0.002126737488081036,0.0021082976701457057,7
NAH,Naha Airport,Indonesia,1,1,1,0.0002920560747663551,0.0,0.20331780564661533,0.2075033606256874,1.5764629879423288e-05,1.609426043918717e-05,1
NAJ,Nakhchivan Airport,Azerbaijan,1,1,2,0.0005841121495327102,0.0,0.26971976280264526,0.27589568608335363,0.0019142018564195968,0.001871410394665079,2
NAN,Nadi International Airport,Fiji,23,24,24,0.007009345794392522,0.0077372747882533364,0.2968701698217565,0.3034581360021446,0.00414296126043878,0.004114130327304003,9
NAO,Nanchong Airport,China,6,6,6,0.0017523364485981306,4.213415778756705e-09,0.27474060723307425,0.2811025577352868,0.003300090431639388,0.0033457741310315304,6
NAP,Naples International Airport,Italy,51,51,51,0.01489485981308411,7.278476834546525e-05,0.29903554431572876,0.30597351112712856,0.05714122419505693,0.05778205020581505,31
NAQ,Qaanaaq Airport,Greenland,3,3,3,0.0008761682242990653,0.0017263133393945846,0.1472960620814446,0.15000662573435222,6.435300799460278e-09,6.6670940517348455e-09,1
NAS,Lynden Pindling International Airport,Bahamas,40,39,40,0.011682242990654205,0.0062063950269234044,0.30412947336076274,0.31262082297707816,0.018949036097103297,0.019057611035254766,19
NAT,Governador Aluízio Alves International Airport,Brazil,9,10,10,0.0029205607476635513,0.00010416803023916482,0.264773538480798,0.27068388330942134,0.002856492295205135,0.0028274535746675763,9
NAV,Nevşehir Kapadokya Airport,Turkey,2,2,2,0.0005841121495327102,5.4992023084830764e-08,0.2709521638076181,0.27670496211195306,0.0027914636780132077,0.0028285612196628424,2
NAW,Narathiwat Airport,Thailand,1,1,1,0.0002920560747663551,0.0,0.21528620548629937,0.21970628194345604,0.00010243650143145599,0.00010462235751648968,1
NAY,Beijing Nanyuan Airport,China,40,40,40,0.011682242990654205,0.0007387956215236013,0.260965793290858,0.26672950047125354,0.0037353876878228006,0.003795080174719348,15
NBC,Begishevo Airport,Russia,7,7,7,0.0020443925233644858,6.507442857981921e-07,0.2754927592190284,0.2814286898151985,0.006294566620348653,0.006387007106973125,7
NBE,Enfidha - Hammamet International Airport,Tunisia,25,25,28,0.008177570093457943,2.88490493776601e-05,0.2920402532430013,0.30106382978723406,0.03159838895915235,0.028372856190818672,25
NBO,Jomo Kenyatta International Airport,Kenya,61,64,67,0.019567757009345793,0.010270106211274907,0.31814425365263155,0.3260055678218297,0.028643771412807086,0.026414029962584327,20
NBS,Changbaishan Airport,China,4,4,4,0.0011682242990654205,1.3016965024673986e-07,0.2690205540850752,0.27506884820994654,0.0017096295514945179,0.0017319359515988945,4
NBX,Nabire Airport,Indonesia,3,3,3,0.0008761682242990653,0.0001838977621669268,0.18960772636897158,0.19343814080656185,9.127088274731557e-06,9.159112502663964e-06,3
NCE,Nice-Côte d'Azur Airport,France,90,90,90,0.026285046728971962,0.002477220412180374,0.3248033763327629,0.3320946606688832,0.08349669264735414,0.08440529107829628,31
NCL,Newcastle Airport,United Kingdom,48,49,49,0.0143107476635514,0.00018429250009593763,0.30595077571643337,0.31311082426701087,0.045029360407763196,0.04461530827509755,31
NCU,Nukus Airport,Uzbekistan,3,3,3,0.0008761682242990653,2.911402692434811e-07,0.2605767199957759,0.26603995299647476,0.0021463046696224403,0.002157100649634669,3
NDB,Nouadhibou International Airport,Mauritania,3,3,3,0.0008761682242990653,1.4218338780780765e-06,0.23167222824237257,0.23644085497458747,0.0010799711946463757,0.0010978129411131183,3
NDG,Qiqihar Sanjiazi Airport,China,4,4,4,0.0011682242990654205,4.479174097461013e-06,0.27088585689095096,0.2769757768534377,0.0022995948115420266,0.002328855006505767,4
NDJ,N'Djamena International Airport,Chad,9,9,12,0.003504672897196261,0.00045662785234101074,0.285242202338616,0.29548420777864787,0.005976225968261504,0.004004045496157671,8
NDR,Nador International Airport,Morocco,12,12,12,0.003504672897196261,7.372591739266925e-06,0.2902534498405881,0.2971388572928515,0.014225253205396828,0.01434417180070074,12
NDU,Rundu Airport,Namibia,2,2,2,0.0005841121495327102,0.0,0.000657126168224299,,,,2
NDY,Sanday Airport,United Kingdom,3,2,3,0.0008761682242990653,4.2660834759911645e-08,0.19585902209532105,0.19988228369629193,3.432920961971202e-05,3.4830749933226714e-05,2
NER,Chulman Airport,Russia,4,4,4,0.0011682242990654205,7.810041083745216e-07,0.2511183998507387,0.2564567285908473,0.0008858876492477627,0.0008983952953933456,4
NEV,Vance W. Amory International Airport,Saint Kitts and Nevis,6,5,6,0.0017523364485981306,2.0705535274299597e-07,0.23885418396217853,0.24523396880415946,0.0010018685921122604,0.0009663013008624731,5
NGB,Ningbo Lishe International Airport,China,38,38,38,0.011098130841121495,8.457209034894616e-05,0.2843628805982332,0.29013242204186246,0.010923347358340694,0.01103060873741405,25
NGE,N'Gaoundéré Airport,Cameroon,1,1,2,0.0005841121495327102,0.0,0.221223750558002,0.2297077922077922,0.00019450828673034018,5.779183912406179e-05,2
NGK,Nogliki Airport,Russia,1,1,1,0.0002920560747663551,0.0,0.22497051145763622,0.2294284556141062,0.000109669047859786,0.00011136261591082951,1
NGO,Chubu Centrair International Airport,Japan,43,42,43,0.01255841121495327,0.0010751670369455342,0.3149459142285819,0.3215300132550653,0.015506694940145187,0.015637593989823905,22
NGQ,Ngari Gunsa Airport,China,2,2,2,0.0005841121495327102,5.6881113013215525e-08,0.21340464749220284,0.21783194355355998,5.2972102774024866e-05,5.4257929776312886e-05,2
NGS,Nagasaki Airport,Japan,11,11,11,0.0032126168224299065,0.0007238386359711893,0.27146159728816877,0.2769757768534377,0.0029432315087548214,0.0029421442727718974,7
NHV,Nuku Hiva Airport,French Polynesia,4,4,4,0.0011682242990654205,0.0005753240175721683,0.22255812074433134,0.22727881140409584,3.6955631554545864e-05,3.757145700726071e-05,3
NIB,Nikolai Airport,United States,1,1,1,0.0002920560747663551,0.0,0.18348932034623539,0.18733451015004413,1.439740343647528e-06,1.4799453882143302e-06,1
NIM,Diori Hamani International Airport,Niger,9,8,9,0.002628504672897196,2.3480960993934215e-05,0.2879131021004134,0.29369540776615066,0.006659775975290826,0.006622515657959112,8
NIQ,?,?,1,1,1,0.0002920560747663551,0.0,0.1281267736563843,0.13043478260869565,9.207145765481047e-11,9.616782141866001e-11,1
NJC,Nizhnevartovsk Airport,Russia,9,9,9,0.002628504672897196,5.357903597135965e-06,0.26462584426059194,0.27021005728835135,0.003483883827960646,0.003539956321930392,7
NJF,Al Najaf International Airport,Iraq,8,9,9,0.002628504672897196,2.7583969647696883e-07,0.28494849147298507,0.29112730390055724,0.007370183007935045,0.00669907855068605,9
NKC,Nouakchott–Oumtounsy International Airport,Mauritania,9,9,9,0.002628504672897196,0.00010267002615511565,0.2826444565176754,0.28830970370999237,0.005515200130237193,0.005521367232020241,7
NKG,Nanjing Lukou Airport,China,54,54,54,0.015771028037383176,0.0004529137511374774,0.3065721676168915,0.31282240235814296,0.016112291191179812,0.01626046336111338,25
NKI,?,?,1,1,2,0.0005841121495327102,0.00028804595629892347,0.1449683380462814,0.17334490327191057,1.4225258200159882e-07,2.053526704667847e-09,2
NKM,Nagoya Airport,Japan,6,6,6,0.0017523364485981306,1.2508535860119859e-06,0.21607064347883195,0.220390680770978,0.00011001134031874801,0.00011017978061786267,4
NLA,Simon Mwansa Kapwepwe International Airport,Zambia,6,7,8,0.002336448598130841,0.0006510520244829143,0.25324408751820093,0.2624826093677539,0.0014684806313034007,0.0009281741175430694,5
NLD,Quetzalcóatl International Airport,Mexico,1,1,1,0.0002920560747663551,0.0,0.25049330313239554,0.2560699743628412,0.0005759928162136648,0.00058262485326491,1
NLG,Nelson Lagoon Airport,United States,1,1,1,0.0002920560747663551,0.0,0.18335761248004903,0.18721058434399118,1.4190822811330129e-06,1.4591662672165212e-06,1
NLK,Norfolk Island International Airport,Norfolk Island,2,3,3,0.0008761682242990653,0.0,0.2500782980364612,0.2559348858241013,0.000566212229724826,0.0004070927435572505,3
NLT,Xinyuan Nalati Airport,China,1,1,1,0.0002920560747663551,0.0,0.2263814656504307,0.23089475115583355,0.00020136028436038274,0.00020555523797345326,1
NMA,Namangan Airport,Uzbekistan,9,9,9,0.002628504672897196,2.8537819160040817e-07,0.2562535473127686,0.26137150773493417,0.003925047159624186,0.003928046870311511,9
NME,Nightmute Airport,United States,1,2,3,0.0008761682242990653,0.0002874913654470446,0.18400785280801066,0.18788381742738589,1.4490965390656928e-06,1.462927607456101e-06,2
NNB,Santa Ana Airport,Solomon Islands,2,2,2,0.0005841121495327102,0.0,0.19598617325461332,0.1995768688293371,3.91096065271162e-06,3.975388376525472e-06,2
NNG,Nanning Wuxu Airport,China,44,44,44,0.012850467289719626,0.00036062666113173124,0.28377967181901964,0.28956343792633016,0.012284482690929297,0.012463322969954099,25
NNM,Naryan Mar Airport,Russia,3,3,3,0.0008761682242990653,7.536747474251057e-07,0.20685123455999552,0.2110234263344311,9.471966084652163e-05,9.701139669804796e-05,3
NNT,Nan Airport,Thailand,2,2,2,0.0005841121495327102,0.0,0.22217098545702604,0.22646038943718325,0.00023082253469378954,0.00023501005131089988,2
NNY,Nanyang Jiangying Airport,China,7,7,7,0.0020443925233644858,8.453517318723364e-08,0.2584674439310529,0.26417736289381566,0.0018300893653346144,0.001861132427868697,7
NOB,Nosara Airport,Costa Rica,1,1,2,0.0005841121495327102,0.0,0.23531673183292007,0.24068036853295535,0.00027679894242871317,0.0002755176177695171,2
NOC,Ireland West Knock Airport,Ireland,15,15,15,0.004380841121495327,1.1694551181253014e-06,0.26452044922942236,0.27048984468339304,0.01389478487270735,0.014038674117696891,15
NOJ,Noyabrsk Airport,Russia,5,5,5,0.0014602803738317756,7.534252688592582e-08,0.25237799966759145,0.25729221910750816,0.0017230757243982188,0.0017496478763259764,5
NOP,Sinop Airport,Turkey,1,1,1,0.0002920560747663551,0.0,0.2696978575185713,0.2754928206376247,0.0018516929587042007,0.001871410394665079,1
NOS,Fascene Airport,Madagascar,4,4,4,0.0011682242990654205,0.0,0.22812322041809222,0.2327940773238278,0.0002084741018787345,0.00019458659461128952,4
NOU,La Tontouta International Airport,New Caledonia,9,9,9,0.002628504672897196,0.0006381534724383313,0.2761801164027086,0.2822942643391521,0.0020251615238713406,0.002033297208878775,6
NOV,Nova Lisboa Airport,Angola,3,3,3,0.0008761682242990653,0.0,0.23919827988375483,0.24451004391964865,0.00031865914376052074,0.0003185091848134855,3
NOZ,Spichenkovo Airport,Russia,2,2,2,0.0005841121495327102,4.5004836669796894e-08,0.2641417212556608,0.2697378872120731,0.0024561159485541016,0.002497557085659243,2
NPE,Hawke's Bay Airport,New Zealand,3,3,3,0.0008761682242990653,0.0,0.237487643540454,0.2423982869379015,0.00018659884674408344,0.00018908506333917174,3
NPL,New Plymouth Airport,New Zealand,3,3,3,0.0008761682242990653,0.0,0.237487643540454,0.2423982869379015,0.00018659884674408344,0.00018908506333917174,3
NQN,Presidente Peron Airport,Argentina,3,3,3,0.0008761682242990653,7.11013912665194e-08,0.20510096471040506,0.20930662557781202,3.467031365497476e-05,3.4944903261770565e-05,3
NQU,Reyes Murillo Airport,Colombia,1,1,1,0.0002920560747663551,0.0,0.1923311548491931,0.19663018933472295,5.8876523791222715e-06,5.971714934888995e-06,1
NQY,Newquay Cornwall Airport,United Kingdom,5,5,5,0.0014602803738317756,0.00019720237233415548,0.2660462842193694,0.27200640768922707,0.005191202539504375,0.005247864792304377,4
NRA,Narrandera Airport,Australia,2,2,2,0.0005841121495327102,0.0,0.24700905382521335,0.2540394973070018,0.0002709464984014822,0.000261371392098288,2
NRK,Norrköping Airport,Sweden,1,1,1,0.0002920560747663551,0.0,0.2503799833843149,0.2552807637375028,0.0011008999316295756,0.0011231615682067246,1
NRL,North Ronaldsay Airport,United Kingdom,2,4,4,0.0011682242990654205,8.532166951982329e-08,0.19584747107962774,0.19989404909058803,3.4813832865068186e-05,3.434212996643438e-05,2
NRN,Weeze Airport,Germany,38,38,38,0.011098130841121495,7.710767690191374e-05,0.25068239749574756,0.25578067334488214,0.022928541739905255,0.023146444235297402,26
NRT,Narita International Airport,Japan,103,103,104,0.03037383177570093,0.035558393564015064,0.3668975494007478,0.37599645704162976,0.06384246469297486,0.0637987445317163,30
NSH,Noshahr Airport,Iran,2,2,2,0.0005841121495327102,0.0,0.22278208235785377,0.22726360168640836,0.00014881657283931685,0.00014060943950741983,2
NSI,Yaoundé Nsimalen International Airport,Cameroon,12,7,12,0.003504672897196261,0.000863425349497751,0.28818794755065247,0.29405143302450426,0.007610414911628831,0.0075336395288744815,8
NSK,Norilsk-Alykel Airport,Russia,10,11,11,0.0032126168224299065,2.3937355637038327e-06,0.2626583658646024,0.2682040751855947,0.004093758566841033,0.004023234576088946,10
NSN,Nelson Airport,New Zealand,4,4,4,0.0011682242990654205,0.0,0.2375046287817314,0.24241558997787138,0.00018934783683296854,0.00019189414814306627,4
NSQ,?,?,2,2,2,0.0005841121495327102,0.0,0.147263402200717,0.1499735029146794,6.526091125105329e-09,6.7619130984933435e-09,2
NST,Nakhon Si Thammarat Airport,Thailand,1,1,1,0.0002920560747663551,0.0,0.21528620548629937,0.21970628194345604,0.00010243650143145599,0.00010462235751648968,1
NTE,Nantes Atlantique Airport,France,56,55,56,0.016355140186915886,0.0002319132234739105,0.29852478601457827,0.3049842837898518,0.054080330992553674,0.0545549174031386,31
NTG,?,?,10,9,10,0.0029205607476635513,2.4344311058255863e-07,0.2737892422809934,0.28015179013364133,0.0033777457534489522,0.0034290515637780987,10
NTL,Newcastle Airport,Australia,5,5,5,0.0014602803738317756,2.513769965260775e-06,0.2506067255019371,0.2555497027616826,0.0006713258658588013,0.000667063280092342,4
NTN,Normanton Airport,Australia,2,2,2,0.0005841121495327102,0.0006041045980246594,0.21900611486026303,0.22336227308603,4.925951541289552e-05,5.00876705642988e-05,2
NTQ,Noto Airport,Japan,1,1,1,0.0002920560747663551,0.0,0.24776465863061764,0.25275379577255136,0.00032824797070686064,0.0003333616771630597,1
NTX,Ranai Airport,Indonesia,1,1,1,0.0002920560747663551,0.0,0.19060898402170634,0.19447944107204215,9.341800919097115e-06,9.512504038796405e-06,1
NUE,Nuremberg Airport,Germany,30,32,32,0.009345794392523364,5.756552982295721e-05,0.2968967116339891,0.3037567084078712,0.03575305966287385,0.035447617569140506,26
NUI,Nuiqsut Airport,United States,2,2,2,0.0005841121495327102,0.0,0.18370247937302475,0.18756213409919364,3.1991340294953073e-06,3.1260103071882374e-06,2
NUL,Nulato Airport,United States,2,3,3,0.0008761682242990653,9.580912473163694e-05,0.1711923765143916,0.1746554206953302,3.2422158869996083e-07,1.6671297975625936e-07,3
NUP,?,?,1,2,3,0.0008761682242990653,0.0002880459562989234,0.15505391603054433,0.18787342332374418,1.469235139563729e-06,2.1419790329644595e-08,3
NUS,Norsup Airport,Vanuatu,5,5,5,0.0014602803738317756,0.00011027076646284016,0.2010893617310263,0.2048374449604922,1.2170031591323077e-05,1.2202709553561597e-05,2
NUX,Novy Urengoy Airport,Russia,10,10,10,0.0029205607476635513,7.979979522626604e-06,0.26547203770294736,0.2710727969348659,0.004411516871674378,0.004443745151516035,9
NVA,Benito Salas Airport,Colombia,1,1,1,0.0002920560747663551,0.0,0.2388370051514793,0.24458048253510983,0.00037611674029137406,0.0003781347983375107,1
NVI,Navoi Airport,Uzbekistan,3,3,3,0.0008761682242990653,0.0,0.255740448180683,0.2608695652173913,0.0025045078474032387,0.0025230730378466484,3
NVK,Narvik Framnes Airport,Norway,1,1,1,0.0002920560747663551,0.0,0.1964150777563239,0.20030671228028785,3.192848106086198e-05,3.22138547071067e-05,1
NVT,Ministro Victor Konder International Airport,Brazil,5,5,5,0.0014602803738317756,5.99560633790334e-06,0.2539800932792481,0.2594545037818015,0.0011995402887048138,0.001198852730677779,5
NWI,Norwich International Airport,United Kingdom,8,8,8,0.002336448598130841,1.5576050410313011e-06,0.27948070355379295,0.2863164994519855,0.0072206975638542635,0.007236369294721761,7
NYA,Nyagan Airport,Russia,3,3,3,0.0008761682242990653,1.0378308339253359e-07,0.2358850489860895,0.24061215814085304,0.0004895953635917375,0.0004958884670205118,3
NYI,Sunyani Airport,Ghana,1,1,1,0.0002920560747663551,0.0,0.23558383368517083,0.24052694950067285,0.000314239769455458,0.0002736845928572507,1
NYK,Nanyuki Airport,Kenya,2,3,3,0.0008761682242990653,4.2660834759911645e-08,0.18110764177716884,0.1846555380349084,1.4107334824622439e-06,1.3537296454443149e-06,2
NYM,Nadym Airport,Russia,7,7,7,0.0020443925233644858,7.720212720920628e-06,0.25963954023660424,0.26506400249765844,0.00232043653939251,0.002354281268199064,6
NYO,Stockholm Skavsta Airport,Sweden,31,31,31,0.009053738317757009,2.1005031923703626e-05,0.2671377781052343,0.2725959222989244,0.020079465157323236,0.02045122382576026,23
NYT,Naypyidaw Airport,Burma,2,2,2,0.0005841121495327102,0.0,0.2588502392724428,0.2639104755983836,0.0011677853278410236,0.0011837591825311045,2
NYU,Bagan Airport,Burma,2,3,3,0.0008761682242990653,0.0,0.2276852738859217,0.2321099036292803,0.0001685930831339367,0.00016902316003858107,3
NZH,Manzhouli Xijiao Airport,China,10,10,10,0.0029205607476635513,0.00010673326807910473,0.27086376179658794,0.2769531887130974,0.002225519425441097,0.0022444332287574207,8
OAG,Orange Airport,Australia,1,1,1,0.0002920560747663551,0.0,0.2469906820101278,0.2540204951754058,0.000267067589724528,0.0002575989240510622,1
OAJ,Albert J Ellis Airport,United States,3,3,3,0.0008761682242990653,0.0,0.26361750572566234,0.26922467100047565,0.002484837485948444,0.002507243476859508,3
OAK,Metropolitan Oakland International Airport,United States,33,34,35,0.01022196261682243,0.0003507834218794401,0.30000810548614765,0.3074137774961528,0.014697195205725036,0.014298085590477388,20
OAL,Cacoal Airport,Brazil,1,1,1,0.0002920560747663551,0.0,0.20230214557576415,0.2064563195331023,2.005714343874776e-05,2.043189249701657e-05,1
OAX,Xoxocotlán International Airport,Mexico,5,5,5,0.0014602803738317756,3.9405954212407556e-07,0.2683032818636316,0.2740698894358809,0.00242495060402811,0.0023737818752152333,5
OBO,Tokachi-Obihiro Airport,Japan,1,1,1,0.0002920560747663551,0.0,0.24776465863061764,0.25275379577255136,0.00032824797070686064,0.0003333616771630597,1
OBU,Kobuk Airport,United States,1,2,3,0.0008761682242990653,0.0002880459562989234,0.15484424692838608,0.18757249378624688,1.4853250779030608e-06,2.171076202619328e-08,3
OBY,Ittoqqortoormiit Heliport,Greenland,1,1,1,0.0002920560747663551,0.0,0.1469766185547565,0.1496826516220028,6.380408869558231e-09,6.609948721579747e-09,1
OCC,Francisco De Orellana Airport,Ecuador,2,2,2,0.0005841121495327102,3.1067596394042044e-06,0.23054635654166677,0.2355715871254162,0.0001565746913714353,0.00015649608707356548,2
ODN,Long Seridan Airport,Malaysia,2,2,2,0.0005841121495327102,0.0,0.20831752836247214,0.21271531475101785,2.7326361294560705e-05,2.7894824640486736e-05,2
ODO,Bodaybo Airport,Russia,1,1,1,0.0002920560747663551,0.0,0.22194825020894052,0.22608348312362692,0.00010421012505028909,0.00010614074330886743,1
ODS,Odessa International Airport,Ukraine,12,12,12,0.003504672897196261,4.887380191946271e-06,0.2848018627466697,0.29095270733379025,0.013105909681684737,0.013213526725875308,12
ODY,Oudomsay Airport,Laos,1,1,1,0.0002920560747663551,0.0,0.21830066523969024,0.22260094389092816,6.55502823486142e-05,6.638157746068348e-05,1
OER,Örnsköldsvik Airport,Sweden,1,1,1,0.0002920560747663551,0.0,0.2539800932792481,0.2594941545044701,0.0013604186816301017,0.0013804685409379291,1
OGD,Ogden Hinckley Airport,United States,1,1,1,0.0002920560747663551,0.0,0.20156538510629246,0.20564369625772072,3.899896733580662e-05,3.986559418023347e-05,1
OGG,Kahului Airport,United States,21,21,21,0.006133177570093458,0.0013432127733073302,0.28876432344575376,0.2954070981210856,0.00861078631148935,0.008699374287023515,14
OGL,Eugene F. Correira International Airport,Guyana,1,1,1,0.0002920560747663551,0.0,0.22418076821887317,0.23320972393901937,0.00016115013867118113,0.00012778414378579673,1
OGM,?,?,1,1,2,0.0005841121495327102,0.0002876193479513243,0.1596226552406349,0.1629480351230747,1.1464145531762848e-07,1.1486660439540502e-07,2
OGS,Ogdensburg International Airport,United States,1,1,1,0.0002920560747663551,0.0,0.22095879430608611,0.2258429207953714,0.00019186233026807333,0.0001948382058785241,1
OGX,Ain el Beida Airport,Algeria,6,5,6,0.0017523364485981306,0.0007404203280810823,0.24207535498076746,0.24714358489192925,0.0009490515231032461,0.0009567593672395171,3
OGZ,Beslan Airport,Russia,1,1,1,0.0002920560747663551,0.0,0.2499841704024517,0.25464907018596283,0.0010883570352199666,0.0011063760351434418,1
OHE,Gu-Lian Airport,China,3,3,3,0.0008761682242990653,8.532166951982329e-08,0.21883293045312477,0.22433610780816488,0.0001707189082451009,0.0001612723538828009,2
OHH,?,?,2,2,2,0.0005841121495327102,0.0,0.22519935708844216,0.2296611888821262,0.000178834300858371,0.00018123292157589565,2
OIA,Ourilândia do Norte Airport,Brazil,2,1,3,0.0008761682242990653,0.00028813127796844325,0.18552934351785955,0.1898585564935428,3.820940324249272e-06,2.323164124326375e-06,2
OIM,Oshima Airport,Japan,1,1,1,0.0002920560747663551,0.0,0.24776465863061764,0.25275379577255136,0.00032824797070686064,0.0003333616771630597,1
OIT,Oita Airport,Japan,5,5,5,0.0014602803738317756,6.552281127718155e-07,0.27342854834303565,0.2792763157894737,0.002445887349165719,0.0024319238479088828,5
OKA,Naha Airport,Japan,32,32,32,0.009345794392523364,0.0007530761446964973,0.28315055590264054,0.2889720898570456,0.00773065396530868,0.007779421900452699,14
OKC,Will Rogers World Airport,United States,22,20,22,0.006425233644859813,7.848609115642566e-05,0.2953650911345876,0.30261985385849227,0.015062543020258235,0.015141703198112292,20
OKJ,Okayama Airport,Japan,8,8,8,0.002336448598130841,3.274180780596599e-06,0.27186162256456553,0.2773150416462518,0.0031355147907860897,0.003128428275816242,8
OKL,Oksibil Airport,Indonesia,1,1,1,0.0002920560747663551,0.0,0.18942386170932451,0.19325101007226997,4.107094781252529e-06,4.151110915381783e-06,1
OLA,Ørland Airport,Norway,1,1,1,0.0002920560747663551,0.0,0.24467946652123254,0.2497793468667255,0.0011890702272005255,0.0012077210654029703,1
OLB,Olbia Costa Smeralda Airport,Italy,32,32,33,0.009637850467289719,1.3600786150103151e-05,0.292477516260892,0.30066401062417,0.03815768650137286,0.03619083650674912,26
OLC,Senadora Eunice Micheles Airport,Brazil,1,1,1,0.0002920560747663551,0.0,0.17247271837676162,0.17598590454474788,5.770378248582658e-07,5.845887559474271e-07,1
OLF,L M Clayton Airport,United States,1,1,1,0.0002920560747663551,0.0,0.20938144512144818,0.21371932032724986,5.254298053430484e-05,5.358684740518499e-05,1
OLH,?,?,1,1,1,0.0002920560747663551,0.0,0.1833778629204356,0.18737585521959832,1.4202559741088134e-06,1.4594748891366464e-06,1
OLL,Oyo Ollombo Airport,Congo (Brazzaville),1,1,1,0.0002920560747663551,0.0,0.22171115767299826,0.22655103402268179,7.966674996277867e-05,7.260556769372359e-05,1
OLP,Olympic Dam Airport,Australia,1,1,1,0.0002920560747663551,0.0,0.22588869598164535,0.2301592680447306,6.930045239276828e-05,7.027414209324167e-05,1
OMA,Eppley Airfield,United States,19,19,20,0.005841121495327103,1.0135979868757046e-06,0.2917323833458814,0.30034491907667815,0.015019909456433321,0.014687793925813503,20
OMD,Oranjemund Airport,Namibia,1,1,2,0.0005841121495327102,0.00028804595629892347,0.1811866935631912,0.22635472905418916,5.5012437878724844e-05,7.704291314957654e-07,2
OME,Nome Airport,United States,15,16,16,0.004672897196261682,0.006897334084619076,0.22584260878850437,0.2308790536406282,0.00010228926885625743,0.00010428643952443787,3
OMH,Urmia Airport,Iran,2,2,3,0.0008761682242990653,0.0,0.2530511102359345,0.2585852432802863,0.000933190980381817,0.0006766408398860229,3
OMO,Mostar International Airport,Bosnia and Herzegovina,1,1,1,0.0002920560747663551,0.0,0.22067980592943703,0.22521387359904502,0.0006968875861327172,0.0007122110973093151,1
OMR,Oradea International Airport,Romania,1,1,1,0.0002920560747663551,0.0,0.23820312170046395,0.24312714776632302,0.0009360428926585408,0.0009549816537581393,1
OMS,Omsk Central Airport,Russia,15,15,15,0.004380841121495327,1.1644787211948974e-05,0.2689334078090515,0.27455736114479745,0.006867144529049205,0.006913537107278356,12
OND,Ondangwa Airport,Namibia,1,1,1,0.0002920560747663551,0.0,0.0005257009345794393,,,,1
ONG,Mornington Island Airport,Australia,3,3,3,0.0008761682242990653,5.1267170162876664e-05,0.17927925927906754,0.1826985151710781,7.673161792283755e-07,7.868403460032685e-07,2
ONJ,Odate Noshiro Airport,Japan,1,1,1,0.0002920560747663551,0.0,0.24776465863061764,0.25275379577255136,0.00032824797070686064,0.0003333616771630597,1
ONQ,Zonguldak Airport,Turkey,2,2,2,0.0005841121495327102,4.667074223940346e-08,0.2576652482639795,0.26317420954742715,0.0019323945592606812,0.0019655339145475104,2
ONT,Ontario International Airport,United States,15,14,15,0.004380841121495327,7.942143071128684e-06,0.28339219317512954,0.29070364663585,0.0077711684342946985,0.007850967944325766,15
OOK,Toksook Bay Airport,United States,2,2,4,0.0011682242990654205,0.0007190057090435509,0.18402824713916144,0.18789421268119952,1.469536634555153e-06,1.4840425733922576e-06,2
OOL,Gold Coast Airport,Australia,13,13,13,0.0037967289719626164,0.0005323890776349858,0.28068546358094565,0.287212449255751,0.003411124563831431,0.0034369633258427433,9
OPO,Francisco de Sá Carneiro Airport,Portugal,61,61,61,0.017815420560747662,0.0023014305302111217,0.30891067159313196,0.3162600111752654,0.053359470898087784,0.05389499904742428,31
OPS,Presidente João Batista Figueiredo Airport,Brazil,2,2,2,0.0005841121495327102,0.0,0.22837423283310418,0.2333539476396619,0.00014179274902239054,0.0001436242188594521,2
ORB,Örebro Airport,Sweden,2,2,2,0.0005841121495327102,6.270008242695136e-07,0.20668386877613545,0.2108661906240298,0.00012304932824151594,0.00012634903959374817,2
ORD,Chicago O'Hare International Airport,United States,203,206,206,0.06016355140186915,0.04743028669183882,0.3703758331057515,0.3796109993293092,0.08983823316542698,0.09012489394579846,30
ORF,Norfolk International Airport,United States,19,17,19,0.005549065420560747,9.018343317794314e-07,0.2949977542530131,0.30413756045137025,0.016553183365844056,0.016643592478832035,19
ORH,Worcester Regional Airport,United States,2,2,2,0.0005841121495327102,0.0,0.2507770517766325,0.25616655351889567,0.0012630503437353173,0.0012779407117903994,2
ORI,?,?,2,1,2,0.0005841121495327102,0.0,0.18338798981810073,0.18738619433868564,1.4408838729376021e-06,1.4805400207302207e-06,2
ORK,Cork Airport,Ireland,30,30,30,0.008761682242990653,1.1462274983122721e-05,0.29647261134060965,0.30364806866952787,0.034423939286465505,0.03469471050628449,28
ORN,Es Senia Airport,Algeria,23,23,24,0.007009345794392522,0.0012832617201415362,0.29578602650985736,0.3024312049158429,0.018147073612037993,0.018059452600678223,16
ORU,Juan Mendoza Airport,Bolivia,1,2,2,0.0005841121495327102,2.8440556506607763e-08,0.1690743709396756,0.2060304556209428,1.1607002587817656e-05,3.633300120079036e-07,2
ORV,Robert (Bob) Curtis Memorial Airport,United States,2,2,2,0.0005841121495327102,0.0,0.18370247937302475,0.18756213409919364,1.463752110780292e-06,1.5045155955419837e-06,2
ORX,Oriximiná Airport,Brazil,3,0,3,0.0008761682242990653,0.0,0.17291630088730572,0.17643391521197008,2.09785195846225e-06,,3
ORY,Paris-Orly Airport,France,120,119,123,0.03592289719626168,0.009680402900926482,0.31488618619629893,0.3217127699886321,0.06631195136513322,0.0666911645250288,31
ORZ,?,?,2,2,2,0.0005841121495327102,0.0,0.18389576473730027,0.18779031187790313,1.8596843850120393e-06,1.8821110120420493e-06,2
OSD,Åre Östersund Airport,Sweden,3,3,3,0.0008761682242990653,1.064712785579066e-06,0.25409669596955914,0.2596131794205336,0.001471782930039842,0.0014944597987515756,3
OSI,Osijek Airport,Croatia,4,4,4,0.0011682242990654205,4.0839656607955525e-07,0.2382202094423363,0.24314455502255317,0.002882292116686537,0.0029206484885197065,4
OSL,Oslo Lufthavn,Norway,104,104,105,0.030665887850467286,0.014110864110220295,0.32553570430606493,0.33290853837859036,0.08305800451751649,0.08367565722620575,31
OSM,Mosul International Airport,Iraq,2,2,2,0.0005841121495327102,0.0,0.27121771640200654,0.2769306042567072,0.0025586007185027563,0.0025883726293497475,2
OSR,Ostrava Leos Janáček Airport,Czech Republic,3,3,3,0.0008761682242990653,5.422924039821395e-07,0.2829816548467122,0.28911970032351436,0.004682330862404689,0.0047399457772672425,3
OSS,Osh Airport,Kyrgyzstan,13,13,13,0.0037967289719626164,2.8423680922360477e-05,0.27668636224180704,0.2826231691078562,0.005688660618751747,0.0057690001502797425,12
OST,Ostend-Bruges International Airport,Belgium,1,1,2,0.0005841121495327102,0.0,0.23438662617350142,0.23955981941309254,0.0012608312051532293,0.001226873279738031,2
OSW,Orsk Airport,Russia,1,1,1,0.0002920560747663551,0.0,0.2499841704024517,0.25464907018596283,0.0010883570352199666,0.0011063760351434418,1
OSY,Namsos Høknesøra Airport,Norway,3,3,3,0.0008761682242990653,5.6881113013215525e-08,0.2214302673618836,0.22723318835731013,0.000283728282011762,0.0002811119826335178,3
OTD,?,?,1,1,2,0.0005841121495327102,0.0002876193479513243,0.1596226552406349,0.1629480351230747,1.1464145531739306e-07,1.1486660439540502e-07,2
OTH,Southwest Oregon Regional Airport,United States,2,2,2,0.0005841121495327102,0.0,0.2637221823083043,0.2695879971421767,0.0012388920116290045,0.0012503102265669303,2
OTP,Henri Coandă International Airport,Romania,68,66,68,0.01985981308411215,0.002971231559226054,0.3141712128312364,0.3211954979665185,0.06538373682945743,0.06616487853222695,31
OTZ,Ralph Wien Memorial Airport,United States,13,12,14,0.0040887850467289715,0.006893649610523643,0.2257965403975092,0.23083197389885807,0.00010078111673596039,0.00010273422474275213,3
OUA,Ouagadougou Airport,Burkina Faso,14,15,15,0.004380841121495327,0.00029127925140275406,0.28511974925956624,0.29499652536483667,0.009999680376979157,0.008038050274851102,12
OUD,Angads Airport,Morocco,9,9,9,0.002628504672897196,3.616632798705517e-06,0.2660462842193694,0.2717452188525246,0.007213190962378679,0.007257272194427803,9
OUL,Oulu Airport,Finland,3,3,3,0.0008761682242990653,0.0,0.26193324811690866,0.26759120636671657,0.0034310293238026955,0.0034929137207444032,3
OUZ,Tazadit Airport,Mauritania,3,3,3,0.0008761682242990653,5.864791617352347e-06,0.24493212270439357,0.2507753655294639,0.0010103573936708337,0.000997703695696688,3
OVB,Tolmachevo Airport,Russia,53,52,53,0.01547897196261682,0.00176487005913591,0.3109644835308707,0.31747218846405534,0.022820521376671954,0.022952871625871243,22
OVD,Asturias Airport,Spain,10,10,10,0.0029205607476635513,1.2014472587600217e-06,0.28652197753461334,0.2927838606776446,0.012559096957439514,0.012713848115883082,10
OVS,Sovetskiy Airport,Russia,5,5,5,0.0014602803738317756,3.791436689567734e-07,0.25132745929207356,0.2567087459369567,0.0011043656230957128,0.0011183603530373336,4
OWB,Owensboro Daviess County Airport,United States,2,2,2,0.0005841121495327102,1.009642144866718e-06,0.24004551970696605,0.24578417891003837,0.0005598805580745021,0.0005518283552698534,2
OXB,Osvaldo Vieira International Airport,Guinea-Bissau,5,5,5,0.0014602803738317756,2.391822612901698e-07,0.24693558295851936,0.25275379577255136,0.0014746526670787082,0.0014350489187260245,5
OZC,Labo Airport,Philippines,2,2,2,0.0005841121495327102,0.0,0.24464341532534023,0.24961411245865492,0.0003979554737278482,0.0004031876134040898,2
OZH,Zaporizhzhia International Airport,Ukraine,2,2,2,0.0005841121495327102,0.0,0.2486737846058236,0.2539445150676737,0.0007626476042038133,0.0007733255622371509,2
OZZ,Ouarzazate Airport,Morocco,2,2,2,0.0005841121495327102,0.0,0.2498713107318411,0.25576140985088114,0.001865271325478193,0.0018647444012868154,2
PAC,Marcos A. Gelabert International Airport,Panama,8,10,15,0.004380841121495327,0.007182847409361083,0.1904777859140856,0.19464664412219865,7.893203914828064e-06,7.958408824336976e-06,2
PAD,Paderborn Lippstadt Airport,Germany,8,8,8,0.002336448598130841,3.1126991228694523e-07,0.27244152265371796,0.2779960707269155,0.008361030955234543,0.008391807827966266,8
PAF,?,?,1,1,1,0.0002920560747663551,0.0,0.22556648007242006,0.2345303867403315,0.00019116985307246525,0.00010483338056163864,1
PAG,Pagadian Airport,Philippines,2,2,2,0.0005841121495327102,0.0,0.24464341532534023,0.24961411245865492,0.0003979554737278482,0.0004031876134040898,2
PAH,Barkley Regional Airport,United States,1,1,1,0.0002920560747663551,0.0,0.26917319604654033,0.2751802933311725,0.001286136946605542,0.001300805273568333,1
PAP,Toussaint Louverture International Airport,Haiti,12,12,13,0.0037967289719626164,0.00038672090992987717,0.28684371768387046,0.29367001037703216,0.007370601198668811,0.00707449885795171,10
PAS,Paros National Airport,Greece,1,1,1,0.0002920560747663551,0.0,0.24514910081397964,0.25018417562988066,0.0012401011420456066,0.001259293317439099,1
PAT,Lok Nayak Jayaprakash Airport,India,5,4,5,0.0014602803738317756,7.449936693901871e-07,0.25583896145039814,0.2614117465937957,0.0015094969617508052,0.0015160180485645934,4
PAV,Paulo Afonso Airport,Brazil,1,1,1,0.0002920560747663551,0.0,0.22820160250317265,0.2331937100872073,0.00011882800941898115,0.00012032381905976997,1
PAZ,El Tajín National Airport,Mexico,3,3,3,0.0008761682242990653,3.412866780792932e-08,0.250531099179643,0.25610859728506785,0.0006355356062923538,0.000641440378649498,3
PBC,Hermanos Serdán International Airport,Mexico,6,6,6,0.0017523364485981306,9.363949209677083e-07,0.2709521638076181,0.27797331587132684,0.0029361514026810596,0.0028877626542085774,6
PBD,Porbandar Airport,India,1,1,2,0.0005841121495327102,0.0002880459562989234,0.19649643311397444,0.25070131404104534,0.0005698141366311183,8.149268569535065e-06,2
PBG,Plattsburgh International Airport,United States,5,5,5,0.0014602803738317756,9.14678655114521e-06,0.25963954023660424,0.265126083222734,0.0017589162456381256,0.0017654803479658792,5
PBH,Paro Airport,Bhutan,5,5,5,0.0014602803738317756,1.3547114676382198e-06,0.23613665075916718,0.24107333002058637,0.0006593736238930068,0.0006686152072195481,5
PBI,Palm Beach International Airport,United States,23,23,23,0.006717289719626168,0.0001006062336148071,0.29615533038670905,0.3031330893510667,0.015187579371550889,0.015320732725697157,19
PBJ,Tavie Airport,Vanuatu,2,2,2,0.0005841121495327102,0.00014353095652189736,0.20095550496981351,0.2047016274864376,9.626196676500348e-06,9.484103127757914e-06,2
PBL,General Bartolome Salom International Airport,Venezuela,2,2,2,0.0005841121495327102,0.0,0.20433114199028846,0.20919058765553777,4.41313371595089e-05,4.4046221183934576e-05,2
PBM,Johan Adolf Pengel International Airport,Suriname,7,7,7,0.0020443925233644858,0.00011446213914834571,0.2799047302449568,0.28648557448962375,0.00301313867336147,0.0030100406518103863,6
PBO,Paraburdoo Airport,Australia,1,1,1,0.0002920560747663551,0.0,0.2306904980636449,0.2352126333287159,0.00012620659925124305,0.0001273943433809766,1
PBU,Putao Airport,Burma,1,1,1,0.0002920560747663551,0.0,0.18496099585753414,0.18840499306518724,2.379042883726914e-06,2.440080843159467e-06,1
PBZ,Plettenberg Bay Airport,South Africa,1,2,2,0.0005841121495327102,0.0,0.2271712764828409,0.2563405797101449,0.0005998724665625636,0.00010325700741568927,2
PCL,Cap FAP David Abenzur Rengifo International Airport,Peru,3,3,3,0.0008761682242990653,0.0,0.2428543015669276,0.24822746875228419,0.00034570707217432403,0.00034673970972529035,3
PCR,German Olano Airport,Colombia,2,2,2,0.0005841121495327102,0.0,0.23887136524429348,0.24461571706403515,0.0003817371463506828,0.0003838336251233598,2
PDA,Obando Airport,Colombia,2,2,2,0.0005841121495327102,0.0,0.23887136524429348,0.24461571706403515,0.0003817371463506828,0.0003838336251233598,2
PDG,Minangkabau International Airport,Indonesia,3,3,3,0.0008761682242990653,4.986800723044819e-06,0.2506067255019371,0.25612791311561955,0.0008130497290260849,0.0008157607380439147,3
PDL,João Paulo II Airport,Portugal,16,17,17,0.004964953271028037,0.0020387771511910847,0.2968967116339891,0.3048200341082488,0.015152616091376001,0.013915087828722545,11
PDP,Capitan Corbeta CA Curbelo International Airport,Uruguay,2,2,2,0.0005841121495327102,0.0,0.20508829790181374,0.20929372611857514,4.0659116246855496e-05,4.1101557646536124e-05,2
PDS,Piedras Negras International Airport,Mexico,1,1,1,0.0002920560747663551,0.0,0.25049330313239554,0.2560699743628412,0.0005759928162136648,0.00058262485326491,1
PDT,Eastern Oregon Regional At Pendleton Airport,United States,1,1,1,0.0002920560747663551,0.0,0.24219894388638086,0.248118652736173,0.0003929676956990589,0.0003960725201607759,1
PDV,Plovdiv International Airport,Bulgaria,2,2,2,0.0005841121495327102,0.0,0.22894103547922565,0.2336911643270025,0.0014817191182637808,0.001505614387412432,2
PDX,Portland International Airport,United States,57,57,58,0.016939252336448597,0.002839706657392705,0.3211595473526275,0.3299650213758259,0.02744927246345578,0.0274414580697937,27
PEC,?,?,1,1,2,0.0005841121495327102,0.0002876193479513243,0.20686412007887423,0.21124657875093306,1.1214346875193245e-05,1.1297567910494902e-05,2
PED,Pardubice Airport,Czech Republic,2,2,2,0.0005841121495327102,0.0,0.2546813190908941,0.2597720492618374,0.002028110772379177,0.0020608401151971474,2
PEE,Bolshoye Savino Airport,Russia,5,5,5,0.0014602803738317756,2.660597040275914e-07,0.26771926149840114,0.2736723345958578,0.004938872311271266,0.004977343167296859,5
PEG,Perugia San Francesco d'Assisi – Umbria International Airport,Italy,5,5,5,0.0014602803738317756,2.4862227194626544e-07,0.24158225808425493,0.24660518480865587,0.003234135740276142,0.0032940176427264096,5
PEI,Matecaña International Airport,Colombia,4,4,4,0.0011682242990654205,1.1023124688657702e-05,0.24745079877989332,0.25305514157973175,0.0008484447515602506,0.0008525271216288298,3
PEK,Beijing Capital International Airport,China,206,206,207,0.06045560747663551,0.04916747207746971,0.3695926232193843,0.37889099631819706,0.08358078283055628,0.08378502809278496,30
PEM,Padre Aldamiz International Airport,Peru,2,2,2,0.0005841121495327102,0.0,0.24283654256864118,0.248209326121912,0.00033473330904639035,0.00033563142836281616,2
PEN,Penang International Airport,Malaysia,20,20,20,0.005841121495327103,0.00019082635893529344,0.2782629227104213,0.28418410041841,0.005099427151224546,0.005149636297171627,10
PER,Perth International Airport,Australia,38,38,38,0.011098130841121495,0.007863608652592929,0.3012327394435929,0.30752512904102147,0.008815684768619061,0.008826380194350348,16
PES,Petrozavodsk Airport,Russia,1,1,1,0.0002920560747663551,0.0,0.2499841704024517,0.25464907018596283,0.0010883570352199666,0.0011063760351434418,1
PET,João Simões Lopes Neto International Airport,Brazil,2,2,2,0.0005841121495327102,0.0002876193479513243,0.21151526876599797,0.2194507269789984,7.198008319379006e-05,5.85683095897067e-05,2
PEU,Puerto Lempira Airport,Honduras,2,2,2,0.0005841121495327102,0.0,0.21445203226517068,0.2189696305371075,6.987744051890821e-05,7.012855332973674e-05,2
PEW,Peshawar International Airport,Pakistan,17,17,17,0.004964953271028037,0.0010271012033786584,0.2853892849455284,0.29152716971413856,0.007986578224989964,0.007938558230796323,13
PEZ,Penza Airport,Russia,1,1,1,0.0002920560747663551,0.0,0.2499841704024517,0.25464907018596283,0.0010883570352199666,0.0011063760351434418,1
PFB,Lauro Kurtz Airport,Brazil,4,4,4,0.0011682242990654205,0.00033984685448839084,0.2539800932792481,0.2594545037818015,0.0008015613996754491,0.0007966474970264795,3
PFO,Paphos International Airport,Cyprus,25,25,25,0.007301401869158878,7.140835108516015e-05,0.2889653428146683,0.2958445857653106,0.021952845364299055,0.022164478897921645,22
PFQ,Parsabade Moghan Airport,Iran,1,1,1,0.0002920560747663551,0.0,0.20201908502410076,0.20618055977171998,2.396139303030665e-05,2.0049964715239375e-05,1
PGA,Page Municipal Airport,United States,4,4,4,0.0011682242990654205,0.0005803597951520587,0.2518229862460126,0.25742874469375376,0.0012582959480945243,0.0012734732130178894,2
PGD,Charlotte County Airport,United States,17,18,18,0.005257009345794392,1.3510029353490612e-05,0.23856247985820175,0.24375538329026702,0.001784539839209489,0.0017741840632913878,9
PGF,Perpignan-Rivesaltes (Llabanère) Airport,France,5,5,5,0.0014602803738317756,5.480368507390983e-07,0.255799547036371,0.2611303344867359,0.005113593631670901,0.005200954778474247,5
PGK,Pangkal Pinang (Depati Amir) Airport,Indonesia,4,4,4,0.0011682242990654205,3.2991045547665003e-07,0.23418827359846037,0.2392054659435092,0.0002941185841344658,0.0002948543720401115,3
PGU,Persian Gulf International Airport,Iran,5,5,5,0.0014602803738317756,2.8440556506607763e-08,0.22251338244613833,0.2269901744535793,0.0002667943780707143,0.00024979909368321574,5
PGV,Pitt Greenville Airport,United States,1,1,1,0.0002920560747663551,0.0,0.249196286929774,0.2546108861898336,0.000815040739533559,0.0008216627777569799,1
PGX,Périgueux-Bassillac Airport,France,2,2,2,0.0005841121495327102,2.6720221343191222e-06,0.23899170346356013,0.24380788283437432,0.0010158559353362724,0.001030571289120757,2
PHB,Prefeito Doutor João Silva Filho Airport,Brazil,2,2,2,0.0005841121495327102,0.0,0.2162535634036317,0.2209067846223899,8.582524148009268e-05,8.751603566028215e-05,2
PHC,Port Harcourt International Airport,Nigeria,2,2,2,0.0005841121495327102,0.0,0.23900890453621476,0.2438954323470267,0.0005367454723331632,0.000524854424694678,2
PHE,Port Hedland International Airport,Australia,6,5,6,0.0017523364485981306,9.967018536680832e-07,0.2486737846058236,0.25365999402449957,0.0006379013556898457,0.0006454798115595203,6
PHF,Newport News Williamsburg International Airport,United States,5,5,5,0.0014602803738317756,6.742576513514486e-06,0.2725756972524147,0.2785433070866142,0.0037916630703959263,0.003813286577227344,5
PHL,Philadelphia International Airport,United States,121,122,123,0.03592289719626168,0.006509941926694647,0.3376845352477291,0.34554334554334554,0.07009139206055912,0.07015253188137627,30
PHO,?,?,3,3,4,0.0011682242990654205,0.00029087579167133093,0.18376347294705153,0.18763467594894745,1.508238930776639e-06,1.5262416748015317e-06,2
PHS,Phitsanulok Airport,Thailand,2,2,2,0.0005841121495327102,0.0,0.22217098545702604,0.22646038943718325,0.00023082253469378954,0.00023501005131089988,2
PHW,Hendrik Van Eck Airport,South Africa,1,1,1,0.0002920560747663551,0.0,0.25100451395511475,0.2563018867924528,0.0004802986617177679,0.0004804980485209108,1
PHX,Phoenix Sky Harbor International Airport,United States,91,91,91,0.026577102803738317,0.004873385121470065,0.3208492482730597,0.3284968078932095,0.0379370715196631,0.038179095544704056,30
PIA,General Wayne A. Downing Peoria International Airport,United States,10,10,10,0.0029205607476635513,6.386837806782759e-05,0.28182888225631575,0.2892921032455916,0.006368271291746322,0.006435704487717317,9
PIB,Hattiesburg Laurel Regional Airport,United States,1,1,1,0.0002920560747663551,0.0,0.2623885682384772,0.26799242424242425,0.0011608011244565834,0.0011723581532111563,1
PIE,St Petersburg Clearwater International Airport,United States,31,31,31,0.009053738317757009,9.569777371451358e-05,0.2289252529729883,0.23506610368934727,0.0025753829851248933,0.0026134193363458883,9
PIH,Pocatello Regional Airport,United States,1,1,1,0.0002920560747663551,0.0,0.24109116593772095,0.2462832692726086,0.00045851167030034457,0.0004633154749654837,1
PIK,Glasgow Prestwick Airport,United Kingdom,21,21,21,0.006133177570093458,1.4779330488636664e-05,0.2650694220646686,0.27055449330783937,0.016429471556847933,0.01660354841506125,17
PIN,Parintins Airport,Brazil,1,1,1,0.0002920560747663551,0.0,0.20897298594337474,0.21345065996228788,4.0273751492918694e-05,4.046885234895834e-05,1
PIP,Pilot Point Airport,United States,1,1,2,0.0005841121495327102,0.0005751533742331288,0.1835501724312496,0.18740687600022074,1.4417799296142721e-06,1.4796190530166003e-06,2
PIR,Pierre Regional Airport,United States,3,3,3,0.0008761682242990653,0.0005799683756997193,0.2515940389140214,0.2571947894577401,0.0007093592732873563,0.0007164479796287599,2
PIS,Poitiers-Biard Airport,France,5,5,5,0.0014602803738317756,7.054524418362174e-07,0.24589335206413684,0.2508679914308931,0.0027580450770428116,0.002796649675107043,5
PIT,Pittsburgh International Airport,United States,37,37,37,0.01080607476635514,4.227792133614843e-05,0.3126920639949311,0.3200452360757704,0.028548314335230276,0.0286410855600369,30
PIU,Capitán FAP Guillermo Concha Iberico International Airport,Peru,1,1,1,0.0002920560747663551,0.0,0.24281878616745892,0.2481911861433896,0.0003294459880853251,0.00033029101316018174,1
PIX,Pico Airport,Portugal,3,2,3,0.0008761682242990653,0.0,0.2501913448072153,0.2555881688868819,0.0015180188281293358,0.0015230167583052243,3
PIZ,Point Lay LRRS Airport,United States,2,2,2,0.0005841121495327102,2.588090642101307e-06,0.18356031836969589,0.18770727393323017,1.6214730138475887e-06,1.5055813563763507e-06,2
PJA,Pajala Airport,Sweden,2,2,2,0.0005841121495327102,3.2222194400392986e-07,0.23014690689764836,0.23493600830162573,0.00043481348386451463,0.0004428807986790018,2
PJG,Panjgur Airport,Pakistan,1,1,1,0.0002920560747663551,0.0,0.2367426904987644,0.24124458336293245,0.0002442177380567608,0.0002469597272583917,1
PJM,Puerto Jimenez Airport,Costa Rica,2,2,2,0.0005841121495327102,0.0,0.23531673183292007,0.24068036853295535,0.00027679894242871344,0.0002795525004537278,2
PKA,Napaskiak Airport,United States,1,1,2,0.0005841121495327102,0.0002880459562989234,0.15504667660968197,0.18786303037008353,1.4478958638491267e-06,2.1114965936156635e-08,2
PKB,Mid Ohio Valley Regional Airport,United States,1,1,1,0.0002920560747663551,0.0,0.2316399078980307,0.23711772098868872,0.00042022259232478133,0.00042531019715409506,1
PKC,Yelizovo Airport,Russia,4,4,4,0.0011682242990654205,4.5004836669796894e-08,0.2644151381181757,0.2700166971455832,0.002670698169438397,0.0027155727881586493,4
PKE,Parkes Airport,Australia,2,2,2,0.0005841121495327102,0.0,0.24700905382521335,0.2540394973070018,0.00027094649840148224,0.000261371392098288,2
PKN,Iskandar Airport,Indonesia,6,6,6,0.0017523364485981306,0.00030809010843587965,0.23423783026212655,0.23925602367197407,0.00037079066119251824,0.0003727172183779043,4
PKR,Pokhara Airport,Nepal,1,1,1,0.0002920560747663551,0.0,0.2299715872317291,0.23454658470888873,0.00019511829503492296,0.00019726593822198737,1
PKU,Sultan Syarif Kasim Ii (Simpang Tiga) Airport,Indonesia,7,7,7,0.0020443925233644858,1.6050192109778498e-05,0.2565901498706667,0.2622191336576326,0.001601009463698013,0.001616882794213862,7
PKY,Tjilik Riwut Airport,Indonesia,2,2,2,0.0005841121495327102,0.0,0.23413873789932793,0.2391549295774648,0.000317187562281384,0.00031815976887098927,2
PKZ,Pakse International Airport,Laos,5,5,5,0.0014602803738317756,2.202509227388929e-06,0.2431387992111706,0.2478108581436077,0.0005581376091224059,0.0005674136944460584,4
PLJ,?,?,5,5,5,0.0014602803738317756,0.001294215964389693,0.2260732330060704,0.23116193587910966,0.00012259481150452245,0.00012300504413091372,3
PLM,Sultan Mahmud Badaruddin II Airport,Indonesia,7,8,8,0.002336448598130841,4.5302212504186056e-05,0.25674885724649515,0.2624014835419564,0.0017138339714411405,0.001726919024942467,6
PLN,Pellston Regional Airport of Emmet County Airport,United States,1,1,1,0.0002920560747663551,0.0,0.2546032139558513,0.26040947780078216,0.0007984274038091698,0.0008061052249647108,1
PLO,Port Lincoln Airport,Australia,1,1,1,0.0002920560747663551,0.0,0.22588869598164535,0.2301592680447306,6.930045239276828e-05,7.027414209324167e-05,1
PLQ,Palanga International Airport,Lithuania,3,3,3,0.0008761682242990653,0.0,0.26187128141520133,0.267233238904627,0.0037356138684269276,0.0037873855208133416,3
PLS,Providenciales Airport,Turks and Caicos Islands,20,20,21,0.006133177570093458,0.0021486790385573536,0.2881129376736221,0.298601951991559,0.012259571417924726,0.011326671040961602,14
PLU,Pampulha - Carlos Drummond de Andrade Airport,Brazil,11,12,12,0.003504672897196261,0.002209017114959168,0.25407725475334114,0.25955365331702845,0.0007909881063742767,0.0007996086696106706,4
PLW,Mutiara Airport,Indonesia,3,4,4,0.0011682242990654205,0.0,0.2343370065363184,0.2394078251674304,0.0003703420917934654,0.0003107817787360773,4
PLX,Semipalatinsk Airport,Kazakhstan,3,3,3,0.0008761682242990653,0.0,0.23992411817254303,0.24489795918367346,0.0006641165567922769,0.000675043446263246,3
PLZ,Port Elizabeth Airport,South Africa,4,4,4,0.0011682242990654205,0.0,0.251080426404519,0.2563792843122452,0.0006468373337310647,0.0006293614606106993,4
PMC,El Tepual Airport,Chile,5,5,5,0.0014602803738317756,0.0005760208112065803,0.24142418899499585,0.24646200740256913,0.00023546532082554495,0.00023404517891325666,3
PMF,Parma Airport,Italy,4,4,4,0.0011682242990654205,1.2916958835491803e-07,0.23008312337186781,0.23478982300884957,0.00195356864276299,0.0019886706199623377,4
PMI,Palma De Mallorca Airport,Spain,126,126,127,0.0370911214953271,0.0036665892420411506,0.3075374809803823,0.3146483832113407,0.08409557464145935,0.08500259810698318,31
PMO,Falcone–Borsellino Airport,Italy,38,39,39,0.01139018691588785,0.00027087733957653897,0.2995480533669645,0.30619421152285636,0.041173979531631884,0.040846323960576636,28
PMR,Palmerston North Airport,New Zealand,5,5,5,0.0014602803738317756,4.2660834759911645e-08,0.23752161645276934,0.24243289548829242,0.00019202030796677447,0.00019462441896886114,4
PMV,Del Caribe Santiago Mariño International Airport,Venezuela,14,14,14,0.0040887850467289715,0.0002471638018831854,0.24344180922411612,0.25031326011645905,0.0010078464260401604,0.0009947114938951174,6
PMW,Brigadeiro Lysias Rodrigues Airport,Brazil,3,3,3,0.0008761682242990653,8.532166951982329e-08,0.2282800384702116,0.2332577786935916,0.00014347381515021661,0.00014534073325579608,3
PMY,El Tehuelche Airport,Argentina,1,1,1,0.0002920560747663551,0.0,0.205037646309346,0.20922925266465406,2.4683569141349352e-05,2.4861952758225746e-05,1
PMZ,Palmar Sur Airport,Costa Rica,2,1,2,0.0005841121495327102,0.0,0.23531673183292007,0.24068036853295535,0.0002768556961713285,0.0002795516598989952,2
PNA,Pamplona Airport,Spain,1,1,1,0.0002920560747663551,0.0,0.26509058191316104,0.27094303494494976,0.0017603715389855313,0.0017789280255083623,1
PND,?,?,2,2,2,0.0005841121495327102,0.0,0.18388558168371272,0.18777992811722422,1.806812590438936e-06,1.8281214165585764e-06,2
PNH,Phnom Penh International Airport,Cambodia,15,15,15,0.004380841121495327,1.8511131388908118e-05,0.2817810538503325,0.28765034728104355,0.007158870230783725,0.007213488172175878,14
PNI,Pohnpei International Airport,Micronesia,3,3,3,0.0008761682242990653,8.862063624523669e-05,0.17967696784039433,0.18328026337093206,1.1606125462792506e-06,1.1829693304727967e-06,2
PNK,Supadio Airport,Indonesia,4,4,4,0.0011682242990654205,0.0002703135438750273,0.23450248708609336,0.23952602623783326,0.0002884387841033108,0.0002892156350096643,3
PNL,Pantelleria Airport,Italy,3,3,3,0.0008761682242990653,2.593220639401038e-07,0.24811638670249314,0.2531117239323247,0.00189574889455317,0.0019211215947977846,3
PNP,Girua Airport,Papua New Guinea,4,4,4,0.0011682242990654205,0.0002884370139508894,0.22057719824816793,0.22515414705297354,5.361694826159009e-05,5.456668308491037e-05,2
PNQ,Pune Airport,India,13,12,13,0.0037967289719626164,2.165983587720311e-05,0.28914146448638817,0.29471491799010674,0.005257801331989267,0.005278643114862829,11
PNR,Pointe Noire Airport,Congo (Brazzaville),9,9,9,0.002628504672897196,0.0005827724393640515,0.285364760645026,0.2915772301880313,0.004588596222061859,0.0045436316335974464,8
PNS,Pensacola Regional Airport,United States,11,11,11,0.0032126168224299065,3.612417431102748e-07,0.28548742431449176,0.29339092872570194,0.008417792685448532,0.008451003041876426,11
PNZ,Senador Nilo Coelho Airport,Brazil,4,4,5,0.0014602803738317756,3.2448832860213514e-06,0.23364453103680913,0.2394078251674304,0.00040513497009645973,0.0003424895019412816,4
POA,Salgado Filho Airport,Brazil,26,27,29,0.008469626168224298,0.004342398075963724,0.2693260113241012,0.2811025577352868,0.0049559164516951235,0.004056997031694357,9
POG,Port Gentil Airport,Gabon,1,1,1,0.0002920560747663551,0.0,0.221267971723492,0.22576785001994415,6.569099732161104e-05,6.557988124047281e-05,1
POI,Capitan Nicolas Rojas Airport,Bolivia,1,1,1,0.0002920560747663551,0.0,0.2040047745193616,0.2083563408798086,2.493263033126509e-05,2.4607831067129987e-05,1
POJ,Patos de Minas Airport,Brazil,2,1,2,0.0005841121495327102,0.00028804595629892347,0.20200679601108146,0.20609297244811264,1.1488367541515781e-05,1.1707617795472835e-05,2
POL,Pemba Airport,Mozambique,6,6,6,0.0017523364485981306,2.8744745929531415e-06,0.2536115564095134,0.2592564317886862,0.0011037267601065922,0.001032906522038682,4
POM,Port Moresby Jacksons International Airport,Papua New Guinea,34,35,35,0.01022196261682243,0.01600876152487161,0.2840709768713574,0.2904301718977166,0.0035827824002574843,0.0036152882373006734,9
POP,Gregorio Luperon International Airport,Dominican Republic,11,14,16,0.004672897196261682,3.9332952448373157e-05,0.2996021038998708,0.30733031674208144,0.016449231977498865,0.015255687071438996,13
POR,Pori Airport,Finland,3,3,3,0.0008761682242990653,4.6906856206212925e-06,0.2600054587868907,0.26562377786468516,0.0024775870398022768,0.0025203661543923817,2
POS,Piarco International Airport,Trinidad and Tobago,21,21,21,0.006133177570093458,0.0005291271702476392,0.29045654855472475,0.29763365468886943,0.010517279698968917,0.010535886132707247,12
POZ,Poznań-Ławica Airport,Poland,19,19,19,0.005549065420560747,2.859991217205945e-05,0.28853851069825076,0.29474049644159,0.019236584324549406,0.019506529417334592,18
PPB,Presidente Prudente Airport,Brazil,2,2,2,0.0005841121495327102,2.9807890954040826e-08,0.20543085181726992,0.2095649490897871,5.522096598494214e-05,5.600978674777158e-05,2
PPG,Pago Pago International Airport,American Samoa,1,1,1,0.0002920560747663551,0.0,0.24649567396275,0.2521345311455936,0.0003279121710317353,0.0003295924002450165,1
PPK,Petropavlosk South Airport,Kazakhstan,2,2,2,0.0005841121495327102,0.0,0.23988945457098665,0.24486264330521307,0.0006384735488078714,0.0006487588299772012,2
PPN,Guillermo León Valencia Airport,Colombia,1,1,1,0.0002920560747663551,0.0,0.2388370051514793,0.24458048253510983,0.00037611674029137406,0.0003781347983375107,1
PPP,Proserpine Whitsunday Coast Airport,Australia,2,2,2,0.0005841121495327102,0.0,0.2500782980364612,0.255012390177968,0.00041523819978287943,0.0004070927435572505,2
PPQ,Paraparaumu Airport,New Zealand,2,2,2,0.0005841121495327102,0.0,0.23743670238997341,0.24234639263540997,0.00017463128583399727,0.00017704552443492514,2
PPS,Puerto Princesa Airport,Philippines,5,5,5,0.0014602803738317756,1.0324722287298154e-06,0.24527584900112034,0.25025792188651436,0.0005526738459462136,0.0005605756134355547,5
PPT,Faa'a International Airport,French Polynesia,29,28,32,0.009345794392523364,0.016776157751226893,0.2873898502489111,0.29397506925207756,0.0025422932863292816,0.002563325618156329,5
PPV,?,?,1,1,2,0.0005841121495327102,0.00028804595629892347,0.1699395997966413,0.20961669032775754,9.792197550754218e-06,1.422763806676297e-07,2
PPW,Papa Westray Airport,United Kingdom,3,3,3,0.0008761682242990653,8.532166951982329e-08,0.19585902209532105,0.19988228369629193,3.43292096197112e-05,3.4830749933226714e-05,2
PQC,Phu Quoc International Airport,Vietnam,3,3,3,0.0008761682242990653,1.9208039986936855e-06,0.24303203451596664,0.24770240700218818,0.0006058487190646667,0.0006164099701774701,2
PQI,Northern Maine Regional Airport at Presque Isle,United States,1,1,1,0.0002920560747663551,0.0,0.25429127189112244,0.25979192166462667,0.000859486101437896,0.0008682246149294949,1
PQM,Palenque International Airport,Mexico,1,1,1,0.0002920560747663551,0.0,0.25049330313239554,0.2560699743628412,0.0005759928162136648,0.00058262485326491,1
PQQ,Port Macquarie Airport,Australia,3,3,3,0.0008761682242990653,0.0,0.25009713207005335,0.2550315410033043,0.0004212691489437329,0.0004130545090235989,3
PQS,?,?,3,2,3,0.0008761682242990653,0.00010146168533732318,0.18404864599158502,0.18790460908537598,1.4691181969429389e-06,1.5054170609739054e-06,2
PRA,General Urquiza Airport,Argentina,1,1,1,0.0002920560747663551,0.0,0.205037646309346,0.20922925266465406,2.4683569141349352e-05,2.4861952758225746e-05,1
PRC,Ernest A. Love Field,United States,1,1,1,0.0002920560747663551,0.0,0.2737215396988269,0.2799901063566658,0.0010812947621323793,0.0010945466320744159,1
PRG,Václav Havel Airport Prague,Czech Republic,94,94,94,0.027453271028037383,0.0013889452548522425,0.32451770933510876,0.33173781381264045,0.09026837110697988,0.0913435137561888,31
PRH,Phrae Airport,Thailand,1,1,1,0.0002920560747663551,0.0,0.21528620548629937,0.21970628194345604,0.00010243650143145599,0.00010462235751648968,1
PRI,Praslin Airport,Seychelles,1,1,1,0.0002920560747663551,0.0,0.22754486224655118,0.2318405243036592,9.886361050669417e-05,9.904729651839815e-05,1
PRN,Priština International Airport,Serbia,17,17,17,0.004964953271028037,6.226595809752312e-07,0.29193755776933344,0.29789473684210527,0.023312228563699095,0.023595536267312468,17
PSA,Pisa International Airport,Italy,65,65,65,0.018983644859813083,0.0004967091321003082,0.30326846754576875,0.310363736062877,0.05527546616929153,0.05594267407482528,31
PSC,Tri Cities Airport,United States,8,8,8,0.002336448598130841,1.215924695417363e-05,0.2705327673829872,0.2765472312703583,0.004512354477624814,0.004563077482295152,8
PSE,Mercedita Airport,Puerto Rico,2,2,2,0.0005841121495327102,0.0,0.2745588854589639,0.28075396825396826,0.0022093632834831738,0.0022248247876360244,2
PSG,Petersburg James A Johnson Airport,United States,2,2,2,0.0005841121495327102,7.983467358236978e-06,0.20687700720322502,0.2112597200622084,1.1194274541223908e-05,1.1442227958704063e-05,2
PSJ,Kasiguncu Airport,Indonesia,1,1,1,0.0002920560747663551,0.0,0.20421805052740719,0.20840748695918992,2.6652502705217248e-05,2.7142299486010036e-05,1
PSM,Portsmouth International at Pease Airport,United States,1,1,1,0.0002920560747663551,0.0,0.21935330732717934,0.22839464658013317,0.00011319517419979551,0.00010063681746344682,1
PSO,Antonio Narino Airport,Colombia,2,2,2,0.0005841121495327102,0.0,0.23890573522490416,0.24465096174627188,0.00044265726640965584,0.000444372516540169,2
PSP,Palm Springs International Airport,United States,17,17,17,0.004964953271028037,7.631582117072499e-06,0.29219443199526335,0.2988910403098046,0.010745854772934072,0.01086900716969646,16
PSR,Pescara International Airport,Italy,9,9,9,0.002628504672897196,3.9512745557561876e-07,0.2358850489860895,0.24064625850340135,0.004951291435056603,0.0050220349295971535,9
PSS,Libertador Gral D Jose De San Martin Airport,Argentina,1,1,1,0.0002920560747663551,0.0,0.205037646309346,0.20922925266465406,2.4683569141349352e-05,2.4861952758225746e-05,1
PTG,Polokwane International Airport,South Africa,1,1,1,0.0002920560747663551,0.0,0.25100451395511475,0.2563018867924528,0.0004802986617177679,0.0004804980485209108,1
PTH,Port Heiden Airport,United States,1,1,2,0.0005841121495327102,0.000576006590928327,0.1337410277739093,0.18740687600022074,1.4417799296142721e-06,3.082371840303172e-10,2
PTJ,Portland Airport,Australia,0,1,1,0.0002920560747663551,0.0,0.0,0.14473235594953973,1.8164554104555023e-09,,1
PTP,Pointe-à-Pitre Le Raizet,Guadeloupe,13,12,13,0.0037967289719626164,0.0006410680608765475,0.29273534199807544,0.29949731016844516,0.006410436267143728,0.006322094956172686,9
PTU,Platinum Airport,United States,1,1,2,0.0005841121495327102,0.0002880459562989234,0.15504667660968197,0.18786303037008353,1.4478958638482364e-06,2.1114965936156635e-08,2
PTY,Tocumen International Airport,Panama,72,72,72,0.02102803738317757,0.006890175089517527,0.32665647448614676,0.3348451981857622,0.0314892854818387,0.03135723018917591,23
PUB,Pueblo Memorial Airport,United States,1,1,1,0.0002920560747663551,0.0,0.25151781561964465,0.2571168988491823,0.0006991876764882943,0.0007060918994832925,1
PUE,Puerto Obaldia Airport,Panama,1,1,1,0.0002920560747663551,0.0,0.15961498291882567,0.16294021686978216,1.1300023190876238e-07,1.1486660439540502e-07,1
PUF,Pau Pyrénées Airport,France,4,4,4,0.0011682242990654205,2.28707763651829e-07,0.28187672690146576,0.28799185888738127,0.005068991642667477,0.00513193339884761,4
PUG,Port Augusta Airport,Australia,1,1,1,0.0002920560747663551,0.0,0.22588869598164535,0.2301592680447306,6.930045239276828e-05,7.027414209324167e-05,1
PUJ,Punta Cana International Airport,Dominican Republic,43,46,48,0.014018691588785045,0.001958858528356498,0.32451770933510876,0.3331371394938199,0.04429210792924334,0.04141239832382865,30
PUM,?,?,1,1,1,0.0002920560747663551,0.0,0.20421805052740719,0.20840748695918992,2.6652502705217248e-05,2.7142299486010036e-05,1
PUQ,Pdte. Carlos Ibañez del Campo Airport,Chile,4,4,5,0.0014602803738317756,0.000365779834708752,0.24142418899499585,0.2465156794425087,0.00023263994491256514,0.0002307198432429458,3
PUS,Gimhae International Airport,South Korea,36,36,36,0.010514018691588784,0.00012791718109105804,0.2880379668337382,0.2943062657076003,0.011393351177830828,0.011529155905797922,23
PUU,Tres De Mayo Airport,Colombia,3,3,3,0.0008761682242990653,0.0005756653042502478,0.2389401150975801,0.24468621658620937,0.000442748008470999,0.00044446510838245943,2
PUW,Pullman Moscow Regional Airport,United States,2,2,2,0.0005841121495327102,0.0,0.25856806973652324,0.26430072379173475,0.0006791030954170074,0.0006885190132420303,2
PUY,Pula Airport,Croatia,13,14,14,0.0040887850467289715,2.7870408637443818e-05,0.2909655410169253,0.29719086374376474,0.01411890922334787,0.013830608252238804,14
PVA,El Embrujo Airport,Colombia,1,1,1,0.0002920560747663551,0.0,0.19783091383451495,0.20202260559190957,1.563526117788314e-05,1.5830334100067032e-05,1
PVC,Provincetown Municipal Airport,United States,1,1,1,0.0002920560747663551,0.0,0.25429127189112244,0.25979192166462667,0.000859486101437896,0.0008682246149294949,1
PVD,Theodore Francis Green State Airport,United States,17,17,19,0.005549065420560747,7.968444663251214e-07,0.2839738087588651,0.2913520933424846,0.013327679155476767,0.012500322755420436,19
PVE,?,?,1,1,2,0.0005841121495327102,0.00028778999129036397,0.15969431623254035,0.16295585412667946,1.1302339627320289e-07,,1
PVG,Shanghai Pudong International Airport,China,153,152,154,0.04497663551401869,0.02211893343008635,0.35672894184404,0.36488664446115826,0.058926039932495185,0.0592169918298862,28
PVH,Governador Jorge Teixeira de Oliveira Airport,Brazil,4,4,4,0.0011682242990654205,6.3848495320519375e-06,0.22876754750800277,0.23378769103676167,0.00018384732964080535,0.00018591025846455264,3
PVK,Aktion National Airport,Greece,9,9,9,0.002628504672897196,6.544271510045071e-05,0.28259635091704266,0.28921819110884006,0.011756325375831819,0.011819489066286992,7
PVR,Licenciado Gustavo Díaz Ordaz International Airport,Mexico,21,21,21,0.006133177570093458,7.941668611211328e-05,0.29930506711366994,0.3063875857091303,0.013302332750819776,0.013419956420603616,18
PVU,Provo Municipal Airport,United States,3,3,3,0.0008761682242990653,1.3573665189485713e-05,0.27464971628700424,0.2809397749834547,0.0013307008701646157,0.001340781683678333,3
PWE,Pevek Airport,Russia,1,1,1,0.0002920560747663551,0.0,0.24710095391220838,0.2523781212841855,0.000581550559378409,0.0005884916918417262,1
PWM,Portland International Jetport Airport,United States,12,2,12,0.003504672897196261,3.545285936887451e-08,0.29201457260166797,0.299338915821948,0.0115292358500403,0.011606660456022202,12
PWQ,Pavlodar Airport,Kazakhstan,3,3,3,0.0008761682242990653,0.0,0.2532054685189606,0.25830988058112114,0.0017268305840278386,0.0017551348651206429,3
PXM,Puerto Escondido International Airport,Mexico,1,1,1,0.0002920560747663551,0.0,0.25049330313239554,0.2560699743628412,0.0005759928162136648,0.00058262485326491,1
PXO,Porto Santo Airport,Portugal,1,1,1,0.0002920560747663551,0.0,0.2500594668393199,0.2554920252783629,0.0012681581732972372,0.0012887039235135035,1
PXU,Pleiku Airport,Vietnam,3,3,3,0.0008761682242990653,0.0,0.24324565775169707,0.24791940429259746,0.000690917533888228,0.0007029178843725847,3
PYC,?,?,1,1,2,0.0005841121495327102,0.0002876193479513243,0.1596226552406349,0.1629480351230747,1.14641455317888e-07,1.1486660439540502e-07,2
PYH,Cacique Aramare Airport,Venezuela,1,1,1,0.0002920560747663551,0.0,0.23613665075916718,0.24182866908780176,0.0003117141210097452,0.0003149355984061097,1
PYJ,Polyarny Airport,Russia,4,4,4,0.0011682242990654205,0.0,0.25230130068577483,0.2571753123816736,0.0015311495329596093,0.001556330866099245,4
PYY,Mae Hong Son Airport,Thailand,1,1,1,0.0002920560747663551,0.0,0.22062116128263143,0.2248708780294001,0.00012838603326233362,0.0001303876937944102,1
PZB,Pietermaritzburg Airport,South Africa,1,1,1,0.0002920560747663551,0.0,0.25100451395511475,0.2563018867924528,0.0004802986617177679,0.0004804980485209108,1
PZH,Zhob Airport,Pakistan,2,2,2,0.0005841121495327102,4.61874770586099e-07,0.1992194924486273,0.20285526551579952,2.3250981086844495e-05,2.2504443404857285e-05,2
PZI,Bao'anying Airport,China,2,2,2,0.0005841121495327102,0.0,0.24168775252009958,0.246641005156511,0.0006499401330957956,0.0006622974649574283,2
PZO,General Manuel Carlos Piar International Airport,Venezuela,6,6,6,0.0017523364485981306,0.0011521400307883322,0.23799825984563666,0.2437203961532941,0.0004095139453210967,0.0004129087698581329,4
PZU,Port Sudan New International Airport,Sudan,4,3,4,0.0011682242990654205,0.0,0.27782060734762554,0.28392274893403563,0.0031719544929712587,0.00316200862523607,4
QBC,Bella Coola Airport,Canada,1,2,2,0.0005841121495327102,0.0002876193479513243,0.2532054685189606,0.25897963852665296,0.0005495499799031965,0.0005471770723906561,2
QFG,Eqalugaarsuit Heliport,Greenland,1,1,2,0.0005841121495327102,0.0002876193479513243,0.14712638871233744,0.14985438178448504,6.57399482348072e-09,6.71107199734078e-09,2
QFN,?,?,1,1,2,0.0005841121495327102,0.0005760065909283271,0.10164334485097389,0.1303746928746929,9.554049364672559e-11,2.0769906162533232e-14,2
QFX,?,?,1,0,1,0.0002920560747663551,0.0,0.14713543983750907,0.14979489215297076,6.473217410018553e-09,,1
QJH,?,?,1,1,1,0.0002920560747663551,0.0,0.14711987061962467,0.14984776949212372,6.4798805763723865e-09,6.71107199734078e-09,1
QOQ,?,?,1,1,2,0.0005841121495327102,0.00028804595629892347,0.1280131729550198,0.14985438178448504,6.573994823399726e-09,9.68633320869753e-11,2
QOW,Sam Mbakwe International Airport,Nigeria,2,2,2,0.0005841121495327102,0.0,0.23900890453621476,0.2438954323470267,0.0005367454723331632,0.000524854424694678,2
QRO,Querétaro Intercontinental Airport,Mexico,5,5,5,0.0014602803738317756,9.363949209677083e-07,0.2709079555903221,0.2779278173336607,0.0027556651527165382,0.002705014715646652,5
QRW,Warri Airport,Nigeria,2,2,2,0.0005841121495327102,0.0,0.23900890453621476,0.2438954323470267,0.0005367454723331632,0.000524854424694678,2
QSF,Ain Arnat Airport,Algeria,5,5,5,0.0014602803738317756,0.0,0.2508907313105295,0.2563212317910786,0.003524892390930994,0.0035811470887270633,5
QUB,?,?,1,1,1,0.0002920560747663551,0.0,0.23125276599068026,0.23601362151643618,0.00024706549629755777,0.0002506785253241909,1
QUO,Akwa Ibom International Airport,Nigeria,1,1,1,0.0002920560747663551,0.0,0.2388370051514793,0.24373788846623126,0.0004040198198436891,0.0003919289998919736,1
QUV,?,?,1,1,2,0.0005841121495327102,0.0005755799825807279,0.11332979727070398,0.11534934275330322,2.7355422936252704e-12,1.4390206729968402e-12,2
QUW,?,?,2,2,2,0.0005841121495327102,0.0,0.1471459464563173,0.14987422216337878,6.575381907026105e-09,6.810773000641693e-09,2
RAB,Tokua Airport,Papua New Guinea,8,8,8,0.002336448598130841,2.0391971103651467e-05,0.2219334170705185,0.22653592155293176,0.00010523371151161182,0.00010706192411876277,4
RAE,Arar Domestic Airport,Saudi Arabia,2,2,2,0.0005841121495327102,0.0,0.25357282526161945,0.25969259004358797,0.0012388226174460328,0.00122829206604859,2
RAH,Rafha Domestic Airport,Saudi Arabia,1,1,1,0.0002920560747663551,0.0,0.24500440605180523,0.2497609766860337,0.0005663067964345244,0.0005717011908778065,1
RAI,Praia International Airport,Cape Verde,15,15,15,0.004380841121495327,0.001279304622566778,0.2889150617388349,0.29509906152241916,0.007418997801270053,0.007294798509990453,9
RAJ,Rajkot Airport,India,1,1,1,0.0002920560747663551,0.0,0.24542086465347485,0.2506828080017716,0.0005616565962610849,0.0005646133186782118,1
RAK,Menara Airport,Morocco,48,49,49,0.0143107476635514,0.0003946664373938242,0.2976684940503916,0.3047106325706595,0.04842322587214866,0.04859087589588305,31
RAO,Leite Lopes Airport,Brazil,12,12,12,0.003504672897196261,1.1145547822948055e-05,0.25448614603618425,0.2600505398575695,0.0014376753928442667,0.0014523986002242016,8
RAP,Rapid City Regional Airport,United States,7,7,7,0.0020443925233644858,1.0727368727873849e-05,0.27854300617565575,0.2858345257133238,0.004805137157403722,0.004857228711474741,7
RAR,Rarotonga International Airport,Cook Islands,9,9,9,0.002628504672897196,0.002910021989211905,0.28387670709746693,0.2903308540651449,0.0015373167473139598,0.0015437984091521979,4
RAS,Sardar-e-Jangal Airport,Iran,7,7,8,0.002336448598130841,1.080975088118254e-05,0.253534105941836,0.25909819180590526,0.0012424185651451636,0.0009748117439579791,7
RBA,Rabat-Salé Airport,Morocco,9,9,9,0.002628504672897196,5.956346091510466e-06,0.28706688447667433,0.2933149075833477,0.009454527359895418,0.009528457648108274,9
RBQ,Rurenabaque Airport,Bolivia,2,2,2,0.0005841121495327102,0.0,0.20405491702262307,0.20839469808541974,2.5468699962153957e-05,2.514351175867817e-05,2
RBR,Plácido de Castro Airport,Brazil,3,3,3,0.0008761682242990653,0.0005756653042502478,0.228295732134344,0.2332738013463388,0.00012439308475378639,0.00012590186465228755,2
RBV,Ramata Airport,Solomon Islands,2,2,3,0.0008761682242990653,2.8440556506607763e-08,0.19598617325461332,0.1995885982956215,3.971138018574967e-06,3.975448868352617e-06,3
RBY,Ruby Airport,United States,4,3,4,0.0011682242990654205,5.763763181629131e-05,0.20716093073151393,0.21154924313212484,1.1310725153516299e-05,1.1540903580387009e-05,3
RCB,Richards Bay Airport,South Africa,1,1,1,0.0002920560747663551,0.0,0.25100451395511475,0.2563018867924528,0.0004802986617177679,0.0004804980485209108,1
RCE,?,?,2,2,2,0.0005841121495327102,0.0008666975189823653,0.0008944217289719625,0.17315929023047114,1.3561916938116975e-07,,1
RCH,Almirante Padilla Airport,Colombia,1,1,1,0.0002920560747663551,0.0,0.2388370051514793,0.24458048253510983,0.00037611674029137406,0.0003781347983375107,1
RCM,Richmond Airport,Australia,1,1,1,0.0002920560747663551,0.0,0.16307158316765707,0.16599051762060707,6.09187226477344e-08,6.266967247689549e-08,1
RCY,Rum Cay Airport,Bahamas,1,1,1,0.0002920560747663551,0.0,0.23238556470442046,0.2381820732220508,0.0002712771007213613,0.0002750654129826663,1
RDC,Redenção Airport,Brazil,1,1,2,0.0005841121495327102,0.0005755799825807279,0.18557719284280744,0.18947720805668694,2.3405448599015163e-06,,1
RDD,Redding Municipal Airport,United States,1,1,1,0.0002920560747663551,0.0,0.2609247835017025,0.26658293429625557,0.0008459243159299447,0.0008542377064061545,1
RDM,Roberts Field,United States,6,6,6,0.0017523364485981306,0.0,0.27922220799009234,0.2856421902599041,0.004139055740649749,0.004184465744608265,6
RDN,LTS Pulau Redang Airport,Malaysia,2,2,2,0.0005841121495327102,0.0,0.25507256468439726,0.2606493207460281,0.0007385573197696407,0.0007507521343170068,2
RDU,Raleigh Durham International Airport,United States,39,39,39,0.01139018691588785,5.4501383364895166e-05,0.31032517705131935,0.3175018698578908,0.028544365614103593,0.028694690739847158,30
RDV,?,?,1,1,2,0.0005841121495327102,0.0,0.13377335319151498,0.15790207839308132,2.1549422147858424e-08,3.0856071605963894e-10,2
RDZ,Rodez-Marcillac Airport,France,4,4,4,0.0011682242990654205,4.936333196470832e-07,0.2557207546300761,0.26105004227842266,0.004339371907540343,0.004413543898904415,4
REC,Guararapes - Gilberto Freyre International Airport,Brazil,18,18,18,0.005257009345794392,0.0008811899697095557,0.2929419301011087,0.2998940303779583,0.006646791985362104,0.00667005134588405,9
REG,Reggio Calabria Airport,Italy,4,4,4,0.0011682242990654205,2.610099364397551e-08,0.2679136522489849,0.27402565964657466,0.004070877085292102,0.004119338569005779,4
REL,Almirante Marco Andres Zar Airport,Argentina,5,6,7,0.0020443925233644858,0.00048095229896916283,0.23904331411072333,0.24518085336798787,0.00040344043202766443,0.0003983682294284527,4
REN,Orenburg Central Airport,Russia,6,6,6,0.0017523364485981306,1.603017646782999e-05,0.2649425338779455,0.2705113907917795,0.003692880244106979,0.0037524869271370388,6
REP,Siem Reap International Airport,Cambodia,20,20,20,0.005841121495327103,0.0007161117255875103,0.2848751582419291,0.2906787640160918,0.008815901243112332,0.008890402824318253,15
RES,Resistencia International Airport,Argentina,1,1,1,0.0002920560747663551,0.0,0.205037646309346,0.20922925266465406,2.4683569141349352e-05,2.4861952758225746e-05,1
RET,Røst Airport,Norway,2,2,2,0.0005841121495327102,0.0,0.1964266958255157,0.2003185276942134,3.239923491069735e-05,3.269282004968939e-05,2
REU,Reus Air Base,Spain,16,16,16,0.004672897196261682,2.8312969630771287e-06,0.26664442906906766,0.2725959222989244,0.014137355089133219,0.014303170574730096,16
REX,General Lucio Blanco International Airport,Mexico,5,5,5,0.0014602803738317756,1.964547894322374e-06,0.2549746406346874,0.26084952761348795,0.0015197525487083807,0.0014721732434413012,4
RFD,Chicago Rockford International Airport,United States,5,5,5,0.0014602803738317756,7.917172095564142e-06,0.2540383812443519,0.2598913293028239,0.0009400180937671807,0.0009402947177595997,5
RFP,Raiatea Airport,French Polynesia,5,4,5,0.0014602803738317756,8.532166951982329e-08,0.22254320597950464,0.22726360168640836,3.859064928157472e-05,3.922236372359788e-05,4
RGA,Hermes Quijada International Airport,Argentina,2,2,2,0.0005841121495327102,0.0,0.20507563265770198,0.20926793196943555,2.5180686112317103e-05,2.5282140068982898e-05,2
RGI,Rangiroa Airport,French Polynesia,6,5,6,0.0017523364485981306,6.399125213986747e-07,0.22255812074433134,0.22727881140409584,3.909583524216962e-05,3.974873314411319e-05,3
RGK,Gorno-Altaysk Airport,Russia,1,1,1,0.0002920560747663551,0.0,0.2499841704024517,0.25464907018596283,0.0010883570352199666,0.0011063760351434418,1
RGL,Piloto Civil N. Fernández Airport,Argentina,4,5,6,0.0017523364485981306,0.0002914571389307687,0.2051516475953647,0.2094098785225381,3.4724226270166396e-05,2.9112225704017527e-05,3
RGN,Yangon International Airport,Burma,29,28,29,0.008469626168224298,0.006799330397117923,0.29610251623951567,0.3021890016017085,0.010179787925859244,0.010264193658590432,17
RGS,Burgos Airport,Spain,1,1,1,0.0002920560747663551,0.0,0.255740448180683,0.2608294930875576,0.0018343825959267462,0.0018684836787485066,1
RHD,Termas de Río Hondo international Airport,Argentina,1,1,1,0.0002920560747663551,0.0,0.205037646309346,0.20922925266465406,2.4683569141349352e-05,2.4861952758225746e-05,1
RHI,Rhinelander Oneida County Airport,United States,2,2,2,0.0005841121495327102,0.0,0.2505500014807732,0.2564567285908473,0.0007002121934484653,0.0007070332094804534,2
RHO,Diagoras Airport,Greece,50,47,51,0.01489485981308411,0.0010859848304109532,0.29873962932945014,0.30597351112712856,0.04453198945350945,0.04423561756267762,31
RIA,Santa Maria Airport,Brazil,3,3,3,0.0008761682242990653,0.0007193896565563903,0.21155569342079175,0.21947909261293866,7.200960323433265e-05,5.85927193475228e-05,2
RIB,Capitán Av. Selin Zeitun Lopez Airport,Bolivia,1,1,1,0.0002920560747663551,0.0,0.17252648169296383,0.17585831909274507,5.360696308889753e-07,5.356806915481849e-07,1
RIC,Richmond International Airport,United States,19,19,19,0.005549065420560747,4.528305784451382e-06,0.2924002570772359,0.3014112008520458,0.015954557793964045,0.016040937623622874,18
RIG,?,?,1,2,2,0.0005841121495327102,0.0,0.17412771850590783,0.2194507269789984,7.198008319378962e-05,8.45337642672887e-07,2
RIW,Riverton Regional Airport,United States,1,1,1,0.0002920560747663551,0.0,0.25151781561964465,0.2571168988491823,0.0006991876764882943,0.0007060918994832925,1
RIX,Riga International Airport,Latvia,68,68,68,0.01985981308411215,0.0005602276472914207,0.3108189554124081,0.3178584799700487,0.06848917190715205,0.06929831730555919,31
RIY,Mukalla International Airport,Yemen,8,9,9,0.002628504672897196,0.0005759294083826154,0.27898762661733745,0.285450113473985,0.004964322846629115,0.004622503381893964,8
RJA,Rajahmundry Airport,India,1,1,1,0.0002920560747663551,0.0,0.22993973962236314,0.2345627849150435,0.00019254603833899965,0.00019545130768631447,1
RJH,Shah Mokhdum Airport,Bangladesh,1,1,2,0.0005841121495327102,0.0,0.18941305724538948,0.23939094882278303,0.00027203707112065097,3.927347478141608e-06,2
RJK,Rijeka Airport,Croatia,7,7,8,0.002336448598130841,2.581664617989615e-06,0.2813990102216904,0.28745556119857796,0.007345951266154494,0.006847741270875685,8
RJL,Logroño-Agoncillo Airport,Spain,1,1,1,0.0002920560747663551,0.0,0.26509058191316104,0.27094303494494976,0.0017603715389855313,0.0017789280255083623,1
RKA,?,?,1,1,2,0.0005841121495327102,0.0005751533742331288,0.22251338244613833,0.22723318835731013,3.6410757836587475e-05,3.699740820407741e-05,2
RKD,Knox County Regional Airport,United States,1,1,1,0.0002920560747663551,0.0,0.25429127189112244,0.25979192166462667,0.000859486101437896,0.0008682246149294949,1
RKS,Southwest Wyoming Regional Airport,United States,3,3,3,0.0008761682242990653,0.0,0.25357282526161945,0.25929602198976864,0.0011745138544800942,0.001186533036587582,3
RKV,Reykjavik Airport,Iceland,5,5,5,0.0014602803738317756,0.0017264839827336243,0.1942891247148472,0.1984108436550596,8.859470735545913e-06,9.082754725180003e-06,2
RLG,Rostock-Laage Airport,Germany,5,5,5,0.0014602803738317756,3.3522945054452956e-08,0.2722851524783674,0.2778368649267774,0.0061687847526101435,0.00625552531248769,5
RLK,Bayannur Tianjitai Airport,China,4,4,4,0.0011682242990654205,0.0,0.26945713401705357,0.2755151711828655,0.0016211619557331876,0.0016430333805008248,4
RMA,Roma Airport,Australia,2,2,2,0.0005841121495327102,0.0,0.24235802945746374,0.24699978180231288,0.00015040870709464536,0.00015176890692668053,2
RMF,Marsa Alam International Airport,Egypt,4,4,4,0.0011682242990654205,5.535588740901445e-08,0.2735636971436006,0.2789322381930185,0.0059443640122400065,0.0060171625968321535,4
RMI,Federico Fellini International Airport,Italy,2,2,2,0.0005841121495327102,0.0,0.2501724965817514,0.2553191489361702,0.0014024758546273474,0.0013897278732943922,2
RMP,?,?,1,1,1,0.0002920560747663551,0.0,0.20708341978212574,0.211470203624136,1.0975208517083866e-05,1.120754862890084e-05,1
RMQ,Taichung Ching Chuang Kang Airport,Taiwan,23,23,23,0.006717289719626168,0.0003001968220243625,0.2728220275736254,0.27872619829284306,0.0059042355551497975,0.0060044348974307,18
RMT,Rimatara Airport,French Polynesia,2,2,2,0.0005841121495327102,0.0,0.2224984736767952,0.22721798474508229,3.693212784153861e-05,3.754704733842421e-05,2
RNA,Ulawa Airport,Solomon Islands,2,2,2,0.0005841121495327102,0.0,0.19598617325461332,0.1995768688293371,3.91096065271162e-06,3.975388376525472e-06,2
RNB,Ronneby Airport,Sweden,2,2,2,0.0005841121495327102,1.064712785579066e-06,0.25407725475334114,0.2595933343525455,0.0014169431438032782,0.001438186747172765,2
RNL,Rennell/Tingoa Airport,Solomon Islands,2,2,2,0.0005841121495327102,0.0,0.19598617325461332,0.1995768688293371,3.910158929439892e-06,3.97456004326502e-06,2
RNN,Bornholm Airport,Denmark,1,1,1,0.0002920560747663551,0.0,0.2594366968457944,0.2647953216374269,0.0015660428975173683,0.0015794567450812464,1
RNO,Reno Tahoe International Airport,United States,14,13,14,0.0040887850467289715,4.51388222714077e-07,0.287763407246635,0.2943572852561324,0.009030356148182497,0.009131795529525283,14
RNS,Rennes-Saint-Jacques Airport,France,9,9,9,0.002628504672897196,3.2069217579905163e-06,0.28324716134648315,0.2893907115466553,0.009086958013025255,0.009227994806359555,9
ROA,Roanoke–Blacksburg Regional Airport,United States,9,9,9,0.002628504672897196,3.062515568962852e-05,0.28059059734906366,0.2874069058903182,0.006709743098950618,0.006727474487042646,9
ROB,Roberts International Airport,Liberia,6,6,7,0.0020443925233644858,1.5439421471776106e-06,0.2810893617425231,0.28877551020408165,0.005986638271102575,0.004113879637791501,7
ROC,Greater Rochester International Airport,United States,18,18,18,0.005257009345794392,4.899644184314578e-07,0.2875391566045691,0.29451045009105886,0.015284539535444142,0.015382264184597755,18
ROI,Roi Et Airport,Thailand,1,1,1,0.0002920560747663551,0.0,0.21528620548629937,0.21970628194345604,0.00010243650143145599,0.00010462235751648968,1
ROK,Rockhampton Airport,Australia,3,3,3,0.0008761682242990653,5.6881113013215525e-08,0.24232265905036252,0.24696385717402372,0.00016314376474094796,0.00016440142171692307,3
ROO,Maestro Marinho Franco Airport,Brazil,1,1,1,0.0002920560747663551,0.0,0.20230214557576415,0.2064563195331023,2.005714343874776e-05,2.043189249701657e-05,1
ROP,Rota International Airport,Northern Mariana Islands,2,2,2,0.0005841121495327102,0.0,0.22300649517333745,0.22767497988736926,0.00015333101531328107,0.0001518681068405302,2
ROR,Babelthuap Airport,Palau,6,6,6,0.0017523364485981306,0.00019500050534731943,0.274808814930997,0.2810095159288374,0.0027988155627289013,0.0027847299693386646,5
ROS,Islas Malvinas Airport,Argentina,5,5,5,0.0014602803738317756,0.0002294932322853257,0.254232867832351,0.25975217989903626,0.0011159114350906712,0.0011251435635104205,4
ROT,Rotorua Regional Airport,New Zealand,3,3,3,0.0008761682242990653,0.0,0.237487643540454,0.2423982869379015,0.00018659884674408344,0.00018908506333917174,3
ROV,Platov International Airport,Russia,22,22,22,0.006425233644859813,6.132169533730881e-05,0.29058362964877216,0.29805160610847814,0.016377975848790107,0.016553411658368142,16
ROW,Roswell International Air Center Airport,United States,1,1,1,0.0002920560747663551,0.0,0.26162370752589365,0.26826763567422385,0.0009067073649020931,0.0009138576936963287,1
RPR,Raipur Airport,India,6,7,8,0.002336448598130841,7.490519271364104e-07,0.25593755064556206,0.26155268022181144,0.0017313700013899392,0.0016877518749477865,7
RRG,Sir Charles Gaetan Duval Airport,Mauritius,1,1,1,0.0002920560747663551,0.0,0.23937069989376256,0.244792042096158,0.0003070943293579619,0.0002650432947371927,1
RRS,Røros Airport,Norway,1,1,1,0.0002920560747663551,0.0,0.24467946652123254,0.2497793468667255,0.0011890702272005255,0.0012077210654029703,1
RSA,Santa Rosa Airport,Argentina,1,1,2,0.0005841121495327102,0.0,0.20505030686175785,0.20924214417744916,2.5047209582390697e-05,2.4861952758225746e-05,2
RSD,Rock Sound Airport,Bahamas,1,1,1,0.0002920560747663551,0.0,0.23238556470442046,0.2381820732220508,0.0002712771007213613,0.0002750654129826663,1
RSH,Russian Mission Airport,United States,3,3,4,0.0011682242990654205,0.00020079032893665082,0.1839263206660852,0.18812319964546864,2.9316751273225373e-06,1.545102196873562e-06,3
RST,Rochester International Airport,United States,3,3,3,0.0008761682242990653,4.884028631869448e-06,0.27004876958820595,0.2760751158442403,0.0020153237698586047,0.0020374992102459096,3
RSU,Yeosu Airport,South Korea,2,2,2,0.0005841121495327102,0.0,0.22026994691073018,0.22454377148902407,0.00016215441238420856,0.00016499857699679357,2
RSW,Southwest Florida International Airport,United States,33,33,33,0.009637850467289719,8.671430193313722e-05,0.2974551880711365,0.3060286563936199,0.02105578985676859,0.02126141253682215,26
RTA,Rotuma Airport,Fiji,1,1,1,0.0002920560747663551,0.0,0.22812322041809222,0.23282599753187988,5.931122371467506e-05,5.938073459132693e-05,1
RTB,Juan Manuel Galvez International Airport,Honduras,9,10,10,0.0029205607476635513,0.00020843892213067336,0.2759276875468357,0.28342513770655986,0.004727056548714739,0.004513389688025244,9
RTM,Rotterdam The Hague Airport,Netherlands,29,29,30,0.008761682242990653,0.0002441823689504794,0.2953650911345876,0.3015985790408526,0.0297419652315332,0.029457362330643517,26
RTW,Saratov Central Airport,Russia,5,5,5,0.0014602803738317756,1.4887960810178843e-07,0.25684814909321435,0.261976394353159,0.0032141616346044125,0.0032705442830407287,5
RUA,Arua Airport,Uganda,1,1,1,0.0002920560747663551,0.0,0.22556648007242006,0.2345303867403315,0.00019116985307246525,0.00010483338056163864,1
RUH,King Khaled International Airport,Saudi Arabia,81,80,81,0.023656542056074766,0.005971452910131467,0.32611113813475084,0.33287590668496375,0.03955721990222429,0.03960970288104055,25
RUN,Roland Garros Airport,Reunion,13,13,13,0.0037967289719626164,0.001353572048155043,0.2879380663856904,0.29412783648016627,0.005345325703584579,0.0053256896798278336,7
RUR,Rurutu Airport,French Polynesia,3,2,3,0.0008761682242990653,4.2660834759911645e-08,0.22251338244613833,0.22723318835731013,3.7460853445997017e-05,3.808115561943472e-05,2
RUS,Marau Airport,Solomon Islands,1,1,1,0.0002920560747663551,0.0,0.19597460723671692,0.19956514074161133,3.85418053706812e-06,3.91719377667212e-06,1
RUT,Rutland - Southern Vermont Regional Airport,United States,1,1,1,0.0002920560747663551,0.0,0.25429127189112244,0.25979192166462667,0.000859486101437896,0.0008682246149294949,1
RVD,General Leite de Castro Airport,Brazil,1,1,1,0.0002920560747663551,0.0,0.20540543821526372,0.20953908804837415,3.966025484628538e-05,4.034108387104622e-05,1
RVE,Los Colonizadores Airport,Colombia,2,2,2,0.0005841121495327102,0.0,0.23885418396217853,0.2445980985306828,0.0003815794865907976,0.00038367248241703546,2
RVK,"Rørvik Airport, Ryum",Norway,3,3,3,0.0008761682242990653,5.6881113013215525e-08,0.2214302673618836,0.22723318835731013,0.00028383843498819695,0.0002815386644676201,3
RVN,Rovaniemi Airport,Finland,1,1,1,0.0002920560747663551,0.0,0.2503799833843149,0.2552807637375028,0.0011008999316295756,0.0011231615682067246,1
RVT,Ravensthorpe Airport,Australia,2,1,2,0.0005841121495327102,0.0,0.23070652491497626,0.23522892567707973,0.0001280396328792815,0.00012923307210040976,2
RVV,Raivavae Airport,French Polynesia,2,2,2,0.0005841121495327102,0.0,0.2224984736767952,0.22721798474508229,3.693212784154011e-05,3.7539225463776996e-05,2
RXS,Roxas Airport,Philippines,1,1,1,0.0002920560747663551,0.0,0.2445713447949748,0.2495407450951576,0.0003293056655485688,0.0003337175378114053,1
RYG,"Moss Airport, Rygge",Norway,35,35,35,0.01022196261682243,2.832647106846705e-05,0.2796219029661644,0.2857864175713204,0.026266971052683035,0.026705934501681454,26
RYK,Shaikh Zaid Airport,Pakistan,3,3,3,0.0008761682242990653,0.0,0.2632622260683501,0.26935279187817257,0.0015077631983888484,0.0014859655587972135,3
RZE,Rzeszów-Jasionka Airport,Poland,11,11,11,0.0032126168224299065,3.0288727122039516e-06,0.28585604886168275,0.2919532324621733,0.013033576666154805,0.013186215219692125,11
RZR,Ramsar Airport,Iran,2,2,2,0.0005841121495327102,0.0,0.22278208235785377,0.22726360168640836,0.00014881657283931685,0.00014060943950741983,2
SAB,Juancho E. Yrausquin Airport,Netherlands Antilles,2,1,2,0.0005841121495327102,0.0,0.23343102204598398,0.23878498101532836,0.00029737058122819614,0.00029824196070965536,2
SAE,?,?,2,2,2,0.0005841121495327102,0.0,0.12813171739113974,0.13043979258690225,9.340870972958506e-11,9.757617365610262e-11,2
SAF,Santa Fe Municipal Airport,United States,3,3,3,0.0008761682242990653,0.0,0.28061430789472436,0.2870910474258179,0.0026871898035227657,0.002714496225254037,3
SAH,Sana'a International Airport,Yemen,24,22,25,0.007301401869158878,0.0012267631479218122,0.28871411229578925,0.2949709024580909,0.011632291624207534,0.011140154329441475,15
SAL,Monseñor Óscar Arnulfo Romero International Airport,El Salvador,31,32,32,0.009345794392523364,0.0004510943608788431,0.30360118116896767,0.3157894736842105,0.019744154066807074,0.017955677524173395,20
SAN,San Diego International Airport,United States,56,55,57,0.01664719626168224,0.0008380051924515055,0.3204776799484818,0.32795750845002414,0.03176646771849332,0.03174473877530372,30
SAP,Ramón Villeda Morales International Airport,Honduras,15,15,15,0.004380841121495327,0.00040008864055241617,0.28472860495808694,0.29177764412750234,0.008508617147587291,0.008522525805435235,11
SAT,San Antonio International Airport,United States,35,35,35,0.01022196261682243,0.00011782539775960733,0.3004152089403083,0.30797134306701734,0.022459431673283483,0.022536401874845246,28
SAV,Savannah Hilton Head International Airport,United States,13,13,13,0.0037967289719626164,8.410563650917823e-08,0.28931780097805965,0.2978686080168406,0.012634773723911563,0.012718425052095262,13
SAW,Sabiha Gökçen International Airport,Turkey,98,98,98,0.0286214953271028,0.003656239132225288,0.3178093329147448,0.3247895944912012,0.06564413006418189,0.06631516724214374,31
SAX,?,?,1,1,2,0.0005841121495327102,0.0002876193479513243,0.1596226552406349,0.1629480351230747,1.1464145531799094e-07,1.1486660439540502e-07,2
SBA,Santa Barbara Municipal Airport,United States,6,6,6,0.0017523364485981306,0.0,0.2791283281185314,0.28552211198923827,0.004223656591692183,0.0042722030097224915,6
SBH,Gustaf III Airport,France,6,7,7,0.0020443925233644858,4.322522387198326e-05,0.23959521786624588,0.2458197611292074,0.0010588515004527437,0.0010231075038740823,5
SBN,South Bend Regional Airport,United States,9,9,9,0.002628504672897196,5.507600186294253e-05,0.2784495823936079,0.28456510809451985,0.004875571424555733,0.004916391712001143,9
SBP,San Luis County Regional Airport,United States,3,3,3,0.0008761682242990653,0.0,0.2749680980066381,0.2812655292363757,0.0024703315994051025,0.0024998370785602807,3
SBW,Sibu Airport,Malaysia,6,6,6,0.0017523364485981306,4.896721902876815e-08,0.25032336194980914,0.255819209039548,0.0007324955531851206,0.0007379020100096196,5
SBY,Salisbury Ocean City Wicomico Regional Airport,United States,2,2,2,0.0005841121495327102,0.0,0.2551313552263497,0.2605893186003683,0.0018184790952512555,0.0018341997070694482,2
SBZ,Sibiu International Airport,Romania,2,3,3,0.0008761682242990653,0.0,0.27035656758334026,0.2764121764610125,0.004694737015820022,0.0038013369478167207,3
SCC,Deadhorse Airport,United States,5,5,5,0.0014602803738317756,0.0008342580982168945,0.2257351451040832,0.23076923076923078,0.00011170978360599275,0.00011379591392272445,3
SCE,University Park Airport,United States,4,4,4,0.0011682242990654205,0.0,0.27512756583481096,0.2818725099601594,0.004190180318328774,0.004198045274301654,4
SCK,Stockton Metropolitan Airport,United States,1,1,1,0.0002920560747663551,0.0,0.25155592149277844,0.2569807037457435,0.0007254066758543866,0.0007364644330837259,1
SCL,Comodoro Arturo Merino Benítez International Airport,Chile,39,40,41,0.01197429906542056,0.014489771840138842,0.31961402498808167,0.32682128765277646,0.015744070684298127,0.015519996959266003,18
SCM,Scammon Bay Airport,United States,2,1,3,0.0008761682242990653,0.0005759212692588072,0.15506839690059154,0.18787342332374418,1.4692351395631492e-06,4.28483781098281e-08,3
SCN,Saarbrücken Airport,Germany,4,4,4,0.0011682242990654205,8.843973717669391e-09,0.25479856668657774,0.2603695468833857,0.004664303778711791,0.0047324176272582315,4
SCO,Aktau Airport,Kazakhstan,17,17,17,0.004964953271028037,0.00012205313900520239,0.27562995680828084,0.28149867374005305,0.005994515907950336,0.006032369462123094,10
SCQ,Santiago de Compostela Airport,Spain,21,22,22,0.006425233644859813,1.2434933034610619e-05,0.29058362964877216,0.2968790978232363,0.02467344970606926,0.024188301476657324,21
SCT,Socotra International Airport,Yemen,1,1,1,0.0002920560747663551,0.0,0.21741454233509022,0.22207690295579388,7.106995321436026e-05,6.671826582035262e-05,1
SCU,Antonio Maceo International Airport,Cuba,5,4,7,0.0020443925233644858,1.126830678394937e-05,0.27075334036903126,0.2890458762447868,0.006268014602406871,0.003341557992769003,6
SCW,Syktyvkar Airport,Russia,7,7,7,0.0020443925233644858,0.0008231183424342684,0.2602703753919718,0.26587332654818757,0.002747809199038591,0.0027920364094792976,3
SCY,San Cristóbal Airport,Ecuador,1,1,1,0.0002920560747663551,0.0,0.22365232486706413,0.23261867251181587,0.0001318366955585435,9.796585302826637e-05,1
SCZ,Santa Cruz/Graciosa Bay/Luova Airport,Solomon Islands,1,1,1,0.0002920560747663551,0.0,0.19597460723671692,0.19956514074161133,3.85418053706812e-06,3.91719377667212e-06,1
SDD,Lubango Airport,Angola,3,3,3,0.0008761682242990653,5.500979447837017e-07,0.23940521372836623,0.24470384781668827,0.0003683220460338666,0.00036729038118613066,3
SDE,Vicecomodoro Angel D. La Paz Aragonés Airport,Argentina,1,1,1,0.0002920560747663551,0.0,0.205037646309346,0.20922925266465406,2.4683569141349352e-05,2.4861952758225746e-05,1
SDF,Louisville International Standiford Field,United States,23,22,23,0.006717289719626168,9.211404782462908e-07,0.29327825837906635,0.3023773484106491,0.0183501261239491,0.018452229527359202,23
SDG,Sanandaj Airport,Iran,1,1,1,0.0002920560747663551,0.0,0.20201908502410076,0.20618055977171998,2.396139303030665e-05,2.0049964715239375e-05,1
SDJ,Sendai Airport,Japan,15,14,15,0.004380841121495327,3.211248947784232e-05,0.2790579596324511,0.2851864292912328,0.004874644261730078,0.004882332974141163,11
SDK,Sandakan Airport,Malaysia,4,4,4,0.0011682242990654205,2.8502505809502344e-05,0.2500594668393199,0.2555497027616826,0.0006676137924540382,0.0006717625334372733,3
SDL,Sundsvall-Härnösand Airport,Sweden,4,4,4,0.0011682242990654205,1.5842269510997678e-06,0.25419394669520573,0.25971245029060874,0.0020073943593136444,0.0020403614354651506,3
SDN,Sandane Airport (Anda),Norway,2,2,2,0.0005841121495327102,0.0,0.24469749610391042,0.24979771974990805,0.0012147390213928869,0.0012340561522151653,2
SDP,Sand Point Airport,United States,1,1,1,0.0002920560747663551,0.0,0.22519935708844216,0.23022167988610942,9.9063679453333e-05,0.00010103357908547863,1
SDQ,Las Américas International Airport,Dominican Republic,28,27,30,0.008761682242990653,0.000319526627429788,0.3012600670984458,0.31218974076116934,0.02057011714840943,0.017278142222405108,20
SDR,Santander Airport,Spain,17,17,17,0.004964953271028037,3.103894393740403e-06,0.27606531878179136,0.28210666223625186,0.016480690103720923,0.01674382350557374,17
SDU,Santos Dumont Airport,Brazil,18,18,18,0.005257009345794392,0.0009818922453741052,0.2547399293975275,0.2603296282100422,0.0012813717769123085,0.0012821266646410126,8
SDV,Sde Dov Airport,Israel,2,2,2,0.0005841121495327102,0.0,0.20249952555803208,0.2067831699445899,1.675034131451363e-05,1.702123899317035e-05,2
SDY,Sidney - Richland Regional Airport,United States,1,1,1,0.0002920560747663551,0.0,0.20938144512144818,0.21371932032724986,5.254298053430484e-05,5.358684740518499e-05,1
SEA,Seattle Tacoma International Airport,United States,94,90,94,0.027453271028037383,0.0452684098286433,0.3505531214637568,0.35917503966155473,0.04618350374676946,0.04643419042560759,30
SEN,Southend Airport,United Kingdom,14,14,14,0.0040887850467289715,4.464169188691494e-07,0.2829816548467122,0.28988476312419975,0.01668774196698894,0.01685767501750613,14
SEZ,Seychelles International Airport,Seychelles,9,9,9,0.002628504672897196,0.0005984196750745405,0.2958914478861417,0.3017861903492402,0.0069057436812755835,0.006862385543891792,8
SFA,Sfax Thyna International Airport,Tunisia,5,5,5,0.0014602803738317756,6.75264099096488e-06,0.2811607585831994,0.28684855139792215,0.0034791280855215726,0.0035136021007428422,5
SFB,Orlando Sanford International Airport,United States,48,49,50,0.014602803738317755,0.0026169030777252744,0.2821881134964453,0.29597350531636746,0.007906820871448958,0.006972513566055559,13
SFG,L'Espérance Airport,Guadeloupe,2,2,2,0.0005841121495327102,0.0,0.22570445997595107,0.23053424750526103,0.0001069313879430977,0.00010601596958310503,2
SFJ,Kangerlussuaq Airport,Greenland,8,8,8,0.002336448598130841,0.01885120002154037,0.2614795054823754,0.26691817967460507,0.001577019139531015,0.00159071387330311,3
SFL,São Filipe Airport,Cape Verde,1,1,1,0.0002920560747663551,0.0,0.22339655026075805,0.22787358250016776,0.00010621142961959644,0.0001052884694465844,1
SFN,Sauce Viejo Airport,Argentina,1,1,1,0.0002920560747663551,0.0,0.205037646309346,0.20922925266465406,2.4683569141349352e-05,2.4861952758225746e-05,1
SFO,San Francisco International Airport,United States,104,104,105,0.030665887850467286,0.011720820580167313,0.3549369088954861,0.3634417808219178,0.059088844415358256,0.05918494035837408,30
SFT,Skellefteå Airport,Sweden,3,3,3,0.0008761682242990653,1.005404234283009e-06,0.25720623651352864,0.2627872784957053,0.0028823686891309413,0.0029014634402291933,3
SGC,Surgut Airport,Russia,12,12,12,0.003504672897196261,2.885304709966789e-06,0.26570569048057036,0.27126767313683203,0.004300939301217574,0.004371384091590714,10
SGD,Sønderborg Airport,Denmark,1,1,1,0.0002920560747663551,0.0,0.2594366968457944,0.2647953216374269,0.0015660428975173683,0.0015794567450812464,1
SGF,Springfield Branson National Airport,United States,9,9,9,0.002628504672897196,6.910502345065629e-05,0.281518287523412,0.2889720898570456,0.004992851206219698,0.005033407737718709,9
SGG,?,?,1,1,1,0.0002920560747663551,0.0,0.14701565962573793,0.1497222467154572,6.384335120683921e-09,6.614083158777604e-09,1
SGN,Tan Son Nhat International Airport,Vietnam,54,54,54,0.015771028037383176,0.007565005319397958,0.3218443225068975,0.32843326885880075,0.023080097627930687,0.023277481748901034,23
SGO,St George Airport,Australia,2,2,2,0.0005841121495327102,0.0011509893218224162,0.19961467417805773,0.20337765001796623,5.979101257370082e-06,5.911017351410435e-06,1
SGU,St George Municipal Airport,United States,2,2,2,0.0005841121495327102,0.0,0.25355346412355256,0.2592762253779203,0.0011576993467886378,0.0011694073744487764,2
SGY,Skagway Airport,United States,2,2,2,0.0005841121495327102,0.0,0.20686412007887423,0.21124657875093306,1.1214346875193672e-05,1.1463017809204156e-05,2
SHA,Shanghai Hongqiao International Airport,China,68,67,69,0.020151869158878503,0.0008473672184583733,0.28078039398208915,0.28658227848101264,0.010281892076709985,0.010346105810801243,25
SHB,Nakashibetsu Airport,Japan,2,2,2,0.0005841121495327102,0.0,0.24828334352345183,0.25328162291169454,0.00045272208069654674,0.00045496365920490124,2
SHC,?,?,1,1,1,0.0002920560747663551,0.0,0.19657785589452248,0.2006025163919901,6.808977795436115e-06,6.820106794558673e-06,1
SHD,Shenandoah Valley Regional Airport,United States,2,1,2,0.0005841121495327102,0.0,0.26305368501474713,0.2695879971421767,0.0011181857182638291,0.0010941656403594807,2
SHE,Taoxian Airport,China,62,62,62,0.018107476635514017,0.0006338615199851371,0.3041573291469288,0.310363736062877,0.015765252380878114,0.015925161386753824,25
SHG,Shungnak Airport,United States,2,1,3,0.0008761682242990653,0.0002876193479513243,0.18371264215679178,0.18757249378624688,1.4853250779030273e-06,1.5042066946896952e-06,3
SHH,Shishmaref Airport,United States,2,2,2,0.0005841121495327102,0.0,0.18374313725591593,0.18759321659393471,1.4862703332530796e-06,1.5278839564027248e-06,2
SHJ,Sharjah International Airport,United Arab Emirates,78,78,80,0.02336448598130841,0.0016384118323675583,0.28957008367859854,0.2954070981210856,0.021290004989603116,0.02030757970360071,22
SHL,Shillong Airport,India,1,1,1,0.0002920560747663551,0.0,0.22584260878850437,0.23008130081300812,0.00013198908724497462,0.00013385188248722218,1
SHM,Nanki Shirahama Airport,Japan,1,1,1,0.0002920560747663551,0.0,0.24776465863061764,0.25275379577255136,0.00032824797070686064,0.0003333616771630597,1
SHP,Shanhaiguan Airport,China,4,4,4,0.0011682242990654205,0.0,0.2624715238401967,0.26795013413287044,0.0013268451904911106,0.001347683459895281,4
SHR,Sheridan County Airport,United States,1,1,1,0.0002920560747663551,0.0,0.25151781561964465,0.2571168988491823,0.0006991876764882943,0.0007060918994832925,1
SHV,Shreveport Regional Airport,United States,5,5,5,0.0014602803738317756,0.0,0.27894075763344545,0.2862923621648963,0.0044275964459803375,0.0044744566089243605,5
SHW,Sharurah Airport,Saudi Arabia,2,2,2,0.0005841121495327102,0.0,0.25357282526161945,0.25969259004358797,0.0012388226174460328,0.00122829206604859,2
SHX,Shageluk Airport,United States,2,2,2,0.0005841121495327102,0.0005753240175721684,0.18361106489141701,0.18745860013247959,1.4418046777027625e-06,1.4814852367284152e-06,2
SIC,?,?,1,1,2,0.0005841121495327102,0.00028804595629892347,0.13737030361653713,0.1629480351230747,1.1464145531837506e-07,1.6579114487866716e-09,2
SID,Amílcar Cabral International Airport,Cape Verde,9,15,16,0.004672897196261682,0.00045564615624893543,0.2868932803132759,0.299418092047258,0.018664507310537898,0.00809772144807473,12
SIN,Singapore Changi Airport,Singapore,125,125,125,0.03650700934579439,0.031225112240439466,0.3439807043325221,0.3522821576763486,0.050613200058389485,0.05102262820812456,25
SIP,Simferopol International Airport,Ukraine,5,5,5,0.0014602803738317756,4.5004836669796894e-08,0.2644151381181757,0.2700166971455832,0.004497740890856297,0.004564006264953959,5
SIT,Sitka Rocky Gutierrez Airport,United States,2,2,2,0.0005841121495327102,0.0,0.20704468605437798,0.211430706014195,2.0705811742827462e-05,2.115503355201447e-05,2
SJC,Norman Y. Mineta San Jose International Airport,United States,30,29,30,0.008761682242990653,6.806659201722521e-05,0.3057535880329775,0.31305309734513276,0.015876540150314377,0.016039545789302646,19
SJD,Los Cabos International Airport,Mexico,22,22,22,0.006425233644859813,0.00011836840427328732,0.29612892095828147,0.30302489515481396,0.012936833441186698,0.013065130049927737,18
SJE,Jorge E. Gonzalez Torres Airport,Colombia,1,1,1,0.0002920560747663551,0.0,0.2388370051514793,0.24458048253510983,0.00037611674029137406,0.0003781347983375107,1
SJI,San Jose Airport,Philippines,1,1,1,0.0002920560747663551,0.0,0.2445713447949748,0.2495407450951576,0.0003293056655485688,0.0003337175378114053,1
SJJ,Sarajevo International Airport,Bosnia and Herzegovina,13,13,13,0.0037967289719626164,1.5724806246072397e-05,0.281852802548478,0.28782100177981185,0.014627602827025181,0.01482714868738754,12
SJK,Professor Urbano Ernesto Stumpf Airport,Brazil,2,2,2,0.0005841121495327102,2.2183634075154061e-07,0.20254893074877514,0.20672023374726078,2.9668199369526535e-05,3.0046440645483755e-05,2
SJL,São Gabriel da Cachoeira Airport,Brazil,1,1,1,0.0002920560747663551,0.0,0.17247271837676162,0.17598590454474788,5.770378248582658e-07,5.845887559474271e-07,1
SJO,Juan Santamaria International Airport,Costa Rica,37,38,38,0.011098130841121495,0.014844696052585827,0.3091407298106654,0.3169092945128779,0.019057944527530127,0.019088941593200674,20
SJP,Prof. Eribelto Manoel Reino State Airport,Brazil,6,6,6,0.0017523364485981306,6.123588842183074e-06,0.254232867832351,0.259831675592961,0.0009073616644700806,0.0009173305279143614,6
SJT,San Angelo Regional Mathis Field,United States,1,1,1,0.0002920560747663551,0.0,0.26162370752589365,0.26826763567422385,0.0009067073649020931,0.0009138576936963287,1
SJU,Luis Munoz Marin International Airport,Puerto Rico,48,49,49,0.0143107476635514,0.0036004810432529667,0.30745206181151447,0.3162894663313775,0.023685739062572146,0.02352624367698353,23
SJW,Shijiazhuang Daguocun International Airport,China,35,35,35,0.01022196261682243,0.0005953510641284588,0.27219587865788264,0.2780871274156567,0.00707794683531007,0.00717552935364232,24
SJZ,São Jorge Airport,Portugal,2,2,2,0.0005841121495327102,0.0,0.2281702432064153,0.23365900646759322,0.00024986065483209943,0.0002343128347917208,2
SKB,Robert L. Bradshaw International Airport,Saint Kitts and Nevis,5,6,6,0.0017523364485981306,7.728529512158695e-06,0.2563920413547073,0.2627466150870406,0.0020187563329645093,0.001688416846272985,5
SKD,Samarkand Airport,Uzbekistan,5,6,6,0.0017523364485981306,6.616460793879655e-08,0.25591782672828056,0.26129106716934675,0.003189922152265519,0.0028126510795514104,6
SKE,Skien Airport,Norway,1,1,1,0.0002920560747663551,0.0,0.23096325772890305,0.23578421162257862,0.000560649139761662,0.0005725201705338445,1
SKG,Thessaloniki Macedonia International Airport,Greece,55,54,55,0.01606308411214953,0.0006234992159663426,0.30385119586660886,0.3107329124348065,0.04929032925317915,0.04976373089091702,31
SKK,Shaktoolik Airport,United States,3,3,3,0.0008761682242990653,7.11013912665194e-08,0.18375330453885394,0.1876139439809955,2.948198731832227e-06,3.0094487118735965e-06,3
SKN,Stokmarknes Skagen Airport,Norway,3,4,4,0.0011682242990654205,8.104973985834902e-06,0.2090124445887568,0.21351776171015405,0.00012971305671487582,0.00012965710066640168,3
SKO,Sadiq Abubakar III International Airport,Nigeria,1,1,1,0.0002920560747663551,0.0,0.2258733314940939,0.23023728813559322,0.0001327256524894745,0.00013292542480270434,1
SKP,Skopje Alexander the Great Airport,Macedonia,23,23,23,0.006717289719626168,0.00017931282398286208,0.2915019065683083,0.29781636411470663,0.01802859549743122,0.018261952103623753,18
SKT,Sialkot Airport,Pakistan,9,9,9,0.002628504672897196,1.9928478474292123e-07,0.27908141185193447,0.2852103804484757,0.0049671416869125915,0.004932809016330447,9
SKU,Skiros Airport,Greece,2,2,2,0.0005841121495327102,0.0,0.24552973897420838,0.2505533421868083,0.001945748518771421,0.0019775512667085707,2
SKX,Saransk Airport,Russia,2,2,2,0.0005841121495327102,0.0,0.2546813190908941,0.2597720492618374,0.002028110772379177,0.0020608401151971474,2
SKZ,Sukkur Airport,Pakistan,4,5,5,0.0014602803738317756,5.360787254914044e-06,0.24493212270439357,0.2497793468667255,0.001029757584768905,0.0009667527962569954,4
SLA,Martin Miguel De Guemes International Airport,Argentina,4,4,4,0.0011682242990654205,1.1376222602643105e-07,0.20712216800512495,0.21136490944171282,7.020220195024589e-05,7.09443461900663e-05,3
SLC,Salt Lake City International Airport,United States,91,90,92,0.026869158878504672,0.007695851647303116,0.3192146226690539,0.32672695786030403,0.03202759896932286,0.032100313625083914,30
SLH,Sola Airport,Vanuatu,3,3,3,0.0008761682242990653,0.0005753240175721684,0.19492778349531392,0.19850362403553892,2.2666553240346064e-06,2.3043946960813115e-06,3
SLI,?,?,2,2,2,0.0005841121495327102,0.0,0.21830066523969024,0.2308633582596873,0.00010431564700125614,5.712792434663483e-05,2
SLK,Adirondack Regional Airport,United States,1,1,1,0.0002920560747663551,0.0,0.25429127189112244,0.25979192166462667,0.000859486101437896,0.0008682246149294949,1
SLL,Salalah Airport,Oman,6,6,6,0.0017523364485981306,1.9928478474292123e-07,0.2811845655907001,0.28730964467005077,0.004180011450998905,0.004159669367248112,6
SLM,Salamanca Airport,Spain,1,1,1,0.0002920560747663551,0.0,0.255740448180683,0.2608294930875576,0.0018343825959267462,0.0018684836787485066,1
SLN,Salina Municipal Airport,United States,1,1,1,0.0002920560747663551,0.0,0.23096325772890305,0.23604643080558838,0.00037478539718345327,0.000379735739109057,1
SLP,Ponciano Arriaga International Airport,Mexico,6,6,6,0.0017523364485981306,1.255429848085803e-06,0.27123986928254257,0.2782694198623402,0.003245188056436608,0.003200779937989104,5
SLQ,Sleetmute Airport,United States,2,2,4,0.0011682242990654205,0.0011512452868309756,0.13378952176085443,0.1874792977807221,1.463349990686228e-06,3.1301428538919173e-10,2
SLU,George F. L. Charles Airport,Saint Lucia,6,6,7,0.0020443925233644858,3.5021928808838244e-06,0.23804944226710884,0.24403564242598447,0.000886237203234283,0.0007986107782516796,6
SLW,Plan De Guadalupe International Airport,Mexico,2,2,2,0.0005841121495327102,0.0,0.26623825219483427,0.27176696542893725,0.0015114864204926449,0.0015283092827147674,2
SLX,Salt Cay Airport,Turks and Caicos Islands,1,1,1,0.0002920560747663551,0.0,0.1818116462976276,0.1870044052863436,2.549639066649499e-06,2.3946489313046744e-06,1
SLY,Salekhard Airport,Russia,8,8,8,0.002336448598130841,0.0005760212937001699,0.2527429575786717,0.25764357787724756,0.0020117329700845596,0.002042673181159422,6
SLZ,Marechal Cunha Machado International Airport,Brazil,8,8,8,0.002336448598130841,3.487797980620597e-05,0.25429127189112244,0.25993111366245697,0.0013854287965712477,0.001399875596846203,6
SMA,Santa Maria Airport,Portugal,2,1,2,0.0005841121495327102,0.0,0.2501536511959449,0.2555497027616826,0.0014850851842833346,0.001489545426925202,2
SMF,Sacramento International Airport,United States,29,28,29,0.008469626168224298,0.00010527230697078522,0.29793555711700775,0.3054780966087973,0.016513495866419724,0.016648437541420223,20
SMI,Samos Airport,Greece,8,7,8,0.002336448598130841,1.311850628075058e-07,0.28078039398208915,0.28711531958065606,0.010673936237338076,0.01077499183640255,8
SMK,St Michael Airport,United States,2,2,2,0.0005841121495327102,7.11013912665194e-08,0.18354002761433527,0.18739653459883016,1.4835012743939074e-06,1.5039211733025832e-06,2
SML,Stella Maris Airport,Bahamas,1,1,1,0.0002920560747663551,0.0,0.23238556470442046,0.2381820732220508,0.0002712771007213613,0.0002750654129826663,1
SMR,Simón Bolívar International Airport,Colombia,2,2,2,0.0005841121495327102,0.0,0.23885418396217853,0.2445980985306828,0.0004766665149086296,0.0004793918935254674,2
SMS,Sainte Marie Airport,Madagascar,3,3,3,0.0008761682242990653,0.0,0.22807621700729178,0.23273026315789475,0.0001706252711583097,0.00015731469754672777,3
SMX,Santa Maria Pub/Capt G Allan Hancock Field,United States,2,2,2,0.0005841121495327102,0.0,0.27601942645051686,0.28231773214731065,0.0018067014379867642,0.001831011065158142,2
SNA,John Wayne Airport-Orange County Airport,United States,22,21,22,0.006425233644859813,3.1301293959066294e-05,0.29327825837906635,0.30106382978723406,0.013171800354893988,0.0133109277407587,19
SNE,Preguiça Airport,Cape Verde,2,2,2,0.0005841121495327102,0.0,0.22339655026075805,0.2304560260586319,0.00035786168231157915,0.00020646255176774784,2
SNN,Shannon Airport,Ireland,26,26,26,0.007593457943925233,0.00016940360937235118,0.29547021261910916,0.3014914772727273,0.02459416383332243,0.024828598990642485,23
SNO,Sakon Nakhon Airport,Thailand,1,1,1,0.0002920560747663551,0.0,0.21528620548629937,0.21970628194345604,0.00010243650143145599,0.00010462235751648968,1
SNP,St Paul Island Airport,United States,2,2,2,0.0005841121495327102,0.0,0.22521463001872963,0.23023728813559322,0.00010050248738281197,0.00010251318917368892,2
SNU,Abel Santamaria Airport,Cuba,4,4,6,0.0017523364485981306,1.3204142210734548e-06,0.2754242116302702,0.2824821161204458,0.0030055741556836634,0.002677624020997532,6
SNV,Santa Elena de Uairen Airport,Venezuela,1,1,1,0.0002920560747663551,0.0,0.19168723849146665,0.19597206994056207,5.862659990850236e-06,5.959661982910763e-06,1
SNW,Thandwe Airport,Burma,2,2,2,0.0005841121495327102,0.0,0.2276852738859217,0.23209404045926735,0.00014785196420086247,0.00015031639742827204,2
SOC,Adi Sumarmo Wiryokusumo Airport,Indonesia,4,4,4,0.0011682242990654205,2.1901294977436407e-05,0.2565108697378471,0.2621381705905056,0.0015336020037073426,0.0015480558743910101,4
SOF,Sofia Airport,Bulgaria,41,41,41,0.01197429906542056,0.00010748256951396204,0.3032407743243693,0.3099954358740301,0.04968851665620019,0.050254326014136104,31
SOG,Sogndal Airport,Norway,4,4,4,0.0011682242990654205,3.1302598279960464e-07,0.24480572942323392,0.24990801383471925,0.001792996557493335,0.0018245982180891992,3
SOJ,Sørkjosen Airport,Norway,3,2,3,0.0008761682242990653,0.0,0.20897298594337474,0.21345065996228788,0.00011529490124719406,0.00011785686113549008,3
SOM,San Tomé Airport,Venezuela,1,1,1,0.0002920560747663551,0.0,0.23613665075916718,0.24182866908780176,0.0003117141210097452,0.0003149355984061097,1
SON,Santo Pekoa International Airport,Vanuatu,10,10,10,0.0029205607476635513,0.004798855419285184,0.2429431355348722,0.2475760005832179,0.00015819695255664222,0.00015952251889691675,3
SOQ,Dominique Edward Osok Airport,Indonesia,6,6,6,0.0017523364485981306,0.0007563155184521235,0.20440660591075763,0.2085995085995086,4.798446171979745e-05,4.887711486745932e-05,3
SOU,Southampton Airport,United Kingdom,23,23,23,0.006717289719626168,0.0003272163964613933,0.2839495271163889,0.2907285335159661,0.017350260122494323,0.017504650251609084,15
SOW,Show Low Regional Airport,United States,2,2,2,0.0005841121495327102,4.869017591502377e-07,0.24207535498076746,0.2473415877640204,0.0005533810126677642,0.0005615102687487587,2
SOY,Stronsay Airport,United Kingdom,2,2,2,0.0005841121495327102,0.0,0.19584747107962774,0.19987051968689307,3.383784428412017e-05,3.434212996643438e-05,2
SPB,Charlotte Amalie Harbor Seaplane Base,Virgin Islands,1,1,1,0.0002920560747663551,0.0,0.0002920560747663551,,,,1
SPC,La Palma Airport,Spain,7,7,7,0.0020443925233644858,6.255136294838864e-06,0.2886639186045,0.2953557140372239,0.011483212959874348,0.011573694164518639,7
SPD,Saidpur Airport,Bangladesh,1,2,2,0.0005841121495327102,0.0002876193479513243,0.23448592851476968,0.23939094882278303,0.0002720370711206518,0.00027210205112301823,2
SPI,Abraham Lincoln Capital Airport,United States,4,0,4,0.0011682242990654205,0.0,0.27678131094131336,0.28392274893403563,0.0023315872123158858,,4
SPN,Saipan International Airport,Northern Mariana Islands,9,10,10,0.0029205607476635513,0.00028889056567595907,0.2807566553623747,0.28774783934926285,0.005386962363164787,0.005184775424419539,9
SPP,Menongue Airport,Angola,3,3,3,0.0008761682242990653,0.0,0.23919827988375483,0.24451004391964865,0.0003186591437605198,0.0003185091848134855,3
SPR,San Pedro Airport,Belize,7,7,7,0.0020443925233644858,0.0011510319826571762,0.22608862470221733,0.23117767188563648,0.00012804153634874777,0.0001285179218019509,4
SPS,Sheppard Air Force Base-Wichita Falls Municipal Airport,United States,1,1,1,0.0002920560747663551,0.0,0.26162370752589365,0.26826763567422385,0.0009067073649020931,0.0009138576936963287,1
SPU,Split Airport,Croatia,36,36,37,0.01080607476635514,0.00017864084185697517,0.29836385621079675,0.3048200341082488,0.042294419238084906,0.04207834260229677,28
SQS,?,?,4,4,4,0.0011682242990654205,0.0,0.22604245589995017,0.23113047029197578,0.0001262077343971594,0.00012666221381307425,4
SRA,Santa Rosa Airport,Brazil,1,1,2,0.0005841121495327102,0.00014372435230614234,0.21151526876599797,0.2194507269789984,7.199484472676449e-05,5.85561085250124e-05,2
SRE,Juana Azurduy De Padilla Airport,Bolivia,4,4,4,0.0011682242990654205,0.0,0.21874644092129425,0.2233035244608101,0.00010386085851629275,9.083862146360905e-05,4
SRG,Achmad Yani Airport,Indonesia,9,9,9,0.002628504672897196,5.127165935666865e-05,0.25684814909321435,0.2624826093677539,0.001776895057568514,0.0017950571241507117,7
SRK,?,?,1,1,1,0.0002920560747663551,0.0,0.12813666150741504,0.13044480294998848,9.212868268275895e-11,9.622858246250029e-11,1
SRP,Stord Airport,Norway,3,3,3,0.0008761682242990653,2.8440556506607763e-08,0.244787683888115,0.24988962472406182,0.0017021887214377172,0.0017228790490099349,3
SRQ,Sarasota Bradenton International Airport,United States,6,6,6,0.0017523364485981306,3.5060576341311604e-08,0.28182888225631575,0.2885301614273577,0.005689302069482188,0.005736775842100818,6
SRV,?,?,1,1,2,0.0005841121495327102,0.0,0.11780445278747625,0.18745860013247959,1.4624544121425755e-06,4.517849323719862e-12,2
SRX,Gardabya Airport,Libya,2,2,2,0.0005841121495327102,0.0,0.2398721265260162,0.24480968858131488,0.0010256465353847193,0.001041886267907724,2
SRY,Dasht-e Naz Airport,Iran,4,4,4,0.0011682242990654205,0.0,0.22270737842037208,0.22720278316719075,0.00030540811843266343,0.00029456546326860056,4
SRZ,El Trompillo Airport,Bolivia,4,4,4,0.0011682242990654205,0.0003793106814539299,0.20410508418107978,0.2084458630002455,2.5661418671362506e-05,2.5172928550099948e-05,2
SSA,Deputado Luiz Eduardo Magalhães International Airport,Brazil,29,29,30,0.008761682242990653,0.00404423669075094,0.29700292635955355,0.3040830945558739,0.008300281276376541,0.008336506509731157,9
SSB,?,?,1,1,1,0.0002920560747663551,0.0,0.0002920560747663551,,,,1
SSG,Malabo Airport,Equatorial Guinea,9,8,9,0.002628504672897196,0.000207996757688659,0.27535569814479005,0.28119566117413264,0.004044542907212417,0.003997574343367533,8
SSH,Sharm El Sheikh International Airport,Egypt,19,18,19,0.005549065420560747,7.814597192009378e-05,0.28876432344575376,0.29522733200034773,0.0174942370491261,0.01767464018799406,18
SSJ,Sandnessjøen Airport (Stokka),Norway,5,4,5,0.0014602803738317756,7.777427777716567e-06,0.24495018954238904,0.2500552242102938,0.001530488840713514,0.0015473989098774529,4
SSR,Sara Airport,Vanuatu,1,1,1,0.0002920560747663551,0.0,0.19488202579965774,0.19845722300140253,2.2647701135081183e-06,2.3024463508274025e-06,1
SSY,Mbanza Congo Airport,Angola,1,1,1,0.0002920560747663551,0.0,0.23916382568427572,0.2444748398243467,0.0003093338490157488,0.00030911051328167907,1
STC,St Cloud Regional Airport,United States,2,2,2,0.0005841121495327102,4.388453899807822e-06,0.26967595579228265,0.27569410618606915,0.0013251359139413476,0.0013406708677485665,2
STD,Mayor Buenaventura Vivas International Airport,Venezuela,2,2,2,0.0005841121495327102,0.0,0.2364561178885053,0.2421908429610612,0.00032614259404803144,0.0003292926300179016,2
STG,St George Airport,United States,2,2,2,0.0005841121495327102,0.0,0.22521463001872963,0.23023728813559322,0.00010050248738281192,0.00010251318917368892,2
STI,Cibao International Airport,Dominican Republic,8,8,8,0.002336448598130841,6.910868935585217e-07,0.27999913318939024,0.2868243243243243,0.006201705054989808,0.00620508820696976,8
STL,St Louis Lambert International Airport,United States,61,60,61,0.017815420560747662,0.004172295340538843,0.3051074714834774,0.31311082426701087,0.0312015184495216,0.031260319688279366,30
STM,Maestro Wilson Fonseca Airport,Brazil,6,8,8,0.002336448598130841,0.0015933516859082905,0.20957966043712012,0.2141911069063387,7.56800015785842e-05,7.595333299104927e-05,3
STN,London Stansted Airport,United Kingdom,152,153,153,0.04468457943925233,0.004724889530787915,0.29809602510109234,0.3047653235214933,0.07734466695351698,0.07783100114931082,31
STR,Stuttgart Airport,Germany,80,80,81,0.023656542056074766,0.0005262434934929195,0.3123979040099876,0.3193530186195223,0.07249441341173367,0.0728447199198706,31
STS,Charles M. Schulz Sonoma County Airport,United States,4,4,4,0.0011682242990654205,0.0,0.2760882706706159,0.2824116424116424,0.0025902053560373155,0.002619003996287325,4
STT,Cyril E. King Airport,Virgin Islands,19,18,19,0.005549065420560747,0.0005443000004667956,0.2868932803132759,0.29440832249674903,0.011329791301363348,0.0113609302565814,12
STV,Surat Airport,India,2,2,2,0.0005841121495327102,0.0,0.25520978478528805,0.2607894332667793,0.0012887105621571797,0.0013005363292693918,2
STW,Stavropol Shpakovskoye Airport,Russia,3,3,3,0.0008761682242990653,1.1422457265429801e-07,0.26653742030870603,0.2721589998397179,0.0033958866678631136,0.0034547079106570073,3
STX,Henry E Rohlsen Airport,Virgin Islands,5,5,5,0.0014602803738317756,1.6919417651371063e-05,0.255977007602418,0.262037037037037,0.0017227512618933204,0.0017003876233355319,4
STZ,Santa Terezinha Airport,Brazil,0,1,1,0.0002920560747663551,0.0,0.0,0.13730088137786042,3.5740674982306075e-10,,1
SUB,Juanda International Airport,Indonesia,26,25,26,0.007593457943925233,0.0012275556119108332,0.2781696866833781,0.2850188837599664,0.004238485827780918,0.004261578617601449,10
SUF,Lamezia Terme Airport,Italy,21,21,22,0.006425233644859813,1.2592692360439458e-05,0.28507079746125574,0.29192813547666124,0.024088028519207792,0.023550931041171796,22
SUG,Surigao Airport,Philippines,2,2,2,0.0005841121495327102,0.0,0.24464341532534023,0.24961411245865492,0.0003979554737278482,0.0004031876134040898,2
SUJ,Satu Mare Airport,Romania,1,1,1,0.0002920560747663551,0.0,0.23820312170046395,0.24312714776632302,0.0009360428926585408,0.0009549816537581393,1
SUK,Sakkyryr Airport,Russia,1,1,1,0.0002920560747663551,0.0,0.21787099590776593,0.22254259501965923,9.045791695927914e-05,9.240024433192247e-05,1
SUR,Summer Beaver Airport,Canada,1,1,2,0.0005841121495327102,0.0,0.14900119888841784,0.1792462788979204,3.492500731824981e-07,4.9464141753139566e-09,2
SUV,Nausori International Airport,Fiji,11,12,12,0.003504672897196261,0.002410453433222594,0.24776465863061764,0.2557421492582273,0.0004885117927086115,0.00032783367526391805,4
SUX,Sioux Gateway Col. Bud Day Field,United States,1,1,1,0.0002920560747663551,0.0,0.26917319604654033,0.2751802933311725,0.001286136946605542,0.001300805273568333,1
SVA,Savoonga Airport,United States,2,2,2,0.0005841121495327102,0.0,0.18373297109805067,0.18759321659393471,1.4856566194923732e-06,1.5272473717669982e-06,2
SVB,Sambava Airport,Madagascar,3,3,3,0.0008761682242990653,8.532166951982329e-08,0.2268763899450822,0.2322210065645514,9.600912044789539e-05,8.216292202580425e-05,3
SVC,?,?,1,1,1,0.0002920560747663551,0.0,0.24202242690956696,0.24728755552319232,0.0005431125213427798,0.0005510527400797104,1
SVD,Argyle International Airport,Saint Vincent and the Grenadines,5,4,5,0.0014602803738317756,2.5291411249785197e-07,0.22672149379573758,0.2357023875624653,0.00040263342770475844,0.00036856906140575116,5
SVG,Stavanger Airport Sola,Norway,35,37,37,0.01080607476635514,0.0006303474969672998,0.2976951788100554,0.3052035589107576,0.031490329226983194,0.03127567036305122,24
SVI,Eduardo Falla Solano Airport,Colombia,2,2,2,0.0005841121495327102,0.0005749827308940892,0.23888854899835754,0.2446333381357153,0.00037619496246321096,0.0003782147431132824,2
SVJ,Svolvær Helle Airport,Norway,3,3,3,0.0008761682242990653,8.532166951982329e-08,0.19643831526922023,0.20033034450212364,3.4256225512804637e-05,3.4564207927448544e-05,2
SVK,?,?,2,3,3,0.0008761682242990653,0.0,0.18389576473730027,0.18780069678703754,3.5877484388775614e-06,3.5763727998197342e-06,3
SVL,Savonlinna Airport,Finland,1,1,1,0.0002920560747663551,0.0,0.2503799833843149,0.2552807637375028,0.0011008999316295756,0.0011231615682067246,1
SVO,Sheremetyevo International Airport,Russia,144,144,144,0.04205607476635514,0.01744827774989519,0.3504791260819175,0.35879556259904916,0.09553962701600968,0.09638648506726893,31
SVP,Kuito Airport,Angola,2,2,2,0.0005841121495327102,0.0,0.23918105154322733,0.24449244060475162,0.00031409717405426584,0.0003139120263726251,2
SVQ,Sevilla Airport,Spain,38,38,38,0.011098130841121495,3.804276648056267e-05,0.29111858679987446,0.29807776704994293,0.033972948709267044,0.03439108412339384,28
SVR,?,?,1,1,1,0.0002920560747663551,0.0,0.11339558544053845,0.11540422061372209,1.319198080635477e-12,1.3891913650699228e-12,1
SVS,?,?,2,2,2,0.0005841121495327102,0.0,0.20709633424547355,0.21148337277369536,1.1134613226550912e-05,1.1371680219009786e-05,2
SVU,Savusavu Airport,Fiji,3,3,3,0.0008761682242990653,0.0,0.22821728538424632,0.23292181069958848,6.726784418678426e-05,6.505138713747377e-05,3
SVX,Koltsovo Airport,Russia,66,65,67,0.019567757009345793,0.0040438392733024835,0.3100643995916123,0.31673195299384443,0.02793205463892824,0.02805967495566352,22
SVZ,San Antonio Del Tachira Airport,Venezuela,1,1,1,0.0002920560747663551,0.0,0.23613665075916718,0.24182866908780176,0.0003117141210097452,0.0003149355984061097,1
SWA,Jieyang Chaoshan International Airport,China,24,23,24,0.007009345794392522,8.567961023252362e-06,0.2816376659847484,0.2873582670502623,0.008352941566021016,0.008470651630758394,22
SWF,Stewart International Airport,United States,5,5,5,0.0014602803738317756,7.23221432668196e-06,0.2667943857657402,0.27235544149490737,0.003101785653030925,0.003134303296295036,5
SWJ,Southwest Bay Airport,Vanuatu,2,2,2,0.0005841121495327102,0.0,0.20095550496981351,0.2047016274864376,9.660606460486797e-06,9.656212145480465e-06,2
SXB,Strasbourg Airport,France,26,26,26,0.007593457943925233,1.5748130010052233e-05,0.29104204378844595,0.29732095955174226,0.02425339302366895,0.02446912237465258,22
SXF,Berlin-Schönefeld Airport,Germany,68,69,69,0.020151869158878503,0.00027603920177730147,0.30609177985308955,0.3125920471281296,0.06335889900975929,0.06341445105244635,31
SXI,Sirri Island Airport,Iran,1,1,1,0.0002920560747663551,0.0,0.22214126159784386,0.22661150407046576,0.00010350267695843752,0.00010072598325459298,1
SXK,Saumlaki/Olilit Airport,Indonesia,1,1,2,0.0005841121495327102,0.0,0.18948871438665726,0.19333902647309992,5.017889339748422e-06,5.004791770101894e-06,2
SXM,Princess Juliana International Airport,Netherlands Antilles,33,33,34,0.009929906542056074,0.002470029289369899,0.30586623557393094,0.3136023640225321,0.019712846010784983,0.019640265915721895,17
SXO,São Félix do Araguaia Airport,Brazil,1,1,2,0.0005841121495327102,0.0002883872429770028,0.0002920560747663551,0.15914522704906509,2.4965297011733677e-08,,1
SXP,?,?,2,2,2,0.0005841121495327102,0.00028420363711488083,0.1834487747003739,0.1872931833223031,1.419687562007118e-06,1.459793566215866e-06,2
SXR,Sheikh ul Alam Airport,India,6,6,6,0.0017523364485981306,1.3165893435157893e-06,0.2552882625788874,0.2608695652173913,0.001381882908191402,0.001395176625200509,3
SXX,São Félix do Xingu Airport,Brazil,0,1,1,0.0002920560747663551,0.0,0.0,0.1595714688469129,5.470112610976349e-08,,1
SYB,?,?,1,1,2,0.0005841121495327102,0.0002878753129598838,0.15474657389745944,0.15785803932505926,2.0340924714681854e-08,,1
SYD,Sydney Kingsford Smith International Airport,Australia,83,85,85,0.024824766355140186,0.0326098395736321,0.3296396386367052,0.34048526168036897,0.018654996623745496,0.017847464534360393,23
SYM,Pu'er Simao Airport,China,1,1,1,0.0002920560747663551,0.0,0.22868877622933464,0.23298572996706915,0.0002581091098260975,0.0002630009319364245,1
SYO,Shonai Airport,Japan,1,1,1,0.0002920560747663551,0.0,0.24776465863061764,0.25275379577255136,0.00032824797070686064,0.0003333616771630597,1
SYQ,Tobias Bolanos International Airport,Costa Rica,1,1,1,0.0002920560747663551,0.0,0.22966939066506456,0.2350173010380623,0.00016729318411810276,0.0001692749480032819,1
SYR,Syracuse Hancock International Airport,United States,16,16,16,0.004672897196261682,6.904308009318593e-05,0.287489370584899,0.2944593774386543,0.013898197531450064,0.013993153246743087,15
SYX,Sanya Phoenix International Airport,China,41,41,41,0.01197429906542056,0.0002111764635958986,0.2853157246864995,0.29112730390055724,0.010651738460493521,0.010815920972619554,25
SYY,Stornoway Airport,United Kingdom,5,5,5,0.0014602803738317756,3.519861119907359e-06,0.2442116281531231,0.2495407450951576,0.0023038113455615466,0.00231861487230265,4
SYZ,Shiraz Shahid Dastghaib International Airport,Iran,26,26,27,0.007885514018691588,0.00219057656029846,0.28681894279030645,0.2929859373651971,0.00722978812666821,0.00697869156402423,9
SZA,Soyo Airport,Angola,2,2,2,0.0005841121495327102,0.0,0.23918105154322733,0.24449244060475162,0.0003138266358501987,0.00031363735483575997,2
SZB,Sultan Abdul Aziz Shah International Airport,Malaysia,12,12,12,0.003504672897196261,0.00059574544647375,0.2555043255848402,0.26109018220957947,0.0009759288245143643,0.0009924268717301141,7
SZE,?,?,2,2,2,0.0005841121495327102,0.0,0.24556605188391395,0.25090506095308457,0.00047551929479143246,0.00047242673580835806,2
SZG,Salzburg Airport,Austria,20,19,21,0.006133177570093458,1.0520584605306105e-05,0.2922201442824857,0.29815627743634765,0.02363308819283528,0.023121951622483098,19
SZI,?,?,1,1,1,0.0002920560747663551,0.0,0.2014797791303342,0.20534526544926834,2.564300798440505e-05,2.6284616286044825e-05,1
SZX,Shenzhen Bao'an International Airport,China,86,86,86,0.02511682242990654,0.0008345650074013451,0.286620897602811,0.2924560799173269,0.01494859560063924,0.015114091748998849,25
SZZ,"Szczecin-Goleniów ""Solidarność"" Airport",Poland,7,7,7,0.0020443925233644858,1.028078484569524e-06,0.2588704178068419,0.2641979150459001,0.006399718788689635,0.006508714595403503,7
TAB,Tobago-Crown Point Airport,Trinidad and Tobago,4,4,5,0.0014602803738317756,2.215381994952441e-06,0.28657142903228927,0.2929859373651971,0.004396314071166061,0.004219404959293995,5
TAC,Daniel Z. Romualdez Airport,Philippines,2,2,2,0.0005841121495327102,0.0,0.24464341532534023,0.24961411245865492,0.0003979554737278482,0.0004031876134040898,2
TAE,Daegu Airport,South Korea,4,4,4,0.0011682242990654205,0.0,0.27521877338191353,0.2812655292363757,0.0031149006531622663,0.003110613365754361,4
TAG,Tagbilaran Airport,Philippines,1,1,1,0.0002920560747663551,0.0,0.2445713447949748,0.2495407450951576,0.0003293056655485688,0.0003337175378114053,1
TAH,Tanna Airport,Vanuatu,5,5,5,0.0014602803738317756,0.0017263133393945846,0.2010163268538843,0.20477568740955138,9.632113621857774e-06,9.627000585475498e-06,2
TAI,Ta'izz International Airport,Yemen,6,6,6,0.0017523364485981306,5.944600864115858e-07,0.2605153933965771,0.26614420062695926,0.002681988546761764,0.002667533572811302,6
TAK,Takamatsu Airport,Japan,6,6,6,0.0017523364485981306,5.873552836995749e-07,0.2755384765703757,0.2814286898151985,0.0036741494377871228,0.00367263127662114,6
TAL,?,?,4,3,4,0.0011682242990654205,0.0002971042735462835,0.2071480082107272,0.21153606577799924,1.1310653008247136e-05,1.1381338309175338e-05,3
TAM,General Francisco Javier Mina International Airport,Mexico,5,5,5,0.0014602803738317756,0.0,0.2679568885359613,0.2737385136224408,0.002397800736915589,0.0023592563569790927,5
TAO,Liuting Airport,China,54,54,54,0.015771028037383176,0.000245060285703071,0.2878132882324639,0.29405143302450426,0.01438728970505308,0.01455511633196041,25
TAP,Tapachula International Airport,Mexico,2,2,2,0.0005841121495327102,0.0,0.2507391814879318,0.2563018867924528,0.0007709697054561901,0.0007796407239493955,2
TAS,Tashkent International Airport,Uzbekistan,56,57,57,0.01664719626168224,0.0021702430314307483,0.3204158355486461,0.3273884122240432,0.0332769162866337,0.03202531159890398,24
TAY,Tartu Airport,Estonia,1,1,1,0.0002920560747663551,0.0,0.2503799833843149,0.2552807637375028,0.0011008999316295756,0.0011231615682067246,1
TBB,Dong Tac Airport,Vietnam,2,2,2,0.0005841121495327102,0.0,0.24301424951527026,0.24768434104004083,0.0006017712612764141,0.0006122234631651942,2
TBG,Tabubil Airport,Papua New Guinea,3,3,3,0.0008761682242990653,4.2660834759911645e-08,0.22051860811648638,0.22510937292854302,5.28826317095835e-05,5.3801149281711296e-05,3
TBI,New Bight Airport,Bahamas,2,2,2,0.0005841121495327102,0.0,0.23240182795340247,0.23819877954688926,0.0002752171486355706,0.0002790936732580613,2
TBN,Waynesville-St. Robert Regional Forney field,United States,1,1,1,0.0002920560747663551,0.0,0.23295613606637447,0.2384663998314725,0.00044668538387470654,0.0004511915378064066,1
TBP,Capitan FAP Pedro Canga Rodriguez Airport,Peru,1,1,1,0.0002920560747663551,0.0,0.24281878616745892,0.2481911861433896,0.0003294459880853251,0.00033029101316018174,1
TBS,Tbilisi International Airport,Georgia,25,24,25,0.007301401869158878,0.00015730199591694162,0.3044919970315577,0.31155963302752293,0.02408904153157352,0.02432327504929127,19
TBT,Tabatinga Airport,Brazil,1,1,1,0.0002920560747663551,0.0,0.20897298594337474,0.21345065996228788,4.0273751492918694e-05,4.046885234895834e-05,1
TBU,Fua'amotu International Airport,Tonga,4,4,4,0.0011682242990654205,3.2111973801097103e-06,0.24852490043602518,0.2555881688868819,0.0004843464478112163,0.00047475416832477716,4
TBW,Donskoye Airport,Russia,1,1,1,0.0002920560747663551,0.0,0.24710095391220838,0.2523781212841855,0.000581550559378409,0.0005884916918417262,1
TBZ,Tabriz International Airport,Iran,10,10,11,0.0032126168224299065,0.00036006505500217086,0.28438723299016594,0.2905295577038241,0.005109094703346706,0.0048641736731558785,8
TCB,Treasure Cay Airport,Bahamas,1,1,1,0.0002920560747663551,0.0,0.2416349937878315,0.2471076184239249,0.0005783585045171854,0.0005847919817454,1
TCD,?,?,1,1,1,0.0002920560747663551,0.0,0.19230887882940514,0.19660742198807388,5.387869639761539e-06,5.461186385595369e-06,1
TCG,Tacheng Airport,China,1,1,1,0.0002920560747663551,0.0,0.2263814656504307,0.23089475115583355,0.00020136028436038274,0.00020555523797345326,1
TCO,La Florida Airport,Colombia,1,1,1,0.0002920560747663551,0.0,0.216719292542333,0.2213387212409568,6.654052611828195e-05,6.623771820265835e-05,1
TCQ,Coronel FAP Carlos Ciriani Santa Rosa International Airport,Peru,2,2,2,0.0005841121495327102,0.0,0.24283654256864118,0.248209326121912,0.00033473330904639046,0.00033563142836281616,2
TCR,?,?,1,1,1,0.0002920560747663551,0.0,0.23389137340654798,0.23851664559629163,0.0002602788767677533,0.0002585038860864382,1
TCT,?,?,1,1,2,0.0005841121495327102,0.0002876193479513243,0.18349945955827862,0.18734484470679097,1.460651234846579e-06,1.4799453882143302e-06,2
TCZ,Tengchong Tuofeng Airport,China,4,4,4,0.0011682242990654205,0.0,0.24154711373481003,0.24647989548555668,0.0007945446439345823,0.0008092241221585163,4
TDD,Teniente Av. Jorge Henrich Arauz Airport,Bolivia,7,7,7,0.0020443925233644858,0.0011755341324359845,0.20915725386572828,0.2133701935159588,3.744511703809818e-05,3.711405997728277e-05,3
TDX,Trat Airport,Thailand,1,1,1,0.0002920560747663551,0.0,0.2571863165757565,0.2622191336576326,0.0009096762180149266,0.00092075825059468,1
TEB,Teterboro Airport,United States,1,1,1,0.0002920560747663551,0.0,0.2022159127771385,0.20633088279968406,1.4363303671331387e-05,1.4616264038346956e-05,1
TEE,Cheikh Larbi Tébessi Airport,Algeria,1,1,1,0.0002920560747663551,0.0,0.24189901803803673,0.2469818181818182,0.000662910532730241,0.0006698854091734608,1
TEN,Tongren Fenghuang Airport,China,5,5,5,0.0014602803738317756,4.213415778756705e-09,0.273451063869085,0.2798055532668699,0.002355010407382604,0.002388271029026411,5
TEQ,Tekirdağ Çorlu Airport,Turkey,1,1,1,0.0002920560747663551,0.0,0.2274513506593266,0.23182469793159943,0.00028312724709564314,0.0002889603032240352,1
TER,Lajes Airport,Portugal,8,8,8,0.002336448598130841,0.0006536358853636875,0.25081493350650813,0.25622453598913536,0.00230045515964134,0.0023190252562113956,3
TET,Chingozi Airport,Mozambique,6,6,6,0.0017523364485981306,0.0002929680387609895,0.2515368671130259,0.2568446528513084,0.0005485936064038574,0.0005484788218754398,4
TFF,Tefé Airport,Brazil,5,5,5,0.0014602803738317756,0.002301637356966753,0.20907824212215376,0.21355804301345743,4.030679531579753e-05,4.0502602675625943e-05,1
TFI,?,?,2,1,2,0.0005841121495327102,0.0,0.22051860811648638,0.22509445217737126,5.205921120610955e-05,5.296834608268959e-05,2
TFN,Tenerife Norte Airport,Spain,17,17,17,0.004964953271028037,0.0006464187749477129,0.2774492204550228,0.283851554663992,0.012376964716702432,0.01244185033251438,14
TFS,Tenerife South Airport,Spain,83,83,85,0.024824766355140186,0.0009632486144347457,0.3029088497333,0.31039210309843707,0.07257086902740698,0.07104757302297293,31
TGC,?,?,1,1,1,0.0002920560747663551,0.0,0.20351717347712006,0.2076937190385909,2.245307758354843e-05,2.2914375338756313e-05,1
TGD,Podgorica Airport,Montenegro,12,12,12,0.003504672897196261,1.1406594667965871e-05,0.2967375319119085,0.3029708270140066,0.017510451959454224,0.017697641645715093,12
TGG,Sultan Mahmud Airport,Malaysia,4,4,4,0.0011682242990654205,1.5499920350105288e-06,0.25619423851459405,0.26179463459759483,0.001312674958798276,0.0013278244448619212,4
TGH,Tongoa Airport,Vanuatu,1,1,1,0.0002920560747663551,0.0,0.20093118652061284,0.20468928937375686,9.486378554177468e-06,9.48008601306266e-06,1
TGI,Tingo Maria Airport,Peru,1,1,1,0.0002920560747663551,0.0,0.24281878616745892,0.2481911861433896,0.0003294459880853251,0.00033029101316018174,1
TGJ,Tiga Airport,New Caledonia,2,2,2,0.0005841121495327102,0.0,0.0014785338785046728,,,,2
TGK,Taganrog Yuzhny Airport,Russia,1,1,1,0.0002920560747663551,0.0,0.2499841704024517,0.25464907018596283,0.0010883570352199666,0.0011063760351434418,1
TGM,Transilvania Târgu Mureş International Airport,Romania,2,4,4,0.0011682242990654205,1.7751223614083537e-08,0.23188253052343888,0.24539345328419684,0.0025791341846050373,0.0013870438081606063,4
TGO,Tongliao Airport,China,8,8,8,0.002336448598130841,1.2231098734609076e-06,0.2714394081760805,0.27754168028767573,0.0029994754664957805,0.0030285614387631247,7
TGP,Podkamennaya Tunguska Airport,Russia,1,1,1,0.0002920560747663551,0.0,0.22628890764062476,0.23056555095390047,0.00015883142146818282,0.00016124670539379997,1
TGR,Touggourt Sidi Madhi Airport,Algeria,1,1,1,0.0002920560747663551,0.0,0.24189901803803673,0.2469818181818182,0.000662910532730241,0.0006698854091734608,1
TGU,Toncontín International Airport,Honduras,11,11,11,0.0032126168224299065,0.0007122594543756902,0.27401515963579237,0.28022114035811535,0.0044285790343225615,0.00440614258658393,9
TGZ,Angel Albino Corzo International Airport,Mexico,5,5,5,0.0014602803738317756,0.0,0.2571863165757565,0.26313342631334263,0.0016699432497136498,0.001610845384327301,5
THD,?,?,1,1,1,0.0002920560747663551,0.0,0.24258818902959808,0.2472515471423371,0.00033041796621138445,0.00033597232788569524,1
THE,Senador Petrônio Portela Airport,Brazil,7,7,7,0.0020443925233644858,0.00010463348669504558,0.25425233287084975,0.25985155711990204,0.0010383411493312825,0.0010503620473463755,6
THL,Tachileik Airport,Burma,3,4,4,0.0011682242990654205,0.0002876193479513243,0.22770088587672574,0.23212576896787424,0.00017071443862852524,0.0001715336780241015,3
THN,Trollhättan-Vänersborg Airport,Sweden,1,1,1,0.0002920560747663551,0.0,0.20864474237409955,0.21272863943873715,5.652446217317738e-05,5.7718206234835855e-05,1
THR,Mehrabad International Airport,Iran,37,37,38,0.011098130841121495,0.006502196270862865,0.25413558732885655,0.25971245029060874,0.0016737325054743167,0.0013891402689856394,8
THS,Sukhothai Airport,Thailand,1,1,1,0.0002920560747663551,0.0,0.2571863165757565,0.2622191336576326,0.0009096762180149266,0.00092075825059468,1
THU,Thule Air Base,Greenland,2,2,2,0.0005841121495327102,0.0005756653042502478,0.12814655088470203,0.13045482483097726,9.214756881286141e-11,9.624863316422872e-11,1
THX,Turukhansk Airport,Russia,1,1,1,0.0002920560747663551,0.0,0.22628890764062476,0.23056555095390047,0.00015883142146818282,0.00016124670539379997,1
TIA,Tirana International Airport Mother Teresa,Albania,18,18,18,0.005257009345794392,8.374695900371243e-06,0.29139958929678555,0.29732095955174226,0.02087862927463644,0.021129837494564856,17
TID,Bou Chekif Airport,Algeria,2,1,2,0.0005841121495327102,0.0,0.2419166401709163,0.24699978180231288,0.0006725386924785036,0.0006795541078821723,2
TIF,Ta’if Regional Airport,Saudi Arabia,9,9,9,0.002628504672897196,1.8347203867198808e-06,0.28541381346163885,0.2915521978021978,0.007061446516498857,0.007096332795604918,9
TIH,Tikehau Airport,French Polynesia,3,2,3,0.0008761682242990653,0.0,0.22251338244613833,0.22723318835731013,3.7523485348290895e-05,3.8137226695318575e-05,3
TIJ,General Abelardo L. Rodríguez International Airport,Mexico,31,32,32,0.009345794392523364,0.0007544729562207309,0.2801172264551808,0.29130211013896035,0.004595758207056377,0.003655782239754916,9
TIM,Moses Kilangin Airport,Indonesia,3,3,3,0.0008761682242990653,7.74872078100733e-06,0.22662865758726325,0.23135090946249745,0.0001714556156555441,0.00017411743582091863,3
TIP,Tripoli International Airport,Libya,25,25,25,0.007301401869158878,0.0026631784152106467,0.30219216667814797,0.30889576132435875,0.017257826020854853,0.017367992423979576,15
TIR,Tirupati Airport,India,1,1,1,0.0002920560747663551,0.0,0.22993973962236314,0.2345627849150435,0.00019254603833899965,0.00019545130768631447,1
TIU,Timaru Airport,New Zealand,1,1,1,0.0002920560747663551,0.0,0.20060346258464226,0.2043567216271513,1.196756091008663e-05,1.2039538904246602e-05,1
TIV,Tivat Airport,Montenegro,6,6,6,0.0017523364485981306,1.1908517263060064e-06,0.2890659574883503,0.2951760104302477,0.008459251070142573,0.008549160070911941,6
TIZ,Tari Airport,Papua New Guinea,2,3,3,0.0008761682242990653,0.0,0.2205039654466247,0.22510937292854302,5.2871788826417756e-05,5.302558701121321e-05,3
TJA,Capitan Oriel Lea Plaza Airport,Bolivia,5,5,5,0.0014602803738317756,0.0005041737410321908,0.218760851095268,0.22331820871966857,0.0001038870349766935,9.086245025150197e-05,4
TJM,Roshchino International Airport,Russia,19,18,19,0.005549065420560747,0.00010211402540846963,0.26670867557836064,0.27266158169409876,0.005262528983126972,0.005280638804567578,10
TJQ,Buluh Tumbang (H A S Hanandjoeddin) Airport,Indonesia,2,2,2,0.0005841121495327102,0.0,0.23408922315142874,0.23910441456030415,0.0002607194388077957,0.0002609066004879764,2
TJU,Kulob Airport,Tajikistan,3,4,4,0.0011682242990654205,2.2467215261723988e-07,0.2549550648465388,0.26007045489355185,0.002485863053764906,0.0024658355667023643,4
TKD,Takoradi Airport,Ghana,1,1,1,0.0002920560747663551,0.0,0.23558383368517083,0.24052694950067285,0.000314239769455458,0.0002736845928572507,1
TKE,?,?,1,1,2,0.0005841121495327102,0.00028804595629892347,0.1709720290184919,0.21124657875093306,1.1214346875193313e-05,1.6306190018438773e-07,2
TKG,Radin Inten II (Branti) Airport,Indonesia,3,2,3,0.0008761682242990653,0.0,0.23417175937001397,0.23918861811522749,0.0002903860874998588,0.00029108861253015946,3
TKJ,Tok Junction Airport,United States,1,1,1,0.0002920560747663551,0.0,0.0002920560747663551,,,,1
TKK,Chuuk International Airport,Micronesia,2,2,2,0.0005841121495327102,0.000611107129333267,0.2196144249471707,0.22424722662440572,7.622711005494531e-05,7.70514383548521e-05,2
TKP,Takapoto Airport,French Polynesia,1,1,1,0.0002920560747663551,0.0,0.18151351296125542,0.185179126451824,5.288341031783996e-07,5.341082810105161e-07,1
TKS,Tokushima Airport/JMSDF Air Base,Japan,1,1,1,0.0002920560747663551,0.0,0.24776465863061764,0.25275379577255136,0.00032824797070686064,0.0003333616771630597,1
TKU,Turku Airport,Finland,7,7,7,0.0020443925233644858,3.7794199119884782e-06,0.26562067826157165,0.2713326941514861,0.006585897438620021,0.0066938299892399305,6
TKX,Takaroa Airport,French Polynesia,2,3,3,0.0008761682242990653,0.0005756653042502476,0.22251338244613833,0.22724839400428265,3.693970660939574e-05,3.700511718276648e-05,2
TLA,Teller Airport,United States,2,2,2,0.0005841121495327102,0.0,0.18373297109805067,0.18759321659393471,1.4859699579246697e-06,1.5275747872440748e-06,2
TLC,Licenciado Adolfo Lopez Mateos International Airport,Mexico,10,10,10,0.0029205607476635513,6.9217320913148716e-06,0.2634920034615701,0.2699523052464229,0.003099734933712224,0.003076094155780737,8
TLE,Toliara Airport,Madagascar,3,3,3,0.0008761682242990653,8.532166951982329e-08,0.2268763899450822,0.2322210065645514,9.428066825259094e-05,8.043148670716092e-05,2
TLH,Tallahassee Regional Airport,United States,7,7,7,0.0020443925233644858,2.7304681745975194e-09,0.27237448487747445,0.2797133679268594,0.0055096332049363915,0.005514231999916783,7
TLJ,Tatalina LRRS Airport,United States,1,1,2,0.0005841121495327102,0.0002880459562989234,0.15469277121284614,0.18734484470679097,1.4606512348461008e-06,2.1360589757106146e-08,2
TLL,Lennart Meri Tallinn Airport,Estonia,28,28,28,0.008177570093457943,0.0017446704444889429,0.30017081439267546,0.3069136918210574,0.028901686979445184,0.029191117758095138,24
TLM,Zenata – Messali El Hadj Airport,Algeria,4,4,4,0.0011682242990654205,0.0,0.25081493350650813,0.25624386931260845,0.003449143448226947,0.0035036300667153873,4
TLN,Toulon-Hyères Airport,France,3,3,3,0.0008761682242990653,5.171170452769268e-07,0.2431566024475484,0.24806428049671292,0.002482398828818271,0.0025111095305066643,3
TLS,Toulouse-Blagnac Airport,France,47,46,47,0.013726635514018691,0.0016484113955964562,0.30620467677511926,0.3128800442233278,0.050770337428690304,0.05125285614030645,31
TLT,?,?,2,2,2,0.0005841121495327102,0.0005753240175721684,0.1840180494085209,0.18788381742738589,1.4274643911345349e-06,1.4632368959500488e-06,2
TLV,Ben Gurion International Airport,Israel,78,79,79,0.023072429906542055,0.0041232196851875,0.34369589315112486,0.35235526042747456,0.08052461158369474,0.08049307312551478,31
TMC,Tambolaka Airport,Indonesia,2,2,2,0.0005841121495327102,0.0,0.22610401849432615,0.23081628491809963,0.00014403162997178001,0.0001462384256843829,2
TME,Gustavo Vargas Airport,Colombia,2,2,2,0.0005841121495327102,0.0,0.23885418396217853,0.2445980985306828,0.00038157948659079874,0.00038367248241703546,2
TMI,Tumling Tar Airport,Nepal,1,1,1,0.0002920560747663551,0.0,0.2299715872317291,0.23454658470888873,0.00019511829503492296,0.00019726593822198737,1
TMJ,Termez Airport,Uzbekistan,2,2,2,0.0005841121495327102,0.0,0.2532247765461467,0.25817241903603466,0.0015647541102440307,0.0015686089577929426,2
TML,Tamale Airport,Ghana,1,1,1,0.0002920560747663551,0.0,0.23558383368517083,0.24052694950067285,0.000314239769455458,0.0002736845928572507,1
TMM,Toamasina Airport,Madagascar,6,6,6,0.0017523364485981306,0.0005773835988380576,0.22812322041809222,0.2327781205017479,0.00017337485844424344,0.00015968733835151368,3
TMP,Tampere-Pirkkala Airport,Finland,10,10,10,0.0029205607476635513,5.865042759583513e-06,0.2661315691317654,0.27181046902513206,0.009105116640755927,0.009244962129756578,10
TMR,Aguenar – Hadj Bey Akhamok Airport,Algeria,4,4,5,0.0014602803738317756,0.0002544179466205339,0.19439148390951053,0.24707166242269915,0.0006981653158494384,3.515171026868246e-05,3
TMS,São Tomé International Airport,Sao Tome and Principe,3,3,3,0.0008761682242990653,2.0291209211510892e-06,0.2552686386060549,0.26094974642692487,0.0016837034519325814,0.001703102906241767,3
TMT,Trombetas Airport,Brazil,1,1,1,0.0002920560747663551,0.0,0.1728137864085225,0.17641558441558441,1.0834456858709467e-06,1.0962620041177397e-06,1
TMU,Tambor Airport,Costa Rica,2,1,2,0.0005841121495327102,0.00028804595629892347,0.23533340795309815,0.24068036853295535,0.000276798942428712,0.00027949426352679466,2
TMW,Tamworth Airport,Australia,1,1,1,0.0002920560747663551,0.0,0.2469906820101278,0.2540204951754058,0.000267067589724528,0.0002575989240510622,1
TNA,Yaoqiang Airport,China,41,41,41,0.01197429906542056,0.00021977771706602949,0.28278887163639344,0.2885546775426969,0.01186588612736856,0.011988095762981254,25
TNC,Tin City Long Range Radar Station Airport,United States,1,1,2,0.0005841121495327102,0.0,0.18373297109805067,0.18759321659393471,1.4862703332530796e-06,1.5052040552609018e-06,2
TNG,Ibn Batouta Airport,Morocco,12,12,12,0.003504672897196261,4.074108567158212e-06,0.294526804401434,0.301518245582882,0.016503853579622432,0.016665175799587723,12
TNJ,Raja Haji Fisabilillah International Airport,Indonesia,1,1,1,0.0002920560747663551,0.0,0.23407272288899472,0.23908758096310898,0.00025650879524981247,0.0002566508604893712,1
TNK,?,?,2,1,3,0.0008761682242990653,0.0004315143435965063,0.15508288047570018,0.15820367092145718,6.222785652590206e-08,4.253469186103997e-08,2
TNN,Tainan Airport,Taiwan,1,1,1,0.0002920560747663551,0.0,0.26458367617131445,0.26999522976625856,0.0008588032056256782,0.0008727428908410825,1
TNO,?,?,2,2,2,0.0005841121495327102,0.0,0.23533340795309815,0.24069742717414416,0.0004401294334472823,0.00044479256577279906,2
TNR,Ivato Airport,Madagascar,20,21,21,0.006133177570093458,0.005817930267175599,0.29470977277477534,0.3023773484106491,0.006399682573368059,0.005414002847712702,7
TNW,Jumandy Airport,Ecuador,1,1,2,0.0005841121495327102,0.0002880459562989234,0.18682361291849048,0.23555524727751959,0.0001569014314152408,2.237885784130156e-06,2
TOB,Gamal Abdel Nasser Airport,Libya,3,3,3,0.0008761682242990653,6.874398966767216e-08,0.2404975173541547,0.24541118658765718,0.001192503697325807,0.0012082269587435006,3
TOE,Tozeur Nefta International Airport,Tunisia,4,2,4,0.0011682242990654205,0.00019895691479044063,0.24809784980397223,0.2531117239323247,0.001751256989202665,0.0017767898745602334,3
TOF,Bogashevo Airport,Russia,4,4,4,0.0011682242990654205,1.208463206874176e-07,0.2643519916913046,0.2699523052464229,0.002676520229878266,0.0027218975607620536,4
TOG,Togiak Airport,United States,1,1,1,0.0002920560747663551,0.0,0.15505391603054433,0.15817419655333023,2.0732533534900533e-08,2.1428654045256737e-08,1
TOH,Torres Airstrip,Vanuatu,3,3,3,0.0008761682242990653,5.6881113013215525e-08,0.1627518976488026,0.16565853658536586,6.584212643047658e-08,6.749450137510663e-08,3
TOL,Toledo Express Airport,United States,4,4,4,0.0011682242990654205,1.4765180771895271e-05,0.2699390115124507,0.2759629449049244,0.0014617493971825287,0.001464769964063973,4
TOS,"Tromsø Airport,",Norway,20,20,20,0.005841121495327103,0.0052341701934133355,0.26511174514020186,0.27122434310358595,0.0066243510286516675,0.006716686480922496,7
TOU,Touho Airport,New Caledonia,1,1,1,0.0002920560747663551,0.0,0.0013915612974161626,,,,1
TOY,Toyama Airport,Japan,6,6,6,0.0017523364485981306,1.3430966350169102e-06,0.27132851700516125,0.27677261613691934,0.002949924804909043,0.002940456514960151,6
TPA,Tampa International Airport,United States,67,68,69,0.020151869158878503,0.0004667019011564227,0.31225103146461386,0.3220789074355083,0.03488034621943414,0.03407827113972211,30
TPE,Taiwan Taoyuan International Airport,Taiwan,102,103,103,0.030081775700934576,0.008734534880812871,0.3437670517211354,0.3525747508305648,0.03678577585185061,0.03675920385487045,25
TPP,Cadete FAP Guillermo Del Castillo Paredes Airport,Peru,3,3,3,0.0008761682242990653,0.0,0.2428543015669276,0.24822746875228419,0.00034570707217432387,0.00034673970972529035,3
TPQ,Amado Nervo National Airport,Mexico,2,2,2,0.0005841121495327102,0.0,0.25272372295480733,0.258368837492392,0.0006417863455329348,0.000635390084681003,2
TPS,Vincenzo Florio Airport Trapani-Birgi,Italy,28,28,28,0.008177570093457943,6.24986862660098e-05,0.2582463426103249,0.2641979150459001,0.012016970593418117,0.012184006901507236,18
TQA,?,?,2,2,2,0.0005841121495327102,0.0,0.147263402200717,0.1499735029146794,6.52609112427291e-09,6.7619130984933435e-09,2
TQI,?,?,1,1,1,0.0002920560747663551,0.0,0.14701565962573793,0.1497222467154572,6.384335120683921e-09,6.614083158777604e-09,1
TQL,Tarko-Sale Airport,Russia,1,1,1,0.0002920560747663551,0.0,0.2011380811402888,0.20487451737451737,2.88002558416959e-05,2.9482641776818432e-05,1
TRC,Francisco Sarabia International Airport,Mexico,6,6,6,0.0017523364485981306,0.0,0.27088585689095096,0.2779278173336607,0.0033660980147787313,0.0033359247344528892,6
TRD,Trondheim Airport Værnes,Norway,30,31,31,0.009053738317757009,0.00261237527982085,0.28558563120280084,0.29397506925207756,0.019197250237429433,0.018881250748469268,19
TRE,Tiree Airport,United Kingdom,1,1,1,0.0002920560747663551,0.0,0.2389401150975801,0.24431654676258993,0.0007190057775160083,0.000719854742369083,1
TRF,"Sandefjord Airport, Torp",Norway,30,30,30,0.008761682242990653,4.4087337624250524e-05,0.28783823521072793,0.29509906152241916,0.02608852039964257,0.02648532964429953,24
TRG,Tauranga Airport,New Zealand,3,3,3,0.0008761682242990653,0.0,0.237487643540454,0.2423982869379015,0.00018659884674408344,0.00018908506333917174,3
TRI,Tri-Cities Regional TN/VA Airport,United States,4,4,4,0.0011682242990654205,8.070496691009444e-06,0.26485800922205843,0.27053294033298814,0.0021259065879586803,0.00213237817865904,4
TRK,Juwata Airport,Indonesia,5,5,5,0.0014602803738317756,2.937922840406989e-06,0.23445281838648463,0.23945846848117333,0.0003801898102744423,0.00038228317193840354,4
TRN,Turin Airport,Italy,29,29,29,0.008469626168224298,9.923287634941909e-05,0.29804251657028974,0.30468329445541004,0.03241704334071186,0.03269078555951668,23
TRO,Taree Airport,Australia,2,2,2,0.0005841121495327102,0.0005756653042502478,0.24702742837358982,0.2540585022817386,0.00026712233696454536,0.0002576525987438978,1
TRR,China Bay Airport,Sri Lanka,1,1,1,0.0002920560747663551,0.0,0.19403936657860044,0.19776380153738643,5.379254426183872e-06,5.476368625886171e-06,1
TRS,Trieste–Friuli Venezia Giulia Airport,Italy,11,11,11,0.0032126168224299065,4.145051517124196e-06,0.27558420909760734,0.28168546781685466,0.0094311297635298,0.00956883826405779,11
TRU,Capitan FAP Carlos Martinez De Pinillos International Airport,Peru,1,1,1,0.0002920560747663551,0.0,0.24281878616745892,0.2481911861433896,0.0003294459880853251,0.00033029101316018174,1
TRV,Trivandrum International Airport,India,17,17,17,0.004964953271028037,0.0005715740246342451,0.287763407246635,0.2934669892844798,0.008586400006542443,0.008611220272818406,16
TRW,Bonriki International Airport,Kiribati,3,3,3,0.0008761682242990653,1.0811413585310797e-05,0.2282800384702116,0.23298572996706915,6.625442569171256e-05,6.642592622743964e-05,3
TRZ,Tiruchirapally Civil Airport Airport,India,4,4,4,0.0011682242990654205,0.0,0.2564316385811713,0.262037037037037,0.0019076572504333194,0.0019237955694030762,4
TSA,Taipei Songshan Airport,Taiwan,19,19,19,0.005549065420560747,0.0007555266497151363,0.2664091231148149,0.27194106342088403,0.0037236868522834365,0.0037893837397028874,14
TSE,Astana International Airport,Kazakhstan,34,34,34,0.009929906542056074,0.0017631980899741708,0.3035734271529544,0.30976922375262245,0.018506169224882414,0.018664911424719887,19
TSF,Treviso-Sant'Angelo Airport,Italy,38,38,38,0.011098130841121495,3.5174274497110743e-05,0.2741508890965218,0.27994394526419913,0.02561637383424682,0.02601363051897934,26
TSH,Tshikapa Airport,Congo (Kinshasa),2,2,2,0.0005841121495327102,0.0,0.22571980149715662,0.23014367037137434,0.00012869364371059723,0.00012911017349086188,2
TSJ,Tsushima Airport,Japan,2,2,2,0.0005841121495327102,5.799642895465112e-08,0.2341057257403009,0.23950913322519218,0.0002237203296390417,0.00022674617461178637,2
TSN,Tianjin Binhai International Airport,China,52,52,52,0.015186915887850466,0.0001371376094890994,0.28082788326648356,0.28663065496286294,0.011117194184318656,0.011240082875391464,25
TSR,Timişoara Traian Vuia Airport,Romania,12,12,12,0.003504672897196261,2.2375786993585095e-06,0.2791517921676335,0.2852103804484757,0.011520203820000904,0.011721094266531808,12
TST,Trang Airport,Thailand,1,1,1,0.0002920560747663551,0.0,0.21528620548629937,0.21970628194345604,0.00010243650143145599,0.00010462235751648968,1
TSV,Townsville Airport,Australia,10,10,10,0.0029205607476635513,0.0005392724140890392,0.25130843950553716,0.25626320555387866,0.0007210223590557839,0.0007176104078868022,5
TTA,Tan Tan Airport,Morocco,1,1,2,0.0005841121495327102,4.103732512353421e-06,0.19758372818624192,0.2507383343177791,0.000943369649842227,2.7508364442649322e-05,2
TTE,Sultan Khairun Babullah Airport,Indonesia,3,3,3,0.0008761682242990653,0.0,0.2343700839597832,0.2393740748572637,0.0002989259278344526,0.00029988742041456843,3
TTJ,Tottori Airport,Japan,1,1,1,0.0002920560747663551,0.0,0.24776465863061764,0.25275379577255136,0.00032824797070686064,0.0003333616771630597,1
TTN,Trenton Mercer Airport,United States,14,14,14,0.0040887850467289715,0.0005758697850977758,0.27152818639625254,0.2773150416462518,0.0072659674425343,0.0073320935704965185,13
TTQ,Aerotortuguero Airport,Costa Rica,1,1,1,0.0002920560747663551,0.0,0.23530005807597024,0.24066331230954574,0.0002728362493291792,0.0002755176177695171,1
TTT,Taitung Airport,Taiwan,1,1,1,0.0002920560747663551,0.0,0.20969876986778024,0.21381351130139142,5.330883154716972e-05,5.469354895785227e-05,1
TTU,Saniat R'mel Airport,Morocco,1,1,2,0.0005841121495327102,0.0002876193479513243,0.24489599702257878,0.2507383343177791,0.0009292431587339177,0.0009021666710078526,2
TUA,Teniente Coronel Luis a Mantilla Airport,Ecuador,1,0,1,0.0002920560747663551,0.0,0.2306190753644133,0.23553890969621308,0.00015465520816698426,,1
TUB,Tubuai Airport,French Polynesia,2,3,3,0.0008761682242990653,4.2660834759911645e-08,0.2224984736767952,0.22723318835731013,3.746085344599511e-05,3.7539225463776996e-05,2
TUC,Teniente Benjamin Matienzo Airport,Argentina,1,1,1,0.0002920560747663551,0.0,0.205037646309346,0.20922925266465406,2.4683569141349352e-05,2.4861952758225746e-05,1
TUF,Tours-Val-de-Loire Airport,France,5,5,5,0.0014602803738317756,7.074865580311357e-09,0.25786532999116074,0.2633170504768551,0.005137045667008206,0.0052247422340573595,5
TUG,Tuguegarao Airport,Philippines,1,1,1,0.0002920560747663551,0.0,0.2445713447949748,0.2495407450951576,0.0003293056655485688,0.0003337175378114053,1
TUI,Turaif Domestic Airport,Saudi Arabia,1,1,1,0.0002920560747663551,0.0,0.24500440605180523,0.2497609766860337,0.0005663067964345244,0.0005717011908778065,1
TUK,Turbat International Airport,Pakistan,5,6,6,0.0017523364485981306,0.00028987871054311407,0.24498633121550484,0.24970588235294117,0.0010239249795718805,0.001012647457425543,4
TUL,Tulsa International Airport,United States,18,18,18,0.005257009345794392,4.603956513458335e-05,0.2915274971140521,0.3004512076439883,0.012951139179645936,0.012977139419353207,16
TUN,Tunis Carthage International Airport,Tunisia,60,60,61,0.017815420560747662,0.0030952385182312346,0.31671814207211907,0.32373689227836033,0.05438483445507097,0.05481797883993907,31
TUO,Taupo Airport,New Zealand,2,2,2,0.0005841121495327102,0.0,0.23745368034509606,0.24236368826719953,0.00016294159085203301,0.00016508230630252167,2
TUP,Tupelo Regional Airport,United States,2,2,2,0.0005841121495327102,0.0005756653042502479,0.2624300394836548,0.268034727703236,0.001161039081663741,0.0011726024320541967,1
TUR,Tucuruí Airport,Brazil,1,1,2,0.0005841121495327102,0.0,0.18549825268831235,0.21349091594895328,3.665534343944858e-05,2.323164124326375e-06,2
TUS,Tucson International Airport,United States,15,16,16,0.004672897196261682,2.2702588604851862e-07,0.29273534199807544,0.29955014554114845,0.011477971035816374,0.011373211948800836,16
TUU,Tabuk Airport,Saudi Arabia,7,7,7,0.0020443925233644858,0.0,0.27830956416578684,0.2840890078634767,0.004201223007109089,0.004193999530787668,7
TVC,Cherry Capital Airport,United States,3,3,3,0.0008761682242990653,0.0,0.2702245682827055,0.276232308443143,0.0027747522063319647,0.0028037388410303865,3
TVF,Thief River Falls Regional Airport,United States,1,1,1,0.0002920560747663551,0.0,0.20374193015682976,0.20817752712560533,2.244928705842316e-05,2.2719890282643123e-05,1
TVS,?,?,5,5,5,0.0014602803738317756,1.1768506140665282e-08,0.266430497402613,0.27224627224627224,0.0018526715238900671,0.0018812939979907688,5
TVU,Matei Airport,Fiji,3,3,3,0.0008761682242990653,0.0,0.22821728538424632,0.23292181069958848,6.726784418678479e-05,6.505138713747377e-05,3
TVY,Dawei Airport,Burma,2,2,2,0.0005841121495327102,0.0011509893218224162,0.22773211628214018,0.23214163647549388,0.00014576517539367377,0.00014817770149010072,1
TWB,Toowoomba Airport,Australia,4,4,4,0.0011682242990654205,0.001753037845865249,0.2502667661184843,0.2552040279552115,0.000417561894484706,0.0004094531468345557,2
TWF,Joslin Field Magic Valley Regional Airport,United States,1,1,1,0.0002920560747663551,0.0,0.24109116593772095,0.2462832692726086,0.00045851167030034457,0.0004633154749654837,1
TWU,Tawau Airport,Malaysia,5,5,5,0.0014602803738317756,5.92418124014517e-06,0.2501159689407372,0.2556074062923378,0.0006878751375399396,0.0006923185726139769,4
TXK,Texarkana Regional Webb Field,United States,1,1,1,0.0002920560747663551,0.0,0.26162370752589365,0.26826763567422385,0.0009067073649020931,0.0009138576936963287,1
TXL,Berlin-Tegel Airport,Germany,110,109,110,0.03212616822429906,0.002683499068521103,0.3343862369979024,0.3421662468513854,0.09792085969527939,0.09895287653988662,31
TXN,Tunxi International Airport,China,18,18,18,0.005257009345794392,9.003180458863616e-07,0.2771019458967096,0.28354345829506555,0.006084853603197726,0.006133010266943219,18
TYF,Torsby Airport,Sweden,2,2,2,0.0005841121495327102,3.251334077962057e-07,0.23009906593862028,0.23488725964863744,0.0004333254274281078,0.0004413427178990321,2
TYN,Taiyuan Wusu Airport,China,47,47,47,0.013726635514018691,3.997600831387974e-05,0.27997552648395313,0.2857383256205301,0.010618145003267356,0.010771190573305535,25
TYR,Tyler Pounds Regional Airport,United States,2,2,2,0.0005841121495327102,0.0,0.26849852196201235,0.2752695144686715,0.0018422009691810737,0.001859542123146186,2
TYS,McGhee Tyson Airport,United States,17,17,17,0.004964953271028037,0.0001173727211237164,0.28959533614948707,0.297999297999298,0.012393962665708353,0.012470201293796418,14
TZA,?,?,6,6,6,0.0017523364485981306,1.066520868997791e-06,0.22608862470221733,0.23119341003471985,0.0001297448404398574,0.00013023973619139854,4
TZL,Tuzla International Airport,Bosnia and Herzegovina,3,3,3,0.0008761682242990653,3.96136623069095e-07,0.20960611750464989,0.21415058645478624,0.0003990469922629124,0.0004096844322365538,3
TZX,Trabzon International Airport,Turkey,7,7,7,0.0020443925233644858,8.391214645535963e-07,0.2719284080925457,0.2777005478779949,0.004645738119275823,0.004717156315879644,7
UAH,Ua Huka Airport,French Polynesia,3,3,3,0.0008761682242990653,0.0,0.18156313393254064,0.18521952549768203,1.0734924447189017e-06,1.100448105504749e-06,3
UAK,Narsarsuaq Airport,Greenland,5,5,5,0.0014602803738317756,0.006609643817254313,0.2095267663339118,0.2136789781664884,3.112497473079243e-05,3.172298927046827e-05,2
UAP,Ua Pou Airport,French Polynesia,3,3,3,0.0008761682242990653,0.0,0.18156313393254064,0.18521952549768203,1.0734924447182461e-06,1.100448105504749e-06,3
UAQ,Domingo Faustino Sarmiento Airport,Argentina,1,2,2,0.0005841121495327102,0.0,0.205037646309346,0.20929372611857514,3.412182002143033e-05,2.4861952758225746e-05,2
UAS,Buffalo Spring,Kenya,2,2,2,0.0005841121495327102,0.0,0.18110764177716884,0.18464549804262723,1.3910993898536456e-06,1.3537296454443149e-06,2
UBA,Mário de Almeida Franco Airport,Brazil,4,4,4,0.0011682242990654205,3.5089267578667273e-06,0.2539412494934747,0.2594545037818015,0.0008103733174513279,0.0008185029306209184,4
UBJ,Yamaguchi Ube Airport,Japan,2,2,2,0.0005841121495327102,0.0,0.2671807643113821,0.2726834751886944,0.0012792744806964774,0.001254258447001928,2
UBP,Ubon Ratchathani Airport,Thailand,2,2,2,0.0005841121495327102,2.586408703821561e-06,0.2579654874253219,0.26301115241635686,0.0010121127194463815,0.0010253806081111697,2
UCT,Ukhta Airport,Russia,4,4,4,0.0011682242990654205,0.00021739773113318858,0.25501380123069944,0.2604693971468017,0.0015614431245111126,0.0015840810783401698,3
UDI,Ten. Cel. Aviador César Bombonato Airport,Brazil,9,9,9,0.002628504672897196,9.899424792257462e-06,0.2543497027899945,0.25993111366245697,0.0009968385548235782,0.0010074474115341603,7
UDJ,Uzhhorod International Airport,Ukraine,1,1,1,0.0002920560747663551,0.0,0.21493784593049634,0.21925237265155917,0.00018109704482540377,0.00018483387039542465,1
UDR,Maharana Pratap Airport,India,2,2,2,0.0005841121495327102,0.0,0.25520978478528805,0.2607894332667793,0.0012887105621571797,0.0013005363292693918,2
UEL,Quelimane Airport,Mozambique,3,3,3,0.0008761682242990653,0.0,0.21186612987279368,0.21612677400878252,6.111091889054716e-05,6.116438790252549e-05,3
UEO,Kumejima Airport,Japan,1,1,1,0.0002920560747663551,0.0,0.21993441417485718,0.22420281243810655,0.00011067314367033224,0.00011228321573473582,1
UET,Quetta International Airport,Pakistan,8,8,8,0.002336448598130841,0.0005518588676850428,0.24964589682951197,0.2543820224719101,0.0015094395092323978,0.0014442912876837066,6
UFA,Ufa International Airport,Russia,19,19,19,0.005549065420560747,6.094885293522789e-05,0.2784262362393031,0.2843982916003685,0.009129557393399877,0.009185411838539888,12
UGB,?,?,1,1,2,0.0005841121495327102,0.0005755799825807279,0.15473601973934895,0.1578507018685507,4.128145380834687e-08,2.1355879642185067e-08,2
UGC,Urgench Airport,Uzbekistan,6,5,7,0.0020443925233644858,8.805047531762786e-06,0.28551196970390924,0.29162730785744956,0.006427226972493967,0.006442774280310052,6
UIB,El Caraño Airport,Colombia,3,3,3,0.0008761682242990653,8.958775299581446e-07,0.23895730874477716,0.24470384781668827,0.00044854491878877856,0.000450344231475058,3
UIH,Phu Cat Airport,Vietnam,2,2,2,0.0005841121495327102,0.0,0.24301424951527026,0.24768434104004083,0.0006017712612764141,0.0006122234631651942,2
UII,Utila Airport,Honduras,1,0,1,0.0002920560747663551,0.0,0.18505010235299996,0.1895724014737077,6.477272057036142e-06,,1
UIN,Quincy Regional Baldwin Field,United States,1,1,1,0.0002920560747663551,0.0,0.23295613606637447,0.2384663998314725,0.00044668538387470654,0.0004511915378064066,1
UIO,Mariscal Sucre International Airport,Ecuador,24,23,26,0.007593457943925233,0.00467236325302442,0.300932462131959,0.30808309897487074,0.010802854772365441,0.010742438473548476,13
UIP,Quimper-Cornouaille Airport,France,1,1,1,0.0002920560747663551,0.0,0.23861390526882,0.2434234105082073,0.0009493313442080118,0.0009625777302789628,1
UKA,Ukunda Airstrip,Kenya,1,1,1,0.0002920560747663551,0.0,0.18109776515385112,0.18463545914206492,1.3709031283098972e-06,1.3341907751814687e-06,1
UKB,Kobe Airport,Japan,8,8,8,0.002336448598130841,1.8204490070665228e-06,0.24850630244901353,0.25350851000298597,0.0008055800042519688,0.0008117872169733851,6
UKK,Ust-Kamennogorsk Airport,Kazakhstan,6,6,6,0.0017523364485981306,0.0005823688305667541,0.2532827182996086,0.25838849577721984,0.0017911953594412942,0.001821101416922136,4
UKS,Belbek Airport,Ukraine,2,2,2,0.0005841121495327102,0.0,0.25191850399227494,0.2569418173564349,0.001955758804494213,0.001979439749015886,2
UKX,Ust-Kut Airport,Russia,1,1,1,0.0002920560747663551,0.0,0.22194825020894052,0.22608348312362692,0.00010421012505028909,0.00010614074330886743,1
ULB,Uléi Airport,Vanuatu,2,3,3,0.0008761682242990653,9.004796962351119e-05,0.16694096720421114,0.20471396708662368,9.766466243862838e-06,2.783214660097489e-07,2
ULG,Ulgii Mongolei Airport,Mongolia,1,1,1,0.0002920560747663551,0.0,0.22336649758701607,0.2278124371100825,9.114077816425822e-05,9.245492110613432e-05,1
ULH,Majeed Bin Abdulaziz Airport,Saudi Arabia,2,2,2,0.0005841121495327102,0.0,0.24627630670618275,0.2511277083487392,0.0008030205627745256,0.0008063224400933806,2
ULK,Lensk Airport,Russia,2,2,2,0.0005841121495327102,0.0,0.22209669071871108,0.2262340949970022,0.00019466804200956827,0.0001985409876407899,2
ULN,Chinggis Khaan International Airport,Mongolia,14,15,15,0.004380841121495327,0.004741355240558443,0.2888647981581566,0.29499652536483667,0.006366294430160914,0.0064056398644772245,7
ULO,Ulaangom Airport,Mongolia,1,1,1,0.0002920560747663551,0.0,0.22336649758701607,0.2278124371100825,9.114077816425822e-05,9.245492110613432e-05,1
ULP,Quilpie Airport,Australia,2,2,2,0.0005841121495327102,0.0008047851979697517,0.19465355918090085,0.19823711400385266,2.2385561055871073e-06,2.2755617572863225e-06,2
ULV,Ulyanovsk Baratayevka Airport,Russia,2,2,2,0.0005841121495327102,0.0,0.25230130068577483,0.2572142694842081,0.001488236309332354,0.0015113714866486587,2
ULZ,Donoi Airport,Mongolia,1,1,1,0.0002920560747663551,0.0,0.22336649758701607,0.2278124371100825,9.114077816425822e-05,9.245492110613432e-05,1
UMD,Uummannaq Heliport,Greenland,7,7,7,0.0020443925233644858,0.0034510908887378125,0.1472829963909242,0.14999337485093414,6.431303483575078e-09,6.6628842879775686e-09,2
UME,Umeå Airport,Sweden,6,6,6,0.0017523364485981306,7.876172851625247e-06,0.25866877392320986,0.2646096306685367,0.003830625903147738,0.0038988179675918987,4
UNG,Kiunga Airport,Papua New Guinea,3,4,4,0.0011682242990654205,1.1376222602643105e-07,0.22051860811648638,0.22512429565793834,5.362917742995299e-05,5.3733998005329476e-05,3
UNK,Unalakleet Airport,United States,6,4,6,0.0017523364485981306,0.001143462528542942,0.2255052098075627,0.23053424750526103,0.00010067623369540891,0.00010264895284936157,3
UNN,Ranong Airport,Thailand,1,1,1,0.0002920560747663551,0.0,0.21528620548629937,0.21970628194345604,0.00010243650143145599,0.00010462235751648968,1
UPG,Hasanuddin International Airport,Indonesia,26,26,26,0.007593457943925233,0.005982560586903052,0.25762526917192924,0.26325581395348835,0.001861709795984762,0.0018805250542496073,7
UPK,?,?,2,2,2,0.0005841121495327102,0.0,0.147263402200717,0.1499735029146794,6.526091124860875e-09,6.7619130984933435e-09,2
UPN,Licenciado y General Ignacio Lopez Rayon Airport,Mexico,2,2,2,0.0005841121495327102,1.2765109356731662e-06,0.27412825818277764,0.2804062422591033,0.0011470882914516494,0.0011473118634905087,2
URA,Uralsk Airport,Kazakhstan,3,3,3,0.0008761682242990653,0.0,0.2336609709841098,0.23853339889021563,0.00043045054249232697,0.00043724566596232636,3
URC,Ürümqi Diwopu International Airport,China,55,55,55,0.01606308411214953,0.0051338434689732655,0.29392721894372176,0.3001856271546009,0.01406526126503764,0.014241673808693558,24
URE,Kuressaare Airport,Estonia,1,1,1,0.0002920560747663551,0.0,0.23006718301414494,0.23485477178423236,0.0004137606688573854,0.00042132597413173427,1
URG,Rubem Berta Airport,Brazil,1,1,1,0.0002920560747663551,0.0,0.1741551143080642,0.1799872800508798,1.0308997401975125e-06,8.456899575606769e-07,1
URJ,Uray Airport,Russia,3,3,3,0.0008761682242990653,1.8461413872710303e-08,0.23590180575592584,0.24062920711400837,0.000505471761847122,0.0005121840442637231,3
URS,Kursk East Airport,Russia,1,1,1,0.0002920560747663551,0.0,0.24710095391220838,0.2523781212841855,0.000581550559378409,0.0005884916918417262,1
URT,Surat Thani Airport,Thailand,3,3,3,0.0008761682242990653,2.586408703821561e-06,0.26002581783933665,0.26543692355791776,0.001559311852303557,0.0015749779816269169,3
URY,Gurayat Domestic Airport,Saudi Arabia,2,2,2,0.0005841121495327102,0.0,0.25357282526161945,0.25969259004358797,0.0012388226174460328,0.00122829206604859,2
USH,Malvinas Argentinas Airport,Argentina,4,3,4,0.0011682242990654205,4.233572358074907e-05,0.23904331411072333,0.24516315333525845,0.0004013909338705695,0.00040324131850958284,3
USK,Usinsk Airport,Russia,2,2,2,0.0005841121495327102,1.7064333903964658e-07,0.2065039313243062,0.21066997518610422,5.593685303384509e-05,5.728629087189384e-05,2
USM,Samui Airport,Thailand,10,10,10,0.0029205607476635513,8.689648610944011e-05,0.27302390196712717,0.2788177339901478,0.003515387303682084,0.003548897439754047,7
USN,Ulsan Airport,South Korea,2,2,2,0.0005841121495327102,0.0,0.22026994691073018,0.22454377148902407,0.00016215441238420856,0.00016499857699679357,2
UST,Northeast Florida Regional Airport,United States,1,1,1,0.0002920560747663551,0.0,0.21285749116250036,0.21712166741256952,0.00010402062519939037,0.00010582676798379932,1
USU,Francisco B. Reyes Airport,Philippines,2,2,2,0.0005841121495327102,0.0,0.24464341532534023,0.24961411245865492,0.0003979554737278482,0.0004031876134040898,2
UTH,Udon Thani Airport,Thailand,4,4,4,0.0011682242990654205,2.586408703821561e-06,0.25822626124620285,0.2633374689826303,0.0013611259235695504,0.001366339658895976,4
UTN,Pierre Van Ryneveld Airport,South Africa,2,2,2,0.0005841121495327102,0.0,0.2510424644410469,0.2563405797101449,0.0005998724665625636,0.0005837550559366001,2
UTP,U-Tapao International Airport,Thailand,2,2,2,0.0005841121495327102,0.0,0.23241809347887515,0.23696880887586352,0.00027095395639064495,0.0002617938795766419,2
UTS,Ust-Tsylma Airport,Russia,1,1,1,0.0002920560747663551,0.0,0.20587661002022123,0.21004453240969817,3.933802801529496e-05,4.029847266382394e-05,1
UTT,K. D. Matanzima Airport,South Africa,1,1,1,0.0002920560747663551,0.0,0.25100451395511475,0.2563018867924528,0.0004802986617177679,0.0004804980485209108,1
UUA,Bugulma Airport,Russia,3,3,3,0.0008761682242990653,7.394544691718019e-08,0.2547008528628753,0.25979192166462667,0.002077986549661783,0.0021119335868201245,3
UUD,Ulan-Ude Airport (Mukhino),Russia,10,10,10,0.0029205607476635513,1.0637117832191844e-05,0.2783562212595279,0.2848037571284804,0.004519318276413176,0.004587731995029841,8
UUS,Yuzhno-Sakhalinsk Airport,Russia,12,12,12,0.003504672897196261,0.001966109334904134,0.28590527073837,0.2920787821450073,0.00483127721525475,0.004840889061485933,8
UVE,Ouvéa Airport,New Caledonia,2,2,2,0.0005841121495327102,0.0,0.0014785338785046728,,,,2
UVF,Hewanorra International Airport,Saint Lucia,11,11,12,0.003504672897196261,1.0830742001789858e-05,0.29043114567309497,0.29763365468886943,0.010880326178583815,0.010735513444123004,11
UYL,Nyala Airport,Sudan,1,1,1,0.0002920560747663551,0.0,0.22320135230717625,0.22750720171501307,0.00015280605291530456,0.00015210311092605264,1
UYN,Yulin Yuyang Airport,China,7,7,7,0.0020443925233644858,3.272352641653716e-06,0.27148379002830025,0.27754168028767573,0.002449842612327018,0.002486775076722485,7
UYU,Uyuni Airport,Bolivia,1,1,1,0.0002920560747663551,0.0,0.2040047745193616,0.2083563408798086,2.493263033126509e-05,2.4607831067129987e-05,1
VAA,Vaasa Airport,Finland,2,2,2,0.0005841121495327102,0.0,0.25998510292227106,0.2656030032848428,0.002461318613259677,0.0025036301091446536,2
VAI,Vanimo Airport,Papua New Guinea,3,3,3,0.0008761682242990653,0.0,0.22051860811648638,0.22510937292854302,5.286221834613967e-05,5.379258260797849e-05,3
VAK,Chevak Airport,United States,2,2,3,0.0008761682242990653,0.00014376701314090223,0.1840180494085209,0.18787342332374418,1.4692351395622454e-06,1.4843517965110147e-06,3
VAN,Van Ferit Melen Airport,Turkey,4,4,4,0.0011682242990654205,5.4992023084830764e-08,0.27106274750029946,0.276817737202478,0.003154763329871348,0.003199234243948808,4
VAO,Suavanao Airport,Solomon Islands,3,1,3,0.0008761682242990653,0.0,0.19599774063779546,0.1995885982956215,3.968649407651377e-06,4.031987146805102e-06,2
VAR,Varna Airport,Bulgaria,9,9,9,0.002628504672897196,3.2552021433461993e-06,0.2732485575270442,0.27923038973852987,0.009175679511639747,0.009288809454862544,9
VAS,Sivas Nuri Demirağ Airport,Turkey,3,3,3,0.0008761682242990653,5.4992023084830764e-08,0.2710185031931909,0.27677261613691934,0.0034124506167674514,0.0034617276613568893,3
VAW,"Vardø Airport, Svartnes",Norway,3,3,3,0.0008761682242990653,4.004565253040486e-05,0.1962873696433484,0.20018863475595378,2.0698735983953e-05,2.1131094265397708e-05,3
VBV,Vanua Balavu Airport,Fiji,1,1,1,0.0002920560747663551,0.0,0.1979724406597215,0.20367038503058654,6.993604430067034e-06,4.731742284112993e-06,1
VBY,Visby Airport,Sweden,4,4,4,0.0011682242990654205,2.1454739264415533e-06,0.2546422605341744,0.2601700758446334,0.0017402411933621434,0.0017703541573976433,4
VCA,Can Tho International Airport,Vietnam,3,3,3,0.0008761682242990653,4.593740511940306e-07,0.23885418396217853,0.2436329722361719,0.0002848153958021634,0.000290057639445728,2
VCE,Venice Marco Polo Airport,Italy,73,73,73,0.021320093457943924,0.0015498458429412001,0.3299016212622857,0.33713888613124193,0.07922942055278763,0.08007251608432119,31
VCL,Chu Lai International Airport,Vietnam,2,2,2,0.0005841121495327102,0.0,0.24301424951527026,0.24768434104004083,0.0006017712612764141,0.0006122234631651942,2
VCP,Viracopos International Airport,Brazil,51,51,51,0.01489485981308411,0.0052632661856040425,0.25951779615709347,0.26506400249765844,0.0027703171358886103,0.0027949886472482307,9
VCS,Co Ong Airport,Vietnam,2,2,2,0.0005841121495327102,1.9208039986936855e-06,0.24262363700052372,0.24728755552319232,0.00033449542399963795,0.00034015883489797114,2
VCT,Victoria Regional Airport,United States,1,1,1,0.0002920560747663551,0.0,0.2647946511144381,0.2703391179748448,0.0009354936042789782,0.0009456844294498573,1
VDA,Ovda International Airport,Israel,0,1,1,0.0002920560747663551,0.0,0.0,0.2854261220373172,0.0022827587271707747,,1
VDB,Leirin Airport,Norway,1,1,1,0.0002920560747663551,0.0,0.24467946652123254,0.2497793468667255,0.0011890702272005255,0.0012077210654029703,1
VDC,Vitória da Conquista Airport,Brazil,4,4,4,0.0011682242990654205,1.8446461607895662e-06,0.2539218320558318,0.2594148651745474,0.000886594087673403,0.0008954858538982383,4
VDE,Hierro Airport,Spain,3,3,3,0.0008761682242990653,5.477036483937084e-08,0.2345356112455801,0.23977970768904894,0.002202675675020346,0.002208753910450664,3
VDH,Dong Hoi Airport,Vietnam,2,2,2,0.0005841121495327102,0.0,0.24301424951527026,0.24768434104004083,0.0006017712612764141,0.0006122234631651942,2
VDM,Gobernador Castello Airport,Argentina,1,1,2,0.0005841121495327102,0.0,0.20505030686175785,0.20929372611857514,3.0459279850505444e-05,2.4861952758225746e-05,2
VDS,Vadsø Airport,Norway,7,7,8,0.002336448598130841,0.0007117982348184163,0.2090387586318877,0.21353118712273642,0.00013474158351808936,0.00013566533830859434,4
VDZ,Valdez Pioneer Field,United States,1,1,1,0.0002920560747663551,0.0,0.22519935708844216,0.23022167988610942,9.9063679453333e-05,0.00010103357908547863,1
VEE,Venetie Airport,United States,2,2,2,0.0005841121495327102,0.0005756653042502478,0.1712100288526587,0.1746554206953302,1.6211530823131583e-07,1.6691340907949315e-07,1
VEL,Vernal Regional Airport,United States,1,1,1,0.0002920560747663551,0.0,0.24109116593772095,0.2462832692726086,0.00045851167030034457,0.0004633154749654837,1
VER,General Heriberto Jara International Airport,Mexico,9,9,9,0.002628504672897196,3.872671298185225e-06,0.26843341036506085,0.27420266451352443,0.0026993069010718715,0.0026493973421525896,7
VFA,Victoria Falls International Airport,Zimbabwe,5,5,5,0.0014602803738317756,3.37020594603302e-07,0.25113739088150705,0.25643736313524124,0.0006162076609272315,0.0006141050562011837,4
VGA,Vijayawada Airport,India,2,2,2,0.0005841121495327102,0.0,0.23600239639159748,0.24076568592697625,0.0004667356186099291,0.00047258301273542594,2
VGO,Vigo Airport,Spain,5,5,5,0.0014602803738317756,7.110139126651941e-09,0.28441158955345736,0.2906290115532734,0.0075619656446183105,0.007628505561971771,5
VGZ,Villa Garzón Airport,Colombia,1,1,1,0.0002920560747663551,0.0,0.2388370051514793,0.24458048253510983,0.00037611674029137406,0.0003781347983375107,1
VHC,Saurimo Airport,Angola,2,2,2,0.0005841121495327102,0.0,0.23918105154322733,0.24449244060475162,0.0003138266358501989,0.00031363735483575997,2
VHM,Vilhelmina Airport,Sweden,2,2,2,0.0005841121495327102,0.0005756653042502476,0.2540189489502156,0.25953381734810854,0.0013606975592287045,0.0013807561827480315,1
VIE,Vienna International Airport,Austria,138,137,139,0.04059579439252336,0.0046101617476447514,0.34710878223331953,0.354933110367893,0.11402022990449377,0.11439644620951649,31
VIG,Juan Pablo Pérez Alfonso Airport,Venezuela,2,2,2,0.0005841121495327102,0.0,0.2364561178885053,0.2421908429610612,0.00032614259404803144,0.0003292926300179016,2
VII,Vinh Airport,Vietnam,5,5,5,0.0014602803738317756,1.1369758839800696e-06,0.243370444824197,0.24804616171207364,0.0007665161890740984,0.0007796073396845433,4
VIJ,Virgin Gorda Airport,British Virgin Islands,2,2,2,0.0005841121495327102,0.0,0.2343370065363184,0.24032269478451632,0.0005012873218813093,0.00050353923582109,2
VIL,Dakhla Airport,Western Sahara,3,3,3,0.0008761682242990653,0.0,0.24721132432265078,0.2530174340634779,0.0022534160191198228,0.0022270289994069776,3
VIN,Vinnytsia/Gavyryshivka Airport,Ukraine,1,1,1,0.0002920560747663551,0.0,0.25479856668657774,0.2605693240236323,0.0011528018129891974,0.0011617856795170176,1
VIS,Visalia Municipal Airport,United States,1,1,1,0.0002920560747663551,0.0,0.2737215396988269,0.2799901063566658,0.0010812947621323793,0.0010945466320744159,1
VIX,Eurico de Aguiar Salles Airport,Brazil,9,9,9,0.002628504672897196,0.0003289146699901129,0.2544276524384131,0.2599709102043941,0.0014547475731985049,0.0014697912986478179,8
VKG,Rach Gia Airport,Vietnam,1,1,1,0.0002920560747663551,0.0,0.24258818902959808,0.2472515471423371,0.00033041796621138445,0.00033597232788569524,1
VKO,Vnukovo International Airport,Russia,73,74,74,0.02161214953271028,0.007992131197762571,0.3298360865739142,0.3375409999006063,0.040622015321783396,0.040773014789652624,26
VKT,Vorkuta Airport,Russia,2,2,2,0.0005841121495327102,4.028994982490113e-06,0.2501724965817514,0.25484016208914906,0.0011276950632352618,0.0011466745078072657,2
VLC,Valencia Airport,Spain,57,57,57,0.01664719626168224,0.0002755348460789444,0.3044919970315577,0.31127406049495876,0.05566624963662323,0.056311179734774224,31
VLD,Valdosta Regional Airport,United States,1,1,1,0.0002920560747663551,0.0,0.2623885682384772,0.26799242424242425,0.0011608011244565834,0.0011723581532111563,1
VLI,Bauerfield International Airport,Vanuatu,20,20,21,0.006133177570093458,0.00981622059965189,0.2524163666483861,0.25735071233707185,0.0006626351032796142,0.0006568175630529881,5
VLL,Valladolid Airport,Spain,1,2,2,0.0005841121495327102,0.0,0.255740448180683,0.2618148176701873,0.0030383068248599145,0.0018684836787485066,2
VLN,Arturo Michelena International Airport,Venezuela,6,6,6,0.0017523364485981306,1.8453136331824701e-06,0.24644079551956724,0.25198486310009643,0.0008703901994275553,0.0008750146486001829,5
VLS,Valesdir Airport,Vanuatu,1,1,1,0.0002920560747663551,0.0,0.20093118652061284,0.20468928937375686,9.486378554177468e-06,9.48008601306266e-06,1
VLV,Dr. Antonio Nicolás Briceño Airport,Venezuela,1,1,1,0.0002920560747663551,0.0,0.23613665075916718,0.24182866908780176,0.0003117141210097452,0.0003149355984061097,1
VLY,Anglesey Airport,United Kingdom,1,1,1,0.0002920560747663551,0.0,0.22115008788133778,0.22581288649511272,0.0002913008227244178,0.0002745239600686614,1
VNO,Vilnius International Airport,Lithuania,46,46,46,0.013434579439252336,0.00032448376435562386,0.3038790006978558,0.310363736062877,0.04479636023165571,0.04540646528199474,29
VNS,Lal Bahadur Shastri Airport,India,5,5,6,0.0017523364485981306,0.00029387261364731117,0.2561547145654249,0.2617542777863419,0.0016246511079022609,0.0016317766777275728,4
VNX,Vilankulo Airport,Mozambique,3,3,3,0.0008761682242990653,0.0,0.2514606784511713,0.25676697414184185,0.0005331156190003949,0.0005333195341301063,3
VOG,Volgograd International Airport,Russia,10,10,10,0.0029205607476635513,6.7443168570088545e-06,0.2839009762867546,0.2897116533014844,0.006479866435245226,0.006501336543310328,9
VOL,Nea Anchialos Airport,Greece,4,4,5,0.0014602803738317756,1.2651518177411411e-06,0.2585479383078611,0.28549810844892815,0.00524334700077973,0.002856332882913612,5
VOZ,Voronezh International Airport,Russia,6,6,6,0.0017523364485981306,4.168094696802023e-07,0.2747860752690251,0.280545229244114,0.005343161039223003,0.005381123942928655,6
VPE,Ngjiva Pereira Airport,Angola,6,6,6,0.0017523364485981306,7.678950256784096e-07,0.2392499798001562,0.24456286907676797,0.0003327240591155353,0.0003326676772584836,3
VPS,Destin-Ft Walton Beach Airport,United States,5,5,5,0.0014602803738317756,0.0,0.27320359684295914,0.2801980198019802,0.00432703845512951,0.004366785600005694,5
VPY,Chimoio Airport,Mozambique,1,1,1,0.0002920560747663551,0.0,0.2118255865041888,0.21608551794349706,4.518479811998654e-05,4.5123891557692204e-05,1
VQS,Vieques Airport,Puerto Rico,2,2,2,0.0005841121495327102,0.0,0.2343370065363184,0.24032269478451632,0.00036375156781623364,0.0003641051199075534,2
VRA,Juan Gualberto Gomez International Airport,Cuba,8,9,11,0.0032126168224299065,0.00011312512843673946,0.29718898511062897,0.3054780966087973,0.011210216513620412,0.01026839804778121,9
VRC,Virac Airport,Philippines,1,1,1,0.0002920560747663551,0.0,0.2445713447949748,0.2495407450951576,0.0003293056655485688,0.0003337175378114053,1
VRN,Verona Villafranca Airport,Italy,22,23,23,0.006717289719626168,1.4459375914959044e-05,0.29557540895649026,0.3027817403708987,0.028003763533437323,0.027160521623752258,22
VSA,Carlos Rovirosa Pérez International Airport,Mexico,8,8,8,0.002336448598130841,9.792618531375882e-06,0.2680650403314634,0.27384888315458433,0.002639383904471962,0.0026027970917464915,7
VST,Stockholm Västerås Airport,Sweden,3,3,3,0.0008761682242990653,2.2161472602551507e-09,0.24232265905036252,0.24716157205240175,0.003419876856445812,0.003477735471663918,3
VTE,Wattay International Airport,Laos,17,17,17,0.004964953271028037,0.0024000544654712917,0.2804484181763507,0.2863164994519855,0.004578767109705387,0.004599176258147927,9
VTZ,Vishakhapatnam Airport,India,9,8,9,0.002628504672897196,5.631084214774299e-06,0.2665160288624533,0.2723336006415397,0.002924941849009015,0.0029544025959841015,7
VUP,Alfonso López Pumarejo Airport,Colombia,1,1,1,0.0002920560747663551,0.0,0.2388370051514793,0.24458048253510983,0.00037611674029137406,0.0003781347983375107,1
VUS,Velikiy Ustyug Airport,Russia,1,1,1,0.0002920560747663551,0.0,0.20852682697809533,0.2126753507014028,5.524176955066037e-05,5.663691170914409e-05,1
VVC,Vanguardia Airport,Colombia,5,5,5,0.0014602803738317756,0.0005759212692588073,0.2389229239244671,0.2446685878962536,0.00039259221296237363,0.0003948370813042097,2
VVI,Viru Viru International Airport,Bolivia,11,12,12,0.003504672897196261,0.0022863982153555687,0.27383439594509507,0.2861235150391777,0.004624244037604172,0.0037191567630995587,7
VVO,Vladivostok International Airport,Russia,15,15,15,0.004380841121495327,0.00015623803098611556,0.2910675536529203,0.2972168737966042,0.007328312995887516,0.007389344515976194,11
VXC,Lichinga Airport,Mozambique,2,2,2,0.0005841121495327102,0.0,0.20168780562564032,0.20585561011092926,2.17058969314563e-05,2.1456672839873748e-05,2
VXE,São Pedro Airport,Cape Verde,6,4,6,0.0017523364485981306,0.00016679873624652838,0.28664563829315215,0.29374621572528326,0.006332567333286907,0.006206814734984313,5
VXO,Växjö Kronoberg Airport,Sweden,6,5,6,0.0017523364485981306,2.0846613070923885e-05,0.2802590699321604,0.2871638762049721,0.006000634429465596,0.0060510175668381455,5
WAA,Wales Airport,United States,4,3,4,0.0011682242990654205,0.00028813127796844325,0.18376347294705153,0.1876139439809955,1.5285252736477906e-06,1.5713524491034364e-06,2
WAE,Wadi Al Dawasir Airport,Saudi Arabia,2,2,2,0.0005841121495327102,0.0,0.25357282526161945,0.25969259004358797,0.0012388226174460328,0.00122829206604859,2
WAG,Wanganui Airport,New Zealand,1,1,1,0.0002920560747663551,0.0,0.23738578308858163,0.2422945205479452,0.0001509740299419472,0.00015304276739827507,1
WAT,Waterford Airport,Ireland,2,2,2,0.0005841121495327102,4.19104328692176e-09,0.25462273574805766,0.26052934407364786,0.0026042092243726664,0.0026254668028999058,2
WAW,Warsaw Chopin Airport,Poland,78,78,78,0.0227803738317757,0.00209706822641163,0.33398267319985603,0.3416842740718382,0.07684230612275396,0.07782080640770522,31
WBB,?,?,3,4,4,0.0011682242990654205,7.798400594111846e-06,0.1838346833274008,0.18770727393323017,2.9481382985580304e-06,1.5486035874420969e-06,2
WBM,Wapenamanda Airport,Papua New Guinea,1,1,1,0.0002920560747663551,0.0,0.2204893247212116,0.2250795334040297,5.1291623335180605e-05,5.218076536653446e-05,1
WBQ,Beaver Airport,United States,2,2,2,0.0005841121495327102,0.0,0.20709633424547355,0.21148337277369536,1.1134613226551837e-05,1.1371680219009786e-05,2
WDH,Hosea Kutako International Airport,Namibia,12,12,13,0.0037967289719626164,0.0013302256448816175,0.28657142903228927,0.29253165647342577,0.003787673392888598,0.0036982619755141642,7
WEF,Weifang Airport,China,7,7,7,0.0020443925233644858,4.624301280846407e-08,0.2741508890965218,0.28052205517924994,0.0034390815080586673,0.0034862138802854844,7
WEI,Weipa Airport,Australia,1,1,1,0.0002920560747663551,0.0,0.218933921388856,0.22328884213294758,4.924853040514317e-05,5.0076313812272175e-05,1
WGA,Wagga Wagga City Airport,Australia,2,2,2,0.0005841121495327102,0.0,0.2474692391106765,0.25451547627969723,0.00046749085527989935,0.00046116736370815405,2
WGP,Umbu Mehang Kunda Airport,Indonesia,1,1,1,0.0002920560747663551,0.0,0.2260732330060704,0.2307849133537207,0.0001406960181690744,0.0001428240254195268,1
WHK,Whakatane Airport,New Zealand,1,1,1,0.0002920560747663551,0.0,0.23738578308858163,0.2422945205479452,0.0001509740299419472,0.00015304276739827507,1
WIC,Wick Airport,United Kingdom,2,2,2,0.0005841121495327102,1.296373903917832e-08,0.23654033190584572,0.2413303013075611,0.001433932170851337,0.0014613830374871268,2
WIL,Nairobi Wilson Airport,Kenya,11,10,11,0.0032126168224299065,0.004063300628132688,0.22188892954872164,0.22643019069209228,9.57592542639452e-05,9.243797505142144e-05,2
WIN,Winton Airport,Australia,2,2,2,0.0005841121495327102,1.7064333903964658e-07,0.20030096626009822,0.2040497506459172,1.2507685388698416e-05,1.2580136045248815e-05,2
WJR,Wajir Airport,Kenya,5,4,5,0.0014602803738317756,0.0007014734955061699,0.2409337386364484,0.2462832692726086,0.00047141035095405115,0.00043881206910933204,3
WJU,Wonju/Hoengseong Air Base (K-38/K-46),South Korea,1,1,1,0.0002920560747663551,0.0,0.219817946622504,0.22408446057406797,0.00012372616339846514,0.00012571662617989589,1
WKJ,Wakkanai Airport,Japan,2,2,2,0.0005841121495327102,0.0,0.24828334352345183,0.25328162291169454,0.00045272208069654674,0.00045496365920490124,2
WLG,Wellington International Airport,New Zealand,21,21,21,0.006133177570093458,0.0014806327531287785,0.25189939464660305,0.25682522876805564,0.0008359487147145682,0.0008341465056484773,6
WLH,Walaha Airport,Vanuatu,1,1,1,0.0002920560747663551,0.0,0.19488202579965774,0.19845722300140253,2.2647701135081183e-06,2.3024463508274025e-06,1
WLK,Selawik Airport,United States,1,1,1,0.0002920560747663551,0.0,0.18369231771358382,0.18755177555641464,1.4427968269989376e-06,1.4828003750371498e-06,1
WLS,Hihifo Airport,Wallis and Futuna,3,3,3,0.0008761682242990653,0.0005756653042502478,0.22887791850755865,0.2335465236228595,8.832182637502913e-05,8.874653807947749e-05,2
WMI,Modlin Airport,Poland,26,26,26,0.007593457943925233,7.339083949663362e-06,0.2696978575185713,0.275604609641292,0.019550806886397997,0.019893145180814246,23
WMN,Maroantsetra Airport,Madagascar,4,4,4,0.0011682242990654205,2.559650085594699e-07,0.22690739457643785,0.2322527697989331,9.684231586864993e-05,8.281135002113898e-05,3
WMO,White Mountain Airport,United States,2,2,2,0.0005841121495327102,0.0,0.18373297109805067,0.18759321659393471,1.4859699497983067e-06,1.5275703892715709e-06,2
WMR,Mananara Nord Airport,Madagascar,1,1,1,0.0002920560747663551,0.0,0.18522923469579253,0.18883451957295375,2.482059176821681e-06,2.3048251928556505e-06,1
WMX,Wamena Airport,Indonesia,1,1,1,0.0002920560747663551,0.0,0.18942386170932451,0.19325101007226997,4.107094781252529e-06,4.151110915381783e-06,1
WNA,Napakiak Airport,United States,1,1,2,0.0005841121495327102,0.0002876193479513243,0.18399765733744283,0.18786303037008353,1.4478958638493537e-06,1.462927607456101e-06,2
WNH,?,?,1,1,1,0.0002920560747663551,0.0,0.22868877622933464,0.23298572996706915,0.0002581091098260975,0.0002630009319364245,1
WNN,Wunnumin Lake Airport,Canada,2,3,3,0.0008761682242990653,0.0002876193479513243,0.17554526191394873,0.17925574030087094,3.541794177931576e-07,3.427069752092723e-07,2
WNP,Naga Airport,Philippines,1,1,1,0.0002920560747663551,0.0,0.2445713447949748,0.2495407450951576,0.0003293056655485688,0.0003337175378114053,1
WNR,Windorah Airport,Australia,2,2,2,0.0005841121495327102,0.00023055504795553314,0.16258456399638524,0.1654970760233918,3.206654958747131e-08,3.286391399285882e-08,2
WNZ,Wenzhou Longwan International Airport,China,33,33,33,0.009637850467289719,3.1713890293209e-05,0.27966900114756343,0.2854261220373172,0.008507217991762423,0.008619783537323917,24
WRE,Whangarei Airport,New Zealand,2,2,2,0.0005841121495327102,0.0,0.23745368034509606,0.24236368826719953,0.00016294159085203301,0.00016508230630252167,2
WRG,Wrangell Airport,United States,2,2,2,0.0005841121495327102,1.1945033732775261e-06,0.20536732959963935,0.20962962962962964,9.812269884725169e-06,1.0022615472749751e-05,2
WRL,Worland Municipal Airport,United States,1,1,1,0.0002920560747663551,0.0,0.20038557323353656,0.20456599000060238,1.0011722322298462e-05,1.0193404259380586e-05,1
WRO,Copernicus Wrocław Airport,Poland,31,31,31,0.009053738317757009,6.625337357671651e-05,0.29358940143454765,0.30002650410813675,0.029888899407716173,0.03028102638081234,26
WRY,Westray Airport,United Kingdom,2,2,2,0.0005841121495327102,0.0,0.19584747107962774,0.19987051968689307,3.38378442841191e-05,3.434212996643438e-05,2
WSN,South Naknek Nr 2 Airport,United States,1,1,2,0.0005841121495327102,0.0002876193479513243,0.18354002761433527,0.18739653459883016,1.4621208691330078e-06,1.4796190530166003e-06,2
WSX,?,?,2,2,2,0.0005841121495327102,0.00028924045967220103,0.0006504885301614273,0.12865585694802242,2.7806809125617983e-11,,1
WSZ,Westport Airport,New Zealand,1,1,1,0.0002920560747663551,0.0,0.20060346258464226,0.2043567216271513,1.196756091008663e-05,1.2039538904246602e-05,1
WTK,Noatak Airport,United States,1,2,2,0.0005841121495327102,0.0,0.18369231771358382,0.18756213409919364,1.4640612906350073e-06,1.4828003750371498e-06,2
WTL,?,?,1,2,2,0.0005841121495327102,0.0,0.18398746299662963,0.18786303037008353,1.4481970463945622e-06,1.462927607456101e-06,2
WUA,Wuhai Airport,China,4,4,4,0.0011682242990654205,2.8653510267187427e-06,0.26958838444765126,0.27564935064935064,0.001566532083008957,0.0015874059578934085,4
WUH,Wuhan Tianhe International Airport,China,66,66,66,0.019275700934579438,0.0012012336742384226,0.3041573291469288,0.31059081763307117,0.016570243944611544,0.01675657784880809,25
WUS,Nanping Wuyishan Airport,China,9,9,9,0.002628504672897196,5.332604344988956e-09,0.27717133124331594,0.28288213244481464,0.0038863029371733735,0.003945211942526337,9
WUX,Sunan Shuofang International Airport,China,19,19,19,0.005549065420560747,2.3513780931327073e-06,0.27997552648395313,0.2857142857142857,0.007225960053307449,0.007340847095628725,19
WUZ,Wuzhou Changzhoudao Airport,China,3,3,3,0.0008761682242990653,0.0,0.22090000130553902,0.22515414705297354,0.0004232996711986191,0.0004329517234601732,3
WVB,Walvis Bay Airport,Namibia,3,3,3,0.0008761682242990653,0.0,0.2511183998507387,0.2564180006040471,0.0006540973385421642,0.0006371334107501057,3
WWK,Wewak International Airport,Papua New Guinea,4,4,4,0.0011682242990654205,5.6881113013215525e-08,0.22053325273118396,0.22512429565793834,5.3673844420569654e-05,5.4625384126396855e-05,3
WWP,?,?,1,1,2,0.0005841121495327102,0.0002876193479513243,0.16995699470935915,0.17334490327191057,1.422525820018149e-07,1.422763806676297e-07,2
WWT,?,?,1,1,2,0.0005841121495327102,0.0004319409519441053,0.13400006939012865,0.18787342332374418,1.4280584432184048e-06,6.139186894968295e-10,2
WXN,Wanxian Airport,China,8,8,8,0.002336448598130841,4.213415778756705e-09,0.27537853218560143,0.28175557952377,0.003953331076271592,0.004010787029917212,8
WYA,Whyalla Airport,Australia,1,1,1,0.0002920560747663551,0.0,0.22588869598164535,0.2301592680447306,6.930045239276828e-05,7.027414209324167e-05,1
XAP,Serafin Enoss Bertaso Airport,Brazil,4,4,4,0.0011682242990654205,0.0,0.21597227625040116,0.22047653054599753,0.00017967679923818074,0.0001682849870943906,4
XBE,Bearskin Lake Airport,Canada,4,4,4,0.0011682242990654205,0.00014417940121024802,0.17558238881331192,0.17926520270270271,3.5969229759470817e-07,3.5303690936509635e-07,3
XBJ,Birjand Airport,Iran,2,2,2,0.0005841121495327102,0.0,0.22278208235785377,0.22726360168640836,0.00014881657283931685,0.00014060943950741983,2
XCH,Christmas Island Airport,Christmas Island,2,2,2,0.0005841121495327102,0.0005756653042502478,0.23072255399334177,0.23524522028262676,0.00012623247084048443,0.00012742088794872534,1
XCR,Châlons-Vatry Airport,France,2,2,2,0.0005841121495327102,7.074865580311357e-09,0.23696230338419924,0.24213903743315507,0.0014571355894800392,0.0014792157487186729,2
XEQ,?,?,1,1,2,0.0005841121495327102,0.0005751533742331288,0.1280526633874279,0.1303746928746929,9.554049364672559e-11,9.970100330091229e-11,2
XFN,Xiangyang Liuji Airport,China,9,9,9,0.002628504672897196,4.51596380155063e-06,0.2744000759896024,0.2807771806531625,0.003905833009959545,0.0039626977231210225,9
XFW,Hamburg-Finkenwerder Airport,Germany,1,1,1,0.0002920560747663551,0.0,0.23359522507218403,0.23833251456242543,0.0007268353846455405,0.0007397510348281493,1
XGR,Kangiqsualujjuaq (Georges River) Airport,Canada,1,1,1,0.0002920560747663551,0.0,0.20119901360958306,0.20534526544926834,1.3477773583057815e-05,1.3329119969622526e-05,1
XIC,Xichang Qingshan Airport,China,3,3,3,0.0008761682242990653,0.0,0.24347750712120889,0.24844538737288754,0.0009080492429218936,0.0009252983968938527,3
XIL,Xilinhot Airport,China,3,3,3,0.0008761682242990653,2.8005084032085126e-06,0.26912956638513397,0.2751802933311725,0.001358490911537353,0.0013750052022061714,3
XIY,Xi'an Xianyang International Airport,China,86,86,86,0.02511682242990654,0.0029394641569173937,0.2877883455781409,0.29344163138339235,0.014531929371909209,0.01471595803514136,25
XKH,Xieng Khouang Airport,Laos,1,1,1,0.0002920560747663551,0.0,0.21830066523969024,0.22260094389092816,6.55502823486142e-05,6.638157746068348e-05,1
XKS,Kasabonika Airport,Canada,2,2,2,0.0005841121495327102,0.0,0.17555454216674607,0.1792462788979204,3.493986144697491e-07,3.4292446011422227e-07,2
XMH,Manihi Airport,French Polynesia,3,3,3,0.0008761682242990653,8.532166951982329e-08,0.22251338244613833,0.22723318835731013,3.7491837292922716e-05,3.812076347568403e-05,2
XMN,Xiamen Gaoqi International Airport,China,72,72,72,0.02102803738317757,0.0012384514407254071,0.3058380659077333,0.31337085909384516,0.018279277824063994,0.018457994836547795,25
XMS,Coronel E Carvajal Airport,Ecuador,1,1,2,0.0005841121495327102,0.0002876193479513243,0.2305303519351731,0.23555524727751959,0.00015690143141524072,0.00015504950882167103,2
XNA,Northwest Arkansas Regional Airport,United States,14,14,14,0.0040887850467289715,4.847327822915455e-05,0.2941876080462587,0.3010371420973318,0.011375298973449393,0.011483773971558411,13
XNN,Xining Caojiabu Airport,China,19,19,19,0.005549065420560747,0.000719911596069162,0.2736538705913612,0.2797594530027185,0.004774181203475725,0.004850295267616238,15
XQP,Quepos Managua Airport,Costa Rica,2,2,3,0.0008761682242990653,4.2660834759911645e-08,0.23531673183292007,0.24069742717414416,0.00028076326051757996,0.00027949426352679466,2
XRY,Jerez Airport,Spain,15,15,16,0.004672897196261682,4.3596688213428995e-06,0.2890659574883503,0.2953814038444812,0.02040615355632286,0.0192722805696502,16
XSB,Sir Bani Yas Airport,United Arab Emirates,2,2,2,0.0005841121495327102,0.0,0.2764099983041592,0.28205980066445185,0.0015075631814813785,0.0015046639739208403,2
XSC,South Caicos Airport,Turks and Caicos Islands,2,2,2,0.0005841121495327102,0.0,0.22294660756134058,0.22998780983340106,0.00017805941029187193,0.00016587660048029604,2
XTG,Thargomindah Airport,Australia,1,1,1,0.0002920560747663551,0.0,0.14205979293404208,0.14459678106105764,1.225679580772969e-09,1.2316512888602654e-09,1
XUZ,Xuzhou Guanyin Airport,China,18,18,18,0.005257009345794392,1.6096496277178595e-06,0.2715725972870599,0.2774509803921569,0.00496835953150431,0.0050407230546763975,17
YAA,Anahim Lake Airport,Canada,1,1,2,0.0005841121495327102,0.0,0.20144311311047425,0.25897963852665296,0.0005495499799031965,7.897605116380036e-06,2
YAB,Old Arctic Bay Airport,Canada,2,2,2,0.0005841121495327102,0.0011509893218224162,0.18971604888175092,0.19363667464933287,3.6419865308272468e-06,3.722145950055771e-06,1
YAC,Cat Lake Airport,Canada,2,2,2,0.0005841121495327102,0.00014386655508867534,0.17555454216674607,0.1792462788979204,3.4925215437764997e-07,3.4278049162476487e-07,2
YAG,Fort Frances Municipal Airport,Canada,3,2,3,0.0008761682242990653,1.3111096549546179e-06,0.21334980530845923,0.21809774580951768,2.3570464991212502e-05,2.3621226434974445e-05,3
YAK,Yakutat Airport,United States,2,2,2,0.0005841121495327102,1.973774621558578e-06,0.20687700720322502,0.2112597200622084,1.247456712428227e-05,1.2758480120265336e-05,2
YAM,Sault Ste Marie Airport,Canada,4,4,4,0.0011682242990654205,7.756134165041387e-07,0.27086376179658794,0.27722448979591835,0.0013915479525598493,0.0013999383068735052,4
YAP,Yap International Airport,Micronesia,2,2,2,0.0005841121495327102,0.0,0.2195418299369409,0.22417321275331706,0.00011627873694589542,0.00011722738111534463,2
YAT,Attawapiskat Airport,Canada,2,2,2,0.0005841121495327102,0.0005756653042502477,0.12927396915393055,0.13176580142009078,5.969259751217087e-11,6.202884590337063e-11,1
YAX,Wapekeka Airport,Canada,3,2,4,0.0011682242990654205,2.8440556506607763e-08,0.17556382340080193,0.17926520270270271,3.5962376658851223e-07,3.4780562411581576e-07,3
YAY,St. Anthony Airport,Canada,3,3,3,0.0008761682242990653,0.00016410331840081445,0.22510776298984328,0.22949047168536288,0.0001011626372208963,0.00010292682291134602,3
YBC,Baie Comeau Airport,Canada,4,4,4,0.0011682242990654205,1.328655126092717e-07,0.2521097570320504,0.25756541524459614,0.0010931537851858657,0.0010892188548146842,4
YBG,CFB Bagotville,Canada,4,4,5,0.0014602803738317756,1.8860417344503726e-05,0.2522246483082309,0.25776091081593927,0.0010958709239083186,0.0009502949589684516,4
YBK,Baker Lake Airport,Canada,3,4,4,0.0011682242990654205,1.422027825330388e-07,0.18364152627474248,0.18779031187790313,1.8739766727598572e-06,1.8707776053493866e-06,3
YBL,Campbell River Airport,Canada,3,3,3,0.0008761682242990653,0.0005774102176545297,0.2533020381103103,0.2590586619879472,0.0005595661733988677,0.0005654320427135554,2
YBP,Yibin Caiba Airport,China,7,7,7,0.0020443925233644858,4.213415778756705e-09,0.27510477339293915,0.28147534189805223,0.0034525822371537914,0.0035018842381802865,7
YBR,Brandon Municipal Airport,Canada,1,1,1,0.0002920560747663551,0.0,0.24507673207573197,0.25031326011645905,0.00043655296530921943,0.00044257522648306614,1
YBX,Lourdes de Blanc Sablon Airport,Canada,3,3,3,0.0008761682242990653,0.00023972341916745125,0.18810409650085919,0.19176689818736237,6.764314919985147e-06,6.890568381463541e-06,3
YCB,Cambridge Bay Airport,Canada,4,4,4,0.0011682242990654205,4.550489041057242e-07,0.19859994734921166,0.20258903537552944,1.4238106999915201e-05,1.4472819617169485e-05,3
YCD,Nanaimo Airport,Canada,2,2,2,0.0005841121495327102,0.0,0.2546032139558513,0.2603895108112253,0.0009782355093974416,0.0009897522988737222,2
YCG,Castlegar/West Kootenay Regional Airport,Canada,2,2,2,0.0005841121495327102,0.0,0.2546032139558513,0.2603895108112253,0.0009782355093974416,0.0009897522988737222,2
YCL,Charlo Airport,Canada,2,2,2,0.0005841121495327102,1.741909460169127e-07,0.23183396534670261,0.23657262277951932,0.0002454471462100626,0.00024645040598732655,2
YCO,Kugluktuk Airport,Canada,3,3,3,0.0008761682242990653,0.0008619052852110015,0.19864746782473938,0.2026373888656841,1.3844546478206098e-05,1.4069610207152982e-05,2
YCS,Chesterfield Inlet Airport,Canada,3,3,3,0.0008761682242990653,9.954194777312718e-08,0.1836516823153505,0.18779031187790313,1.8483180295665643e-06,1.8715367230487418e-06,3
YCU,Yuncheng Guangong Airport,China,18,18,18,0.005257009345794392,1.3872110493350877e-06,0.2764099983041592,0.28281145902731514,0.0058261575145605125,0.005909141675696204,18
YCY,Clyde River Airport,Canada,2,2,2,0.0005841121495327102,0.0002876620087860842,0.18969437447881687,0.1936145952109464,3.6427439595502082e-06,3.722932874430409e-06,2
YDF,Deer Lake Airport,Canada,5,4,5,0.0014602803738317756,0.0005437890122887268,0.2710185031931909,0.2773603397582489,0.0016055644691008162,0.0016158274352308106,4
YDP,Nain Airport,Canada,2,2,2,0.0005841121495327102,0.0005750680525636089,0.18798696403205029,0.19164785553047403,5.312354573763561e-06,5.401207032465098e-06,2
YDQ,Dawson Creek Airport,Canada,2,2,2,0.0005841121495327102,0.0001232275007501083,0.25324408751820093,0.2589993898718731,0.0005422714537458223,0.0005477828718420633,2
YEG,Edmonton International Airport,Canada,37,38,38,0.011098130841121495,0.0063034196703856725,0.313045788049224,0.3197439035872328,0.017265465591747263,0.017376214077235632,18
YEK,Arviat Airport,Canada,3,3,3,0.0008761682242990653,1.1376222602643105e-07,0.1836516823153505,0.18777992811722422,3.3695827445430756e-06,3.4323238491832896e-06,3
YER,Fort Severn Airport,Canada,2,3,3,0.0008761682242990653,2.8440556506607763e-08,0.17555454216674607,0.17925574030087094,3.5454703955350995e-07,3.4292446011422227e-07,3
YES,Yasouj Airport,Iran,1,1,1,0.0002920560747663551,0.0,0.20201908502410076,0.20618055977171998,2.396139303030665e-05,2.0049964715239375e-05,1
YEV,Inuvik Mike Zubko Airport,Canada,7,7,7,0.0020443925233644858,0.002014629480980321,0.16546037466996352,0.16865315852205007,2.013279955875871e-07,2.06304895651112e-07,2
YFA,Fort Albany Airport,Canada,2,2,2,0.0005841121495327102,0.0017259720527165053,0.17522107005203505,0.1788403812733688,2.911323067546964e-07,2.976306461044402e-07,1
YFB,Iqaluit Airport,Canada,10,10,10,0.0029205607476635513,0.006384037887455115,0.23490059557375456,0.2400508941825122,0.0002543450478657134,0.0002578311408070552,3
YFC,Fredericton Airport,Canada,4,4,4,0.0011682242990654205,0.0,0.2740830075624107,0.28063796380464423,0.0026612693055408747,0.0026693995116772885,4
YFH,Fort Hope Airport,Canada,3,3,3,0.0008761682242990653,0.001007179647846754,0.21311704015056912,0.2178459169927513,2.173068016214817e-05,2.1754003114106773e-05,2
YFJ,Wekweètì Airport,Canada,1,1,1,0.0002920560747663551,0.0,0.19854057871733638,0.20252862595419846,1.363783179955194e-05,1.385774352135811e-05,1
YFO,Flin Flon Airport,Canada,3,3,3,0.0008761682242990653,0.0,0.22428675669499987,0.22969225566452486,0.00010786826789801027,0.00010975770864450306,3
YFS,Fort Simpson Airport,Canada,1,1,1,0.0002920560747663551,0.0,0.19854057871733638,0.20252862595419846,1.363783179955194e-05,1.385774352135811e-05,1
YGH,Fort Good Hope Airport,Canada,2,2,2,0.0005841121495327102,0.0,0.16541092446832875,0.16860291927316057,1.9828536474460268e-07,2.0316020334020652e-07,2
YGJ,Miho Yonago Airport,Japan,6,6,6,0.0017523364485981306,1.1782387468339487e-05,0.2735186327012741,0.2793682132280355,0.002439932353624857,0.002420690865152954,6
YGK,Kingston Norman Rogers Airport,Canada,1,1,1,0.0002920560747663551,0.0,0.27024655921436913,0.2765697532372343,0.001273652939490654,0.0012812626178701156,1
YGL,La Grande Rivière Airport,Canada,3,3,3,0.0008761682242990653,0.0010412630130755055,0.25203322097952097,0.2574873000227462,0.0009339394572692323,0.0009297207455661632,3
YGP,Gaspé (Michel-Pouliot) Airport,Canada,2,2,2,0.0005841121495327102,0.0,0.22935214584060834,0.23425536317858867,0.00014326397351808367,0.0001437268680306013,2
YGR,Îles-de-la-Madeleine Airport,Canada,3,3,3,0.0008761682242990653,1.4060573620278692e-05,0.2295423874767518,0.23428768540876163,0.0001459270840547926,0.00014622859260067302,2
YGT,Igloolik Airport,Canada,3,3,3,0.0008761682242990653,0.0002878326521251239,0.18970521106119215,0.1936256343007013,3.6956298959344145e-06,3.777431685809084e-06,2
YGV,Havre St Pierre Airport,Canada,2,2,2,0.0005841121495327102,0.0,0.20100415953187872,0.20509723396545476,1.619597340251019e-05,1.6244534493619397e-05,2
YGW,Kuujjuarapik Airport,Canada,7,7,8,0.002336448598130841,0.00128377914214335,0.2525699512949626,0.2580547112462006,0.0009628906671357438,0.0009582247575329724,3
YGX,Gillam Airport,Canada,2,2,2,0.0005841121495327102,0.0,0.2242716093486978,0.2296767212227783,0.0001063240104051614,0.00010817353579745089,2
YGZ,Grise Fiord Airport,Canada,1,1,1,0.0002920560747663551,0.0,0.13697367264585747,0.13960371618844036,7.465852034544951e-10,7.755663421733034e-10,1
YHD,Dryden Regional Airport,Canada,3,4,4,0.0011682242990654205,4.732508602699532e-06,0.18334748893695715,0.21816780161891303,2.508166302037076e-05,3.424568717845809e-06,3
YHI,Ulukhaktok Holman Airport,Canada,3,3,3,0.0008761682242990653,0.0002885436660377891,0.16542740458434632,0.1686196623634558,2.0116523206139595e-07,2.0613538490322723e-07,2
YHK,Gjoa Haven Airport,Canada,3,3,3,0.0008761682242990653,0.0,0.19856432191019902,0.20255278539902183,1.4042703918249831e-05,1.4272637132655498e-05,3
YHM,John C. Munro Hamilton International Airport,Canada,4,4,4,0.0011682242990654205,1.1694678221143083e-06,0.24728495938835118,0.2525094802587553,0.0009801557301652238,0.0009920241232006701,4
YHO,Hopedale Airport,Canada,3,3,3,0.0008761682242990653,4.83489460612332e-07,0.15791477101270474,0.16088686753837408,7.938384299804933e-08,8.140098848051107e-08,2
YHP,Poplar Hill Airport,Canada,2,2,3,0.0008761682242990653,0.0,0.1544194243025421,0.18722090523182094,1.561470362605844e-06,2.3010302628198583e-08,3
YHR,Chevery Airport,Canada,4,4,4,0.0011682242990654205,0.0005745347921291102,0.1671931184989512,0.17044770126480627,4.690894581411247e-07,4.744208225831472e-07,3
YHU,Montréal / Saint-Hubert Airport,Canada,4,4,4,0.0011682242990654205,5.942192584709807e-06,0.22993973962236314,0.23469246717346234,0.0001862386305218947,0.00018480245832013865,3
YHY,Hay River / Merlyn Carter Airport,Canada,3,3,3,0.0008761682242990653,0.0,0.23806650796660464,0.2427968828197612,0.00026461094903980933,0.00026854128929180895,3
YHZ,Halifax / Stanfield International Airport,Canada,33,28,33,0.009637850467289719,0.004466604235531051,0.3026328004762753,0.30923329083955564,0.016006115628849,0.015958252521297768,16
YIC,Yichun Mingyueshan Airport,China,4,4,4,0.0011682242990654205,0.0,0.27081958241935805,0.2768628729822273,0.0018158667624016114,0.001839776859012411,4
YIE,Arxan Yi'ershi Airport,China,1,1,1,0.0002920560747663551,0.0,0.21598632322771827,0.22063409563409564,0.00010846017314328714,0.00011092976638606588,1
YIF,St Augustin Airport,Canada,4,4,4,0.0011682242990654205,0.000582414518131563,0.1673447752280875,0.17059325865273522,3.3575139595540944e-07,3.4110789292632094e-07,3
YIH,Yichang Sanxia Airport,China,14,14,14,0.0040887850467289715,5.8891248777891945e-08,0.27782060734762554,0.28354345829506555,0.005099932696520453,0.005182083393181457,14
YIK,Ivujivik Airport,Canada,2,2,2,0.0005841121495327102,0.0003830494556799551,0.1430080409812742,0.1457135501587574,5.588401932342326e-09,5.659879007956685e-09,2
YIN,Yining Airport,China,2,2,2,0.0005841121495327102,0.0,0.24273004309817764,0.24777469721289946,0.000592912183138628,0.0006041572082897148,2
YIO,Pond Inlet Airport,Canada,2,2,2,0.0005841121495327102,8.532166951982329e-08,0.15908736799972062,0.16223963309764952,1.0505720572411478e-07,1.0825548387203102e-07,2
YIW,Yiwu Airport,China,14,14,14,0.0040887850467289715,2.912151853066589e-06,0.2754242116302702,0.28180234005476723,0.004040178617976704,0.004093525253121949,14
YJT,Stephenville Airport,Canada,1,1,2,0.0005841121495327102,0.0,0.22478776955433347,0.2291497975708502,0.00011874003850680216,9.742730395287265e-05,2
YKA,Kamloops Airport,Canada,3,3,3,0.0008761682242990653,0.0,0.2546422605341744,0.26042944785276073,0.0009938334485381354,0.0010056742604802316,3
YKF,Waterloo Airport,Canada,2,2,2,0.0005841121495327102,0.0,0.2705548085079166,0.2765922788727806,0.0017226899119147617,0.0017433805000513993,2
YKG,Kangirsuk Airport,Canada,3,3,3,0.0008761682242990653,0.0013424106670194094,0.2012843811144483,0.2054322182566088,1.367913400538545e-05,1.352995975453072e-05,2
YKL,Schefferville Airport,Canada,4,4,4,0.0011682242990654205,2.4333542116899696e-05,0.2305623633705595,0.23539197338323975,0.00018691805794750967,0.00018707465000221036,3
YKM,Yakima Air Terminal McAllister Field,United States,1,1,1,0.0002920560747663551,0.0,0.2585479383078611,0.26428015564202334,0.0006611696200997228,0.0006702015115181423,1
YKQ,Waskaganish Airport,Canada,6,6,6,0.0017523364485981306,0.0006060749626431029,0.20135761094022364,0.20546950629235236,2.7473003361187965e-05,2.758215360270724e-05,2
YKS,Yakutsk Airport,Russia,23,23,23,0.006717289719626168,0.0032452391403171954,0.27973967817590495,0.28621997471554994,0.0063185957427743114,0.006401851692898592,11
YKT,?,?,1,1,1,0.0002920560747663551,0.0,0.1673110499610121,0.17069615481276704,2.257956107800623e-07,2.3187752132740432e-07,1
YKU,Chisasibi Airport,Canada,4,4,4,0.0011682242990654205,0.0005820737330209056,0.20133319507858422,0.20544464609800364,2.759494094050418e-05,2.769449976843844e-05,2
YLC,Kimmirut Airport,Canada,1,1,1,0.0002920560747663551,0.0,0.18967270502776834,0.19359252080720557,3.6412399456232264e-06,3.7213703837135985e-06,1
YLE,Whatì Airport,Canada,1,1,1,0.0002920560747663551,0.0,0.19854057871733638,0.20252862595419846,1.363783179955194e-05,1.385774352135811e-05,1
YLH,Lansdowne House Airport,Canada,2,2,2,0.0005841121495327102,3.4128667807929316e-07,0.175230316058581,0.17891575786312627,6.266509329148717e-07,6.27901427148146e-07,2
YLL,Lloydminster Airport,Canada,1,1,1,0.0002920560747663551,0.0,0.24507673207573197,0.25031326011645905,0.00043655296530921943,0.00044257522648306614,1
YLW,Kelowna International Airport,Canada,11,11,11,0.0032126168224299065,0.0001380776430277426,0.2864972581853307,0.29339092872570194,0.004367093492828858,0.004408251262749898,7
YMM,Fort McMurray Airport,Canada,7,7,7,0.0020443925233644858,0.0005841704218810004,0.281470564470772,0.28875095655131366,0.003206764631127582,0.0032366148099262334,5
YMN,Makkovik Airport,Canada,3,3,3,0.0008761682242990653,3.4128667807929316e-07,0.15790726198888105,0.16087924581931878,1.5328878393951475e-07,1.5713951076711508e-07,2
YMO,Moosonee Airport,Canada,3,3,3,0.0008761682242990653,0.0023179146206553595,0.21304867643716996,0.21769230769230768,2.033177769042606e-05,2.0616722234597398e-05,2
YMT,Chapais Airport,Canada,3,3,3,0.0008761682242990653,0.001144635824119004,0.2521097570320504,0.25756541524459614,0.0009203519867700855,0.0009160930972550984,2
YNA,Natashquan Airport,Canada,4,4,4,0.0011682242990654205,0.0008596636586254927,0.20111371848511192,0.20520877394404496,1.620959718355784e-05,1.6258427540035414e-05,3
YNB,Prince Abdulmohsin Bin Abdulaziz Airport,Saudi Arabia,8,7,8,0.002336448598130841,2.6971879409837274e-07,0.28377967181901964,0.2902812206171468,0.00621764990947181,0.0062225673161355926,8
YNC,Wemindji Airport,Canada,2,2,2,0.0005841121495327102,9.484925594953688e-07,0.1671847011844217,0.1704562565878633,4.0076588933357335e-07,4.055552111010911e-07,2
YNG,Youngstown Warren Regional Airport,United States,4,4,4,0.0011682242990654205,9.927359351231735e-07,0.2314461750506111,0.23893618518257934,0.0003466193662914957,0.00033807119409572025,4
YNJ,Yanji Chaoyangchuan Airport,China,6,6,6,0.0017523364485981306,9.90915317198551e-09,0.27515036205370524,0.28119566117413264,0.0035013194212036706,0.003504863349566741,6
YNO,North Spirit Lake Airport,Canada,2,2,3,0.0008761682242990653,0.0,0.1544194243025421,0.18722090523182094,1.5614703626072441e-06,2.3010302628198583e-08,3
YNP,Natuashish Airport,Canada,2,2,2,0.0005841121495327102,2.275244520528621e-07,0.15789975367914832,0.16087162482235906,7.718889541760029e-08,7.913247100746456e-08,2
YNS,Nemiscau Airport,Canada,2,2,2,0.0005841121495327102,0.0,0.20089471988059093,0.20498581517474498,1.3569197609653118e-05,1.3620406973925864e-05,2
YNT,Yantai Laishan Airport,China,23,23,23,0.006717289719626168,3.457164085540635e-06,0.28030638301900634,0.2860753095779631,0.008563135615566944,0.008636745979198496,23
YNY,Yangyang International Airport,South Korea,1,1,1,0.0002920560747663551,0.0,0.26189193372446123,0.2673594709494568,0.0008435935837560659,0.0008547003016160142,1
YNZ,Yancheng Airport,China,12,12,13,0.0037967289719626164,9.504450955278957e-07,0.2776812208066033,0.28342513770655986,0.004840345513314789,0.0048496356599514795,12
YOG,Ogoki Post Airport,Canada,1,1,1,0.0002920560747663551,0.0,0.17521182502116647,0.1788874841972187,3.110995134998831e-07,3.139834183961677e-07,1
YOJ,High Level Airport,Canada,2,2,2,0.0005841121495327102,0.0,0.23757259404966147,0.2423118087763111,0.0002507648508175367,0.00025447005916087967,2
YOL,Yola Airport,Nigeria,1,1,1,0.0002920560747663551,0.0,0.2258733314940939,0.23023728813559322,0.0001327256524894745,0.00013292542480270434,1
YOP,Rainbow Lake Airport,Canada,2,2,2,0.0005841121495327102,0.0,0.23757259404966147,0.2423118087763111,0.0002507648508175355,0.00025447005916087967,2
YOW,Ottawa Macdonald-Cartier International Airport,Canada,26,26,26,0.007593457943925233,0.009318212532880144,0.306657098497199,0.31389222663832145,0.01667391293081307,0.01678799663773049,16
YPC,Paulatuk (Nora Aliqatchialuk Ruben) Airport,Canada,1,1,1,0.0002920560747663551,0.0,0.14166587260040817,0.14432025838255919,2.8822402710528863e-09,2.977673499795534e-09,1
YPH,Inukjuak Airport,Canada,4,3,4,0.0011682242990654205,6.254175687397488e-06,0.2014797791303342,0.20558145166172287,2.7880203069545616e-05,2.778198601550815e-05,3
YPJ,Aupaluk Airport,Canada,3,3,3,0.0008761682242990653,3.128461215726854e-07,0.20125998300764655,0.2054073670840138,1.3869398301575631e-05,1.3719644909257751e-05,2
YPL,Pickle Lake Airport,Canada,1,1,2,0.0005841121495327102,0.000287789991290364,0.17520258096582084,0.21781797190686936,2.2032806612556135e-05,3.139180087519783e-07,2
YPM,Pikangikum Airport,Canada,2,5,6,0.0017523364485981306,0.0005768626516791759,0.18309476317065493,0.18755177555641464,1.95011339679496e-06,1.5712336899946714e-06,3
YPN,Port Menier Airport,Canada,2,2,2,0.0005841121495327102,0.0,0.20100415953187872,0.20509723396545476,1.6195973402509682e-05,1.6244534493619397e-05,2
YPO,Peawanuck Airport,Canada,1,1,1,0.0002920560747663551,0.0,0.11427749473919158,0.11642896324739441,8.545670501578692e-13,8.952848791021484e-13,1
YPR,Prince Rupert Airport,Canada,1,1,1,0.0002920560747663551,0.0,0.2532054685189606,0.25895989019368615,0.000541682544088221,0.0005471770723906561,1
YPW,Powell River Airport,Canada,1,1,1,0.0002920560747663551,0.0,0.2532054685189606,0.25895989019368615,0.000541682544088221,0.0005471770723906561,1
YPX,Puvirnituq Airport,Canada,4,4,4,0.0011682242990654205,0.0015335652422363963,0.2013698210918785,0.20546950629235236,2.725290756694665e-05,2.7154762098773805e-05,3
YPY,Fort Chipewyan Airport,Canada,2,2,2,0.0005841121495327102,1.194503373277526e-07,0.21935330732717934,0.2245140817136057,4.970675113266821e-05,5.0601580917699516e-05,2
YQB,Quebec Jean Lesage International Airport,Canada,18,18,20,0.005841121495327103,0.0031967527315821106,0.2989009648628414,0.305863280194542,0.009861236065322163,0.009811732866954137,9
YQC,Quaqtaq Airport,Canada,2,2,2,0.0005841121495327102,0.0007677692228034392,0.1671847011844217,0.17048192771084336,1.9587260059135886e-07,1.9532353058916695e-07,2
YQD,The Pas Airport,Canada,3,3,3,0.0008761682242990653,0.0,0.22428675669499987,0.22969225566452486,0.00010786826789801043,0.00010975770864450306,3
YQF,Red Deer Regional Airport,Canada,3,3,3,0.0008761682242990653,6.256922431453707e-08,0.24513100462288093,0.25036862282512534,0.0005449813973736828,0.0005529163514283154,3
YQG,Windsor Airport,Canada,3,3,3,0.0008761682242990653,8.586190600252613e-07,0.27148379002830025,0.2778368649267774,0.0017859192211513036,0.0018003217034344113,3
YQK,Kenora Airport,Canada,3,3,3,0.0008761682242990653,0.00016091975477731948,0.224514212671636,0.22992552471225458,0.00010540759911193837,0.00010690906410940293,3
YQL,Lethbridge County Airport,Canada,1,1,1,0.0002920560747663551,0.0,0.24507673207573197,0.25031326011645905,0.00043655296530921943,0.00044257522648306614,1
YQM,Greater Moncton International Airport,Canada,7,7,7,0.0020443925233644858,2.3199515900340185e-05,0.2790579596324511,0.2857864175713204,0.004699734405936818,0.004733508956943688,6
YQQ,Comox Airport,Canada,4,4,4,0.0011682242990654205,7.0082606336685725e-06,0.25581925272522676,0.261572826003235,0.001233421203948638,0.0012487105850522658,3
YQR,Regina International Airport,Canada,9,9,9,0.002628504672897196,0.0,0.28595450956911805,0.29339092872570194,0.006004693557551669,0.0060685207681620435,9
YQT,Thunder Bay Airport,Canada,11,9,13,0.0037967289719626164,0.01115430693892636,0.2718393680113104,0.27840629611411705,0.0015169767425652397,0.0015062608151616493,4
YQU,Grande Prairie Airport,Canada,2,2,2,0.0005841121495327102,0.0,0.24614852269113988,0.2513507512397306,0.0006837278307921978,0.0006933724269340073,2
YQX,Gander International Airport,Canada,3,3,3,0.0008761682242990653,0.0,0.23178542050856205,0.2365231926452152,0.00033021163030021286,0.0003331586137507065,3
YQY,Sydney / J.A. Douglas McCurdy Airport,Canada,2,2,2,0.0005841121495327102,0.0,0.2706209534370604,0.2769531887130974,0.0015027987714661786,0.0015115938627831707,2
YQZ,Quesnel Airport,Canada,2,2,2,0.0005841121495327102,0.0,0.2532247765461467,0.25897963852665296,0.000549549979903196,0.000555190335845632,2
YRA,Rae Lakes Airport,Canada,1,1,1,0.0002920560747663551,0.0,0.19854057871733638,0.20252862595419846,1.363783179955194e-05,1.385774352135811e-05,1
YRB,Resolute Bay Airport,Canada,2,2,2,0.0005841121495327102,0.0005756653042502478,0.1590949896817021,0.16224738426257704,5.21498863242759e-08,5.373427743211512e-08,1
YRG,Rigolet Airport,Canada,2,2,2,0.0005841121495327102,0.0002875482465600578,0.18798696403205029,0.19164785553047403,5.3134440306102284e-06,5.402332936393447e-06,2
YRL,Red Lake Airport,Canada,8,6,9,0.002628504672897196,0.003728825384030497,0.22486387592268203,0.23029974230299743,0.00010555902406892557,0.0001069571128873433,3
YRT,Rankin Inlet Airport,Canada,10,11,11,0.0032126168224299065,0.0032705364646005387,0.22568912054004134,0.23114620201470187,0.00012533355777706796,0.0001258717369940744,3
YSB,Sudbury Airport,Canada,5,6,6,0.0017523364485981306,5.692985636496619e-06,0.27057685322465314,0.2774283146801732,0.001429466180986198,0.001416954728048016,4
YSG,Lutselk'e Airport,Canada,1,1,1,0.0002920560747663551,0.0,0.19854057871733638,0.20252862595419846,1.363783179955194e-05,1.385774352135811e-05,1
YSJ,Saint John Airport,Canada,3,3,3,0.0008761682242990653,0.0,0.2733385233044833,0.27987473215757375,0.0024225631922392653,0.0024270922685419817,3
YSK,Sanikiluaq Airport,Canada,3,3,3,0.0008761682242990653,6.938776020324351e-05,0.22465090783562225,0.23006571370503354,0.00011872336129374685,0.00012057963385318069,3
YSM,Fort Smith Airport,Canada,4,4,4,0.0011682242990654205,2.2316287072922625e-05,0.23808357611314654,0.24281424281424283,0.0002653125142637865,0.0002692612488368201,3
YSO,Postville Airport,Canada,3,3,3,0.0008761682242990653,0.0008625309774541469,0.18800824999298918,0.19166948865560446,5.314580501018109e-06,5.403507826417067e-06,2
YSY,Sachs Harbour (David Nasogaluak Jr. Saaryuaq) Airport,Canada,2,2,2,0.0005841121495327102,0.0,0.14168400544526702,0.14433866031961917,5.762150397047294e-09,5.952900389240052e-09,2
YTE,Cape Dorset Airport,Canada,2,2,2,0.0005841121495327102,6.43088243313142e-06,0.18971604888175092,0.19363667464933287,3.668436786827758e-06,3.7491530273757235e-06,2
YTH,Thompson Airport,Canada,6,5,6,0.0017523364485981306,3.4725919494568094e-06,0.22490956448534832,0.23033098209441127,0.00011266457369498785,0.00011465335318194203,3
YTL,Big Trout Lake Airport,Canada,5,4,5,0.0014602803738317756,0.00014423628232326124,0.17558238881331192,0.17927466610357387,3.645552077229105e-07,3.5777518215713966e-07,3
YTQ,Tasiujaq Airport,Canada,2,2,2,0.0005841121495327102,0.0,0.20121120453382016,0.2053576827719659,1.3676329865326593e-05,1.3527140579168255e-05,2
YTS,Timmins/Victor M. Power,Canada,6,5,6,0.0017523364485981306,0.003286171583313247,0.27126202578223885,0.2776324395029431,0.0013924353148190142,0.0014005276361626375,4
YTY,Yangzhou Taizhou Airport,China,13,13,13,0.0037967289719626164,1.599422542272443e-07,0.27517316205056086,0.28156869247989386,0.004233053499360544,0.004290169666244298,13
YTZ,Billy Bishop Toronto City Centre Airport,Canada,13,13,13,0.0037967289719626164,0.00032988564805340936,0.27898762661733745,0.2857864175713204,0.005288667420728116,0.005299101855154543,8
YUB,Tuktoyaktuk Airport,Canada,1,1,1,0.0002920560747663551,0.0,0.14166587260040817,0.14432025838255919,2.8822402710528863e-09,2.977673499795534e-09,1
YUD,Umiujaq Airport,Canada,3,3,3,0.0008761682242990653,2.5440820062432103e-06,0.2016755568824346,0.2057807671332485,1.5883677504532104e-05,1.5971762373085644e-05,3
YUL,Montreal / Pierre Elliott Trudeau International Airport,Canada,92,93,96,0.02803738317757009,0.02802497309296073,0.33820039918791817,0.34624796084828713,0.06424666572930587,0.0634293228752408,30
YUM,Yuma MCAS/Yuma International Airport,United States,2,2,2,0.0005841121495327102,0.0,0.2741508890965218,0.28042939719240295,0.0016244072834751598,0.0016455993721541263,2
YUS,Yushu Batang Airport,China,1,1,1,0.0002920560747663551,0.0,0.2141615967771294,0.2186172267284666,6.834785835862584e-05,7.0006069435331e-05,1
YUT,Repulse Bay Airport,Canada,3,3,3,0.0008761682242990653,9.954194777312718e-08,0.1836516823153505,0.18779031187790313,1.8483180295665643e-06,1.8715367230487418e-06,3
YUX,Hall Beach Airport,Canada,2,2,2,0.0005841121495327102,0.0,0.18969437447881687,0.1936145952109464,3.6941471097859322e-06,3.7758914262188968e-06,2
YUY,Rouyn Noranda Airport,Canada,3,3,3,0.0008761682242990653,2.548711410015234e-07,0.25203322097952097,0.2575068243858053,0.000946960316861402,0.0009427889487778921,3
YVB,Bonaventure Airport,Canada,4,3,5,0.0014602803738317756,1.6639975798199032e-06,0.22974883904982485,0.23451419100890822,0.00018868462712060986,0.0001758310193648345,3
YVM,Qikiqtarjuaq Airport,Canada,1,1,1,0.0002920560747663551,0.0,0.15906450733468258,0.16221638404585623,5.213919591276137e-08,5.3723081068691685e-08,1
YVO,Val-d'Or Airport,Canada,5,5,5,0.0014602803738317756,0.001164893100657433,0.25218633958278924,0.25764357787724756,0.0009367758189047683,0.0009325711692927141,3
YVP,Kuujjuaq Airport,Canada,9,10,10,0.0029205607476635513,0.005334688550124564,0.2528391746327218,0.25838849577721984,0.0009414389104529108,0.0009234937439837085,3
YVQ,Norman Wells Airport,Canada,4,4,4,0.0011682242990654205,0.003446625721366274,0.1987187911929967,0.20270996239479497,1.3649146386787589e-05,1.3869430863031004e-05,2
YVR,Vancouver International Airport,Canada,75,75,76,0.02219626168224299,0.01875371730186408,0.3408035426545739,0.3494186644716535,0.03783718586568562,0.03791057495434089,28
YVZ,Deer Lake Airport,Canada,2,1,3,0.0008761682242990653,5.6881113013215525e-08,0.18309476317065493,0.18722090523182094,1.5667141406083014e-06,1.5664290177113792e-06,3
YWB,Kangiqsujuaq (Wakeham Bay) Airport,Canada,2,2,2,0.0005841121495327102,0.0001931775495613081,0.14296494401696952,0.14569479600154447,2.805860480002429e-09,2.820942103803487e-09,2
YWG,Winnipeg / James Armstrong Richardson International Airport,Canada,23,23,23,0.006717289719626168,0.012711894730305835,0.2903549636815746,0.29810393258426965,0.007314197132651541,0.0073800336116466,10
YWH,Victoria Harbour Seaplane Base,Canada,2,2,2,0.0005841121495327102,0.00028924045967220103,0.0006504885301614273,0.2092550372789451,9.47122192404504e-06,,1
YWJ,Déline Airport,Canada,2,2,2,0.0005841121495327102,0.00028715007876896527,0.19856432191019902,0.20255278539902183,1.3643425464982283e-05,1.3863520904519132e-05,2
YWK,Wabush Airport,Canada,9,10,11,0.0032126168224299065,0.0006294822739284662,0.2525891625181538,0.2580743217569724,0.0011386666660734457,0.0011167987396123883,4
YWL,Williams Lake Airport,Canada,2,2,2,0.0005841121495327102,0.0,0.2532247765461467,0.25897963852665296,0.0005495499799031968,0.000555190335845632,2
YWP,Webequie Airport,Canada,2,2,3,0.0008761682242990653,0.00043134370025746664,0.21308968940106315,0.21783194355355998,2.2041651215996748e-05,2.174947127746956e-05,2
YXC,Cranbrook/Canadian Rockies International Airport,Canada,3,3,3,0.0008761682242990653,0.0,0.25462273574805766,0.26040947780078216,0.0010407554420865147,0.0010533781882207816,3
YXE,Saskatoon John G. Diefenbaker International Airport,Canada,9,9,9,0.002628504672897196,0.0,0.28595450956911805,0.29339092872570194,0.006004693557551669,0.0060685207681620435,9
YXH,Medicine Hat Airport,Canada,1,1,1,0.0002920560747663551,0.0,0.24507673207573197,0.25031326011645905,0.00043655296530921954,0.00044257522648306614,1
YXJ,Fort St John Airport,Canada,5,5,5,0.0014602803738317756,0.000245744941518477,0.25581925272522676,0.261572826003235,0.0012415972236787156,0.00125707726038258,4
YXL,Sioux Lookout Airport,Canada,14,16,18,0.005257009345794392,0.007093954182017317,0.2135968173683777,0.2183641975308642,2.404136383320065e-05,2.3401376788785385e-05,3
YXN,Whale Cove Airport,Canada,3,2,3,0.0008761682242990653,4.2660834759911645e-08,0.18364152627474248,0.18777992811722422,1.8693606150486777e-06,1.893294056240132e-06,3
YXP,Pangnirtung Airport,Canada,2,2,2,0.0005841121495327102,0.0005756653042502478,0.18969437447881687,0.1936145952109464,3.641986377781468e-06,3.7221457884545827e-06,1
YXS,Prince George Airport,Canada,8,8,8,0.002336448598130841,0.00021114385072787436,0.2547399293975275,0.26052934407364786,0.0010895350585490514,0.0011031359738155639,4
YXT,Northwest Regional Airport Terrace-Kitimat,Canada,3,3,3,0.0008761682242990653,0.0,0.25326340143579684,0.25901914423003586,0.0005653744646218778,0.0005713454703707308,3
YXU,London Airport,Canada,5,5,5,0.0014602803738317756,0.0,0.27948070355379295,0.2862682289471466,0.0033397600530221433,0.0033734690633913907,5
YXX,Abbotsford Airport,Canada,2,2,2,0.0005841121495327102,0.0,0.24614852269113988,0.2513507512397306,0.0006837278307921978,0.0006933724269340073,2
YXY,Whitehorse / Erik Nielsen International Airport,Canada,4,4,5,0.0014602803738317756,9.166376102878344e-05,0.25536678865165857,0.26207748109276124,0.0013015681393690444,0.0008754579057100149,4
YYB,North Bay Jack Garland Airport,Canada,2,2,2,0.0005841121495327102,0.0,0.270290551817204,0.27661480817789363,0.001294117381015278,0.0013017140392439994,2
YYC,Calgary International Airport,Canada,60,59,60,0.017523364485981307,0.012759360280760886,0.3262392886949767,0.3338576484467165,0.03049375666410799,0.030663348471279814,27
YYD,Smithers Airport,Canada,3,3,3,0.0008761682242990653,0.0,0.25326340143579684,0.25901914423003586,0.0005653744646218778,0.0005713454703707308,3
YYE,Fort Nelson Airport,Canada,3,3,3,0.0008761682242990653,1.7064333903964658e-07,0.20316853592084233,0.20743998533993036,4.1136057301405395e-05,4.197216250938188e-05,2
YYF,Penticton Airport,Canada,1,1,1,0.0002920560747663551,0.0,0.2532054685189606,0.25895989019368615,0.000541682544088221,0.0005471770723906561,1
YYG,Charlottetown Airport,Canada,3,3,3,0.0008761682242990653,0.0,0.2733385233044833,0.27987473215757375,0.0024225631922392653,0.0024270922685419817,3
YYH,Taloyoak Airport,Canada,3,3,3,0.0008761682242990653,0.0,0.19856432191019902,0.20255278539902183,1.4042703918249956e-05,1.4272637132655498e-05,3
YYJ,Victoria International Airport,Canada,8,8,8,0.002336448598130841,4.917734855390831e-07,0.28336801089053404,0.29020680225602463,0.0047940838589442,0.004846341657549861,7
YYQ,Churchill Airport,Canada,4,4,4,0.0011682242990654205,0.00027544528663319583,0.2248791033809283,0.23029974230299743,0.00010816654290314935,0.00011003982824097172,3
YYR,Goose Bay Airport,Canada,11,11,11,0.0032126168224299065,0.004202454448333911,0.23227178566315787,0.2370184254606365,0.0003709972523721225,0.00037413768355133893,4
YYT,St. John's International Airport,Canada,12,13,13,0.0037967289719626164,0.0024917477228791787,0.2912207067987519,0.2972168737966042,0.00668857193184785,0.006750145966124814,7
YYU,Kapuskasing Airport,Canada,1,2,2,0.0005841121495327102,3.15121366093214e-06,0.21269389096433539,0.21794378128609934,4.165155756136913e-05,2.0214323199576643e-05,2
YYY,Mont Joli Airport,Canada,6,6,6,0.0017523364485981306,0.00015582131250094816,0.25232047106041855,0.25778047669652343,0.0011115556864909873,0.0011075028592531795,4
YYZ,Lester B. Pearson International Airport,Canada,146,147,147,0.0429322429906542,0.04252693075213729,0.37241109337514505,0.38226024313372353,0.08896621005390205,0.0887709027453881,30
YZF,Yellowknife Airport,Canada,18,18,18,0.005257009345794392,0.011096426612049771,0.24865516432992646,0.2539445150676737,0.0009526191719416843,0.0009601188397757908,4
YZG,Salluit Airport,Canada,2,2,2,0.0005841121495327102,8.176659995649731e-07,0.12491215796976372,0.12721959991009216,1.2017345700804318e-10,1.2240676859918985e-10,2
YZP,Sandspit Airport,Canada,1,1,1,0.0002920560747663551,0.0,0.2532054685189606,0.25895989019368615,0.000541682544088221,0.0005471770723906561,1
YZR,Chris Hadfield Airport,Canada,1,1,1,0.0002920560747663551,0.0,0.27024655921436913,0.2765697532372343,0.001273652939490654,0.0012812626178701156,1
YZS,Coral Harbour Airport,Canada,4,4,4,0.0011682242990654205,4.455640003960921e-06,0.18366183947935225,0.18780069678703754,1.8997325035785149e-06,1.924890491717646e-06,3
YZT,Port Hardy Airport,Canada,2,2,2,0.0005841121495327102,0.0005732378174898071,0.2532827182996086,0.2590389016018307,0.0005419083396990011,0.0005474089499119834,2
YZV,Sept-Îles Airport,Canada,11,11,11,0.0032126168224299065,0.0049685213598859735,0.2525123351552101,0.25797629899726526,0.0011151125071725155,0.001109240567725633,4
YZY,Zhangye Ganzhou Airport,China,2,2,2,0.0005841121495327102,0.0,0.2227671375612912,0.22692950217173405,0.000317798583517218,0.0003246701989420888,2
YZZ,Trail Airport,Canada,1,1,1,0.0002920560747663551,0.0,0.2532054685189606,0.25895989019368615,0.000541682544088221,0.0005471770723906561,1
ZAD,Zadar Airport,Croatia,24,24,24,0.007009345794392522,3.9432595211105946e-05,0.2874396018026632,0.29364461738002595,0.020530106073625078,0.020828042242693724,19
ZAG,Zagreb Airport,Croatia,28,27,28,0.008177570093457943,0.0007754555489205617,0.30060556889890183,0.30752512904102147,0.03290626434453927,0.03325527751661903,20
ZAH,Zahedan International Airport,Iran,7,7,7,0.0020443925233644858,0.00031828827410313137,0.27751877984507506,0.2831887925283522,0.0017875331641017361,0.0017698746599953677,5
ZAL,Pichoy Airport,Chile,2,2,3,0.0008761682242990653,0.0002880459562989234,0.1939147281533529,0.24637260591990714,0.00023203817274551535,6.56379553052023e-06,2
ZAM,Zamboanga International Airport,Philippines,4,4,4,0.0011682242990654205,0.0005756653042502478,0.24469749610391042,0.24966916629907365,0.00041498664202472955,0.0004206269683370472,3
ZAT,Zhaotong Airport,China,2,2,2,0.0005841121495327102,0.0,0.23311967143742846,0.2373995106606082,0.0005164973441436484,0.0005266964265775912,2
ZAZ,Zaragoza Air Base,Spain,8,8,8,0.002336448598130841,4.5878178684927663e-07,0.24574777766788783,0.25079388523742707,0.006004584943004026,0.006121168357760516,8
ZBF,Bathurst Airport,Canada,2,1,2,0.0005841121495327102,0.0001290312742522789,0.2518229862460126,0.25727272727272726,0.0009224656567796919,0.0009180362386272296,2
ZBL,?,?,1,1,1,0.0002920560747663551,0.0,0.24228729896586665,0.2469279429942558,0.0001481706100583509,0.00014949381950618836,1
ZBR,Konarak Airport,Iran,6,5,6,0.0017523364485981306,5.3570364056634404e-05,0.2776115799720923,0.2833069158254776,0.0021292029488057702,0.002119696297965119,5
ZCL,General Leobardo C. Ruiz International Airport,Mexico,5,5,5,0.0014602803738317756,2.45428285513152e-06,0.28004635854496274,0.2865097443685143,0.003038793585308004,0.003057306216523873,5
ZCO,La Araucanía Airport,Chile,2,2,2,0.0005841121495327102,0.0,0.2413364621821343,0.24635473340587596,0.00022876383831105243,0.00022733638211706577,2
ZDY,?,?,1,1,1,0.0002920560747663551,0.0,0.21587399854554823,0.22004794919976672,2.1591214719683918e-05,2.1726283550991953e-05,1
ZEL,?,?,3,3,3,0.0008761682242990653,0.0005757506259197676,0.20154091883389985,0.20581818181818182,1.57720985953476e-05,1.606538438885537e-05,2
ZEM,Eastmain River Airport,Canada,2,2,2,0.0005841121495327102,1.0437684237925048e-06,0.1672015366611031,0.17047336981075248,3.990448521863964e-07,4.039567493572668e-07,2
ZFM,Fort Mcpherson Airport,Canada,1,1,1,0.0002920560747663551,0.0,0.14166587260040817,0.14432025838255919,2.8822402710528863e-09,2.977673499795534e-09,1
ZFN,Tulita Airport,Canada,2,2,2,0.0005841121495327102,5.688111301321552e-07,0.16537797408496854,0.16856944306562097,3.907243474145234e-07,4.002797591005958e-07,2
ZGS,La Romaine Airport,Canada,5,5,5,0.0014602803738317756,0.0017768305447979132,0.20116244969870173,0.20525838621940162,1.621433600671396e-05,1.626328082480494e-05,3
ZGU,Gaua Island Airport,Vanuatu,3,3,3,0.0008761682242990653,0.0005753240175721684,0.19492778349531392,0.19850362403553892,2.2666553240346064e-06,2.3043946960813115e-06,3
ZHA,Zhanjiang Airport,China,13,13,13,0.0037967289719626164,6.94020641035273e-06,0.27823960784467267,0.2839702316247178,0.005276348198795248,0.005357164283540798,13
ZHY,Zhongwei Shapotou Airport,China,2,2,2,0.0005841121495327102,0.0,0.2688463179749165,0.27489072365225836,0.001264902254376747,0.001279305737554914,2
ZIG,Ziguinchor Airport,Senegal,1,2,2,0.0005841121495327102,0.0002876193479513243,0.2347677426388242,0.2407998298234418,0.00033727392957625193,0.0003080669152174582,2
ZIH,Ixtapa Zihuatanejo International Airport,Mexico,5,5,5,0.0014602803738317756,6.7076782032923e-06,0.28097044755276823,0.2873582670502623,0.00318026995094486,0.0032183070383642216,5
ZKE,Kashechewan Airport,Canada,2,2,2,0.0005841121495327102,0.0011509893218224162,0.14878756752659922,0.1517426273458445,4.1687461533992715e-09,4.2967064099863326e-09,1
ZKG,Kegaska Airport,Canada,2,2,2,0.0005841121495327102,0.0,0.16705854309418294,0.1703194743969106,4.641856474795077e-07,4.693976098696657e-07,2
ZLO,Playa De Oro International Airport,Mexico,4,4,4,0.0011682242990654205,1.670570477797242e-06,0.28070919016282064,0.2870910474258179,0.002658574711944295,0.0026756211462052766,4
ZLT,La Tabatière Airport,Canada,2,2,2,0.0005841121495327102,1.2869351819240013e-06,0.14305732648197855,0.14575107296137338,4.9038106615704614e-09,5.023212713481539e-09,2
ZMT,Masset Airport,Canada,1,1,1,0.0002920560747663551,0.0,0.2532054685189606,0.25895989019368615,0.0005416825440882211,0.0005471770723906561,1
ZNE,Newman Airport,Australia,1,1,1,0.0002920560747663551,0.0,0.2306904980636449,0.2352126333287159,0.00012620659925124305,0.0001273943433809766,1
ZNZ,Abeid Amani Karume International Airport,Tanzania,7,7,9,0.002628504672897196,0.0003771475158543343,0.2558586732125871,0.2952529994783516,0.004511796034361822,0.0015613650058673675,8
ZOS,Cañal Bajo Carlos - Hott Siebert Airport,Chile,1,1,2,0.0005841121495327102,0.0001435963698018626,0.2413364621821343,0.24635473340587596,0.0002287162507548419,0.00022400574270500331,2
ZPB,Sachigo Lake Airport,Canada,2,2,2,0.0005841121495327102,0.0,0.17555454216674607,0.1792462788979204,3.493248482136685e-07,3.4285300545755e-07,2
ZQN,Queenstown International Airport,New Zealand,6,4,6,0.0017523364485981306,0.0,0.25161310195682435,0.2565342196706451,0.0008022603120823345,0.0007997462465535141,6
ZQW,Zweibrücken Airport,Germany,6,5,7,0.0020443925233644858,1.517605274691952e-07,0.23980283937219585,0.24503932462659644,0.00620546690093611,0.005202400617284836,7
ZQZ,Zhangjiakou Ningyuan Airport,China,1,1,1,0.0002920560747663551,0.0,0.2132675948639245,0.21759466905875569,0.00010132889539623475,0.00010356701594871844,1
ZRH,Zürich Airport,Switzerland,136,137,137,0.04001168224299065,0.007802368471592703,0.3640817585381173,0.37216438356164383,0.12600344624713775,0.12620256578011127,31
ZRJ,Round Lake (Weagamow Lake) Airport,Canada,3,2,3,0.0008761682242990653,8.532166951982329e-08,0.17556382340080193,0.17925574030087094,3.5432479181892535e-07,3.4780048072202557e-07,2
ZSA,San Salvador Airport,Bahamas,3,3,4,0.0011682242990654205,3.360297848830068e-06,0.26002581783933665,0.26562377786468516,0.0019449097972368539,0.0017753558004868772,4
ZSE,Pierrefonds Airport,Reunion,1,1,1,0.0002920560747663551,0.0,0.23937069989376256,0.244792042096158,0.0003070943293579619,0.0002650432947371927,1
ZSJ,Sandy Lake Airport,Canada,3,3,5,0.0014602803738317756,0.0005780713753307067,0.18333736651168597,0.18754141815772035,1.927754646806459e-06,1.9041202311648874e-06,3
ZTB,Tête-à-la-Baleine Airport,Canada,2,2,2,0.0005841121495327102,1.422027825330388e-07,0.14294648184004857,0.1456448085088133,6.7857551729857396e-09,6.9199896860883525e-09,2
ZTH,"Zakynthos International Airport ""Dionysios Solomos""",Greece,12,12,13,0.0037967289719626164,3.2243671459859484e-05,0.28472860495808694,0.29145211122554066,0.01600231319922239,0.016038796518330976,11
ZUH,Zhuhai Jinwan Airport,China,30,30,30,0.008761682242990653,0.00010775810899271039,0.27383439594509507,0.27994394526419913,0.006399496311033322,0.00649488926706044,22
ZUM,Churchill Falls Airport,Canada,2,2,2,0.0005841121495327102,0.0,0.2012843811144483,0.20538252192319323,2.161256376107512e-05,2.1519225959049813e-05,2
ZVK,Savannakhet Airport,Laos,3,3,3,0.0008761682242990653,6.372644983765312e-06,0.2573457625252765,0.2623812099204203,0.0009832168779020276,0.0009953295155135954,3
ZYI,Zunyi Xinzhou Airport,China,13,13,13,0.0037967289719626164,4.119876620858166e-08,0.2752415847182899,0.2816153909942781,0.004227319710181446,0.00429367754453177,13
ZYL,Osmany International Airport,Bangladesh,4,1,4,0.0011682242990654205,0.0,0.2881129376736221,0.2938987451319775,0.00458460997646795,0.004624163584229094,4
