,Louvain_s0,Louvain_s1,Louvain_s2,Louvain_s3,Louvain_s4,Louvain_s5,Louvain_s6,Louvain_s7,Louvain_s8,Louvain_s9,Leiden_s0,Leiden_s1,Leiden_s2,Leiden_s3,Leiden_s4,Leiden_s5,Leiden_s6,Leiden_s7,Leiden_s8,Leiden_s9
AAE,0,0,0,0,0,0,0,0,0,0,1,1,1,1,1,1,2,1,2,1
AAL,0,0,0,0,0,0,0,0,0,0,1,1,1,1,1,1,2,1,2,3
AAN,1,1,1,1,1,1,1,1,1,1,2,3,3,3,3,2,3,2,1,1
AAQ,2,2,2,2,2,2,2,2,2,2,7,7,3,3,3,7,6,7,6,7
AAR,0,0,0,0,0,0,0,0,0,0,1,1,1,1,1,1,2,1,2,3
AAT,3,3,3,3,3,3,3,3,3,3,3,2,2,2,2,3,1,3,3,2
AAX,4,4,4,4,4,4,4,4,4,4,4,5,6,4,4,5,4,4,4,5
AAY,1,1,1,1,1,1,1,1,1,1,2,3,3,3,3,2,3,2,1,1
ABA,2,2,2,2,2,2,2,2,2,2,7,7,3,3,3,7,6,7,6,7
ABB,1,24,1,1,1,1,1,1,1,1,8,3,5,6,6,2,5,2,1,1
ABD,1,1,1,1,1,1,1,1,1,1,2,3,3,3,3,2,3,2,1,1
ABE,5,6,5,5,5,5,5,5,5,5,0,0,0,0,0,0,0,0,0,0
ABI,5,6,5,5,5,5,5,5,5,5,0,0,0,0,0,0,0,0,0,0
ABJ,1,24,1,1,1,1,1,0,1,1,8,3,5,6,6,2,5,2,1,1
ABL,6,7,6,6,6,6,6,6,11,6,6,6,7,7,7,6,7,6,7,6
ABM,7,8,7,7,7,7,7,7,3,7,5,4,4,5,5,4,1,5,5,4
ABQ,5,6,5,5,5,5,5,5,5,5,0,0,0,0,0,0,0,0,0,0
ABR,5,6,5,5,5,5,5,5,5,5,0,0,0,0,0,0,0,0,0,0
ABS,1,1,1,1,1,1,1,1,1,1,2,3,3,3,3,2,3,2,1,1
ABT,1,1,1,1,1,1,1,1,1,1,2,3,3,3,3,2,3,2,1,1
ABV,1,24,1,1,1,1,1,1,1,1,8,3,5,6,6,2,5,2,1,1
ABX,7,8,7,7,7,7,7,7,3,7,5,4,4,5,5,4,1,5,5,4
ABY,5,6,5,5,5,5,5,5,5,5,0,0,0,0,0,0,0,0,0,0
ABZ,0,0,0,0,0,0,0,0,0,0,1,1,1,1,1,1,2,1,2,3
ACA,5,6,5,5,5,5,5,4,5,5,0,0,0,0,0,0,0,0,0,0
ACC,1,24,1,1,1,1,1,1,1,1,8,3,5,6,6,2,5,2,1,1
ACE,0,0,0,0,0,0,0,0,0,0,1,1,1,1,1,1,2,1,2,3
ACH,0,0,0,0,0,0,0,0,0,0,1,1,1,1,1,1,2,1,2,3
ACI,0,0,0,0,0,0,0,0,0,0,1,1,1,1,1,1,2,1,2,3
ACK,5,6,5,5,5,5,5,5,5,5,0,0,0,0,0,0,0,0,0,0
ACR,9,10,9,9,4,9,4,4,8,9,4,20,18,4,4,19,4,4,4,21
ACT,5,6,5,5,5,5,5,5,5,5,0,0,0,0,0,0,0,0,0,0
ACU,10,11,10,10,9,10,9,9,9,10,14,13,13,13,13,12,13,12,12,13
ACV,5,6,5,5,5,5,5,5,5,5,0,0,0,0,0,0,0,0,0,0
ACX,3,3,3,3,3,3,3,3,3,3,3,2,2,2,2,3,1,3,3,2
ACY,5,6,5,5,5,5,5,5,5,5,0,0,0,0,0,0,0,0,0,0
ACZ,1,1,1,1,1,1,1,1,1,1,2,3,3,3,3,2,3,2,1,1
ADA,1,0,1,1,0,1,1,1,0,0,2,3,3,3,3,2,3,2,1,1
ADB,0,0,0,0,0,0,0,0,0,0,1,1,1,1,1,1,2,1,2,3
ADD,1,1,1,1,1,1,1,1,1,1,8,3,5,6,6,2,5,2,1,1
ADE,1,1,1,1,1,1,1,1,1,1,2,3,3,3,3,2,3,2,1,1
ADF,1,0,1,1,0,1,1,1,0,0,2,3,3,3,3,2,3,2,1,1
ADK,6,7,6,5,5,6,6,6,11,6,6,6,7,7,7,6,7,6,7,6
ADL,7,8,7,7,7,7,7,7,3,7,5,4,4,5,5,4,1,5,5,4
ADQ,6,7,6,11,10,6,6,6,11,6,6,6,7,7,7,6,7,6,7,6
ADU,1,1,1,1,1,1,1,1,1,1,2,3,3,3,3,2,3,2,1,1
ADZ,5,6,5,5,4,5,4,4,5,5,4,0,0,4,4,0,4,4,4,0
AEB,3,3,3,3,3,3,3,3,3,3,3,2,2,2,2,3,1,3,3,2
AEP,4,4,4,4,4,4,4,4,4,4,4,5,6,4,4,5,4,4,4,5
AER,2,2,2,2,2,2,2,2,2,2,7,7,3,3,3,7,6,7,6,7
AES,0,0,0,0,0,0,0,0,0,0,1,1,1,1,1,1,2,1,2,3
AET,6,7,6,6,6,6,6,6,11,6,6,6,7,7,7,6,7,6,7,6
AEX,5,6,5,5,5,5,5,5,5,5,0,0,0,0,0,0,0,0,0,0
AEY,11,12,21,12,11,20,10,10,12,11,10,9,9,9,9,9,10,9,9,9
AFA,4,4,4,4,4,4,4,4,4,4,4,5,6,4,4,5,4,4,4,5
AFL,4,4,4,4,4,4,4,4,4,4,4,5,6,4,4,5,4,4,4,5
AFZ,1,1,1,1,1,1,1,1,1,1,2,3,3,3,3,2,3,2,1,1
AGA,0,0,0,0,0,0,0,0,0,0,1,1,1,1,1,1,2,1,2,3
AGB,0,0,0,0,0,0,0,0,0,0,1,1,1,1,1,1,2,1,2,3
AGF,0,0,0,0,0,0,0,0,0,0,1,1,1,1,1,1,2,1,2,3
AGH,0,0,0,0,0,0,0,0,0,0,1,1,1,1,1,1,2,1,2,3
AGM,11,12,21,12,11,20,10,10,12,11,10,9,9,9,9,9,10,9,9,9
AGN,6,7,6,13,12,6,6,6,11,6,6,6,7,7,7,6,7,6,7,6
AGP,0,0,0,0,0,0,0,0,0,0,1,1,1,1,1,1,2,1,2,3
AGR,1,1,1,1,1,1,1,1,1,1,2,3,3,3,3,2,3,2,1,1
AGS,5,6,5,5,5,5,5,5,5,5,0,0,0,0,0,0,0,0,0,0
AGT,4,4,4,4,4,4,4,4,4,4,4,5,6,4,4,5,4,4,4,5
AGU,5,6,5,5,5,5,5,4,5,5,0,0,0,0,0,0,0,0,0,0
AGX,1,1,1,1,1,1,1,1,1,1,2,3,3,3,3,2,3,2,1,1
AHB,1,1,1,1,1,1,1,1,1,1,2,3,3,3,3,2,3,2,1,1
AHE,12,14,14,14,13,14,11,11,10,12,11,10,10,10,11,10,8,5,5,10
AHN,5,6,5,5,5,5,5,5,5,5,0,0,0,0,0,0,0,0,0,0
AHO,0,0,0,0,0,0,0,0,0,0,1,1,1,1,1,1,2,1,2,3
AHU,0,24,1,0,1,1,0,0,0,1,8,3,5,6,6,2,5,2,1,1
AIA,5,6,5,5,5,5,5,5,5,5,0,0,0,0,0,0,0,0,0,0
AIN,6,7,6,6,6,6,6,6,11,6,6,6,7,7,7,6,7,6,7,6
AIT,7,8,7,7,7,7,7,7,10,7,5,4,4,5,5,4,8,5,5,4
AIU,7,8,7,7,7,7,7,7,10,7,5,4,4,5,5,4,8,5,5,4
AJA,0,0,0,0,0,0,0,0,0,0,1,1,1,1,1,1,2,1,2,3
AJF,1,1,1,1,1,1,1,1,1,1,2,3,3,3,3,2,3,2,1,1
AJI,1,0,1,1,0,1,1,1,0,0,2,3,3,3,3,2,3,2,1,1
AJL,1,1,1,1,1,1,1,1,3,3,2,3,3,3,3,2,3,2,1,1
AJR,0,0,0,0,0,0,0,0,0,0,1,1,1,1,1,1,2,1,2,3
AJU,4,4,4,4,4,4,4,4,4,4,4,5,6,4,4,5,4,4,4,5
AKB,13,15,15,15,14,15,12,12,14,13,22,22,21,18,18,20,19,22,21,23
AKF,1,1,1,1,1,1,1,1,1,1,2,3,3,3,3,2,3,2,1,1
AKI,6,7,6,6,6,6,6,6,11,6,6,6,7,7,7,6,7,6,7,6
AKJ,3,3,3,3,3,3,3,3,3,3,3,2,2,2,2,3,1,3,3,2
AKK,6,7,6,11,10,6,6,6,11,6,6,6,7,7,7,6,7,6,7,6
AKL,7,8,7,7,7,7,7,7,10,7,5,4,4,5,5,4,8,5,5,4
AKN,6,7,6,16,16,6,6,6,11,6,6,6,7,7,7,6,7,6,7,6
AKP,6,7,6,6,6,6,6,6,11,6,6,6,7,7,7,6,7,6,7,6
AKU,3,3,3,3,3,3,3,3,3,3,3,2,2,2,2,3,1,3,3,2
AKV,14,18,18,17,20,13,13,13,25,14,9,8,8,8,8,8,9,8,8,8
AKX,2,2,2,2,2,2,2,2,2,2,7,7,3,3,3,7,6,7,6,7
AKY,3,3,3,3,3,3,3,3,3,3,3,2,2,2,2,3,1,3,3,2
ALA,2,2,2,2,2,2,2,2,2,2,7,7,3,3,3,7,6,7,6,7
ALB,5,6,5,5,5,5,5,5,5,5,0,0,0,0,0,0,0,0,0,0
ALC,0,0,0,0,0,0,0,0,0,0,1,1,1,1,1,1,2,1,2,3
ALF,15,19,19,18,18,19,14,14,16,15,12,11,11,12,12,11,12,11,11,11
ALG,0,0,0,0,0,0,0,0,0,0,1,1,1,1,1,1,2,1,2,1
ALH,7,8,7,7,7,7,7,7,3,7,5,4,4,5,5,4,1,5,5,4
ALO,5,6,5,5,5,5,5,5,5,5,0,0,0,0,0,0,0,0,0,0
ALS,5,6,5,5,5,5,5,5,5,5,0,0,0,0,0,0,0,0,0,0
ALW,5,6,5,5,5,5,5,5,5,5,0,0,0,0,0,0,0,0,0,0
AMA,5,6,5,5,5,5,5,5,5,5,0,0,0,0,0,0,0,0,0,0
AMD,1,1,1,1,1,1,1,1,1,1,2,3,3,3,3,2,3,2,1,1
AMH,1,1,1,1,1,1,1,1,1,1,8,3,5,6,6,2,5,2,1,1
AMM,1,1,1,1,1,1,1,1,1,1,2,3,3,3,3,2,3,2,1,1
AMQ,3,1,1,3,7,3,3,7,3,3,2,2,2,2,2,3,1,3,3,2
AMS,0,0,0,0,0,0,0,0,0,0,1,1,1,1,1,1,2,1,2,3
ANC,6,7,6,5,5,6,6,6,11,6,6,6,7,7,7,6,7,6,7,6
ANF,4,4,4,4,4,4,4,4,4,4,4,5,6,4,4,5,4,4,4,5
ANG,0,0,0,0,0,0,0,0,0,0,1,1,1,1,1,1,2,1,2,3
ANI,6,7,6,6,6,6,6,6,11,6,6,6,7,7,7,6,7,6,7,6
ANM,1,1,20,1,1,1,1,1,1,1,15,3,5,6,6,2,5,2,1,1
ANR,0,0,0,0,0,0,0,0,0,0,1,1,1,1,1,1,2,1,2,3
ANS,4,4,4,4,4,4,4,4,4,4,4,5,6,4,4,5,4,4,4,5
ANU,5,6,5,5,4,5,5,5,5,5,0,0,0,0,0,0,0,0,0,0
ANV,6,7,6,6,6,6,6,6,11,6,6,6,7,7,7,6,7,6,7,6
ANX,15,19,19,18,18,19,14,14,16,15,12,11,11,12,12,11,12,11,11,11
AOE,0,0,0,0,0,0,0,0,0,0,1,1,1,1,1,1,2,1,2,3
AOG,3,3,3,3,3,3,3,3,3,3,3,2,2,2,2,3,1,3,3,2
AOI,0,0,0,0,0,0,0,0,0,0,1,1,1,1,1,1,2,1,2,3
AOJ,3,3,3,3,3,3,3,3,3,3,3,2,2,2,2,3,1,3,3,2
AOK,0,0,0,0,0,0,0,0,0,0,1,1,1,1,1,1,2,1,2,3
AOO,5,6,5,5,5,5,5,5,5,5,0,0,0,0,0,0,0,0,0,0
AOQ,11,12,21,12,11,20,10,10,12,11,10,9,9,9,9,9,10,9,9,9
AOR,3,1,1,3,3,3,3,7,3,3,2,2,2,2,2,3,1,3,3,2
AOS,6,7,6,11,10,6,6,6,11,6,6,6,7,7,7,6,7,6,7,6
APF,5,6,5,5,5,5,5,5,5,5,0,0,0,0,0,0,0,0,0,0
APL,1,24,1,1,1,1,1,1,1,1,8,3,5,6,6,2,5,2,1,1
APN,5,6,5,5,5,5,5,5,5,5,0,0,0,0,0,0,0,0,0,0
APO,5,6,5,5,4,5,4,4,5,5,4,0,0,4,4,0,4,4,4,0
APW,7,8,7,7,7,7,7,7,3,7,5,4,4,5,5,4,8,5,5,4
AQA,4,4,4,4,4,4,4,4,4,4,4,5,6,4,4,5,4,4,4,5
AQG,3,3,3,3,3,3,3,3,3,3,3,2,2,2,2,3,1,3,3,2
AQI,1,1,1,1,1,1,1,1,1,1,2,3,3,3,3,2,3,2,1,1
AQJ,1,1,1,1,1,1,1,1,1,1,2,3,3,3,3,2,3,2,1,1
AQP,4,4,4,4,4,4,4,4,4,4,4,5,6,4,4,5,4,4,4,5
ARC,6,7,6,6,6,6,6,6,11,6,6,6,7,7,7,6,7,6,7,6
ARH,2,2,2,2,2,2,2,2,2,2,7,7,3,3,3,7,6,7,6,7
ARI,4,4,4,4,4,4,4,4,4,4,4,5,6,4,4,5,4,4,4,5
ARK,1,1,1,1,1,1,1,1,1,1,2,3,5,6,6,2,5,2,1,1
ARM,7,8,7,7,7,7,7,7,3,7,5,4,4,5,5,4,1,5,5,4
ARN,0,0,0,0,0,0,0,0,0,0,1,1,1,1,1,1,2,1,2,3
ART,5,6,5,5,5,5,5,5,5,5,0,0,0,0,0,0,0,0,0,0
ARU,4,4,4,4,4,4,4,4,4,4,4,5,6,4,4,5,4,4,4,5
ARW,0,0,0,0,0,0,0,0,0,0,1,1,1,1,1,1,2,1,2,3
ASB,2,1,2,2,1,1,2,1,1,1,2,3,3,3,3,2,3,2,1,1
ASE,5,6,5,5,5,5,5,5,5,5,0,0,0,0,0,0,0,0,0,0
ASF,2,2,2,2,2,2,2,2,2,2,7,7,3,3,3,7,6,7,6,7
ASJ,3,3,3,3,3,3,3,3,3,3,3,2,2,2,2,3,1,3,3,2
ASM,1,1,1,1,1,1,1,1,1,1,2,3,3,3,3,2,3,2,1,1
ASO,1,1,1,1,1,1,1,1,1,1,8,3,5,6,6,2,5,2,1,1
ASP,7,8,7,7,7,7,7,7,3,7,5,4,4,5,5,4,1,5,5,4
ASR,0,0,0,0,0,0,0,0,0,0,1,1,1,1,1,1,2,1,2,3
ASU,4,4,4,4,4,4,4,4,4,4,4,5,6,4,4,5,4,4,4,5
ASV,16,1,22,21,21,21,15,15,1,1,17,16,5,6,6,14,5,15,15,15
ASW,1,1,1,1,1,1,1,1,1,1,2,3,3,3,3,2,3,2,1,1
ATA,4,4,4,4,4,4,4,4,4,4,4,5,6,4,4,5,4,4,4,5
ATC,5,6,5,5,5,5,5,5,5,5,0,0,0,0,0,0,0,0,0,0
ATD,7,8,7,7,7,7,7,7,10,7,5,4,4,5,5,4,8,5,5,4
ATH,0,0,0,0,0,0,0,0,0,0,1,1,1,1,1,1,2,1,2,3
ATK,6,7,6,6,6,6,6,6,11,6,6,6,7,7,7,6,7,6,7,6
ATL,5,6,5,5,5,5,5,5,5,5,0,0,0,0,0,0,0,0,0,0
ATM,4,4,4,4,4,4,4,4,4,4,4,5,6,4,4,5,4,4,4,5
ATQ,1,1,1,1,1,1,1,1,1,1,2,3,3,3,3,2,3,2,1,1
ATT,6,7,6,6,6,6,6,6,11,6,6,6,7,7,7,6,7,6,7,6
ATW,5,6,5,5,5,5,5,5,5,5,0,0,0,0,0,0,0,0,0,0
ATY,5,6,5,5,5,5,5,5,5,5,0,0,0,0,0,0,0,0,0,0
ATZ,1,1,1,1,1,1,1,1,1,1,2,3,3,3,3,2,3,2,1,1
AUA,5,6,5,5,5,5,5,5,5,5,0,0,0,0,0,0,0,0,0,0
AUC,5,6,5,5,4,5,4,4,5,5,4,0,0,4,4,0,4,4,4,0
AUG,5,6,5,5,5,5,5,5,5,5,0,0,0,0,0,0,0,0,0,0
AUH,1,1,1,1,1,1,1,1,1,1,2,3,3,3,3,2,3,2,1,1
AUK,6,7,6,6,6,6,6,6,11,6,6,6,7,7,7,6,7,6,7,6
AUQ,12,14,14,14,13,14,11,11,10,12,11,10,10,10,11,10,8,5,5,10
AUR,0,0,0,0,0,0,0,0,0,0,1,1,1,1,1,1,2,1,2,3
AUS,5,6,5,5,5,5,5,5,5,5,0,0,0,0,0,0,0,0,0,0
AUU,7,8,7,7,7,7,7,7,3,7,5,4,4,5,5,4,1,5,5,4
AUX,4,4,4,4,4,4,4,4,4,4,4,5,6,4,4,5,4,4,4,5
AUY,7,8,7,7,7,7,7,7,10,7,5,4,4,5,5,4,8,5,5,4
AVA,3,3,3,3,3,3,3,3,3,3,3,2,2,2,2,3,1,3,3,2
AVL,5,6,5,5,5,5,5,5,5,5,0,0,0,0,0,0,0,0,0,0
AVN,0,0,0,0,0,0,0,0,0,0,1,1,1,1,1,1,2,1,2,3
AVP,5,6,5,5,5,5,5,5,5,5,0,0,0,0,0,0,0,0,0,0
AVV,7,8,7,7,7,7,7,7,3,7,5,4,4,5,5,4,1,5,5,4
AWD,7,8,7,7,7,7,7,7,10,7,5,4,4,5,5,4,8,5,5,4
AWZ,1,1,1,1,1,1,1,1,1,1,2,3,3,3,3,2,3,2,1,1
AXA,5,6,5,5,4,5,5,5,5,5,0,0,0,0,0,0,0,0,0,0
AXD,0,0,0,0,0,0,0,0,0,0,1,1,1,1,1,1,2,1,2,3
AXK,1,1,1,1,1,1,1,1,1,1,2,3,3,3,3,2,3,2,1,1
AXM,5,6,5,5,4,5,4,4,5,5,4,0,0,4,4,0,4,4,4,0
AXP,5,6,5,5,5,5,5,5,5,5,0,0,0,0,0,0,0,0,0,0
AXR,12,14,14,14,13,14,11,11,10,12,11,10,10,10,11,10,8,5,5,10
AXT,3,3,3,3,3,3,3,3,3,3,3,2,2,2,2,3,1,3,3,2
AXU,1,1,1,1,1,1,1,1,1,1,8,3,5,6,6,2,5,2,1,1
AYP,4,4,4,4,4,4,4,4,4,4,4,5,6,4,4,5,4,4,4,5
AYQ,7,8,7,7,7,7,7,7,3,7,5,4,4,5,5,4,1,5,5,4
AYT,0,0,0,0,0,0,0,0,0,0,1,1,1,1,1,1,2,1,2,3
AZA,5,6,5,5,5,5,5,5,5,5,0,0,0,0,0,0,0,0,0,0
AZD,1,1,1,1,1,1,1,1,1,1,2,3,3,3,3,2,3,2,1,1
AZI,1,1,1,1,1,1,1,1,1,1,2,3,3,3,3,2,3,2,1,1
AZN,2,2,2,2,2,2,2,2,2,2,7,7,3,3,3,7,6,7,6,7
AZO,5,6,5,5,5,5,5,5,5,5,0,0,0,0,0,0,0,0,0,0
AZR,0,0,0,0,0,0,0,0,0,0,1,1,1,1,1,1,2,1,2,1
AZS,5,6,5,5,5,5,5,5,5,5,0,0,0,0,0,0,0,0,0,0
BAH,1,1,1,1,1,1,1,1,1,1,2,3,3,3,3,2,3,2,1,1
BAL,1,0,1,1,0,1,1,1,0,0,2,3,3,3,3,2,3,2,1,1
BAQ,5,6,5,5,4,5,4,4,5,5,4,0,0,4,4,0,4,4,4,0
BAV,3,3,3,3,3,3,3,3,3,3,3,2,2,2,2,3,1,3,3,2
BAX,2,2,2,2,2,2,2,2,2,2,7,7,3,3,3,7,6,7,6,7
BAY,0,0,0,0,0,0,0,0,0,0,1,1,1,1,1,1,2,1,2,3
BAZ,4,4,4,4,4,4,4,4,4,4,4,5,6,4,4,5,4,4,4,5
BBA,4,4,4,4,4,4,4,4,4,4,4,5,6,4,4,5,4,4,4,5
BBI,1,1,1,1,1,1,1,1,1,1,2,3,3,3,3,2,3,2,1,1
BBK,1,24,1,1,1,1,1,1,1,1,8,3,5,6,6,2,5,2,1,1
BBN,3,1,1,3,7,3,3,7,3,3,2,2,2,2,2,3,1,3,3,2
BBO,1,1,1,1,1,1,1,1,1,1,2,3,5,6,6,2,5,2,1,1
BCD,3,3,3,3,7,3,3,7,3,3,3,2,2,2,2,3,1,3,3,2
BCI,7,8,7,7,7,7,7,7,3,7,5,4,4,5,5,4,1,5,5,4
BCN,0,0,0,0,0,0,0,0,0,0,1,1,1,1,1,1,2,1,2,3
BCV,17,22,23,22,22,22,16,4,20,17,16,14,14,14,14,13,14,13,13,14
BDA,5,6,5,5,5,5,5,5,5,5,0,0,0,0,0,0,0,0,0,0
BDB,7,8,7,7,7,7,7,7,3,7,5,4,4,5,5,4,1,5,5,4
BDH,1,1,1,1,1,1,1,1,1,1,2,3,3,3,3,2,3,2,1,1
BDJ,3,1,1,3,7,3,3,7,3,3,2,2,2,2,2,3,1,3,3,2
BDL,5,6,5,5,5,5,5,5,5,5,0,0,0,0,0,0,0,0,0,0
BDO,3,1,1,3,7,3,3,7,3,3,2,2,2,2,2,3,1,3,3,2
BDP,1,1,1,1,1,1,1,1,3,3,2,3,3,3,3,2,3,2,1,1
BDQ,1,1,1,1,1,1,1,1,1,1,2,3,3,3,3,2,3,2,1,1
BDS,0,0,0,0,0,0,0,0,0,0,1,1,1,1,1,1,2,1,2,3
BDU,0,0,0,0,0,0,0,0,0,0,1,1,1,1,1,1,2,1,2,3
BEB,0,0,0,0,0,0,0,0,0,0,1,1,1,1,1,1,2,1,2,3
BEG,0,0,0,0,0,0,0,0,0,0,1,1,1,1,1,1,2,1,2,3
BEJ,3,1,1,3,7,3,3,7,3,3,2,2,2,2,2,3,1,3,3,2
BEL,4,4,4,4,4,4,4,4,4,4,4,5,6,4,4,5,4,4,4,5
BEN,1,1,1,1,1,1,1,1,1,1,2,3,3,3,3,2,3,2,1,1
BES,0,0,0,0,0,0,0,0,0,0,1,1,1,1,1,1,2,1,2,3
BET,6,7,6,6,6,6,6,6,11,6,6,6,7,7,7,6,7,6,7,6
BEU,7,8,7,7,7,7,7,7,3,7,5,4,4,5,5,4,1,5,5,4
BEW,1,24,1,1,1,1,1,1,1,1,8,3,5,6,6,2,5,2,1,1
BEY,1,1,1,1,1,1,1,1,1,1,2,3,3,3,3,2,3,2,1,1
BFD,5,6,5,5,5,5,5,5,5,5,0,0,0,0,0,0,0,0,0,0
BFF,5,6,5,5,5,5,5,5,5,5,0,0,0,0,0,0,0,0,0,0
BFI,18,23,24,23,23,23,17,16,21,18,21,21,19,20,19,21,20,20,20,24
BFJ,3,3,3,3,3,3,3,3,3,3,3,2,2,2,2,3,1,3,3,2
BFL,5,6,5,5,5,5,5,5,5,5,0,0,0,0,0,0,0,0,0,0
BFN,1,24,1,1,1,1,1,1,1,1,8,3,5,6,6,2,5,2,1,1
BFQ,10,11,10,10,9,10,9,9,9,10,14,13,13,13,13,12,13,12,12,13
BFS,0,0,0,0,0,0,0,0,0,0,1,1,1,1,1,1,2,1,2,3
BFV,3,3,3,3,3,3,3,3,3,3,3,2,2,2,2,3,1,3,3,2
BGA,5,6,5,5,4,5,4,4,5,5,4,0,0,4,4,0,4,4,4,0
BGF,1,24,1,1,1,1,1,1,1,1,8,3,5,6,6,2,5,2,1,1
BGG,1,0,1,1,0,1,1,1,0,0,2,3,3,3,3,2,3,2,1,1
BGI,5,6,5,5,4,5,5,5,5,5,0,0,0,0,0,0,0,0,0,0
BGM,5,6,5,5,5,5,5,5,5,5,0,0,0,0,0,0,0,0,0,0
BGO,0,0,0,0,0,0,0,0,0,0,1,1,1,1,1,1,2,1,2,3
BGR,5,6,5,5,5,5,5,5,5,5,0,0,0,0,0,0,0,0,0,0
BGW,1,1,1,1,1,1,1,1,1,1,2,3,3,3,3,2,3,2,1,1
BGY,0,0,0,0,0,0,0,0,0,0,1,1,1,1,1,1,2,1,2,3
BHB,5,6,5,5,5,5,5,5,5,5,0,0,0,0,0,0,0,0,0,0
BHD,0,0,0,0,0,0,0,0,0,0,1,1,1,1,1,1,2,1,2,3
BHE,7,8,7,7,7,7,7,7,10,7,5,4,4,5,5,4,8,5,5,4
BHH,1,1,1,1,1,1,1,1,1,1,2,3,3,3,3,2,3,2,1,1
BHI,4,4,4,4,4,4,4,4,4,4,4,5,6,4,4,5,4,4,4,5
BHJ,1,1,1,1,1,1,1,1,1,1,2,3,3,3,3,2,3,2,1,1
BHK,2,2,2,2,2,2,2,2,2,2,7,7,3,3,3,7,6,7,6,7
BHM,5,6,5,5,5,5,5,5,5,5,0,0,0,0,0,0,0,0,0,0
BHO,1,1,1,1,1,1,1,1,1,1,2,3,3,3,3,2,3,2,1,1
BHQ,7,8,7,7,7,7,7,7,3,7,5,4,4,5,5,4,1,5,5,4
BHR,1,1,1,1,1,1,1,1,3,3,2,3,3,3,3,2,3,2,1,1
BHS,7,8,7,7,7,7,7,7,3,7,5,4,4,5,5,4,1,5,5,4
BHU,1,1,1,1,1,1,1,1,1,1,2,3,3,3,3,2,3,2,1,1
BHV,1,1,1,1,1,1,1,1,1,1,2,3,3,3,3,2,3,2,1,1
BHX,0,0,0,0,0,0,0,0,0,0,1,1,1,1,1,1,2,1,2,3
BHY,3,3,3,3,3,3,3,3,3,3,3,2,2,2,2,3,1,3,3,2
BIA,0,0,0,0,0,0,0,0,0,0,1,1,1,1,1,1,2,1,2,3
BIK,3,1,1,3,7,3,3,7,3,3,2,2,2,2,2,3,1,3,3,2
BIL,5,6,5,5,5,5,5,5,5,5,0,0,0,0,0,0,0,0,0,0
BIM,5,6,5,5,5,5,5,5,5,5,0,0,0,0,0,0,0,0,0,0
BIO,0,0,0,0,0,0,0,0,0,0,1,1,1,1,1,1,2,1,2,3
BIQ,0,0,0,0,0,0,0,0,0,0,1,1,1,1,1,1,2,1,2,3
BIR,1,1,1,1,1,1,1,1,3,3,2,3,3,3,3,2,3,2,1,1
BIS,5,6,5,5,5,5,5,5,5,5,0,0,0,0,0,0,0,0,0,0
BJA,0,0,0,0,0,0,0,0,0,0,1,1,1,1,1,1,2,1,2,3
BJB,1,1,1,1,1,1,1,1,1,1,2,3,3,3,3,2,3,2,1,1
BJF,15,19,19,18,18,19,14,14,16,15,12,11,11,12,12,11,12,11,11,11
BJI,5,6,5,5,5,5,5,5,5,5,0,0,0,0,0,0,0,0,0,0
BJL,1,24,1,1,1,1,1,0,1,1,8,3,5,6,6,2,5,2,1,1
BJM,1,1,1,1,1,1,1,1,1,1,2,3,5,6,6,2,5,2,1,1
BJR,1,1,1,1,1,1,1,1,1,1,8,3,5,6,6,2,5,2,1,1
BJV,0,0,0,0,0,0,0,0,0,0,1,1,1,1,1,1,2,1,2,3
BJX,5,6,5,5,5,5,5,5,5,5,0,0,0,0,0,0,0,0,0,0
BJZ,0,0,0,0,0,0,0,0,0,0,1,1,1,1,1,1,2,1,2,3
BKC,6,7,6,6,6,6,6,6,11,6,6,6,7,7,7,6,7,6,7,6
BKG,5,6,5,5,5,5,5,5,5,5,0,0,0,0,0,0,0,0,0,0
BKI,3,1,1,3,7,3,3,7,3,3,2,2,2,2,2,3,1,3,3,2
BKK,3,3,1,3,3,3,3,3,3,3,3,2,2,2,2,3,1,3,3,2
BKM,3,1,1,3,7,3,3,7,3,3,2,2,2,2,2,3,1,3,3,2
BKO,1,24,1,1,1,1,1,0,1,1,8,3,5,6,6,2,5,2,1,1
BKQ,7,8,7,7,7,7,7,7,3,7,5,4,4,5,5,4,1,5,5,4
BKS,3,1,1,3,7,3,3,7,3,3,2,2,2,2,2,3,1,3,3,2
BKW,5,6,5,5,5,5,5,5,5,5,0,0,0,0,0,0,0,0,0,0
BKY,19,24,25,1,24,24,18,17,22,19,8,17,5,6,6,16,5,17,16,17
BKZ,1,1,1,1,1,1,1,1,1,1,2,3,5,6,6,2,5,2,1,1
BLA,5,6,5,5,4,5,5,4,5,5,0,0,0,0,0,0,0,0,0,0
BLD,20,25,26,24,25,25,19,18,23,20,25,27,24,22,22,25,22,25,24,27
BLE,0,0,0,0,0,0,0,0,0,0,1,1,1,1,1,1,2,1,2,3
BLI,5,6,5,5,5,5,5,5,5,5,0,0,0,0,0,0,0,0,0,0
BLJ,0,0,0,0,0,0,0,0,0,0,1,1,1,1,1,1,2,1,2,3
BLK,0,0,0,0,0,0,0,0,0,0,1,1,1,1,1,1,2,1,2,3
BLL,0,0,0,0,0,0,0,0,0,0,1,1,1,1,1,1,2,1,2,3
BLQ,0,0,0,0,0,0,0,0,0,0,1,1,1,1,1,1,2,1,2,3
BLR,1,1,1,1,1,1,1,1,1,1,2,3,3,3,3,2,3,2,1,1
BLV,5,6,5,5,5,5,5,5,5,5,0,0,0,0,0,0,0,0,0,0
BLZ,1,1,1,1,1,1,1,1,1,1,8,3,5,6,6,2,5,2,1,1
BMA,0,0,0,0,0,0,0,0,0,0,1,1,1,1,1,1,2,1,2,3
BME,7,8,7,7,7,7,7,7,3,7,5,4,4,5,5,4,1,5,5,4
BMI,5,6,5,5,5,5,5,5,5,5,0,0,0,0,0,0,0,0,0,0
BMU,3,1,1,3,7,3,3,7,3,3,2,2,2,2,2,3,1,3,3,2
BMV,3,3,3,3,3,3,3,3,3,3,3,2,2,2,2,3,1,3,3,2
BMW,0,0,0,0,0,0,0,0,0,0,1,1,1,1,1,1,2,1,2,1
BMY,21,26,27,25,26,26,20,19,24,21,18,15,15,15,15,15,15,14,14,16
BNA,5,6,5,5,5,5,5,5,5,5,0,0,0,0,0,0,0,0,0,0
BNB,1,24,1,1,1,1,1,1,1,1,8,3,5,6,6,2,5,2,1,1
BNC,19,24,25,1,24,24,18,17,22,19,8,17,5,6,6,16,5,17,16,17
BND,1,1,1,1,1,1,1,1,1,1,2,3,3,3,3,2,3,2,1,1
BNE,7,8,7,7,7,7,7,7,3,7,5,4,4,5,5,4,1,5,5,4
BNI,1,24,1,1,1,1,1,1,1,1,8,3,5,6,6,2,5,2,1,1
BNK,7,8,7,7,7,7,7,7,3,7,5,4,4,5,5,4,1,5,5,4
BNN,0,0,0,0,0,19,0,14,0,0,12,11,11,12,12,11,12,11,11,11
BNS,5,24,5,5,4,5,5,4,5,5,0,0,0,0,0,0,0,0,0,0
BNX,0,0,0,0,0,0,0,0,0,0,1,1,1,1,1,1,2,1,2,3
BNY,7,8,7,7,7,7,7,7,10,7,5,4,4,5,5,4,8,5,5,4
BOB,12,14,14,14,13,14,11,11,10,12,11,10,10,10,11,10,8,5,5,10
BOC,10,11,10,10,9,10,9,9,9,10,14,13,13,13,13,12,13,12,12,13
BOD,0,0,0,0,0,0,0,0,0,0,1,1,1,1,1,1,2,1,2,3
BOG,5,6,5,5,4,5,4,4,5,5,4,0,0,4,4,0,4,4,4,0
BOH,0,0,0,0,0,0,0,0,0,0,1,1,1,1,1,1,2,1,2,3
BOI,5,6,5,5,5,5,5,5,5,5,0,0,0,0,0,0,0,0,0,0
BOJ,0,0,0,0,0,2,0,0,0,0,1,1,1,1,1,1,2,1,2,3
BOM,1,1,1,1,1,1,1,1,1,1,2,3,3,3,3,2,3,2,1,1
BON,5,6,5,5,5,5,5,5,5,5,0,0,0,0,0,0,0,0,0,0
BOO,15,19,19,18,18,19,14,14,16,15,12,11,11,12,12,11,12,11,11,11
BOS,5,6,5,5,5,5,5,5,5,5,0,0,0,0,0,0,0,0,0,0
BOY,1,24,1,1,1,1,1,0,1,1,8,3,5,6,6,2,5,2,1,1
BPL,3,3,3,3,3,3,3,3,3,3,3,2,2,2,2,3,1,3,3,2
BPN,3,1,1,3,7,3,3,7,3,3,2,2,2,2,2,3,1,3,3,2
BPS,4,4,4,4,4,4,4,4,4,4,4,5,6,4,4,5,4,4,4,5
BPT,5,6,5,5,5,5,5,5,5,5,0,0,0,0,0,0,0,0,0,0
BPX,3,3,3,3,3,3,3,3,3,3,3,2,2,2,2,3,1,3,3,2
BQB,7,8,7,7,7,7,7,7,3,7,5,4,4,5,5,4,1,5,5,4
BQK,5,6,5,5,5,5,5,5,5,5,0,0,0,0,0,0,0,0,0,0
BQL,7,8,7,7,7,7,7,7,3,7,5,4,4,5,5,4,1,5,5,4
BQN,5,6,5,5,5,5,5,5,5,5,0,0,0,0,0,0,0,0,0,0
BQS,2,2,2,2,2,2,2,2,2,2,7,7,3,3,3,7,6,7,6,7
BRA,4,4,4,4,4,4,4,4,4,4,4,5,6,4,4,5,4,4,4,5
BRC,4,4,4,4,4,4,4,4,4,4,4,5,6,4,4,5,4,4,4,5
BRD,5,6,5,5,5,5,5,5,5,5,0,0,0,0,0,0,0,0,0,0
BRE,0,0,0,0,0,0,0,0,0,0,1,1,1,1,1,1,2,1,2,3
BRI,0,0,0,0,0,0,0,0,0,0,1,1,1,1,1,1,2,1,2,3
BRL,5,6,5,5,5,5,5,5,5,5,0,0,0,0,0,0,0,0,0,0
BRM,5,24,5,5,4,5,5,4,5,5,0,0,0,0,0,0,0,0,0,0
BRN,0,0,0,0,0,0,0,0,0,0,1,1,1,1,1,1,2,1,2,3
BRO,5,6,5,5,5,5,5,5,5,5,0,0,0,0,0,0,0,0,0,0
BRQ,0,0,0,0,0,0,0,0,0,0,1,1,1,1,1,1,2,1,2,3
BRR,0,0,0,0,0,0,0,0,0,0,1,1,1,1,1,1,2,1,2,3
BRS,0,0,0,0,0,0,0,0,0,0,1,1,1,1,1,1,2,1,2,3
BRU,0,0,0,0,0,0,0,0,0,0,1,1,1,1,1,1,2,1,2,3
BRW,6,7,6,6,6,6,6,6,11,6,6,6,7,7,7,6,7,6,7,6
BSA,1,1,1,1,1,1,1,1,1,1,2,3,5,6,6,2,5,2,1,1
BSB,4,4,4,4,4,4,4,4,4,4,4,5,6,4,4,5,4,4,4,5
BSC,5,6,5,5,4,5,4,4,5,5,4,0,0,4,4,0,4,4,4,0
BSD,3,3,3,3,3,3,3,3,3,3,3,2,2,2,2,3,1,3,3,2
BSG,1,24,1,1,1,1,1,1,1,1,8,3,5,6,6,2,5,2,1,1
BSK,0,0,0,0,0,0,0,0,0,0,1,1,1,1,1,1,2,1,2,3
BSL,0,0,0,0,0,0,0,0,0,0,1,1,1,1,1,1,2,1,2,3
BSO,3,3,3,3,7,3,3,7,3,3,3,2,2,2,2,3,1,3,3,2
BSR,1,1,1,1,1,1,1,1,1,1,2,3,3,3,3,2,3,2,1,1
BSS,4,4,4,4,4,4,4,4,4,4,4,5,6,4,4,5,4,4,4,5
BTC,1,1,1,1,1,1,1,1,1,1,2,3,3,3,3,2,3,2,1,1
BTH,3,1,1,3,7,3,3,7,3,3,2,2,2,2,2,3,1,3,3,2
BTI,6,7,6,6,6,6,6,6,11,6,6,6,7,7,7,6,7,6,7,6
BTJ,3,1,1,3,3,3,3,7,3,3,2,2,2,2,2,3,1,3,3,2
BTK,2,2,2,2,2,2,2,2,2,2,7,7,3,3,3,7,6,7,6,7
BTM,5,6,5,5,5,5,5,5,5,5,0,0,0,0,0,0,0,0,0,0
BTR,5,6,5,5,5,5,5,5,5,5,0,0,0,0,0,0,0,0,0,0
BTS,0,0,0,0,0,0,0,0,0,0,1,1,1,1,1,1,2,1,2,3
BTT,6,7,6,6,6,6,6,6,11,6,6,6,7,7,7,6,7,6,7,6
BTU,3,1,1,3,7,3,3,7,3,3,2,2,2,2,2,3,1,3,3,2
BTV,5,6,5,5,5,5,5,5,5,5,0,0,0,0,0,0,0,0,0,0
BUA,7,8,7,7,7,7,7,7,10,7,5,4,4,5,5,4,8,5,5,4
BUC,7,8,7,7,7,7,7,7,3,7,5,4,4,5,5,4,1,5,5,4
BUD,0,0,0,0,0,0,0,0,0,0,1,1,1,1,1,1,2,1,2,3
BUF,5,6,5,5,5,5,5,5,5,5,0,0,0,0,0,0,0,0,0,0
BUL,7,8,7,7,7,7,7,7,10,7,5,4,4,5,5,4,8,5,5,4
BUN,5,6,5,5,4,5,4,4,5,5,4,0,0,4,4,0,4,4,4,0
BUQ,1,24,1,1,1,1,1,1,1,1,8,3,5,6,6,2,5,2,1,1
BUR,5,6,5,5,5,5,5,5,5,5,0,0,0,0,0,0,0,0,0,0
BUS,2,0,2,2,0,0,2,2,0,0,7,7,3,3,3,7,6,7,6,7
BUW,3,1,1,3,7,3,3,7,3,3,2,2,2,2,2,3,1,3,3,2
BUX,19,24,25,1,24,24,18,17,22,19,8,17,5,6,6,16,5,17,16,17
BUZ,1,1,1,1,1,1,1,1,1,1,2,3,3,3,3,2,3,2,1,1
BVA,0,0,0,0,0,0,0,0,0,0,1,1,1,1,1,1,2,1,2,3
BVB,4,4,4,4,4,4,4,4,4,4,4,5,6,4,4,5,4,4,4,5
BVC,0,0,0,0,0,0,0,0,0,0,1,1,1,1,1,1,2,1,2,3
BVE,0,0,0,0,0,0,0,0,0,0,1,1,1,1,1,1,2,1,2,3
BVG,15,19,19,18,18,19,14,14,16,15,12,11,11,12,12,11,12,11,11,11
BVH,4,4,4,4,4,4,4,4,4,4,4,5,6,4,4,5,4,4,4,5
BVI,7,8,7,7,7,7,7,7,3,7,5,4,4,5,5,4,1,5,5,4
BVS,4,4,4,4,4,4,4,4,4,4,4,5,6,4,4,5,4,4,4,5
BVV,2,2,2,2,2,2,2,2,2,2,7,7,3,3,3,7,6,7,6,7
BWA,1,1,1,1,1,1,1,1,3,3,2,3,3,3,3,2,3,2,1,1
BWI,5,6,5,5,5,5,5,5,5,5,0,0,0,0,0,0,0,0,0,0
BWK,0,0,0,0,0,0,0,0,0,0,1,1,1,1,1,1,2,1,2,3
BWN,3,1,1,3,7,3,3,7,3,3,2,2,2,2,2,3,1,3,3,2
BWT,7,8,7,7,7,7,7,7,3,7,5,4,4,5,5,4,1,5,5,4
BXB,3,1,1,3,7,3,3,7,3,3,2,2,2,2,2,3,1,3,3,2
BXR,1,1,1,1,1,1,1,1,1,1,2,3,3,3,3,2,3,2,1,1
BXU,3,3,3,3,7,3,3,7,3,3,3,2,2,2,2,3,1,3,3,2
BYC,4,4,4,4,4,4,4,4,4,4,4,5,6,4,4,5,4,4,4,5
BYN,3,3,2,3,3,3,3,3,2,3,3,2,2,2,2,3,6,7,6,2
BYO,4,4,4,4,4,4,4,4,4,4,4,5,6,4,4,5,4,4,4,5
BZE,5,6,5,5,5,5,5,4,5,5,0,0,0,0,0,13,0,0,0,0
BZG,0,0,0,0,0,0,0,0,0,0,1,1,1,1,1,1,2,1,2,3
BZL,1,1,1,1,1,1,1,1,1,1,2,3,3,3,3,2,3,2,1,1
BZN,5,6,5,5,5,5,5,5,5,5,0,0,0,0,0,0,0,0,0,0
BZO,0,0,0,0,0,0,0,0,0,0,1,1,1,1,1,1,2,1,2,3
BZR,0,0,0,0,0,0,0,0,0,0,1,1,1,1,1,1,2,1,2,3
BZV,1,24,1,1,1,1,1,1,1,1,8,3,5,6,6,2,5,2,1,1
CAB,1,24,1,1,1,1,1,1,1,1,8,3,5,6,6,2,5,2,1,1
CAC,4,4,4,4,4,4,4,4,4,4,4,5,6,4,4,5,4,4,4,5
CAE,5,6,5,5,5,5,5,5,5,5,0,0,0,0,0,0,0,0,0,0
CAG,0,0,0,0,0,0,0,0,0,0,1,1,1,1,1,1,2,1,2,3
CAH,3,3,3,3,3,3,3,3,3,3,3,2,2,2,2,3,1,3,3,2
CAI,1,1,1,1,1,1,1,1,1,1,2,3,3,3,3,2,3,2,1,1
CAJ,5,24,5,5,4,5,5,4,5,5,0,0,0,0,0,0,0,0,0,0
CAK,5,6,5,5,5,5,5,5,5,5,0,0,0,0,0,0,0,0,0,0
CAL,0,0,0,0,0,0,0,0,0,0,1,1,1,1,1,1,2,1,2,3
CAN,3,3,3,3,3,3,3,3,3,3,3,2,2,2,2,3,1,3,3,2
CAP,5,6,5,5,4,5,5,5,5,5,0,0,0,0,0,0,0,0,0,0
CAW,4,4,4,4,4,4,4,4,4,4,4,5,6,4,4,5,4,4,4,5
CAY,5,6,5,5,4,5,5,5,5,5,0,0,0,0,0,0,0,0,0,0
CBB,4,4,4,4,4,4,4,4,4,4,4,5,6,4,4,5,4,4,4,5
CBH,0,0,0,0,0,0,0,0,0,0,1,1,1,1,1,1,2,1,2,1
CBO,3,3,3,3,7,3,3,7,3,3,3,2,2,2,2,3,1,3,3,2
CBQ,1,24,1,1,1,1,1,1,1,1,8,3,5,6,6,2,5,2,1,1
CBR,7,8,7,7,7,7,7,7,3,7,5,4,4,5,5,4,1,5,5,4
CBS,5,24,5,5,4,5,5,4,5,5,0,0,0,0,0,0,0,0,0,0
CBT,1,24,1,1,1,1,1,1,1,1,8,3,5,6,6,2,5,2,1,1
CCC,5,6,5,5,5,5,5,5,5,5,0,0,0,0,0,0,0,0,0,0
CCF,0,0,0,0,0,0,0,0,0,0,1,1,1,1,1,1,2,1,2,3
CCJ,1,1,1,1,1,1,1,1,1,1,2,3,3,3,3,2,3,2,1,1
CCK,7,8,7,7,7,7,7,7,3,7,5,4,4,5,5,4,1,5,5,4
CCM,4,4,4,4,4,4,4,4,4,4,4,5,6,4,4,5,4,4,4,5
CCP,4,4,4,4,4,4,4,4,4,4,4,5,6,4,4,5,4,4,4,5
CCS,5,24,5,5,4,5,5,4,5,5,0,0,0,0,0,0,0,0,0,0
CCU,1,1,1,1,1,1,1,1,1,1,2,3,3,3,3,2,3,2,1,1
CCV,7,8,7,7,7,7,7,7,10,7,5,4,4,5,5,4,8,5,5,4
CDB,6,7,6,20,19,6,6,6,11,6,6,6,7,7,7,6,7,6,7,6
CDC,5,6,5,5,5,5,5,5,5,5,0,0,0,0,0,0,0,0,0,0
CDG,0,0,0,0,0,0,0,0,0,0,1,1,1,1,1,1,2,1,2,3
CDJ,4,4,4,4,4,4,4,4,4,4,4,5,6,4,4,5,4,4,4,5
CDR,5,6,5,5,5,5,5,5,5,5,0,0,0,0,0,0,0,0,0,0
CDV,6,7,6,13,12,6,6,6,11,6,6,6,7,7,7,6,7,6,7,6
CEB,3,3,3,3,7,3,3,7,3,3,3,2,2,2,2,3,1,3,3,2
CEC,5,6,5,5,5,5,5,5,5,5,0,0,0,0,0,0,0,0,0,0
CED,7,8,7,7,7,7,7,7,3,7,5,4,4,5,5,4,1,5,5,4
CEE,2,2,2,2,2,2,2,2,2,2,7,7,3,3,3,7,6,7,6,7
CEG,0,0,0,0,0,0,0,0,0,0,1,1,1,1,1,1,2,1,2,3
CEI,3,3,3,3,3,3,3,3,3,3,3,2,2,2,2,3,1,3,3,2
CEK,2,2,2,2,2,2,2,2,2,2,7,7,3,3,3,7,6,7,6,7
CEM,6,7,6,6,6,6,6,6,11,6,6,6,7,7,7,6,7,6,7,6
CEN,5,6,5,5,5,5,5,4,5,5,0,0,0,0,0,0,0,0,0,0
CEZ,5,6,5,5,5,5,5,5,5,5,0,0,0,0,0,0,0,0,0,0
CFB,4,4,4,4,4,4,4,4,4,4,4,5,6,4,4,5,4,4,4,5
CFC,4,4,4,4,4,4,4,4,4,4,4,5,6,4,4,5,4,4,4,5
CFE,0,0,0,0,0,0,0,0,0,0,1,1,1,1,1,1,2,1,2,3
CFK,0,0,0,0,0,0,0,0,0,0,1,1,1,1,1,1,2,1,2,3
CFN,0,0,0,0,0,0,0,0,0,0,1,1,1,1,1,1,2,1,2,3
CFR,0,0,0,0,0,0,0,0,0,0,1,1,1,1,1,1,2,1,2,3
CFS,7,8,7,7,7,7,7,7,3,7,5,4,4,5,5,4,1,5,5,4
CFU,0,0,0,0,0,0,0,0,0,0,1,1,1,1,1,1,2,1,2,3
CGA,6,7,6,13,12,6,6,6,11,6,6,6,7,7,7,6,7,6,7,6
CGB,4,4,4,4,4,4,4,4,4,4,4,5,6,4,4,5,4,4,4,5
CGD,3,3,3,3,3,3,3,3,3,3,3,2,2,2,2,3,1,3,3,2
CGH,4,4,4,4,4,4,4,4,4,4,4,5,6,4,4,5,4,4,4,5
CGI,5,6,5,5,5,5,5,5,5,5,0,0,0,0,0,0,0,0,0,0
CGK,3,1,1,3,7,3,3,7,3,3,2,2,2,2,2,3,1,3,3,2
CGM,3,3,3,3,7,3,3,7,3,3,3,2,2,2,2,3,1,3,3,2
CGN,0,0,0,0,0,0,0,0,0,0,1,1,1,1,1,1,2,1,2,3
CGO,3,3,3,3,3,3,3,3,3,3,3,2,2,2,2,3,1,3,3,2
CGP,1,1,1,1,1,1,1,1,1,1,2,3,3,3,3,2,3,2,1,1
CGQ,3,3,3,3,3,3,3,3,3,3,3,2,2,2,2,3,1,3,3,2
CGR,4,4,4,4,4,4,4,4,4,4,4,5,6,4,4,5,4,4,4,5
CGY,3,3,3,3,7,3,3,7,3,3,3,2,2,2,2,3,1,3,3,2
CHA,5,6,5,5,5,5,5,5,5,5,0,0,0,0,0,0,0,0,0,0
CHC,7,8,7,7,7,7,7,7,10,7,5,4,4,5,5,4,8,5,5,4
CHG,3,3,3,3,3,3,3,3,3,3,3,2,2,2,2,3,1,3,3,2
CHO,5,6,5,5,5,5,5,5,5,5,0,0,0,0,0,0,0,0,0,0
CHQ,0,0,0,0,0,0,0,0,0,0,1,1,1,1,1,1,2,1,2,3
CHS,5,6,5,5,5,5,5,5,5,5,0,0,0,0,0,0,0,0,0,0
CHU,6,7,6,6,6,6,6,6,11,6,6,6,7,7,7,6,7,6,7,6
CHX,10,11,10,10,9,10,9,9,9,10,14,13,13,13,13,12,13,12,12,13
CHY,7,8,7,7,7,7,7,7,10,7,5,4,4,5,5,4,8,5,5,4
CIA,0,0,0,0,0,0,0,0,0,0,1,1,1,1,1,1,2,1,2,3
CIC,5,6,5,5,5,5,5,5,5,5,0,0,0,0,0,0,0,0,0,0
CID,5,6,5,5,5,5,5,5,5,5,0,0,0,0,0,0,0,0,0,0
CIF,3,3,3,3,3,3,3,3,3,3,3,2,2,2,2,3,1,3,3,2
CIH,3,3,3,3,3,3,3,3,3,3,3,2,2,2,2,3,1,3,3,2
CIJ,4,4,4,4,4,4,4,4,4,4,4,5,6,4,4,5,4,4,4,5
CIK,6,7,6,6,6,6,6,6,11,6,6,6,7,7,7,6,7,6,7,6
CIP,1,24,1,1,1,1,1,1,1,1,8,3,5,6,6,2,5,2,1,1
CIT,2,2,2,2,2,2,2,2,2,2,7,7,3,3,3,7,6,7,6,7
CIU,5,6,5,5,5,5,5,5,5,5,0,0,0,0,0,0,0,0,0,0
CIX,4,4,4,4,4,4,4,4,4,4,4,5,6,4,4,5,4,4,4,5
CIY,0,0,0,0,0,0,0,0,0,0,1,1,1,1,1,1,2,1,2,3
CIZ,4,4,4,4,4,4,4,4,4,4,4,5,6,4,4,5,4,4,4,5
CJA,4,4,4,4,4,4,4,4,4,4,4,5,6,4,4,5,4,4,4,5
CJB,1,1,1,1,1,1,1,1,1,1,2,3,3,3,3,2,3,2,1,1
CJC,4,4,4,4,4,4,4,4,4,4,4,5,6,4,4,5,4,4,4,5
CJJ,3,3,3,3,3,3,3,3,3,3,3,2,2,2,2,3,1,3,3,2
CJL,1,1,1,1,1,1,1,1,1,1,2,3,3,3,3,2,3,2,1,1
CJM,3,3,3,3,3,3,3,3,3,3,3,2,2,2,2,3,1,3,3,2
CJS,5,6,5,5,5,5,5,4,5,5,0,0,0,0,0,0,0,0,0,0
CJU,3,3,3,3,3,3,3,3,3,3,3,2,2,2,2,3,1,3,3,2
CKB,5,6,5,5,5,5,5,5,5,5,0,0,0,0,0,0,0,0,0,0
CKD,6,7,6,6,6,6,6,6,11,6,6,6,7,7,7,6,7,6,7,6
CKG,3,3,3,3,3,3,3,3,3,3,3,2,2,2,2,3,1,3,3,2
CKH,2,2,2,2,2,2,2,2,2,2,7,7,3,3,3,7,6,7,6,7
CKS,4,4,4,4,4,4,4,4,4,4,4,5,6,4,4,5,4,4,4,5
CKX,22,27,16,26,27,27,21,20,26,22,26,26,25,23,23,26,24,26,23,29
CKY,1,24,1,1,1,1,1,0,1,1,8,3,5,6,6,2,5,2,1,1
CKZ,1,0,1,1,0,1,1,1,0,0,2,3,3,3,3,2,3,2,1,1
CLD,5,6,5,5,5,5,5,5,5,5,0,0,0,0,0,0,0,0,0,0
CLE,5,6,5,5,5,5,5,5,5,5,0,0,0,0,0,0,0,0,0,0
CLJ,0,0,0,0,0,0,0,0,0,0,1,1,1,1,1,1,2,1,2,3
CLL,5,6,5,5,5,5,5,5,5,5,0,0,0,0,0,0,0,0,0,0
CLM,18,23,24,23,23,23,17,16,21,18,21,21,19,20,19,21,20,20,20,24
CLO,5,6,5,5,4,5,4,4,5,5,4,0,0,4,4,0,4,4,4,0
CLQ,5,6,5,5,5,5,5,4,5,5,0,0,0,0,0,0,0,0,0,0
CLT,5,6,5,5,5,5,5,5,5,5,0,0,0,0,0,0,0,0,0,0
CLV,4,4,4,4,4,4,4,4,4,4,4,5,6,4,4,5,4,4,4,5
CLY,0,0,0,0,0,0,0,0,0,0,1,1,1,1,1,1,2,1,2,3
CMA,7,8,7,7,7,7,7,7,3,7,5,4,4,5,5,4,1,5,5,4
CMB,1,1,1,1,1,1,1,1,1,1,2,3,3,3,3,2,3,2,1,1
CME,5,6,5,5,5,5,5,4,5,5,0,0,0,0,0,0,0,0,0,0
CMG,4,4,4,4,4,4,4,4,4,4,4,5,6,4,4,5,4,4,4,5
CMH,5,6,5,5,5,5,5,5,5,5,0,0,0,0,0,0,0,0,0,0
CMI,5,6,5,5,5,5,5,5,5,5,0,0,0,0,0,0,0,0,0,0
CMN,0,24,1,0,1,1,0,0,0,1,8,3,5,6,6,2,5,2,1,1
CMP,4,4,4,4,4,4,4,4,4,4,4,5,6,4,4,5,4,4,4,5
CMU,7,8,7,7,7,7,7,7,10,7,5,4,4,5,5,4,8,5,5,4
CMW,5,6,5,5,5,5,5,5,5,5,0,0,0,0,0,0,0,0,0,0
CMX,5,6,5,5,5,5,5,5,5,5,0,0,0,0,0,0,0,0,0,0
CND,1,0,1,1,0,1,1,1,0,0,2,3,3,3,3,2,3,2,1,1
CNF,4,4,4,4,4,4,4,4,4,4,4,5,6,4,4,5,4,4,4,5
CNJ,7,8,7,7,7,7,7,7,3,7,5,4,4,5,5,4,1,5,5,4
CNM,5,6,5,5,5,5,5,5,5,5,0,0,0,0,0,0,0,0,0,0
CNP,11,12,21,12,11,20,10,10,12,11,10,9,9,9,9,9,10,9,9,9
CNS,7,8,7,7,7,7,7,7,3,7,5,4,4,5,5,4,1,5,5,4
CNX,3,3,3,3,3,3,3,3,3,3,3,2,2,2,2,3,1,3,3,2
CNY,5,6,5,5,5,5,5,5,5,5,0,0,0,0,0,0,0,0,0,0
COD,5,6,5,5,5,5,5,5,5,5,0,0,0,0,0,0,0,0,0,0
COK,1,1,1,1,1,1,1,1,1,1,2,3,3,3,3,2,3,2,1,1
COO,1,24,1,1,1,1,1,1,1,1,8,3,5,6,6,2,5,2,1,1
COQ,3,3,2,3,3,3,3,3,2,3,3,2,2,2,2,3,6,7,6,2
COR,4,4,4,4,4,4,4,4,4,4,4,5,6,4,4,5,4,4,4,5
COS,5,6,5,5,5,5,5,5,5,5,0,0,0,0,0,0,0,0,0,0
COU,5,6,5,5,5,5,5,5,5,5,0,0,0,0,0,0,0,0,0,0
CPC,4,4,4,4,4,4,4,4,4,4,4,5,6,4,4,5,4,4,4,5
CPD,7,8,7,7,7,7,7,7,3,7,5,4,4,5,5,4,1,5,5,4
CPE,5,6,5,5,5,5,5,4,5,5,0,0,0,0,0,0,0,0,0,0
CPH,0,0,0,0,0,0,0,0,0,0,1,1,1,1,1,1,2,1,2,3
CPO,4,4,4,4,4,4,4,4,4,4,4,5,6,4,4,5,4,4,4,5
CPR,5,6,5,5,5,5,5,5,5,5,0,0,0,0,0,0,0,0,0,0
CPT,1,24,1,1,1,1,1,1,1,1,8,3,5,6,6,2,5,2,1,1
CPV,4,4,4,4,4,4,4,4,4,4,4,5,6,4,4,5,4,4,4,5
CPX,5,6,5,5,5,5,5,5,5,5,0,0,0,0,0,0,0,0,0,0
CRA,0,0,0,0,0,0,0,0,0,0,1,1,1,1,1,1,2,1,2,3
CRD,4,4,4,4,4,4,4,4,4,4,4,5,6,4,4,5,4,4,4,5
CRI,5,6,5,5,5,5,5,5,5,5,0,0,0,0,0,0,0,0,0,0
CRK,3,3,1,3,3,3,3,3,3,3,3,2,2,2,2,3,1,3,3,2
CRL,0,0,0,0,0,0,0,0,0,0,1,1,1,1,1,1,2,1,2,3
CRM,3,3,3,3,7,3,3,7,3,3,3,2,2,2,2,3,1,3,3,2
CRP,5,6,5,5,5,5,5,5,5,5,0,0,0,0,0,0,0,0,0,0
CRW,5,6,5,5,5,5,5,5,5,5,0,0,0,0,0,0,0,0,0,0
CSG,5,6,5,5,5,5,5,5,5,5,0,0,0,0,0,0,0,0,0,0
CSH,2,2,2,2,2,2,2,2,2,2,7,7,3,3,3,7,6,7,6,7
CSK,1,24,1,1,1,1,1,0,1,1,8,3,5,6,6,2,5,2,1,1
CSX,3,3,3,3,3,3,3,3,3,3,3,2,2,2,2,3,1,3,3,2
CSY,2,2,2,2,2,2,2,2,2,2,7,7,3,3,3,7,6,7,6,7
CTA,0,0,0,0,0,0,0,0,0,0,1,1,1,1,1,1,2,1,2,3
CTC,4,4,4,4,4,4,4,4,4,4,4,5,6,4,4,5,4,4,4,5
CTG,5,6,5,5,4,5,5,4,5,5,4,0,0,4,4,0,4,4,4,0
CTL,7,8,7,7,7,7,7,7,3,7,5,4,4,5,5,4,1,5,5,4
CTM,5,6,5,5,5,5,5,4,5,5,0,0,0,0,0,0,0,0,0,0
CTS,3,3,3,3,3,3,3,3,3,3,3,2,2,2,2,3,1,3,3,2
CTU,3,3,3,3,3,3,3,3,3,3,3,2,2,2,2,3,1,3,3,2
CUC,5,6,5,5,4,5,4,4,5,5,4,0,0,4,4,0,4,4,4,0
CUE,4,4,5,5,4,5,4,4,5,5,4,0,0,4,4,0,4,4,4,0
CUF,0,0,0,0,0,0,0,0,0,0,1,1,1,1,1,1,2,1,2,3
CUK,17,22,23,22,22,22,16,4,20,17,16,14,14,14,14,13,14,13,13,14
CUL,5,6,5,5,5,5,5,4,5,5,0,0,0,0,0,0,0,0,0,0
CUM,5,24,5,5,4,5,5,4,5,5,0,0,0,0,0,0,0,0,0,0
CUN,5,6,5,5,5,5,5,5,5,5,0,0,0,0,0,0,0,0,0,0
CUQ,7,8,7,7,7,7,7,7,3,7,5,4,4,5,5,4,1,5,5,4
CUR,5,6,5,5,4,5,5,5,5,5,0,0,0,0,0,0,0,0,0,0
CUU,5,6,5,5,5,5,5,4,5,5,0,0,0,0,0,0,0,0,0,0
CUZ,4,4,4,4,4,4,4,4,4,4,4,5,6,4,4,5,4,4,4,5
CVG,5,6,5,5,5,5,5,5,5,5,0,0,0,0,0,0,0,0,0,0
CVM,5,6,5,5,5,5,5,4,5,5,0,0,0,0,0,0,0,0,0,0
CVU,0,20,0,19,0,0,0,0,17,16,1,1,1,1,1,1,2,16,2,3
CWA,5,6,5,5,5,5,5,5,5,5,0,0,0,0,0,0,0,0,0,0
CWB,4,4,4,4,4,4,4,4,4,4,4,5,6,4,4,5,4,4,4,5
CWL,0,0,0,0,0,0,0,0,0,0,1,1,1,1,1,1,2,1,2,3
CXB,1,1,1,1,1,1,1,1,1,1,2,3,3,3,3,2,3,2,1,1
CXF,6,7,6,6,6,6,6,6,11,6,6,6,7,7,7,6,7,6,7,6
CXH,23,13,17,27,28,28,22,21,27,23,19,18,16,16,16,17,16,18,17,18
CXI,7,8,7,7,7,7,7,7,10,7,5,4,4,5,5,4,8,5,5,4
CXJ,4,4,4,4,4,4,4,4,4,4,4,5,6,4,4,5,4,4,4,5
CXR,3,3,3,3,3,3,3,3,3,3,3,2,2,2,2,3,1,3,3,2
CYB,5,6,5,5,5,5,5,5,5,5,0,0,0,0,0,0,0,0,0,0
CYF,6,7,6,6,6,6,6,6,11,6,6,6,7,7,7,6,7,6,7,6
CYO,5,6,5,5,4,5,5,4,5,5,0,0,0,0,0,0,0,0,0,0
CYP,3,3,3,3,7,3,3,7,3,3,3,2,2,2,2,3,1,3,3,2
CYS,5,6,5,5,5,5,5,5,5,5,0,0,0,0,0,0,0,0,0,0
CYX,2,2,2,2,2,2,2,2,2,2,7,7,3,3,3,7,6,7,6,7
CYZ,3,3,3,3,7,3,3,7,3,3,3,2,2,2,2,3,1,3,3,2
CZE,5,24,5,5,4,5,5,4,5,5,0,0,0,0,0,0,0,0,0,0
CZH,17,22,23,22,22,22,16,4,20,17,16,14,14,14,14,13,14,13,13,14
CZJ,10,11,10,10,9,10,9,9,9,10,14,13,13,13,13,12,13,12,12,13
CZL,0,0,0,0,0,0,0,0,0,0,1,1,1,1,1,1,2,1,2,1
CZM,5,6,5,5,5,5,5,5,5,5,0,0,0,0,0,0,0,0,0,0
CZS,4,4,4,4,4,4,4,4,4,4,4,5,6,4,4,5,4,4,4,5
CZU,5,6,5,5,4,5,4,4,5,5,4,0,0,4,4,0,4,4,4,0
CZX,3,3,3,3,3,3,3,3,3,3,3,2,2,2,2,3,1,3,3,2
DAB,5,6,5,5,5,5,5,5,5,5,0,0,0,0,0,0,0,0,0,0
DAC,1,1,1,1,1,1,1,1,1,1,2,3,3,3,3,2,3,2,1,1
DAD,3,3,3,3,3,3,3,3,3,3,3,2,2,2,2,3,1,3,3,2
DAL,5,6,5,5,5,5,5,5,5,5,0,0,0,0,0,0,0,0,0,0
DAR,1,1,1,1,1,1,1,1,1,1,2,3,5,6,6,2,5,2,1,1
DAT,3,3,3,3,3,3,3,3,3,3,3,2,2,2,2,3,1,3,3,2
DAU,7,8,7,7,7,7,7,7,10,7,5,4,4,5,5,4,8,5,5,4
DAV,10,11,10,10,9,10,9,9,9,10,14,13,13,13,13,12,13,12,12,13
DAX,3,3,3,3,3,3,3,3,3,3,3,2,2,2,2,3,1,3,3,2
DAY,5,6,5,5,5,5,5,5,5,5,0,0,0,0,0,0,0,0,0,0
DBA,1,1,1,1,1,1,1,1,1,1,2,3,3,3,3,2,3,2,1,1
DBO,7,8,7,7,7,7,7,7,3,7,5,4,4,5,5,4,1,5,5,4
DBQ,5,6,5,5,5,5,5,5,5,5,0,0,0,0,0,0,0,0,0,0
DBV,0,0,0,0,0,0,0,0,0,0,1,1,1,1,1,1,2,1,2,3
DCA,5,6,5,5,5,5,5,5,5,5,0,0,0,0,0,0,0,0,0,0
DCM,0,0,0,0,0,0,0,0,0,0,1,1,1,1,1,1,2,1,2,3
DCN,7,8,7,7,7,7,7,7,3,7,5,4,4,5,5,4,1,5,5,4
DCY,3,3,3,3,3,3,3,3,3,3,3,2,2,2,2,3,1,3,3,2
DDC,5,6,5,5,5,5,5,5,5,5,0,0,0,0,0,0,0,0,0,0
DDG,3,3,3,3,3,3,3,3,3,3,3,2,2,2,2,3,1,3,3,2
DEA,1,1,1,1,1,1,1,1,1,1,2,3,3,3,3,2,3,2,1,1
DEB,0,0,0,0,0,0,0,0,0,0,1,1,1,1,1,1,2,1,2,3
DEC,5,6,5,5,5,5,5,5,5,5,0,0,0,0,0,0,0,0,0,0
DED,1,1,1,1,1,1,1,1,1,1,2,3,3,3,3,2,3,2,1,1
DEE,2,2,2,2,2,2,2,2,2,2,7,7,3,3,3,7,6,7,6,7
DEF,1,1,1,1,1,1,1,1,1,1,2,3,3,3,3,2,3,2,1,1
DEL,1,1,1,1,1,1,1,1,1,1,2,3,3,3,3,2,3,2,1,1
DEN,5,6,5,5,5,5,5,5,5,5,0,0,0,0,0,0,0,0,0,0
DFW,5,6,5,5,5,5,5,5,5,5,0,0,0,0,0,0,0,0,0,0
DGA,17,22,23,22,22,22,16,4,20,17,16,14,14,14,14,13,14,13,13,14
DGO,5,6,5,5,5,5,5,4,5,5,0,0,0,0,0,0,0,0,0,0
DGT,3,3,3,3,7,3,3,7,3,3,3,2,2,2,2,3,1,3,3,2
DHB,23,13,17,27,28,28,22,21,27,23,19,18,16,16,16,17,16,18,17,18
DHI,1,1,1,1,1,1,1,1,3,3,2,3,3,3,3,2,3,2,1,1
DHM,1,1,1,1,1,1,1,1,1,1,2,3,3,3,3,2,3,2,1,1
DHN,5,6,5,5,5,5,5,5,5,5,0,0,0,0,0,0,0,0,0,0
DIB,1,1,1,1,1,1,1,1,1,3,2,3,3,3,3,2,3,2,1,1
DIE,1,1,20,1,1,1,1,1,1,1,15,3,5,6,6,2,5,2,1,1
DIG,3,3,3,3,3,3,3,3,3,3,3,2,2,2,2,3,1,3,3,2
DIJ,0,0,0,0,0,0,0,0,0,0,1,1,1,1,1,1,2,1,2,3
DIK,5,6,5,5,5,5,5,5,5,5,0,0,0,0,0,0,0,0,0,0
DIL,7,8,1,3,7,7,7,7,3,3,2,2,2,2,2,3,1,3,3,2
DIN,3,3,3,3,3,3,3,3,3,3,3,2,2,2,2,3,1,3,3,2
DIR,1,1,1,1,1,1,1,1,1,1,8,3,5,6,6,2,5,2,1,1
DIU,1,1,1,1,1,1,1,1,1,1,2,3,3,3,3,2,3,2,1,1
DIW,1,1,1,1,1,1,1,1,1,1,2,3,3,3,3,2,3,2,1,1
DIY,1,0,1,1,0,1,1,1,0,0,2,3,3,3,3,2,3,2,1,1
DJB,3,1,1,3,7,3,3,7,3,3,2,2,2,2,2,3,1,3,3,2
DJE,0,0,0,0,0,0,0,0,0,0,1,1,1,1,1,1,2,1,2,3
DJG,0,0,0,0,0,0,0,0,0,0,1,1,1,1,1,1,2,1,2,1
DJJ,3,1,1,3,7,3,3,7,3,3,2,2,2,2,2,3,1,3,3,2
DKR,1,24,1,1,1,1,1,0,1,1,8,3,5,6,6,2,5,2,1,1
DLA,1,24,1,1,1,1,1,1,1,1,8,3,5,6,6,2,5,2,1,1
DLC,3,3,3,3,3,3,3,3,3,3,3,2,2,2,2,3,1,3,3,2
DLE,0,0,0,0,0,0,0,0,0,0,1,1,1,1,1,1,2,1,2,3
DLG,6,7,6,16,16,6,6,6,11,6,6,6,7,7,7,6,7,6,7,6
DLH,5,6,5,5,5,5,5,5,5,5,0,0,0,0,0,0,0,0,0,0
DLI,3,3,3,3,3,3,3,3,3,3,3,2,2,2,2,3,1,3,3,2
DLM,0,0,0,0,0,0,0,0,0,0,1,1,1,1,1,1,2,1,2,3
DLU,3,3,3,3,3,3,3,3,3,3,3,2,2,2,2,3,1,3,3,2
DLY,7,8,7,7,7,7,7,7,10,7,5,4,4,5,5,4,8,5,5,4
DLZ,3,3,2,3,3,3,3,3,2,3,3,2,2,2,2,3,6,7,6,2
DMB,2,2,2,2,2,2,2,2,2,2,7,7,3,3,3,7,6,7,6,7
DMD,7,8,7,7,7,7,7,7,3,7,5,4,4,5,5,4,1,5,5,4
DME,2,2,2,2,2,2,2,2,2,2,7,7,3,3,3,7,6,7,6,7
DMK,3,3,3,3,3,3,3,3,3,3,3,2,2,2,2,3,1,3,3,2
DMM,1,1,1,1,1,1,1,1,1,1,2,3,3,3,3,2,3,2,1,1
DMU,1,1,1,1,1,1,1,1,1,3,2,3,3,3,3,2,3,2,1,1
DND,0,0,0,0,0,0,0,0,0,0,1,1,1,1,1,1,2,1,2,3
DNH,3,3,3,3,3,3,3,3,3,3,3,2,2,2,2,3,1,3,3,2
DNK,2,0,2,2,0,0,2,2,0,0,7,7,3,3,3,7,6,7,6,7
DNR,0,0,0,0,0,0,0,0,0,0,1,1,1,1,1,1,2,1,2,3
DNZ,1,0,1,1,0,1,1,1,0,0,2,3,3,3,3,2,3,2,1,1
DOB,3,1,1,3,7,3,3,7,3,3,2,2,2,2,2,3,1,3,3,2
DOH,1,1,1,1,1,1,1,1,1,1,2,3,3,3,3,2,3,2,1,1
DOK,2,0,0,0,0,0,0,0,0,0,7,1,3,3,3,7,6,1,6,7
DOL,0,0,0,0,0,0,0,0,0,0,1,1,1,1,1,1,2,1,2,3
DOM,5,6,5,5,4,5,5,5,5,5,0,0,0,0,0,0,0,0,0,0
DOU,4,4,4,4,4,4,4,4,4,4,4,5,6,4,4,5,4,4,4,5
DOY,3,3,3,3,3,3,3,3,3,3,3,2,2,2,2,3,1,3,3,2
DPL,3,3,3,3,7,3,3,7,3,3,3,2,2,2,2,3,1,3,3,2
DPO,7,8,7,7,7,7,7,7,3,7,5,4,4,5,5,4,1,5,5,4
DPS,3,1,1,3,7,3,3,7,3,3,2,2,2,2,2,3,1,3,3,2
DQA,3,3,3,3,3,3,3,3,3,3,3,2,2,2,2,3,1,3,3,2
DRG,6,7,6,6,6,6,6,6,11,6,6,6,7,7,7,6,7,6,7,6
DRK,5,6,5,5,5,5,5,4,5,5,0,0,0,0,0,0,0,0,0,0
DRO,5,6,5,5,5,5,5,5,5,5,0,0,0,0,0,0,0,0,0,0
DRS,0,0,0,0,0,0,0,0,0,0,1,1,1,1,1,1,2,1,2,3
DRV,1,1,1,1,1,1,1,1,1,1,2,3,3,3,3,2,3,2,1,1
DRW,7,8,7,7,7,7,7,7,3,7,5,4,4,5,5,4,1,5,5,4
DSA,0,0,0,0,0,0,0,0,0,0,1,1,1,1,1,1,2,1,2,3
DSK,1,1,1,1,1,1,1,1,1,1,2,3,3,3,3,2,3,2,1,1
DSM,5,6,5,5,5,5,5,5,5,5,0,0,0,0,0,0,0,0,0,0
DSN,3,3,3,3,3,3,3,3,3,3,3,2,2,2,2,3,1,3,3,2
DTM,0,0,0,0,0,0,0,0,0,0,1,1,1,1,1,1,2,1,2,3
DTW,5,6,5,5,5,5,5,5,5,5,0,0,0,0,0,0,0,0,0,0
DUB,0,0,0,0,0,0,0,0,0,0,1,1,1,1,1,1,2,1,2,3
DUD,7,8,7,7,7,7,7,7,10,7,5,4,4,5,5,4,8,5,5,4
DUJ,5,6,5,5,5,5,5,5,5,5,0,0,0,0,0,0,0,0,0,0
DUR,1,24,1,1,1,1,1,1,1,1,8,3,5,6,6,2,5,2,1,1
DUS,0,0,0,0,0,0,0,0,0,0,1,1,1,1,1,1,2,1,2,3
DUT,13,15,15,15,14,15,12,12,14,13,22,22,21,18,18,20,19,22,21,23
DVO,3,3,3,3,7,3,3,7,3,3,3,2,2,2,2,3,1,3,3,2
DWC,2,1,1,2,2,1,2,2,2,2,7,7,3,3,3,7,6,7,6,7
DWD,1,1,1,1,1,1,1,1,1,1,2,3,3,3,3,2,3,2,1,1
DXB,1,1,1,1,1,1,1,1,1,1,2,3,3,3,3,2,3,2,1,1
DYG,3,3,3,3,3,3,3,3,3,3,3,2,2,2,2,3,1,3,3,2
DYR,2,2,2,2,2,2,2,2,2,2,7,7,3,3,3,7,6,7,6,7
DYU,2,2,2,2,2,2,2,2,2,2,7,7,3,3,3,7,6,7,6,7
DZA,1,1,20,1,1,1,1,1,1,1,15,3,5,6,6,2,5,2,1,1
DZN,2,2,2,2,2,2,2,2,2,2,7,7,3,3,3,7,6,7,6,7
EAE,7,8,7,7,7,7,7,7,10,7,5,4,4,5,5,4,8,5,5,4
EAM,1,1,1,1,1,1,1,1,1,1,2,3,3,3,3,2,3,2,1,1
EAR,5,6,5,5,5,5,5,5,5,5,0,0,0,0,0,0,0,0,0,0
EAS,0,0,0,0,0,0,0,0,0,0,1,1,1,1,1,1,2,1,2,3
EAT,5,6,5,5,5,5,5,5,5,5,0,0,0,0,0,0,0,0,0,0
EAU,5,6,5,5,5,5,5,5,5,5,0,0,0,0,0,0,0,0,0,0
EBA,0,0,0,0,0,0,0,0,0,0,1,1,1,1,1,1,2,1,2,3
EBB,1,1,1,1,1,1,1,1,1,1,2,3,5,6,6,2,5,2,1,1
EBH,0,0,0,0,0,0,0,0,0,0,1,1,1,1,1,1,2,1,2,1
EBJ,0,0,0,0,0,0,0,0,0,0,1,1,1,1,1,1,2,1,2,3
EBL,1,1,1,1,1,1,1,1,1,1,2,3,3,3,3,2,3,2,1,1
EBU,0,0,0,0,0,0,0,0,0,0,1,1,1,1,1,1,2,1,2,3
ECN,1,0,1,1,0,1,1,1,0,0,2,3,3,3,3,2,3,2,1,1
ECP,5,6,5,5,5,5,5,5,5,5,0,0,0,0,0,0,0,0,0,0
EDA,6,7,6,13,12,6,6,6,11,6,6,6,7,7,7,6,7,6,7,6
EDI,0,0,0,0,0,0,0,0,0,0,1,1,1,1,1,1,2,1,2,3
EDL,1,1,1,1,1,1,1,1,1,1,2,3,5,6,6,2,5,2,1,1
EDO,0,0,0,0,0,1,0,0,0,0,2,1,3,3,3,2,2,1,1,3
EDR,7,8,7,7,7,7,7,7,3,7,5,4,4,5,5,4,1,5,5,4
EEK,6,7,6,6,6,6,6,6,11,6,6,6,7,7,7,6,7,6,7,6
EFL,0,0,0,0,0,0,0,0,0,0,1,1,1,1,1,1,2,1,2,3
EGC,0,0,0,0,0,0,0,0,0,0,1,1,1,1,1,1,2,1,2,3
EGE,5,6,5,5,5,5,5,5,5,5,0,0,0,0,0,0,0,0,0,0
EGM,7,8,7,7,7,7,7,7,10,7,5,4,4,5,5,4,8,5,5,4
EGN,1,1,1,1,1,1,1,1,1,1,2,3,3,3,3,2,3,2,1,1
EGO,2,2,2,2,2,2,2,2,2,2,7,7,3,3,3,7,6,7,6,7
EGS,11,12,21,12,11,20,10,10,12,11,10,9,9,9,9,9,10,9,9,9
EGX,6,7,6,16,16,6,6,6,11,6,6,6,7,7,7,6,7,6,7,6
EIN,0,0,0,0,0,0,0,0,0,0,1,1,1,1,1,1,2,1,2,3
EIS,5,6,5,5,4,5,5,5,5,5,0,0,0,0,0,0,0,0,0,0
EJA,5,6,5,5,4,5,4,4,5,5,4,0,0,4,4,0,4,4,4,0
EJH,1,1,1,1,1,1,1,1,1,1,2,3,3,3,3,2,3,2,1,1
EKO,5,6,5,5,5,5,5,5,5,5,0,0,0,0,0,0,0,0,0,0
EKS,2,2,2,2,2,2,2,2,2,2,7,7,3,3,3,7,6,7,6,7
ELC,7,8,7,7,7,7,7,7,3,7,5,4,4,5,5,4,1,5,5,4
ELD,5,6,5,5,5,5,5,5,5,5,0,0,0,0,0,0,0,0,0,0
ELF,1,1,1,1,1,1,1,1,1,1,2,3,3,3,3,2,3,2,1,1
ELG,0,0,0,0,0,0,0,0,0,0,1,1,1,1,1,1,2,1,2,1
ELH,5,6,5,5,5,5,5,5,5,5,0,0,0,0,0,0,0,0,0,0
ELI,6,7,6,6,6,6,6,6,11,6,6,6,7,7,7,6,7,6,7,6
ELL,1,24,1,1,1,1,1,1,1,1,8,3,5,6,6,2,5,2,1,1
ELM,5,6,5,5,5,5,5,5,5,5,0,0,0,0,0,0,0,0,0,0
ELP,5,6,5,5,5,5,5,5,5,5,0,0,0,0,0,0,0,0,0,0
ELQ,1,1,1,1,1,1,1,1,1,1,2,3,3,3,3,2,3,2,1,1
ELS,1,24,1,1,1,1,1,1,1,1,8,3,5,6,6,2,5,2,1,1
ELU,0,0,0,0,0,0,0,0,0,0,1,1,1,1,1,1,2,1,2,1
ELV,6,7,6,13,12,6,6,6,11,6,6,6,7,7,7,6,7,6,7,6
EMA,0,0,0,0,0,0,0,0,0,0,1,1,1,1,1,1,2,1,2,3
EMD,7,8,7,7,7,7,7,7,3,7,5,4,4,5,5,4,1,5,5,4
EMK,6,7,6,6,6,6,6,6,11,6,6,6,7,7,7,6,7,6,7,6
ENA,6,7,6,5,5,6,6,6,11,6,6,6,7,7,7,6,7,6,7,6
ENE,3,1,1,3,7,3,3,7,3,3,2,2,2,2,2,3,1,3,3,2
ENH,3,3,3,3,3,3,3,3,3,3,3,2,2,2,2,3,1,3,3,2
ENU,1,24,1,1,1,1,1,1,1,1,8,3,5,6,6,2,5,2,1,1
ENY,3,3,3,3,3,3,3,3,3,3,3,2,2,2,2,3,1,3,3,2
EOH,5,6,5,5,4,5,4,4,5,5,4,0,0,4,4,0,4,4,4,0
EOI,8,9,8,8,8,8,8,8,7,8,20,19,17,17,17,18,17,19,18,19
EPR,7,8,7,7,7,7,7,7,3,7,5,4,4,5,5,4,1,5,5,4
EQS,4,4,4,4,4,4,4,4,4,4,4,5,6,4,4,5,4,4,4,5
ERC,1,0,1,1,0,1,1,1,0,0,2,3,3,3,3,2,3,2,1,1
ERF,0,0,0,0,0,0,0,0,0,0,1,1,1,1,1,1,2,1,2,3
ERI,5,6,5,5,5,5,5,5,5,5,0,0,0,0,0,0,0,0,0,0
ERL,3,3,3,3,3,3,3,3,3,3,3,2,2,2,2,3,1,3,3,2
ERM,4,4,4,4,4,4,4,4,4,4,4,5,6,4,4,5,4,4,4,5
ERN,4,4,4,4,4,4,4,4,4,4,4,5,6,4,4,5,4,4,4,5
ERS,24,16,28,28,29,16,23,22,13,24,23,23,20,19,20,22,18,21,19,25
ERZ,1,0,1,1,0,1,1,1,0,0,2,3,3,3,3,2,3,2,1,1
ESB,1,0,1,1,0,1,1,1,0,0,2,3,3,3,3,2,3,2,1,1
ESC,5,6,5,5,5,5,5,5,5,5,0,0,0,0,0,0,0,0,0,0
ESD,18,23,24,23,23,23,17,16,21,18,21,21,19,20,19,21,20,20,20,24
ESL,2,2,2,2,2,2,2,2,2,2,7,7,3,3,3,7,6,7,6,7
ESM,4,6,5,5,4,5,4,4,5,5,4,0,0,4,4,0,4,4,4,0
ESU,0,0,0,0,0,0,0,0,0,0,1,1,1,1,1,1,2,1,2,3
ETH,25,17,11,29,30,17,24,23,6,25,24,24,22,21,21,23,21,23,22,26
ETR,4,4,5,5,4,5,4,4,5,5,4,0,0,4,4,0,4,4,4,0
ETZ,0,0,0,0,0,0,0,0,0,0,1,1,1,1,1,1,2,1,2,3
EUG,5,6,5,5,5,5,5,5,5,5,0,0,0,0,0,0,0,0,0,0
EUN,0,0,0,0,0,1,0,0,0,0,1,1,1,1,1,1,2,1,2,3
EUX,5,6,5,5,4,5,5,5,5,5,0,0,0,0,0,0,0,0,0,0
EVE,15,19,19,18,18,0,14,14,16,15,12,11,11,12,12,11,12,11,11,11
EVG,0,0,0,0,0,0,0,0,0,0,1,1,1,1,1,1,2,1,2,3
EVN,2,2,2,2,2,2,2,2,2,2,7,7,3,3,3,7,6,7,6,7
EVV,5,6,5,5,5,5,5,5,5,5,0,0,0,0,0,0,0,0,0,0
EWB,5,6,5,5,5,5,5,5,5,5,0,0,0,0,0,0,0,0,0,0
EWN,5,6,5,5,5,5,5,5,5,5,0,0,0,0,0,0,0,0,0,0
EWR,5,6,5,5,5,5,5,5,5,5,0,0,0,0,0,0,0,0,0,0
EXI,6,7,6,13,12,6,6,6,11,6,6,6,7,7,7,6,7,6,7,6
EXT,0,0,0,0,0,0,0,0,0,0,1,1,1,1,1,1,2,1,2,3
EYK,2,2,2,2,2,2,2,2,2,2,7,7,3,3,3,7,6,7,6,7
EYP,5,6,5,5,4,5,4,4,5,5,4,0,0,4,4,0,4,4,4,0
EYW,5,6,5,5,5,5,5,5,5,5,0,0,0,0,0,0,0,0,0,0
EZE,4,4,4,4,4,4,4,4,4,4,4,5,6,4,4,5,4,4,4,5
EZS,1,0,1,1,0,1,1,1,0,0,2,3,3,3,3,2,3,2,1,1
FAE,0,0,0,0,0,0,0,0,0,0,1,1,1,1,1,1,2,1,2,3
FAI,6,7,6,6,6,6,6,6,11,6,6,6,7,7,7,6,7,6,7,6
FAO,0,0,0,0,0,0,0,0,0,0,1,1,1,1,1,1,2,1,2,3
FAR,5,6,5,5,5,5,5,5,5,5,0,0,0,0,0,0,0,0,0,0
FAT,5,6,5,5,5,5,5,5,5,5,0,0,0,0,0,0,0,0,0,0
FAV,12,14,14,14,13,14,11,11,10,12,11,10,10,10,11,10,8,5,5,10
FAY,5,6,5,5,5,5,5,5,5,5,0,0,0,0,0,0,0,0,0,0
FBM,1,24,1,1,1,1,1,1,1,1,8,3,5,6,6,2,5,2,1,1
FBS,23,13,17,27,28,28,22,21,27,23,19,18,16,16,16,17,16,18,17,18
FCA,5,6,5,5,5,5,5,5,5,5,0,0,0,0,0,0,0,0,0,0
FCO,0,0,0,0,0,0,0,0,0,0,1,1,1,1,1,1,2,1,2,3
FDE,0,0,0,0,0,0,0,0,0,0,1,1,1,1,1,1,2,1,2,3
FDF,5,6,5,5,4,5,5,5,5,5,0,0,0,0,0,0,0,0,0,0
FDH,0,0,0,0,0,0,0,0,0,0,1,1,1,1,1,1,2,1,2,3
FEG,2,2,2,2,2,2,2,2,2,2,7,7,3,3,3,7,6,7,6,7
FEN,4,4,4,4,4,4,4,4,4,4,4,5,6,4,4,5,4,4,4,5
FEZ,0,0,0,0,0,0,0,0,0,0,1,1,1,1,1,1,2,1,2,3
FIH,1,24,1,1,1,1,1,1,1,1,8,3,5,6,6,2,5,2,1,1
FJR,1,1,1,1,1,1,1,1,1,1,2,3,3,3,3,2,3,2,1,1
FKB,0,0,0,0,0,0,0,0,0,0,1,1,1,1,1,1,2,1,2,3
FKI,19,24,25,1,24,24,18,17,22,19,8,17,5,6,6,16,5,17,16,17
FKL,5,6,5,5,5,5,5,5,5,5,0,0,0,0,0,0,0,0,0,0
FKQ,3,1,1,3,7,3,3,7,3,3,2,2,2,2,2,3,1,3,3,2
FKS,3,3,3,3,3,3,3,3,3,3,3,2,2,2,2,3,1,3,3,2
FLA,5,6,5,5,4,5,4,4,5,5,4,0,0,4,4,0,4,4,4,0
FLG,5,6,5,5,5,5,5,5,5,5,0,0,0,0,0,0,0,0,0,0
FLL,5,6,5,5,5,5,5,5,5,5,0,0,0,0,0,0,0,0,0,0
FLN,4,4,4,4,4,4,4,4,4,4,4,5,6,4,4,5,4,4,4,5
FLO,5,6,5,5,5,5,5,5,5,5,0,0,0,0,0,0,0,0,0,0
FLR,0,0,0,0,0,0,0,0,0,0,1,1,1,1,1,1,2,1,2,3
FLS,7,8,7,7,7,7,7,7,3,7,5,4,4,5,5,4,1,5,5,4
FLW,0,20,0,19,0,0,0,0,17,16,1,1,1,1,1,1,2,16,2,3
FMA,4,4,4,4,4,4,4,4,4,4,4,5,6,4,4,5,4,4,4,5
FMI,19,24,25,1,24,24,18,17,22,19,8,17,5,6,6,16,5,17,16,17
FMM,0,0,0,0,0,0,0,0,0,0,1,1,1,1,1,1,2,1,2,3
FMN,5,6,5,5,5,5,5,5,5,5,0,0,0,0,0,0,0,0,0,0
FMO,0,0,0,0,0,0,0,0,0,0,1,1,1,1,1,1,2,1,2,3
FNA,1,24,1,1,1,1,1,0,1,1,8,3,5,6,6,2,5,2,1,1
FNC,0,0,0,0,0,0,0,0,0,0,1,1,1,1,1,1,2,1,2,3
FNI,0,0,0,0,0,0,0,0,0,0,1,1,1,1,1,1,2,1,2,3
FNJ,3,3,3,3,3,3,3,3,3,3,3,2,2,2,2,3,1,3,3,2
FNT,5,6,5,5,5,5,5,5,5,5,0,0,0,0,0,0,0,0,0,0
FOC,3,3,3,3,3,3,3,3,3,3,3,2,2,2,2,3,1,3,3,2
FOE,5,6,5,5,5,5,5,5,5,5,0,0,0,0,0,0,0,0,0,0
FON,5,6,5,5,5,5,5,4,5,5,0,0,0,0,0,0,0,0,0,0
FOR,4,4,4,4,4,4,4,4,4,4,4,5,6,4,4,5,4,4,4,5
FPO,5,6,5,5,5,5,5,5,5,5,0,0,0,0,0,0,0,0,0,0
FRA,0,0,0,0,0,0,0,0,0,0,1,1,1,1,1,1,2,1,2,3
FRD,18,23,24,23,23,23,17,16,21,18,21,21,19,20,19,21,20,20,20,24
FRE,7,8,7,7,7,7,7,7,10,7,5,4,4,5,5,4,8,5,5,4
FRO,0,0,0,0,0,0,0,0,0,0,1,1,1,1,1,1,2,1,2,3
FRS,5,6,5,5,5,5,5,4,5,5,0,0,0,0,0,13,0,0,0,0
FRU,2,2,2,2,2,2,2,2,2,2,7,7,3,3,3,7,6,7,6,7
FRW,1,24,1,1,1,1,1,1,1,1,8,3,5,6,6,2,5,2,1,1
FSC,0,0,0,0,0,0,0,0,0,0,1,1,1,1,1,1,2,1,2,3
FSD,5,6,5,5,5,5,5,5,5,5,0,0,0,0,0,0,0,0,0,0
FSM,5,6,5,5,5,5,5,5,5,5,0,0,0,0,0,0,0,0,0,0
FSP,5,6,5,5,5,5,5,5,5,5,0,0,0,0,0,0,0,0,0,0
FSZ,3,3,3,3,3,3,3,3,3,3,3,2,2,2,2,3,1,3,3,2
FTA,7,8,7,7,7,7,7,7,10,7,5,4,4,5,5,4,8,5,5,4
FTE,4,4,4,4,4,4,4,4,4,4,4,5,6,4,4,5,4,4,4,5
FTU,1,1,20,1,1,1,1,1,1,1,15,3,5,6,6,2,5,2,1,1
FUE,0,0,0,0,0,0,0,0,0,0,1,1,1,1,1,1,2,1,2,3
FUG,3,3,3,3,3,3,3,3,3,3,3,2,2,2,2,3,1,3,3,2
FUJ,3,3,3,3,3,3,3,3,3,3,3,2,2,2,2,3,1,3,3,2
FUK,3,3,3,3,3,3,3,3,3,3,3,2,2,2,2,3,1,3,3,2
FUN,7,8,7,7,7,7,7,7,10,7,5,4,4,5,5,4,8,5,5,4
FUO,3,3,3,3,3,3,3,3,3,3,3,2,2,2,2,3,1,3,3,2
FUT,7,8,7,7,7,7,7,7,10,7,5,4,4,5,5,4,8,5,5,4
FVM,1,1,1,1,1,1,1,1,1,1,2,3,3,3,3,2,3,2,1,1
FWA,5,6,5,5,5,5,5,5,5,5,0,0,0,0,0,0,0,0,0,0
FYU,6,7,6,6,6,6,6,6,11,6,6,6,7,7,7,6,7,6,7,6
GAE,0,0,0,0,1,0,0,0,0,0,1,1,1,1,1,1,2,1,1,1
GAF,0,0,0,0,1,0,0,0,0,0,1,1,1,1,1,1,2,1,1,1
GAJ,3,3,3,3,3,3,3,3,3,3,3,2,2,2,2,3,1,3,3,2
GAL,6,7,6,6,6,6,6,6,11,6,6,6,7,7,7,6,7,6,7,6
GAM,6,7,6,6,6,6,6,6,11,6,6,6,7,7,7,6,7,6,7,6
GAN,1,1,1,1,1,1,1,1,1,1,2,3,3,3,3,2,3,2,1,1
GAO,5,6,5,5,4,5,5,4,5,5,0,0,0,0,0,0,0,0,0,0
GAU,1,1,1,1,1,1,1,1,3,3,2,3,3,3,3,2,3,2,1,1
GBB,2,2,2,2,2,2,2,2,2,2,7,7,3,3,3,7,6,7,6,7
GBE,1,24,1,1,1,1,1,1,1,1,8,3,5,6,6,2,5,2,1,1
GBT,1,1,1,1,1,1,1,1,1,1,2,3,3,3,3,2,3,2,1,1
GCC,5,6,5,5,5,5,5,5,5,5,0,0,0,0,0,0,0,0,0,0
GCH,1,1,1,1,1,1,1,1,1,1,2,3,3,3,3,2,3,2,1,1
GCI,0,0,0,0,0,0,0,0,0,0,1,1,1,1,1,1,2,1,2,3
GCK,5,6,5,5,5,5,5,5,5,5,0,0,0,0,0,0,0,0,0,0
GCM,5,6,5,5,5,5,5,5,5,5,0,0,0,0,0,0,0,0,0,0
GCN,5,6,5,5,5,5,5,5,5,5,0,0,0,0,0,0,0,0,0,0
GCW,20,25,26,24,25,25,19,18,23,20,25,27,24,22,22,25,22,25,24,27
GDE,1,1,1,1,1,1,1,1,1,1,8,3,5,6,6,2,5,2,1,1
GDL,5,6,5,5,5,5,5,4,5,5,0,0,0,0,0,0,0,0,0,0
GDN,0,0,0,0,0,0,0,0,0,0,1,1,1,1,1,1,2,1,2,3
GDQ,1,1,1,1,1,1,1,1,1,1,8,3,5,6,6,2,5,2,1,1
GDT,5,6,5,5,5,5,5,5,5,5,0,0,0,0,0,0,0,0,0,0
GDV,5,6,5,5,5,5,5,5,5,5,0,0,0,0,0,0,0,0,0,0
GDX,2,2,2,2,2,2,2,2,2,2,7,7,3,3,3,7,6,7,6,7
GDZ,2,2,2,2,2,2,2,2,2,2,7,7,3,3,3,7,6,7,6,7
GEA,21,26,27,25,26,26,20,19,24,21,18,15,15,15,15,15,15,14,14,16
GEG,5,6,5,5,5,5,5,5,5,5,0,0,0,0,0,0,0,0,0,0
GEL,4,4,4,4,4,4,4,4,4,4,4,5,6,4,4,5,4,4,4,5
GEO,5,6,5,5,5,5,5,5,5,5,0,0,0,0,0,0,0,0,0,0
GES,3,3,3,3,7,3,3,7,3,3,3,2,2,2,2,3,1,3,3,2
GET,7,8,7,7,7,7,7,7,3,7,5,4,4,5,5,4,1,5,5,4
GEV,0,0,0,0,0,0,0,0,0,0,1,1,1,1,1,1,2,1,2,3
GFF,7,8,7,7,7,7,7,7,3,7,5,4,4,5,5,4,1,5,5,4
GFK,5,6,5,5,5,5,5,5,5,5,0,0,0,0,0,0,0,0,0,0
GFN,7,8,7,7,7,7,7,7,3,7,5,4,4,5,5,4,1,5,5,4
GGG,5,6,5,5,5,5,5,5,5,5,0,0,0,0,0,0,0,0,0,0
GGT,5,6,5,5,5,5,5,5,5,5,0,0,0,0,0,0,0,0,0,0
GGW,5,6,5,5,5,5,5,5,5,5,0,0,0,0,0,0,0,0,0,0
GHA,0,0,0,0,0,0,0,0,0,0,1,1,1,1,1,1,2,1,2,1
GHB,5,6,5,5,5,5,5,5,5,5,0,0,0,0,0,0,0,0,0,0
GHE,10,11,10,10,9,10,9,9,9,10,14,13,13,13,13,12,13,12,12,13
GHT,1,1,1,1,1,1,1,1,1,1,2,3,3,3,3,2,3,2,1,1
GIB,0,0,0,0,0,0,0,0,0,0,1,1,1,1,1,1,2,1,2,3
GIG,4,4,4,4,4,4,4,4,4,4,4,5,6,4,4,5,4,4,4,5
GIL,1,1,1,1,1,1,1,1,1,1,2,3,3,3,3,2,3,2,1,1
GIS,7,8,7,7,7,7,7,7,10,7,5,4,4,5,5,4,8,5,5,4
GIU,1,1,1,1,1,1,1,1,1,1,2,3,3,3,3,2,3,2,1,1
GIZ,1,1,1,1,1,1,1,1,1,1,2,3,3,3,3,2,3,2,1,1
GJA,5,6,5,5,5,5,5,4,5,5,0,0,0,0,0,0,0,0,0,0
GJT,5,6,5,5,5,5,5,5,5,5,0,0,0,0,0,0,0,0,0,0
GKA,7,8,7,7,7,7,7,7,10,7,5,4,4,5,5,4,8,5,5,4
GKK,1,1,1,1,1,1,1,1,1,1,2,3,3,3,3,2,3,2,1,1
GLA,0,0,0,0,0,0,0,0,0,0,1,1,1,1,1,1,2,1,2,3
GLF,5,6,5,5,5,5,5,4,5,5,0,0,0,0,0,0,0,0,0,0
GLH,5,6,5,5,5,5,5,5,5,5,0,0,0,0,0,0,0,0,0,0
GLK,1,1,1,1,1,1,1,1,1,1,2,3,5,6,6,2,5,2,1,1
GLN,0,24,1,0,1,1,0,0,0,1,8,3,5,6,6,2,5,2,1,1
GLO,0,0,0,0,0,0,0,0,0,0,1,1,1,1,1,1,2,1,2,3
GLT,7,8,7,7,7,7,7,7,3,7,5,4,4,5,5,4,1,5,5,4
GLV,6,7,6,6,6,6,6,6,11,6,6,6,7,7,7,6,7,6,7,6
GMA,1,24,1,1,1,1,1,1,1,1,8,3,5,6,6,2,5,2,1,1
GMB,1,1,1,1,1,1,1,1,1,1,8,3,5,6,6,2,5,2,1,1
GMO,1,24,1,1,1,1,1,1,1,1,8,3,5,6,6,2,5,2,1,1
GMP,3,3,3,3,3,3,3,3,3,3,3,2,2,2,2,3,1,3,3,2
GMR,12,14,14,14,13,14,11,11,10,12,11,10,10,10,11,10,8,5,5,10
GMZ,0,0,0,0,0,0,0,0,0,0,1,1,1,1,1,1,2,1,2,3
GND,5,6,5,5,4,5,5,5,5,5,0,0,0,0,0,0,0,0,0,0
GNM,4,4,4,4,4,4,4,4,4,4,4,5,6,4,4,5,4,4,4,5
GNU,6,7,6,6,6,6,6,6,11,6,6,6,7,7,7,6,7,6,7,6
GNV,5,6,5,5,5,5,5,5,5,5,0,0,0,0,0,0,0,0,0,0
GNY,1,0,1,1,0,1,1,1,0,0,2,3,3,3,3,2,3,2,1,1
GOA,0,0,0,0,0,0,0,0,0,0,1,1,1,1,1,1,2,1,2,3
GOH,11,12,21,12,11,20,10,10,12,11,10,9,9,9,9,9,10,9,9,9
GOI,1,1,1,1,1,1,1,1,1,1,2,3,3,3,3,2,3,2,1,1
GOJ,2,2,2,2,2,2,2,2,2,2,7,7,3,3,3,7,6,7,6,7
GOM,19,24,25,1,24,24,18,17,22,19,8,17,5,6,6,16,5,17,16,17
GOP,1,1,1,1,1,1,1,1,1,1,2,3,3,3,3,2,3,2,1,1
GOQ,3,3,3,3,3,3,3,3,3,3,3,2,2,2,2,3,1,3,3,2
GOT,0,0,0,0,0,0,0,0,0,0,1,1,1,1,1,1,2,1,2,3
GOU,1,24,1,1,1,1,1,1,1,1,8,3,5,6,6,2,5,2,1,1
GOV,7,8,7,7,7,7,7,7,3,7,5,4,4,5,5,4,1,5,5,4
GPA,0,0,0,0,0,0,0,0,0,0,1,1,1,1,1,1,2,1,2,3
GPB,4,4,4,4,4,4,4,4,4,4,4,5,6,4,4,5,4,4,4,5
GPI,5,6,5,5,4,5,4,4,5,5,4,0,0,4,4,0,4,4,4,0
GPS,4,4,5,5,4,5,4,4,5,5,4,0,0,4,4,0,4,4,4,0
GPT,5,6,5,5,5,5,5,5,5,5,0,0,0,0,0,0,0,0,0,0
GRB,5,6,5,5,5,5,5,5,5,5,0,0,0,0,0,0,0,0,0,0
GRI,5,6,5,5,5,5,5,5,5,5,0,0,0,0,0,0,0,0,0,0
GRJ,1,24,1,1,1,1,1,1,1,1,8,3,5,6,6,2,5,2,1,1
GRK,5,6,5,5,5,5,5,5,5,5,0,0,0,0,0,0,0,0,0,0
GRO,0,0,0,0,0,0,0,0,0,0,1,1,1,1,1,1,2,1,2,3
GRP,4,4,4,4,4,4,4,4,4,4,4,5,6,4,4,5,4,4,4,5
GRQ,0,0,0,0,0,0,0,0,0,0,1,1,1,1,1,1,2,1,2,3
GRR,5,6,5,5,5,5,5,5,5,5,0,0,0,0,0,0,0,0,0,0
GRU,4,4,4,4,4,4,4,4,4,4,4,5,6,4,4,5,4,4,4,5
GRV,2,2,2,2,2,2,2,2,2,2,7,7,3,3,3,7,6,7,6,7
GRW,0,20,0,19,0,0,0,0,17,16,1,1,1,1,1,1,2,16,2,3
GRX,0,0,0,0,0,0,0,0,0,0,1,1,1,1,1,1,2,1,2,3
GRZ,0,0,0,0,0,0,0,0,0,0,1,1,1,1,1,1,2,1,2,3
GSE,0,0,0,0,0,0,0,0,0,0,1,1,1,1,1,1,2,1,2,3
GSM,1,1,1,1,1,1,1,1,1,1,2,3,3,3,3,2,3,2,1,1
GSO,5,6,5,5,5,5,5,5,5,5,0,0,0,0,0,0,0,0,0,0
GSP,5,6,5,5,5,5,5,5,5,5,0,0,0,0,0,0,0,0,0,0
GST,6,7,6,13,12,6,6,6,11,6,6,6,7,7,7,6,7,6,7,6
GTE,7,8,7,7,7,7,7,7,3,7,5,4,4,5,5,4,1,5,5,4
GTF,5,6,5,5,5,5,5,5,5,5,0,0,0,0,0,0,0,0,0,0
GTO,3,1,1,3,7,3,3,7,3,3,2,2,2,2,2,3,1,3,3,2
GTR,5,6,5,5,5,5,5,5,5,5,0,0,0,0,0,0,0,0,0,0
GUA,5,6,5,5,5,5,5,4,5,5,0,0,0,0,0,0,0,0,0,0
GUC,5,6,5,5,5,5,5,5,5,5,0,0,0,0,0,0,0,0,0,0
GUM,3,3,3,3,3,3,3,3,3,3,3,2,2,2,2,3,1,3,3,2
GUR,7,8,7,7,7,7,7,7,10,7,5,4,4,5,5,4,8,5,5,4
GUW,2,2,2,2,2,2,2,2,2,2,7,7,3,3,3,7,6,7,6,7
GVA,0,0,0,0,0,0,0,0,0,0,1,1,1,1,1,1,2,1,2,3
GVR,4,4,4,4,4,4,4,4,4,4,4,5,6,4,4,5,4,4,4,5
GWD,1,1,1,1,1,1,1,1,1,1,2,3,3,3,3,2,3,2,1,1
GWL,1,1,1,1,1,1,1,1,1,1,2,3,3,3,3,2,3,2,1,1
GWT,0,0,0,0,0,0,0,0,0,0,1,1,1,1,1,1,2,1,2,3
GXF,1,1,1,1,1,1,1,1,1,1,2,3,3,3,3,2,3,2,1,1
GXH,3,3,3,3,3,3,3,3,3,3,3,2,2,2,2,3,1,3,3,2
GYA,4,4,4,4,4,4,4,4,4,4,4,5,6,4,4,5,4,4,4,5
GYD,2,2,2,2,2,2,2,2,2,2,7,7,3,3,3,7,6,7,6,7
GYE,4,4,5,5,4,5,4,4,5,5,4,0,0,4,4,0,4,4,4,0
GYN,4,4,4,4,4,4,4,4,4,4,4,5,6,4,4,5,4,4,4,5
GYS,3,3,3,3,3,3,3,3,3,3,3,2,2,2,2,3,1,3,3,2
GZO,7,8,7,7,7,7,7,7,10,7,5,4,4,5,5,4,8,5,5,4
GZP,0,0,0,0,0,1,0,0,0,0,2,1,3,3,3,2,2,1,1,3
GZT,1,0,1,1,0,1,1,1,0,0,2,3,3,3,3,2,3,2,1,1
HAA,15,19,19,18,18,19,14,14,16,15,12,11,11,12,12,11,12,11,11,11
HAC,3,3,3,3,3,3,3,3,3,3,3,2,2,2,2,3,1,3,3,2
HAD,0,0,0,0,0,0,0,0,0,0,1,1,1,1,1,1,2,1,2,3
HAH,1,1,1,1,1,1,1,1,1,1,2,3,5,6,6,2,5,2,1,1
HAJ,0,0,0,0,0,0,0,0,0,0,1,1,1,1,1,1,2,1,2,3
HAK,3,3,3,3,3,3,3,3,3,3,3,2,2,2,2,3,1,3,3,2
HAM,0,0,0,0,0,0,0,0,0,0,1,1,1,1,1,1,2,1,2,3
HAN,3,3,3,3,3,3,3,3,3,3,3,2,2,2,2,3,1,3,3,2
HAQ,1,1,1,1,1,1,1,1,1,1,2,3,3,3,3,2,3,2,1,1
HAS,1,1,1,1,1,1,1,1,1,1,2,3,3,3,3,2,3,2,1,1
HAU,0,0,0,0,0,0,0,0,0,0,1,1,1,1,1,1,2,1,2,3
HAV,5,6,5,5,4,5,5,4,5,5,0,0,0,0,0,0,0,0,0,0
HBA,7,8,7,7,7,7,7,7,3,7,5,4,4,5,5,4,1,5,5,4
HBE,1,1,1,1,1,1,1,1,1,1,2,3,3,3,3,2,3,2,1,1
HBX,1,1,1,1,1,1,1,1,1,1,2,3,3,3,3,2,3,2,1,1
HCR,6,7,6,6,6,6,6,6,11,6,6,6,7,7,7,6,7,6,7,6
HDF,0,0,0,0,0,0,0,0,0,0,1,1,1,1,1,1,2,1,2,3
HDG,3,3,3,3,3,3,3,3,3,3,3,2,2,2,2,3,1,3,3,2
HDM,1,1,1,1,1,1,1,1,1,1,2,3,3,3,3,2,3,2,1,1
HDN,5,6,5,5,5,5,5,5,5,5,0,0,0,0,0,0,0,0,0,0
HDS,1,24,1,1,1,1,1,1,1,1,8,3,5,6,6,2,5,2,1,1
HDY,3,3,1,3,3,3,3,7,3,3,3,2,2,2,2,3,1,3,3,2
HEA,1,1,1,1,1,1,1,1,1,1,2,3,3,3,3,2,3,2,1,1
HEH,3,3,3,3,3,3,3,3,3,3,3,2,2,2,2,3,1,3,3,2
HEK,3,3,3,3,3,3,3,3,3,3,3,2,2,2,2,3,1,3,3,2
HEL,0,0,0,0,0,0,0,0,0,0,1,1,1,1,1,1,2,1,2,3
HER,0,0,0,0,0,0,0,0,0,0,1,1,1,1,1,1,2,1,2,3
HET,3,3,3,3,3,3,3,3,3,3,3,2,2,2,2,3,1,3,3,2
HFA,25,17,11,29,30,17,24,23,6,25,24,24,22,21,21,23,21,23,22,26
HFE,3,3,3,3,3,3,3,3,3,3,3,2,2,2,2,3,1,3,3,2
HFS,0,0,0,0,0,0,0,0,0,0,1,1,1,1,1,1,2,1,2,3
HFT,15,19,19,18,18,19,14,14,16,15,12,11,11,12,12,11,12,11,11,11
HGA,1,1,1,1,1,1,1,1,1,1,2,3,5,6,6,2,5,2,1,1
HGH,3,3,3,3,3,3,3,3,3,3,3,2,2,2,2,3,1,3,3,2
HGN,3,3,3,3,3,3,3,3,3,3,3,2,2,2,2,3,1,3,3,2
HGR,5,6,5,5,5,5,5,5,5,5,0,0,0,0,0,0,0,0,0,0
HGU,7,8,7,7,7,7,7,7,10,7,5,4,4,5,5,4,8,5,5,4
HHH,5,6,5,5,5,5,5,5,5,5,0,0,0,0,0,0,0,0,0,0
HHN,0,0,0,0,0,0,0,0,0,0,1,1,1,1,1,1,2,1,2,3
HIA,3,3,3,3,3,3,3,3,3,3,3,2,2,2,2,3,1,3,3,2
HIB,5,6,5,5,5,5,5,5,5,5,0,0,0,0,0,0,0,0,0,0
HID,7,8,7,7,7,7,7,7,3,7,5,4,4,5,5,4,1,5,5,4
HIJ,3,3,3,3,3,3,3,3,3,3,3,2,2,2,2,3,1,3,3,2
HIN,3,3,3,3,3,3,3,3,3,3,3,2,2,2,2,3,1,3,3,2
HIR,7,8,7,7,7,7,7,7,10,7,5,4,4,5,5,4,8,5,5,4
HJJ,3,3,3,3,3,3,3,3,3,3,3,2,2,2,2,3,1,3,3,2
HJR,1,1,1,1,1,1,1,1,1,1,2,3,3,3,3,2,3,2,1,1
HKB,6,7,6,6,6,6,6,6,11,6,6,6,7,7,7,6,7,6,7,6
HKD,3,3,3,3,3,3,3,3,3,3,3,2,2,2,2,3,1,3,3,2
HKG,3,3,3,3,3,3,3,3,3,3,3,2,2,2,2,3,1,3,3,2
HKK,7,8,7,7,7,7,7,7,10,7,5,4,4,5,5,4,8,5,5,4
HKN,7,8,7,7,7,7,7,7,10,7,5,4,4,5,5,4,8,5,5,4
HKT,3,3,3,3,3,3,3,3,3,3,3,2,2,2,2,3,1,3,3,2
HLA,1,24,1,1,1,1,1,1,1,1,8,3,5,6,6,2,5,2,1,1
HLD,3,3,3,3,3,3,3,3,3,3,3,2,2,2,2,3,1,3,3,2
HLH,3,3,3,3,3,3,3,3,3,3,3,2,2,2,2,3,1,3,3,2
HLN,5,6,5,5,5,5,5,5,5,5,0,0,0,0,0,0,0,0,0,0
HLZ,7,8,7,7,7,7,7,7,10,7,5,4,4,5,5,4,8,5,5,4
HMA,2,2,2,2,2,2,2,2,2,2,7,7,3,3,3,7,6,7,6,7
HMB,1,1,1,1,1,1,1,1,1,1,2,3,3,3,3,2,3,2,1,1
HME,0,0,0,0,0,0,0,0,0,0,1,1,1,1,1,1,2,1,2,1
HMI,3,3,3,3,3,3,3,3,3,3,3,2,2,2,2,3,1,3,3,2
HMO,5,6,5,5,5,5,5,4,5,5,0,0,0,0,0,0,0,0,0,0
HMV,0,0,0,0,0,0,0,0,19,0,1,1,1,1,1,1,2,1,2,3
HNA,3,3,3,3,3,3,3,3,3,3,3,2,2,2,2,3,1,3,3,2
HND,3,3,3,3,3,3,3,3,3,3,3,2,2,2,2,3,1,3,3,2
HNH,6,7,6,13,12,6,6,6,11,6,6,6,7,7,7,6,7,6,7,6
HNL,5,6,5,5,5,5,5,5,5,5,0,0,0,0,0,0,0,0,0,0
HNM,5,6,5,5,5,5,5,5,5,5,0,0,0,0,0,0,0,0,0,0
HNS,6,7,6,13,12,6,6,6,11,6,6,6,7,7,7,6,7,6,7,6
HOB,5,6,5,5,5,5,5,5,5,5,0,0,0,0,0,0,0,0,0,0
HOD,1,1,1,1,1,1,1,1,1,1,2,3,3,3,3,2,3,2,1,1
HOE,3,3,3,3,3,3,3,3,3,3,3,2,2,2,2,3,1,3,3,2
HOF,1,1,1,1,1,1,1,1,1,1,2,3,3,3,3,2,3,2,1,1
HOG,5,6,5,5,5,5,5,5,5,5,0,0,0,0,0,0,0,0,0,0
HOI,12,14,14,14,13,14,11,11,10,12,11,10,10,10,11,10,8,5,5,10
HOM,6,7,6,5,5,6,6,6,11,6,6,6,7,7,7,6,7,6,7,6
HON,5,6,5,5,5,5,5,5,5,5,0,0,0,0,0,0,0,0,0,0
HOR,0,20,0,19,0,0,0,0,17,16,1,1,1,1,1,1,2,16,2,3
HOT,5,6,5,5,5,5,5,5,5,5,0,0,0,0,0,0,0,0,0,0
HOU,5,6,5,5,5,5,5,5,5,5,0,0,0,0,0,0,0,0,0,0
HOV,0,0,0,0,0,0,0,0,0,0,1,1,1,1,1,1,2,1,2,3
HPB,6,7,6,6,6,6,6,6,11,6,6,6,7,7,7,6,7,6,7,6
HPH,3,3,3,3,3,3,3,3,3,3,3,2,2,2,2,3,1,3,3,2
HPN,5,6,5,5,5,5,5,5,5,5,0,0,0,0,0,0,0,0,0,0
HRB,3,3,3,3,3,3,3,3,3,3,3,2,2,2,2,3,1,3,3,2
HRE,1,24,1,1,1,1,1,1,1,1,8,3,5,6,6,2,5,2,1,1
HRG,0,0,0,0,0,0,0,0,0,0,1,1,1,1,1,1,2,1,2,3
HRI,1,1,1,1,1,1,1,1,1,1,2,3,3,3,3,2,3,2,1,1
HRK,0,0,0,0,0,0,0,0,0,0,7,1,3,3,3,7,6,1,6,7
HRL,5,6,5,5,5,5,5,5,5,5,0,0,0,0,0,0,0,0,0,0
HRM,0,0,0,0,0,0,0,0,0,0,1,1,1,1,1,1,2,1,2,1
HRO,5,6,5,5,5,5,5,5,5,5,0,0,0,0,0,0,0,0,0,0
HSG,3,3,3,3,3,3,3,3,3,3,3,2,2,2,2,3,1,3,3,2
HSL,6,7,6,6,6,6,6,6,11,6,6,6,7,7,7,6,7,6,7,6
HSN,3,3,3,3,3,3,3,3,3,3,3,2,2,2,2,3,1,3,3,2
HSV,5,6,5,5,5,5,5,5,5,5,0,0,0,0,0,0,0,0,0,0
HTA,2,2,2,2,2,2,2,2,2,2,7,7,3,3,3,7,6,7,6,7
HTI,7,8,7,7,7,7,7,7,3,7,5,4,4,5,5,4,1,5,5,4
HTN,3,3,3,3,3,3,3,3,3,3,3,2,2,2,2,3,1,3,3,2
HTS,5,6,5,5,5,5,5,5,5,5,0,0,0,0,0,0,0,0,0,0
HTY,1,0,1,1,0,1,1,1,1,0,2,3,3,3,3,2,3,2,1,1
HUH,12,14,14,14,13,14,11,11,10,12,11,10,10,10,11,10,8,5,5,10
HUI,3,3,3,3,3,3,3,3,3,3,3,2,2,2,2,3,1,3,3,2
HUN,3,3,3,3,3,3,3,3,3,3,3,2,2,2,2,3,1,3,3,2
HUS,6,7,6,6,6,6,6,6,11,6,6,6,7,7,7,6,7,6,7,6
HUU,4,4,4,4,4,4,4,4,4,4,4,5,6,4,4,5,4,4,4,5
HUX,5,6,5,5,5,5,5,4,5,5,0,0,0,0,0,0,0,0,0,0
HUY,0,0,0,0,0,0,0,0,0,0,1,1,1,1,1,1,2,1,2,3
HVB,7,8,7,7,7,7,7,7,3,7,5,4,4,5,5,4,1,5,5,4
HVD,3,3,2,3,3,3,3,3,2,3,3,2,2,2,2,3,6,7,6,2
HVG,15,19,19,18,18,19,14,14,16,15,12,11,11,12,12,11,12,11,11,11
HVN,5,6,5,5,5,5,5,5,5,5,0,0,0,0,0,0,0,0,0,0
HVR,5,6,5,5,5,5,5,5,5,5,0,0,0,0,0,0,0,0,0,0
HYA,5,6,5,5,5,5,5,5,5,5,0,0,0,0,0,0,0,0,0,0
HYD,1,1,1,1,1,1,1,1,1,1,2,3,3,3,3,2,3,2,1,1
HYG,6,7,6,13,12,6,6,6,11,6,6,6,7,7,7,6,7,6,7,6
HYL,6,7,6,13,12,6,6,6,11,6,6,6,7,7,7,6,7,6,7,6
HYN,3,3,3,3,3,3,3,3,3,3,3,2,2,2,2,3,1,3,3,2
HZH,3,3,3,3,3,3,3,3,3,3,3,2,2,2,2,3,1,3,3,2
IAA,2,2,2,2,2,2,2,2,2,2,7,7,3,3,3,7,6,7,6,7
IAD,5,6,5,5,5,5,5,5,5,5,0,0,0,0,0,0,0,0,0,0
IAG,5,6,5,5,5,5,5,5,5,5,0,0,0,0,0,0,0,0,0,0
IAH,5,6,5,5,5,5,5,5,5,5,0,0,0,0,0,0,0,0,0,0
IAM,0,0,0,0,0,0,0,0,0,0,1,1,1,1,1,1,2,1,2,1
IAN,6,7,6,6,6,6,6,6,11,6,6,6,7,7,7,6,7,6,7,6
IAO,3,3,3,3,7,3,3,7,3,3,3,2,2,2,2,3,1,3,3,2
IAR,2,2,2,2,2,2,2,2,2,2,7,7,3,3,3,7,6,7,6,7
IAS,0,0,0,0,0,0,0,0,0,0,1,1,1,1,1,1,2,1,2,3
IBA,1,24,1,1,1,1,1,1,1,1,8,3,5,6,6,2,5,2,1,1
IBE,5,6,5,5,4,5,4,4,5,5,4,0,0,4,4,0,4,4,4,0
IBR,3,3,3,3,3,3,3,3,3,3,3,2,2,2,2,3,1,3,3,2
IBZ,0,0,0,0,0,0,0,0,0,0,1,1,1,1,1,1,2,1,2,3
ICI,7,8,7,7,7,7,7,7,10,7,5,4,4,5,5,4,8,5,5,4
ICN,3,3,3,3,3,3,3,3,3,3,3,2,2,2,2,3,1,3,3,2
ICT,5,6,5,5,5,5,5,5,5,5,0,0,0,0,0,0,0,0,0,0
IDA,5,6,5,5,5,5,5,5,5,5,0,0,0,0,0,0,0,0,0,0
IDR,1,1,1,1,1,1,1,1,1,1,2,3,3,3,3,2,3,2,1,1
IEV,0,0,0,0,0,0,0,0,0,0,1,1,1,1,1,1,2,1,2,3
IFJ,11,12,21,12,11,20,10,10,12,11,10,9,9,9,9,9,10,9,9,9
IFN,1,1,1,1,1,1,1,1,1,1,2,3,3,3,3,2,3,2,1,1
IFO,0,0,0,0,0,0,0,0,0,0,7,1,3,3,3,7,6,1,6,7
IGA,5,6,5,5,5,5,5,5,5,5,0,0,0,0,0,0,0,0,0,0
IGD,1,0,1,1,0,1,1,1,0,0,2,3,3,3,3,2,3,2,1,1
IGG,6,7,6,16,16,6,6,6,11,6,6,6,7,7,7,6,7,6,7,6
IGM,5,6,5,5,5,5,5,5,5,5,0,0,0,0,0,0,0,0,0,0
IGR,4,4,4,4,4,4,4,4,4,4,4,5,6,4,4,5,4,4,4,5
IGU,4,4,4,4,4,4,4,4,4,4,4,5,6,4,4,5,4,4,4,5
IIL,1,1,1,1,1,1,1,1,1,1,2,3,3,3,3,2,3,2,1,1
IJK,2,2,2,2,2,2,2,2,2,2,7,7,3,3,3,7,6,7,6,7
IKA,1,1,1,1,1,1,1,1,1,1,2,3,3,3,3,2,3,2,1,1
IKE,11,12,21,12,11,20,10,10,12,11,10,9,9,9,9,9,10,9,9,9
IKI,3,3,3,3,3,3,3,3,3,3,3,2,2,2,2,3,1,3,3,2
IKO,13,15,15,15,14,15,12,12,14,13,22,22,21,18,18,20,19,22,21,23
IKS,2,2,2,2,2,2,2,2,2,2,7,7,3,3,3,7,6,7,6,7
IKT,2,2,2,2,2,2,2,2,2,2,7,7,3,3,3,7,6,7,6,7
ILD,0,0,0,0,0,0,0,0,0,0,1,1,1,1,1,1,2,1,2,3
ILG,5,6,5,5,5,5,5,5,5,5,0,0,0,0,0,0,0,0,0,0
ILI,6,7,6,5,5,6,6,6,11,6,6,6,7,7,7,6,7,6,7,6
ILM,5,6,5,5,5,5,5,5,5,5,0,0,0,0,0,0,0,0,0,0
ILO,3,3,3,3,7,3,3,7,3,3,3,2,2,2,2,3,1,3,3,2
ILP,21,26,27,25,26,26,20,19,24,21,18,15,15,15,15,15,15,14,14,16
ILR,1,24,1,1,1,1,1,1,1,1,8,3,5,6,6,2,5,2,1,1
ILY,0,0,0,0,0,0,0,0,0,0,1,1,1,1,1,1,2,1,2,3
IMF,1,1,1,1,1,1,1,1,3,3,2,3,3,3,3,2,3,2,1,1
IMP,4,4,4,4,4,4,4,4,4,4,4,5,6,4,4,5,4,4,4,5
IMT,5,6,5,5,5,5,5,5,5,5,0,0,0,0,0,0,0,0,0,0
INB,17,22,23,22,22,22,16,4,20,17,16,14,14,14,14,13,14,13,13,14
INC,3,3,3,3,3,3,3,3,3,3,3,2,2,2,2,3,1,3,3,2
IND,5,6,5,5,5,5,5,5,5,5,0,0,0,0,0,0,0,0,0,0
INH,1,24,1,1,1,1,1,1,1,1,8,3,5,6,6,2,5,2,1,1
INL,5,6,5,5,5,5,5,5,5,5,0,0,0,0,0,0,0,0,0,0
INN,0,0,0,0,0,0,0,0,0,0,1,1,1,1,1,1,2,1,2,3
INU,7,8,7,7,7,7,7,7,10,7,5,4,4,5,5,4,8,5,5,4
INV,0,0,0,0,0,0,0,0,0,0,1,1,1,1,1,1,2,1,2,3
INZ,0,0,0,0,0,0,0,0,0,0,1,1,1,1,1,1,2,1,2,1
IOA,0,0,0,0,0,0,0,0,0,0,1,1,1,1,1,1,2,1,2,3
IOM,0,0,0,0,0,0,0,0,0,0,1,1,1,1,1,1,2,1,2,3
IOQ,11,12,21,12,11,20,10,10,12,11,10,9,9,9,9,9,10,9,9,9
IOS,4,4,4,4,4,4,4,4,4,4,4,5,6,4,4,5,4,4,4,5
IOT,11,12,21,12,11,20,10,10,12,11,10,9,9,9,9,9,10,9,9,9
IPA,7,8,7,7,7,7,7,7,10,7,5,4,4,5,5,4,8,5,5,4
IPC,12,14,14,14,13,14,11,11,4,4,11,10,10,10,11,10,8,5,5,10
IPH,3,3,1,3,3,3,3,7,3,3,2,2,2,2,2,3,1,3,3,2
IPI,5,6,5,5,4,5,4,4,5,5,4,0,0,4,4,0,4,4,4,0
IPL,5,6,5,5,5,5,5,5,5,5,0,0,0,0,0,0,0,0,0,0
IPN,4,4,4,4,4,4,4,4,4,4,4,5,6,4,4,5,4,4,4,5
IPT,5,6,5,5,5,5,5,5,5,5,0,0,0,0,0,0,0,0,0,0
IQN,3,3,3,3,3,3,3,3,3,3,3,2,2,2,2,3,1,3,3,2
IQQ,4,4,4,4,4,4,4,4,4,4,4,5,6,4,4,5,4,4,4,5
IQT,4,4,4,4,4,4,4,4,4,4,4,5,0,4,4,5,4,4,4,5
IRA,7,8,7,7,7,7,7,7,10,7,5,4,4,5,5,4,8,5,5,4
IRC,6,7,6,6,6,6,6,6,11,6,6,6,7,7,7,6,7,6,7,6
IRG,7,8,7,7,7,7,7,7,3,7,5,4,4,5,5,4,1,5,5,4
IRJ,4,4,4,4,4,4,4,4,4,4,4,5,6,4,4,5,4,4,4,5
IRK,5,6,5,5,5,5,5,5,5,5,0,0,0,0,0,0,0,0,0,0
IRP,19,24,25,1,24,24,18,17,22,19,8,17,5,6,6,16,5,17,16,17
IRZ,4,4,4,4,4,4,4,4,4,4,4,5,6,4,4,5,4,4,4,5
ISA,7,8,7,7,7,7,7,7,3,7,5,4,4,5,5,4,1,5,5,4
ISB,1,1,1,1,1,1,1,1,1,1,2,3,3,3,3,2,3,2,1,1
ISC,0,0,0,0,0,0,0,0,0,0,1,1,1,1,1,1,2,1,2,3
ISE,1,0,1,1,0,1,1,1,0,0,2,3,3,3,3,2,3,2,1,1
ISG,3,3,3,3,3,3,3,3,3,3,3,2,2,2,2,3,1,3,3,2
ISN,5,6,5,5,5,5,5,5,5,5,0,0,0,0,0,0,0,0,0,0
ISP,5,6,5,5,5,5,5,5,5,5,0,0,0,0,0,0,0,0,0,0
IST,1,0,1,1,0,1,1,1,0,0,2,3,3,3,3,2,3,2,1,1
ISU,1,1,1,1,1,1,1,1,1,1,2,3,3,3,3,2,3,2,1,1
ITB,4,4,4,4,4,4,4,4,4,4,4,5,6,4,4,5,4,4,4,5
ITH,5,6,5,5,5,5,5,5,5,5,0,0,0,0,0,0,0,0,0,0
ITM,3,3,3,3,3,3,3,3,3,3,3,2,2,2,2,3,1,3,3,2
ITO,5,6,5,5,5,5,5,5,5,5,0,0,0,0,0,0,0,0,0,0
IUE,7,8,7,7,7,7,7,7,10,7,5,4,4,5,5,4,8,5,5,4
IUI,11,12,21,12,11,20,10,10,12,11,10,9,9,9,9,9,10,9,9,9
IVC,7,8,7,7,7,7,7,7,10,7,5,4,4,5,5,4,8,5,5,4
IVL,0,0,0,0,0,0,0,0,0,0,1,1,1,1,1,1,2,1,2,3
IWJ,3,3,3,3,3,3,3,3,3,3,3,2,2,2,2,3,1,3,3,2
IWK,3,3,3,3,3,3,3,3,3,3,3,2,2,2,2,3,1,3,3,2
IXA,1,1,1,1,1,1,1,1,3,3,2,3,3,3,3,2,3,2,1,1
IXB,1,1,1,1,1,1,1,1,3,3,2,3,3,3,3,2,3,2,1,1
IXC,1,1,1,1,1,1,1,1,1,1,2,3,3,3,3,2,3,2,1,1
IXD,1,1,1,1,1,1,1,1,1,1,2,3,3,3,3,2,3,2,1,1
IXE,1,1,1,1,1,1,1,1,1,1,2,3,3,3,3,2,3,2,1,1
IXG,1,1,1,1,1,1,1,1,1,1,2,3,3,3,3,2,3,2,1,1
IXJ,1,1,1,1,1,1,1,1,1,1,2,3,3,3,3,2,3,2,1,1
IXL,1,1,1,1,1,1,1,1,1,1,2,3,3,3,3,2,3,2,1,1
IXM,1,1,1,1,1,1,1,1,1,1,2,3,3,3,3,2,3,2,1,1
IXR,1,1,1,1,1,1,1,1,1,1,2,3,3,3,3,2,3,2,1,1
IXS,1,1,1,1,1,1,1,1,3,3,2,3,3,3,3,2,3,2,1,1
IXU,1,1,1,1,1,1,1,1,1,1,2,3,3,3,3,2,3,2,1,1
IXZ,1,1,1,1,1,1,1,1,1,1,2,3,3,3,3,2,3,2,1,1
IZA,4,4,4,4,4,4,4,4,4,4,4,5,6,4,4,5,4,4,4,5
IZO,3,3,3,3,3,3,3,3,3,3,3,2,2,2,2,3,1,3,3,2
JAC,5,6,5,5,5,5,5,5,5,5,0,0,0,0,0,0,0,0,0,0
JAI,1,1,1,1,1,1,1,1,1,1,2,3,3,3,3,2,3,2,1,1
JAL,5,6,5,5,5,5,5,4,5,5,0,0,0,0,0,0,0,0,0,0
JAN,5,6,5,5,5,5,5,5,5,5,0,0,0,0,0,0,0,0,0,0
JAU,4,4,4,4,4,4,4,4,4,4,4,5,6,4,4,5,4,4,4,5
JAV,11,12,21,12,11,20,10,10,12,11,10,9,9,9,9,9,10,9,9,9
JAX,5,6,5,5,5,5,5,5,5,5,0,0,0,0,0,0,0,0,0,0
JBQ,5,6,5,5,4,5,5,5,5,5,0,0,0,0,0,0,0,0,0,0
JBR,5,6,5,5,5,5,5,5,5,5,0,0,0,0,0,0,0,0,0,0
JCB,4,4,4,4,4,4,4,4,4,4,4,5,6,4,4,5,4,4,4,5
JCK,7,8,7,7,7,7,7,7,3,7,5,4,4,5,5,4,1,5,5,4
JDH,1,1,1,1,1,1,1,1,1,1,2,3,3,3,3,2,3,2,1,1
JDO,4,4,4,4,4,4,4,4,4,4,4,5,6,4,4,5,4,4,4,5
JDZ,3,3,3,3,3,3,3,3,3,3,3,2,2,2,2,3,1,3,3,2
JED,1,1,1,1,1,1,1,1,1,1,2,3,3,3,3,2,3,2,1,1
JEG,11,12,21,12,11,20,10,10,12,11,10,9,9,9,9,9,10,9,9,9
JER,0,0,0,0,0,0,0,0,0,0,1,1,1,1,1,1,2,1,2,3
JFK,5,6,5,5,5,5,5,5,5,5,0,0,0,0,0,0,0,0,0,0
JFR,11,12,21,12,11,20,10,10,12,11,10,9,9,9,9,9,10,9,9,9
JGA,1,1,1,1,1,1,1,1,1,1,2,3,3,3,3,2,3,2,1,1
JGD,3,3,3,3,3,3,3,3,3,3,3,2,2,2,2,3,1,3,3,2
JGN,3,3,3,3,3,3,3,3,3,3,3,2,2,2,2,3,1,3,3,2
JGS,3,3,3,3,3,3,3,3,3,3,3,2,2,2,2,3,1,3,3,2
JHB,3,1,1,3,7,3,3,7,3,3,2,2,2,2,2,3,1,3,3,2
JHG,3,3,3,3,3,3,3,3,3,3,3,2,2,2,2,3,1,3,3,2
JHM,5,6,5,5,5,5,5,5,5,5,0,0,0,0,0,0,0,0,0,0
JHS,11,12,21,12,11,20,10,10,12,11,10,9,9,9,9,9,10,9,9,9
JHW,5,6,5,5,5,5,5,5,5,5,0,0,0,0,0,0,0,0,0,0
JIB,1,1,1,1,1,1,1,1,1,1,2,3,5,6,6,2,5,2,1,1
JIC,3,3,3,3,3,3,3,3,3,3,3,2,2,2,2,3,1,3,3,2
JIJ,1,1,1,1,1,1,1,1,1,1,8,3,5,6,6,2,5,2,1,1
JIK,0,0,0,0,0,0,0,0,0,0,1,1,1,1,1,1,2,1,2,3
JIM,1,1,1,1,1,1,1,1,1,1,8,3,5,6,6,2,5,2,1,1
JIQ,3,3,3,3,3,3,3,3,3,3,3,2,2,2,2,3,1,3,3,2
JIU,3,3,3,3,3,3,3,3,3,3,3,2,2,2,2,3,1,3,3,2
JJA,7,8,7,7,7,7,7,7,10,7,5,4,4,5,5,4,8,5,5,4
JJN,3,3,3,3,3,3,3,3,3,3,3,2,2,2,2,3,1,3,3,2
JJU,11,12,21,12,11,20,10,10,12,11,10,9,9,9,9,9,10,9,9,9
JKG,0,0,0,0,0,0,0,0,0,0,1,1,1,1,1,1,2,1,2,3
JKH,0,0,0,0,0,0,0,0,0,0,1,1,1,1,1,1,2,1,2,3
JKL,0,0,0,0,0,0,0,0,0,0,1,1,1,1,1,1,2,1,2,3
JKR,1,1,1,1,1,1,1,1,3,3,2,3,3,3,3,2,3,2,1,1
JLN,5,6,5,5,5,5,5,5,5,5,0,0,0,0,0,0,0,0,0,0
JLR,1,1,1,1,1,1,1,1,1,1,2,3,3,3,3,2,3,2,1,1
JMK,0,0,0,0,0,0,0,0,0,0,1,1,1,1,1,1,2,1,2,3
JMU,3,3,3,3,3,3,3,3,3,3,3,2,2,2,2,3,1,3,3,2
JNB,1,24,1,1,1,1,1,1,1,1,8,3,5,6,6,2,5,2,1,1
JNG,3,3,3,3,3,3,3,3,3,3,3,2,2,2,2,3,1,3,3,2
JNN,11,12,21,12,11,20,10,10,12,11,10,9,9,9,9,9,10,9,9,9
JNS,11,12,21,12,11,20,10,10,12,11,10,9,9,9,9,9,10,9,9,9
JNU,6,7,6,13,12,6,6,6,11,6,6,6,7,7,7,6,7,6,7,6
JNX,0,0,0,0,0,0,0,0,0,0,1,1,1,1,1,1,2,1,2,3
JNZ,3,3,3,3,3,3,3,3,3,3,3,2,2,2,2,3,1,3,3,2
JOE,0,0,0,0,0,0,0,0,0,0,1,1,1,1,1,1,2,1,2,3
JOG,3,1,1,3,7,3,3,7,3,3,2,2,2,2,2,3,1,3,3,2
JOI,4,4,4,4,4,4,4,4,4,4,4,5,6,4,4,5,4,4,4,5
JOL,3,3,3,3,7,3,3,7,3,3,3,2,2,2,2,3,1,3,3,2
JOS,1,24,1,1,1,1,1,1,1,1,8,3,5,6,6,2,5,2,1,1
JPA,4,4,4,4,4,4,4,4,4,4,4,5,6,4,4,5,4,4,4,5
JPR,4,4,4,4,4,4,4,4,4,4,4,5,6,4,4,5,4,4,4,5
JQA,11,12,21,12,11,20,10,10,12,11,10,9,9,9,9,9,10,9,9,9
JQE,10,11,10,10,9,10,9,9,9,10,14,13,13,13,13,12,13,12,12,13
JRO,1,1,1,1,1,1,1,1,1,1,2,3,5,6,6,2,5,2,1,1
JSH,0,0,0,0,0,0,0,0,0,0,1,1,1,1,1,1,2,1,2,3
JSI,0,0,0,0,0,0,0,0,0,0,1,1,1,1,1,1,2,1,2,3
JSR,1,1,1,1,1,1,1,1,1,1,2,3,3,3,3,2,3,2,1,1
JST,5,6,5,5,5,5,5,5,5,5,0,0,0,0,0,0,0,0,0,0
JSU,11,12,21,12,11,20,10,10,12,11,10,9,9,9,9,9,10,9,9,9
JSY,0,0,0,0,0,0,0,0,0,0,1,1,1,1,1,1,2,1,2,3
JTC,4,4,4,4,4,4,4,4,4,4,4,5,6,4,4,5,4,4,4,5
JTR,0,0,0,0,0,0,0,0,0,0,1,1,1,1,1,1,2,1,2,3
JTY,0,0,0,0,0,0,0,0,0,0,1,1,1,1,1,1,2,1,2,3
JUB,1,1,1,1,1,1,1,1,1,1,2,3,5,6,6,2,5,2,1,1
JUH,3,3,3,3,3,3,3,3,3,3,3,2,2,2,2,3,1,3,3,2
JUJ,4,4,4,4,4,4,4,4,4,4,4,5,6,4,4,5,4,4,4,5
JUK,11,12,21,12,11,20,10,10,12,11,10,9,9,9,9,9,10,9,9,9
JUL,4,4,4,4,4,4,4,4,4,4,4,5,6,4,4,5,4,4,4,5
JUU,11,12,21,12,11,20,10,10,12,11,10,9,9,9,9,9,10,9,9,9
JUV,11,12,21,12,11,20,10,10,12,11,10,9,9,9,9,9,10,9,9,9
JUZ,3,3,3,3,3,3,3,3,3,3,3,2,2,2,2,3,1,3,3,2
JXA,3,3,3,3,3,3,3,3,3,3,3,2,2,2,2,3,1,3,3,2
JYV,0,0,0,0,0,0,0,0,0,0,1,1,1,1,1,1,2,1,2,3
JZH,3,3,3,3,3,3,3,3,3,3,3,2,2,2,2,3,1,3,3,2
KAA,1,24,1,1,1,1,1,1,1,1,8,3,5,6,6,2,5,2,1,1
KAD,1,24,1,1,1,1,1,1,1,1,8,3,5,6,6,2,5,2,1,1
KAE,6,7,6,13,12,6,6,6,11,6,6,6,7,7,7,6,7,6,7,6
KAJ,0,0,0,0,0,0,0,0,0,0,1,1,1,1,1,1,2,1,2,3
KAL,6,7,6,6,6,6,6,6,11,6,6,6,7,7,7,6,7,6,7,6
KAN,1,1,1,1,1,1,1,1,1,1,2,3,3,3,3,2,3,2,1,1
KAO,0,0,0,0,0,0,0,0,0,0,1,1,1,1,1,1,2,1,2,3
KAT,7,8,7,7,7,7,7,7,10,7,5,4,4,5,5,4,8,5,5,4
KAW,3,3,3,3,3,3,3,3,3,3,3,2,2,2,2,3,1,3,3,2
KAZ,3,1,1,3,7,3,3,7,3,3,2,2,2,2,2,3,1,3,3,2
KBC,6,7,6,6,6,6,6,6,11,6,6,6,7,7,7,6,7,6,7,6
KBL,1,1,1,1,1,1,1,1,1,1,2,3,3,3,3,2,3,2,1,1
KBP,0,0,0,0,0,0,0,0,0,0,7,1,3,3,3,7,6,1,6,7
KBR,3,1,1,3,3,3,3,7,3,3,2,2,2,2,2,3,1,3,3,2
KBU,3,1,1,3,7,3,3,7,3,3,2,2,2,2,2,3,1,3,3,2
KBV,3,3,1,3,3,3,3,7,3,3,3,2,2,2,2,3,1,3,3,2
KCA,3,3,3,3,3,3,3,3,3,3,3,2,2,2,2,3,1,3,3,2
KCC,6,7,6,13,12,6,6,6,11,6,6,6,7,7,7,6,7,6,7,6
KCG,6,7,6,16,16,6,6,6,11,6,6,6,7,7,7,6,7,6,7,6
KCH,3,1,1,3,7,3,3,7,3,3,2,2,2,2,2,3,1,3,3,2
KCK,2,2,2,2,2,2,2,2,2,2,7,7,3,3,3,7,6,7,6,7
KCL,6,7,6,16,16,6,6,6,11,6,6,6,7,7,7,6,7,6,7,6
KCM,1,0,1,1,0,1,1,1,0,0,2,3,3,3,3,2,3,2,1,1
KCO,1,0,1,1,0,1,1,1,0,0,2,3,3,3,3,2,3,2,1,1
KCQ,6,7,6,16,16,6,6,6,11,6,6,6,7,7,7,6,7,6,7,6
KCT,1,1,1,1,1,1,1,1,1,1,2,3,3,3,3,2,3,2,1,1
KCZ,3,3,3,3,3,3,3,3,3,3,3,2,2,2,2,3,1,3,3,2
KDH,1,1,1,1,1,1,1,1,1,1,2,3,3,3,3,2,3,2,1,1
KDI,3,1,1,3,7,3,3,7,3,3,2,2,2,2,2,3,1,3,3,2
KDM,1,1,1,1,1,1,1,1,1,1,2,3,3,3,3,2,3,2,1,1
KDO,1,1,1,1,1,1,1,1,1,1,2,3,3,3,3,2,3,2,1,1
KDU,1,1,1,1,1,1,1,1,1,1,2,3,3,3,3,2,3,2,1,1
KDV,7,8,7,7,7,7,7,7,10,7,5,4,4,5,5,4,8,5,5,4
KEF,0,0,0,0,0,0,0,0,0,0,1,1,1,1,1,1,2,1,2,3
KEJ,2,2,2,2,2,2,2,2,2,2,7,7,3,3,3,7,6,7,6,7
KEM,0,0,0,0,0,0,0,0,0,0,1,1,1,1,1,1,2,1,2,3
KEP,1,1,1,1,1,1,1,1,3,3,2,3,3,3,3,2,3,2,1,1
KER,1,1,1,1,1,1,1,1,1,1,2,3,3,3,3,2,3,2,1,1
KET,3,3,3,3,3,3,3,3,3,3,3,2,2,2,2,3,1,3,3,2
KEW,26,18,12,30,20,18,25,24,25,14,9,8,8,11,8,8,9,10,10,12
KFP,6,7,6,20,19,6,6,6,11,6,6,6,7,7,7,6,7,6,7,6
KFS,1,0,1,1,0,1,1,1,0,0,2,3,3,3,3,2,3,2,1,1
KGA,1,24,1,1,1,1,1,1,1,1,8,3,5,6,6,2,5,2,1,1
KGC,7,8,7,7,7,7,7,7,3,7,5,4,4,5,5,4,1,5,5,4
KGD,2,2,2,2,2,2,2,2,2,2,7,7,3,3,3,7,6,7,6,7
KGE,7,8,7,7,7,7,7,7,10,7,5,4,4,5,5,4,8,5,5,4
KGF,2,2,2,2,2,2,2,2,2,2,7,7,3,3,3,7,6,7,6,7
KGI,7,8,7,7,7,7,7,7,3,7,5,4,4,5,5,4,1,5,5,4
KGL,1,1,1,1,1,1,1,1,1,1,2,3,5,6,6,2,5,2,1,1
KGP,2,2,2,2,2,2,2,2,2,2,7,7,3,3,3,7,6,7,6,7
KGQ,11,12,21,12,11,20,10,10,12,11,10,9,9,9,9,9,10,9,9,9
KGS,0,0,0,0,0,0,0,0,0,0,1,1,1,1,1,1,2,1,2,3
KGT,3,3,3,3,3,3,3,3,3,3,3,2,2,2,2,3,1,3,3,2
KGX,6,7,6,6,6,6,6,6,11,6,6,6,7,7,7,6,7,6,7,6
KHD,1,1,1,1,1,1,1,1,1,1,2,3,3,3,3,2,3,2,1,1
KHG,3,3,3,3,3,3,3,3,3,3,3,2,2,2,2,3,1,3,3,2
KHH,3,3,3,3,3,3,3,3,3,3,3,2,2,2,2,3,1,3,3,2
KHI,1,1,1,1,1,1,1,1,1,1,2,3,3,3,3,2,3,2,1,1
KHN,3,3,3,3,3,3,3,3,3,3,3,2,2,2,2,3,1,3,3,2
KHQ,11,12,21,12,11,20,10,10,12,11,10,9,9,9,9,9,10,9,9,9
KHS,1,1,1,1,1,1,1,1,1,1,2,3,3,3,3,2,3,2,1,1
KHV,2,2,2,2,2,2,2,2,2,2,7,7,3,3,3,7,6,7,6,7
KHY,1,1,1,1,1,1,1,1,1,1,2,3,3,3,3,2,3,2,1,1
KHZ,12,14,14,14,13,14,11,11,10,12,11,10,10,10,11,10,8,5,5,10
KID,0,0,0,0,0,0,0,0,0,0,1,1,1,1,1,1,2,1,2,3
KIF,26,18,12,30,20,18,25,24,25,14,9,8,8,11,8,8,9,10,10,12
KIH,1,1,1,1,1,1,1,1,1,1,2,3,3,3,3,2,3,2,1,1
KIJ,3,3,3,3,3,3,3,3,3,3,3,2,2,2,2,3,1,3,3,2
KIM,1,24,1,1,1,1,1,1,1,1,8,3,5,6,6,2,5,2,1,1
KIN,5,6,5,5,5,5,5,5,5,5,0,0,0,0,0,0,0,0,0,0
KIR,0,0,0,0,0,0,0,0,0,0,1,1,1,1,1,1,2,1,2,3
KIS,1,1,1,1,1,1,1,1,1,1,2,3,5,6,6,2,5,2,1,1
KIT,0,0,0,0,0,0,0,0,0,0,1,1,1,1,1,1,2,1,2,3
KIV,0,0,0,0,0,0,0,0,0,0,1,1,1,1,1,1,2,1,2,3
KIX,3,3,3,3,3,3,3,3,3,3,3,2,2,2,2,3,1,3,3,2
KJA,2,2,2,2,2,2,2,2,2,2,7,7,3,3,3,7,6,7,6,7
KKA,6,7,6,6,6,6,6,6,11,6,6,6,7,7,7,6,7,6,7,6
KKB,6,7,6,11,10,6,6,6,11,6,6,6,7,7,7,6,7,6,7,6
KKC,3,3,3,3,3,3,3,3,3,3,3,2,2,2,2,3,1,3,3,2
KKE,7,8,7,7,7,7,7,7,10,7,5,4,4,5,5,4,8,5,5,4
KKH,6,7,6,6,6,6,6,6,11,6,6,6,7,7,7,6,7,6,7,6
KKI,6,7,6,6,6,6,6,6,11,6,6,6,7,7,7,6,7,6,7,6
KKJ,3,3,3,3,3,3,3,3,3,3,3,2,2,2,2,3,1,3,3,2
KKN,15,19,19,18,18,19,14,14,16,15,12,11,11,12,12,11,12,11,11,11
KKR,12,14,14,14,13,14,11,11,10,12,11,10,10,10,11,10,8,5,5,10
KLG,6,7,6,6,6,6,6,6,11,6,6,6,7,7,7,6,7,6,7,6
KLL,6,7,6,16,16,6,6,6,11,6,6,6,7,7,7,6,7,6,7,6
KLN,6,7,6,11,10,6,6,6,11,6,6,6,7,7,7,6,7,6,7,6
KLO,3,3,1,3,3,3,3,3,3,3,3,2,2,2,2,3,1,3,3,2
KLR,0,0,0,0,0,0,0,0,0,0,1,1,1,1,1,1,2,1,2,3
KLU,0,0,0,0,0,0,0,0,0,0,1,1,1,1,1,1,2,1,2,3
KLV,2,2,2,2,2,2,2,2,2,2,7,7,3,3,3,7,6,7,6,7
KLW,6,7,6,13,12,6,6,6,11,6,6,6,7,7,7,6,7,6,7,6
KLX,0,0,0,0,0,0,0,0,0,0,1,1,1,1,1,1,2,1,2,3
KME,1,1,1,1,1,1,1,1,1,1,2,3,5,6,6,2,5,2,1,1
KMG,3,3,3,3,3,3,3,3,3,3,3,2,2,2,2,3,1,3,3,2
KMI,3,3,3,3,3,3,3,3,3,3,3,2,2,2,2,3,1,3,3,2
KMJ,3,3,3,3,3,3,3,3,3,3,3,2,2,2,2,3,1,3,3,2
KMQ,3,3,3,3,3,3,3,3,3,3,3,2,2,2,2,3,1,3,3,2
KMS,1,24,1,1,1,1,1,1,1,1,8,3,5,6,6,2,5,2,1,1
KND,19,24,25,1,24,24,18,17,22,19,8,17,5,6,6,16,5,17,16,17
KNG,3,1,1,3,7,3,3,7,3,3,2,2,2,2,2,3,1,3,3,2
KNH,3,3,3,3,3,3,3,3,3,3,3,2,2,2,2,3,1,3,3,2
KNQ,21,26,27,25,26,26,20,19,24,21,18,15,15,15,15,15,15,14,14,16
KNS,7,8,7,7,7,7,7,7,3,7,5,4,4,5,5,4,1,5,5,4
KNU,1,1,1,1,1,1,1,1,1,1,2,3,3,3,3,2,3,2,1,1
KNX,7,8,7,7,7,7,7,7,3,7,5,4,4,5,5,4,1,5,5,4
KOA,5,6,5,5,5,5,5,5,5,5,0,0,0,0,0,0,0,0,0,0
KOC,21,26,27,25,26,26,20,19,24,21,18,15,15,15,15,15,15,14,14,16
KOE,3,1,1,3,7,3,3,7,3,3,2,2,2,2,2,3,1,3,3,2
KOI,8,9,8,8,8,8,8,8,7,8,20,19,17,17,17,18,17,19,18,19
KOJ,3,3,3,3,3,3,3,3,3,3,3,2,2,2,2,3,1,3,3,2
KOK,0,0,0,0,0,0,0,0,0,0,1,1,1,1,1,1,2,1,2,3
KOO,19,24,25,1,24,24,18,17,22,19,8,17,5,6,6,16,5,17,16,17
KOP,3,3,3,3,3,3,3,3,3,3,3,2,2,2,2,3,1,3,3,2
KOS,3,3,3,3,3,3,3,3,3,3,3,2,2,2,2,3,1,3,3,2
KOT,6,7,6,6,6,6,6,6,11,6,6,6,7,7,7,6,7,6,7,6
KOV,2,2,2,2,2,2,2,2,2,2,7,7,3,3,3,7,6,7,6,7
KOW,3,3,3,3,3,3,3,3,3,3,3,2,2,2,2,3,1,3,3,2
KOZ,6,7,6,11,10,6,6,6,11,6,6,6,7,7,7,6,7,6,7,6
KPB,6,7,6,13,12,6,6,6,11,6,6,6,7,7,7,6,7,6,7,6
KPN,6,7,6,6,6,6,6,6,11,6,6,6,7,7,7,6,7,6,7,6
KPO,3,3,3,3,3,3,3,3,3,3,3,2,2,2,2,3,1,3,3,2
KPR,6,7,6,11,10,6,6,6,11,6,6,6,7,7,7,6,7,6,7,6
KPV,6,7,6,16,16,6,6,6,11,6,6,6,7,7,7,6,7,6,7,6
KQA,13,15,15,15,14,15,12,12,14,13,22,22,21,18,18,20,19,22,21,23
KQT,2,2,2,2,2,2,2,2,2,2,7,7,3,3,3,7,6,7,6,7
KRF,0,0,0,0,0,0,0,0,0,0,1,1,1,1,1,1,2,1,2,3
KRK,0,0,0,0,0,0,0,0,0,0,1,1,1,1,1,1,2,1,2,3
KRL,3,3,3,3,3,3,3,3,3,3,3,2,2,2,2,3,1,3,3,2
KRN,0,0,0,0,0,0,0,0,0,0,1,1,1,1,1,1,2,1,2,3
KRO,2,2,2,2,2,2,2,2,2,2,7,7,3,3,3,7,6,7,6,7
KRP,0,0,0,0,0,0,0,0,0,0,1,1,1,1,1,1,2,1,2,3
KRR,2,2,2,2,2,2,2,2,2,2,7,7,3,3,3,7,6,7,6,7
KRS,0,0,0,0,0,0,0,0,0,0,1,1,1,1,1,1,2,1,2,3
KRT,1,1,1,1,1,1,1,1,1,1,2,3,3,3,3,2,3,2,1,1
KRY,3,3,3,3,3,3,3,3,3,3,3,2,2,2,2,3,1,3,3,2
KSA,7,8,7,7,7,7,7,7,10,7,5,4,4,5,5,4,8,5,5,4
KSC,0,0,0,0,0,0,0,0,0,0,1,1,1,1,1,1,2,1,2,3
KSD,0,0,0,0,0,0,0,0,0,0,1,1,1,1,1,1,2,1,2,3
KSE,1,1,1,1,1,1,1,1,1,1,2,3,5,6,6,2,5,2,1,1
KSF,0,0,0,0,0,0,0,0,0,0,1,1,1,1,1,1,2,1,2,3
KSH,1,1,1,1,1,1,1,1,1,1,2,3,3,3,3,2,3,2,1,1
KSJ,0,0,0,0,0,0,0,0,0,0,1,1,1,1,1,1,2,1,2,3
KSM,6,7,6,6,6,6,6,6,11,6,6,6,7,7,7,6,7,6,7,6
KSN,2,2,2,2,2,2,2,2,2,2,7,7,3,3,3,7,6,7,6,7
KSO,0,0,0,0,0,0,0,0,0,0,1,1,1,1,1,1,2,1,2,3
KSQ,2,2,2,2,2,2,2,2,2,2,7,7,3,3,3,7,6,7,6,7
KSU,0,0,0,0,0,0,0,0,0,0,1,1,1,1,1,1,2,1,2,3
KSY,1,0,1,1,0,1,1,1,0,0,2,3,3,3,3,2,3,2,1,1
KTA,7,8,7,7,7,7,7,7,3,7,5,4,4,5,5,4,1,5,5,4
KTB,6,7,6,13,12,6,6,6,11,6,6,6,7,7,7,6,7,6,7,6
KTE,3,1,1,3,3,3,3,7,3,3,2,2,2,2,2,3,1,3,3,2
KTG,3,1,1,3,7,3,3,7,3,3,2,2,2,2,2,3,1,3,3,2
KTL,16,1,22,21,21,21,15,15,1,1,17,16,5,6,6,14,5,15,15,15
KTM,1,1,1,1,1,1,1,1,3,3,2,3,3,3,3,2,3,2,1,1
KTN,6,7,6,13,12,6,6,6,11,6,6,6,7,7,7,6,7,6,7,6
KTS,6,7,6,6,6,6,6,6,11,6,6,6,7,7,7,6,7,6,7,6
KTT,0,0,0,0,0,0,0,0,0,0,1,1,1,1,1,1,2,1,2,3
KTW,0,0,0,0,0,0,0,0,0,0,1,1,1,1,1,1,2,1,2,3
KUA,3,3,1,3,3,3,3,7,3,3,2,2,2,2,2,3,1,3,3,2
KUD,3,1,1,3,7,3,3,7,3,3,2,2,2,2,2,3,1,3,3,2
KUF,2,2,2,2,2,2,2,2,2,2,7,7,3,3,3,7,6,7,6,7
KUH,3,3,3,3,3,3,3,3,3,3,3,2,2,2,2,3,1,3,3,2
KUK,6,7,6,6,6,6,6,6,11,6,6,6,7,7,7,6,7,6,7,6
KUL,3,1,1,3,3,3,3,7,3,3,2,2,2,2,2,3,1,3,3,2
KUN,0,0,0,0,0,0,0,0,0,0,1,1,1,1,1,1,2,1,2,3
KUO,0,0,0,0,0,0,0,0,0,0,1,1,1,1,1,1,2,1,2,3
KUS,11,12,21,12,11,20,10,10,12,11,10,9,9,9,9,9,10,9,9,9
KUT,2,0,0,0,0,0,0,0,0,0,7,1,3,3,3,7,6,1,6,7
KUU,1,1,1,1,1,1,1,1,1,1,2,3,3,3,3,2,3,2,1,1
KUV,3,3,3,3,3,3,3,3,3,3,3,2,2,2,2,3,1,3,3,2
KUZ,11,12,21,12,11,20,10,10,12,11,10,9,9,9,9,9,10,9,9,9
KVA,0,0,0,0,0,0,0,0,0,0,1,1,1,1,1,1,2,1,2,3
KVC,6,7,6,20,19,6,6,6,11,6,6,6,7,7,7,6,7,6,7,6
KVD,2,2,2,2,2,2,2,2,2,2,7,7,3,3,3,7,6,7,6,7
KVG,7,8,7,7,7,7,7,7,10,7,5,4,4,5,5,4,8,5,5,4
KVK,2,2,2,2,2,2,2,2,2,2,7,7,3,3,3,7,6,7,6,7
KVL,6,7,6,6,6,6,6,6,11,6,6,6,7,7,7,6,7,6,7,6
KVX,2,2,2,2,2,2,2,2,2,2,7,7,3,3,3,7,6,7,6,7
KWA,7,8,7,7,7,7,7,7,10,7,5,4,4,5,5,4,8,5,5,4
KWE,3,3,3,3,3,3,3,3,3,3,3,2,2,2,2,3,1,3,3,2
KWF,6,7,6,13,12,6,6,6,11,6,6,6,7,7,7,6,7,6,7,6
KWI,1,1,1,1,1,1,1,1,1,1,2,3,3,3,3,2,3,2,1,1
KWJ,3,3,3,3,3,3,3,3,3,3,3,2,2,2,2,3,1,3,3,2
KWK,6,7,6,6,6,6,6,6,11,6,6,6,7,7,7,6,7,6,7,6
KWL,3,3,3,3,3,3,3,3,3,3,3,2,2,2,2,3,1,3,3,2
KWM,7,8,7,7,7,7,7,7,3,7,5,4,4,5,5,4,1,5,5,4
KWN,6,7,6,6,6,6,6,6,11,6,6,6,7,7,7,6,7,6,7,6
KWT,6,7,6,6,6,6,6,6,11,6,6,6,7,7,7,6,7,6,7,6
KXU,12,14,14,14,13,14,11,11,10,12,11,10,10,10,11,10,8,5,5,10
KYA,0,0,0,0,0,1,0,0,0,0,2,1,3,3,3,2,2,1,1,3
KYK,6,7,6,11,10,6,6,6,11,6,6,6,7,7,7,6,7,6,7,6
KYP,3,3,3,3,3,3,3,3,3,3,3,2,2,2,2,3,1,3,3,2
KYU,6,7,6,6,6,6,6,6,11,6,6,6,7,7,7,6,7,6,7,6
KYZ,2,2,2,2,2,2,2,2,2,2,7,7,3,3,3,7,6,7,6,7
KZB,6,7,6,11,10,6,6,6,11,6,6,6,7,7,7,6,7,6,7,6
KZI,0,0,0,0,0,0,0,0,0,0,1,1,1,1,1,1,2,1,2,3
KZN,2,2,2,2,2,2,2,2,2,2,7,7,3,3,3,7,6,7,6,7
KZO,2,2,2,2,2,2,2,2,2,2,7,7,3,3,3,7,6,7,6,7
KZR,1,0,1,1,0,1,1,1,0,0,2,3,3,3,3,2,3,2,1,1
KZS,0,0,0,0,0,0,0,0,0,0,1,1,1,1,1,1,2,1,2,3
LAD,1,24,1,1,1,1,1,1,1,1,8,3,5,6,6,2,5,2,1,1
LAE,7,8,7,7,7,7,7,7,10,7,5,4,4,5,5,4,8,5,5,4
LAI,0,0,0,0,0,0,0,0,0,0,1,1,1,1,1,1,2,1,2,3
LAM,5,6,5,5,5,5,5,5,5,5,0,0,0,0,0,0,0,0,0,0
LAN,5,6,5,5,5,5,5,5,5,5,0,0,0,0,0,0,0,0,0,0
LAO,3,3,3,3,7,3,3,7,3,3,3,2,2,2,2,3,1,3,3,2
LAP,5,6,5,5,5,5,5,4,5,5,0,0,0,0,0,0,0,0,0,0
LAQ,1,1,1,1,1,1,1,1,1,1,2,3,3,3,3,2,3,2,1,1
LAR,5,6,5,5,5,5,5,5,5,5,0,0,0,0,0,0,0,0,0,0
LAS,5,6,5,5,5,5,5,5,5,5,0,0,0,0,0,0,0,0,0,0
LAU,16,1,22,21,21,21,15,15,1,1,17,16,5,6,6,14,5,15,15,15
LAW,5,6,5,5,5,5,5,5,5,5,0,0,0,0,0,0,0,0,0,0
LAX,5,6,5,5,5,5,5,5,5,5,0,0,0,0,0,0,0,0,0,0
LAZ,4,4,4,4,4,4,4,4,4,4,4,5,6,4,4,5,4,4,4,5
LBA,0,0,0,0,0,0,0,0,0,0,1,1,1,1,1,1,2,1,2,3
LBB,5,6,5,5,5,5,5,5,5,5,0,0,0,0,0,0,0,0,0,0
LBC,0,0,0,0,0,0,0,0,0,0,1,1,1,1,1,1,2,1,2,3
LBD,2,2,2,2,2,2,2,2,2,2,7,7,3,3,3,7,6,7,6,7
LBE,5,6,5,5,5,5,5,5,5,5,0,0,0,0,0,0,0,0,0,0
LBF,5,6,5,5,5,5,5,5,5,5,0,0,0,0,0,0,0,0,0,0
LBJ,3,1,1,3,7,3,3,7,3,3,2,2,2,2,2,3,1,3,3,2
LBL,5,6,5,5,5,5,5,5,5,5,0,0,0,0,0,0,0,0,0,0
LBP,3,1,1,3,7,3,3,7,3,3,2,2,2,2,2,3,1,3,3,2
LBS,7,8,7,7,7,7,7,7,10,7,5,4,4,5,5,4,8,5,5,4
LBU,3,1,1,3,7,3,3,7,3,3,2,2,2,2,2,3,1,3,3,2
LBV,1,24,1,1,1,1,1,1,1,1,8,3,5,6,6,2,5,2,1,1
LCA,0,0,0,0,0,0,0,0,0,0,1,1,1,1,1,1,2,1,2,3
LCE,5,6,5,5,5,5,5,4,5,5,0,0,0,0,0,0,0,0,0,0
LCG,0,0,0,0,0,0,0,0,0,0,1,1,1,1,1,1,2,1,2,3
LCH,5,6,5,5,5,5,5,5,5,5,0,0,0,0,0,0,0,0,0,0
LCK,5,6,5,5,5,5,5,5,5,5,0,0,0,0,0,0,0,0,0,0
LCR,9,10,9,9,4,9,4,4,8,9,4,20,18,4,4,19,4,4,4,21
LCX,3,3,3,3,3,3,3,3,3,3,3,2,2,2,2,3,1,3,3,2
LCY,0,0,0,0,0,0,0,0,0,0,1,1,1,1,1,1,2,1,2,3
LDB,4,4,4,4,4,4,4,4,4,4,4,5,6,4,4,5,4,4,4,5
LDE,0,0,0,0,0,0,0,0,0,0,1,1,1,1,1,1,2,1,2,3
LDH,7,8,7,7,7,7,7,7,3,7,5,4,4,5,5,4,1,5,5,4
LDS,3,3,3,3,3,3,3,3,3,3,3,2,2,2,2,3,1,3,3,2
LDU,3,1,1,3,7,3,3,7,3,3,2,2,2,2,2,3,1,3,3,2
LDY,0,0,0,0,0,0,0,0,0,0,1,1,1,1,1,1,2,1,2,3
LEA,7,8,7,7,7,7,7,7,3,7,5,4,4,5,5,4,1,5,5,4
LEB,5,6,5,5,5,5,5,5,5,5,0,0,0,0,0,0,0,0,0,0
LEC,4,4,4,4,4,4,4,4,4,4,4,5,6,4,4,5,4,4,4,5
LED,2,2,2,2,2,2,2,2,2,2,7,7,3,3,3,7,6,7,6,7
LEH,0,0,0,0,0,0,0,0,0,0,1,1,1,1,1,1,2,1,2,3
LEI,0,0,0,0,0,0,0,0,0,0,1,1,1,1,1,1,2,1,2,3
LEJ,0,0,0,0,0,0,0,0,0,0,1,1,1,1,1,1,2,1,2,3
LEN,0,0,0,0,0,0,0,0,0,0,1,1,1,1,1,1,2,1,2,3
LEQ,0,0,0,0,0,0,0,0,0,0,1,1,1,1,1,1,2,1,2,3
LET,9,10,9,9,4,9,4,4,8,9,4,20,18,4,4,19,4,4,4,21
LEX,5,6,5,5,5,5,5,5,5,5,0,0,0,0,0,0,0,0,0,0
LFM,1,1,1,1,1,1,1,1,1,1,2,3,3,3,3,2,3,2,1,1
LFR,5,24,5,5,4,5,5,4,5,5,0,0,0,0,0,0,0,0,0,0
LFT,5,6,5,5,5,5,5,5,5,5,0,0,0,0,0,0,0,0,0,0
LFW,1,24,1,1,1,1,1,1,1,1,8,3,5,6,6,2,5,2,1,1
LGA,5,6,5,5,5,5,5,5,5,5,0,0,0,0,0,0,0,0,0,0
LGB,5,6,5,5,5,5,5,5,5,5,0,0,0,0,0,0,0,0,0,0
LGG,0,0,0,0,0,0,0,0,0,0,1,1,1,1,1,1,2,1,2,3
LGI,5,6,5,5,5,5,5,5,5,5,0,0,0,0,0,0,0,0,0,0
LGK,3,3,1,3,3,3,3,7,3,3,2,2,2,2,2,3,1,3,3,2
LGL,3,1,1,3,7,3,3,7,3,3,2,2,2,2,2,3,1,3,3,2
LGP,3,3,3,3,7,3,3,7,3,3,3,2,2,2,2,3,1,3,3,2
LGQ,4,4,5,5,4,5,4,4,5,5,4,0,0,4,4,0,4,4,4,0
LGW,0,0,0,0,0,0,0,0,0,0,1,1,1,1,1,1,2,1,2,3
LHE,1,1,1,1,1,1,1,1,1,1,2,3,3,3,3,2,3,2,1,1
LHR,0,0,0,0,0,1,0,0,0,0,1,1,1,1,1,1,2,1,2,3
LHW,3,3,3,3,3,3,3,3,3,3,3,2,2,2,2,3,1,3,3,2
LIF,21,26,27,25,26,26,20,19,24,21,18,15,15,15,15,15,15,14,14,16
LIG,0,0,0,0,0,0,0,0,0,0,1,1,1,1,1,1,2,1,2,3
LIH,5,6,5,5,5,5,5,5,5,5,0,0,0,0,0,0,0,0,0,0
LIL,0,0,0,0,0,0,0,0,0,0,1,1,1,1,1,1,2,1,2,3
LIM,4,4,4,4,4,4,4,4,4,4,4,5,6,4,4,5,4,4,4,5
LIN,0,0,0,0,0,0,0,0,0,0,1,1,1,1,1,1,2,1,2,3
LIR,5,6,5,5,5,5,5,5,5,5,0,0,0,0,0,0,0,0,0,0
LIS,0,0,0,0,0,0,0,0,0,0,1,1,1,1,1,1,2,1,2,3
LIT,5,6,5,5,5,5,5,5,5,5,0,0,0,0,0,0,0,0,0,0
LJA,1,24,1,1,1,1,1,1,1,1,8,3,5,6,6,2,5,2,1,1
LJG,3,3,3,3,3,3,3,3,3,3,3,2,2,2,2,3,1,3,3,2
LJU,0,0,0,0,0,0,0,0,0,0,1,1,1,1,1,1,2,1,2,3
LKB,7,8,7,7,7,7,7,7,10,7,5,4,4,5,5,4,8,5,5,4
LKE,23,13,17,27,28,28,22,21,27,23,19,18,16,16,16,17,16,18,17,18
LKG,16,1,22,21,21,21,15,15,1,1,17,16,5,6,6,14,5,15,15,15
LKH,3,1,1,3,7,3,3,7,3,3,2,2,2,2,2,3,1,3,3,2
LKL,15,19,19,18,18,19,14,14,16,15,12,11,11,12,12,11,12,11,11,11
LKN,15,19,19,18,18,19,14,14,16,15,12,11,11,12,12,11,12,11,11,11
LKO,1,1,1,1,1,1,1,1,1,1,2,3,3,3,3,2,3,2,1,1
LLA,0,0,0,0,0,0,0,0,0,0,1,1,1,1,1,1,2,1,2,3
LLB,3,3,3,3,3,3,3,3,3,3,3,2,2,2,2,3,1,3,3,2
LLF,3,3,3,3,3,3,3,3,3,3,3,2,2,2,2,3,1,3,3,2
LLI,1,1,1,1,1,1,1,1,1,1,8,3,5,6,6,2,5,2,1,1
LLK,2,2,2,2,2,2,2,2,2,2,7,7,3,3,3,7,6,7,6,7
LLU,11,12,21,12,11,20,10,10,12,11,10,9,9,9,9,9,10,9,9,9
LLW,1,1,1,1,1,1,1,1,1,1,8,3,5,6,6,2,5,2,1,1
LMA,6,7,6,6,6,6,6,6,11,6,6,6,7,7,7,6,7,6,7,6
LMC,5,6,5,5,4,5,4,4,5,5,4,0,0,4,4,0,4,4,4,0
LMM,5,6,5,5,5,5,5,4,5,5,0,0,0,0,0,0,0,0,0,0
LMN,3,1,1,3,7,3,3,7,3,3,2,2,2,2,2,3,1,3,3,2
LMP,0,0,0,0,0,0,0,0,0,0,1,1,1,1,1,1,2,1,2,3
LMT,5,6,5,5,5,5,5,5,5,5,0,0,0,0,0,0,0,0,0,0
LNB,7,8,7,7,7,7,7,7,10,7,5,4,4,5,5,4,8,5,5,4
LNE,7,8,7,7,7,7,7,7,10,7,5,4,4,5,5,4,8,5,5,4
LNJ,3,3,3,3,3,3,3,3,3,3,3,2,2,2,2,3,1,3,3,2
LNK,5,6,5,5,5,5,5,5,5,5,0,0,0,0,0,0,0,0,0,0
LNS,5,6,5,5,5,5,5,5,5,5,0,0,0,0,0,0,0,0,0,0
LNV,7,8,7,7,7,7,7,7,10,7,5,4,4,5,5,4,8,5,5,4
LNY,5,6,5,5,5,5,5,5,5,5,0,0,0,0,0,0,0,0,0,0
LNZ,0,0,0,0,0,0,0,0,0,0,1,1,1,1,1,1,2,1,2,3
LOD,7,8,7,7,7,7,7,7,10,7,5,4,4,5,5,4,8,5,5,4
LOE,3,3,3,3,3,3,3,3,3,3,3,2,2,2,2,3,1,3,3,2
LOH,4,4,5,5,4,5,4,4,5,5,4,0,0,4,4,0,4,4,4,0
LOK,1,1,1,1,1,1,1,1,1,1,2,3,5,6,6,2,5,2,1,1
LOP,3,1,1,3,7,3,3,7,3,3,2,2,2,2,2,3,1,3,3,2
LOS,1,24,1,1,1,1,1,1,1,1,8,3,5,6,6,2,5,2,1,1
LPA,0,0,0,0,0,0,0,0,0,0,1,1,1,1,1,1,2,1,2,3
LPB,4,4,4,4,4,4,4,4,4,4,4,5,6,4,4,5,4,4,4,5
LPD,9,10,9,9,4,9,4,4,8,9,4,20,18,4,4,19,4,4,4,21
LPI,0,0,0,0,0,0,0,0,0,0,1,1,1,1,1,1,2,1,2,3
LPL,0,0,0,0,0,0,0,0,0,0,1,1,1,1,1,1,2,1,2,3
LPM,7,8,7,7,7,7,7,7,10,7,5,4,4,5,5,4,8,5,5,4
LPP,0,0,0,0,0,0,0,0,0,0,1,1,1,1,1,1,2,1,2,3
LPQ,3,3,3,3,3,3,3,3,3,3,3,2,2,2,2,3,1,3,3,2
LPS,23,13,17,27,28,28,22,21,27,23,19,18,16,16,16,17,16,18,17,18
LPT,3,3,1,3,3,3,3,3,3,3,3,2,2,2,2,3,1,3,3,2
LPY,0,0,0,0,0,0,0,0,0,0,1,1,1,1,1,1,2,1,2,3
LQM,5,6,5,5,4,5,4,4,5,5,4,0,0,4,4,0,4,4,4,0
LRD,5,6,5,5,5,5,5,5,5,5,0,0,0,0,0,0,0,0,0,0
LRE,7,8,7,7,7,7,7,7,3,7,5,4,4,5,5,4,1,5,5,4
LRH,0,0,0,0,0,0,0,0,0,0,1,1,1,1,1,1,2,1,2,3
LRM,5,6,5,5,5,5,5,5,5,5,0,0,0,0,0,0,0,0,0,0
LRR,1,1,1,1,1,1,1,1,1,1,2,3,3,3,3,2,3,2,1,1
LRS,0,0,0,0,0,0,0,0,0,0,1,1,1,1,1,1,2,1,2,3
LRT,0,0,0,0,0,0,0,0,0,0,1,1,1,1,1,1,2,1,2,3
LSA,7,8,7,7,7,7,7,7,10,7,5,4,4,5,5,4,8,5,5,4
LSC,4,4,4,4,4,4,4,4,4,4,4,5,6,4,4,5,4,4,4,5
LSE,5,6,5,5,5,5,5,5,5,5,0,0,0,0,0,0,0,0,0,0
LSI,0,0,0,0,0,0,0,0,0,0,1,1,1,1,1,1,2,1,2,3
LSP,5,6,5,5,4,5,5,5,5,5,0,0,0,0,0,0,0,0,0,0
LST,7,8,7,7,7,7,7,7,3,7,5,4,4,5,5,4,1,5,5,4
LSY,7,8,7,7,7,7,7,7,3,7,5,4,4,5,5,4,1,5,5,4
LTD,1,1,1,1,1,1,1,1,1,1,2,3,3,3,3,2,3,2,1,1
LTI,3,3,2,3,3,3,3,3,2,3,3,2,2,2,2,3,6,7,6,2
LTN,0,0,0,0,0,0,0,0,0,0,1,1,1,1,1,1,2,1,2,3
LTO,5,6,5,5,5,5,5,5,5,5,0,0,0,0,0,0,0,0,0,0
LTX,4,4,5,5,4,5,4,4,5,5,4,0,0,4,4,0,4,4,4,0
LUD,1,24,1,1,1,1,1,1,1,1,8,3,5,6,6,2,5,2,1,1
LUG,0,0,0,0,0,0,0,0,0,0,1,1,1,1,1,1,2,1,2,3
LUH,1,1,1,1,1,1,1,1,1,1,2,3,3,3,3,2,3,2,1,1
LUK,5,6,5,5,5,5,5,5,5,5,0,0,0,0,0,0,0,0,0,0
LUM,3,3,3,3,3,3,3,3,3,3,3,2,2,2,2,3,1,3,3,2
LUN,1,24,1,1,1,1,1,1,1,1,8,3,5,6,6,2,5,2,1,1
LUO,1,24,1,1,1,1,1,1,1,1,8,3,5,6,6,2,5,2,1,1
LUQ,4,4,4,4,4,4,4,4,4,4,4,5,6,4,4,5,4,4,4,5
LUR,6,7,6,6,6,6,6,6,11,6,6,6,7,7,7,6,7,6,7,6
LUV,3,1,1,3,7,3,3,7,3,3,2,2,2,2,2,3,1,3,3,2
LUW,3,1,1,3,7,3,3,7,3,3,2,2,2,2,2,3,1,3,3,2
LUX,0,0,0,0,0,0,0,0,0,0,1,1,1,1,1,1,2,1,2,3
LUZ,0,0,0,0,0,0,0,0,0,0,1,1,1,1,1,1,2,1,2,3
LVI,1,24,1,1,1,1,1,1,1,1,8,3,5,6,6,2,5,2,1,1
LWB,5,6,5,5,5,5,5,5,5,5,0,0,0,0,0,0,0,0,0,0
LWN,2,2,2,2,2,2,2,2,2,2,7,7,3,3,3,7,6,7,6,7
LWO,0,0,0,0,0,0,0,0,0,0,1,1,1,1,1,1,2,1,2,3
LWS,5,6,5,5,5,5,5,5,5,5,0,0,0,0,0,0,0,0,0,0
LWY,3,1,1,3,7,3,3,7,3,3,2,2,2,2,2,3,1,3,3,2
LXA,3,3,3,3,3,3,3,3,3,3,3,2,2,2,2,3,1,3,3,2
LXG,3,3,3,3,3,3,3,3,3,3,3,2,2,2,2,3,1,3,3,2
LXR,1,1,1,1,1,1,1,1,1,1,2,3,3,3,3,2,3,2,1,1
LXS,0,0,0,0,0,0,0,0,0,0,1,1,1,1,1,1,2,1,2,3
LYA,3,3,3,3,3,3,3,3,3,3,3,2,2,2,2,3,1,3,3,2
LYB,5,6,5,5,5,5,5,5,5,5,0,0,0,0,0,0,0,0,0,0
LYC,0,0,0,0,0,0,0,0,0,0,1,1,1,1,1,1,2,1,2,3
LYG,3,3,3,3,3,3,3,3,3,3,3,2,2,2,2,3,1,3,3,2
LYH,5,6,5,5,5,5,5,5,5,5,0,0,0,0,0,0,0,0,0,0
LYI,3,3,3,3,3,3,3,3,3,3,3,2,2,2,2,3,1,3,3,2
LYP,1,1,1,1,1,1,1,1,1,1,2,3,3,3,3,2,3,2,1,1
LYR,15,19,19,18,18,19,14,14,16,15,12,11,11,12,12,11,12,11,11,11
LYS,0,0,0,0,0,0,0,0,0,0,1,1,1,1,1,1,2,1,2,3
LZC,5,6,5,5,5,5,5,4,5,5,0,0,0,0,0,0,0,0,0,0
LZH,3,3,3,3,3,3,3,3,3,3,3,2,2,2,2,3,1,3,3,2
LZO,3,3,3,3,3,3,3,3,3,3,3,2,2,2,2,3,1,3,3,2
LZY,3,3,3,3,3,3,3,3,3,3,3,2,2,2,2,3,1,3,3,2
MAA,1,1,1,1,1,1,1,1,1,1,2,3,3,3,3,2,3,2,1,1
MAB,4,4,4,4,4,4,4,4,4,4,4,5,6,4,4,5,4,4,4,5
MAD,0,0,0,0,0,0,0,0,0,0,1,1,1,1,1,1,2,1,2,3
MAF,5,6,5,5,5,5,5,5,5,5,0,0,0,0,0,0,0,0,0,0
MAG,7,8,7,7,7,7,7,7,10,7,5,4,4,5,5,4,8,5,5,4
MAH,0,0,0,0,0,0,0,0,0,0,1,1,1,1,1,1,2,1,2,3
MAJ,7,8,7,7,7,7,7,7,10,7,5,4,4,5,5,4,8,5,5,4
MAM,5,6,5,5,5,5,5,4,5,5,0,0,0,0,0,0,0,0,0,0
MAN,0,0,0,0,0,0,0,0,0,0,1,1,1,1,1,1,2,1,2,3
MAO,4,4,4,4,4,4,4,4,4,4,4,5,6,4,4,5,4,4,4,5
MAQ,3,3,3,3,3,3,3,3,3,3,3,2,2,2,2,3,1,3,3,2
MAR,5,6,5,5,4,5,5,4,5,5,0,0,0,0,0,0,0,0,0,0
MAS,7,8,7,7,7,7,7,7,10,7,5,4,4,5,5,4,8,5,5,4
MAU,12,14,14,14,13,14,11,11,10,12,11,10,10,10,11,10,8,5,5,10
MAZ,5,6,5,5,5,5,5,5,5,5,0,0,0,0,0,0,0,0,0,0
MBA,1,1,1,1,1,1,1,1,1,1,2,3,5,6,6,2,5,2,1,1
MBE,3,3,3,3,3,3,3,3,3,3,3,2,2,2,2,3,1,3,3,2
MBI,1,1,1,1,1,1,1,1,1,1,2,3,5,6,6,2,5,2,1,1
MBJ,5,6,5,5,5,5,5,5,5,5,0,0,0,0,0,0,0,0,0,0
MBL,5,6,5,5,5,5,5,5,5,5,0,0,0,0,0,0,0,0,0,0
MBS,5,6,5,5,5,5,5,5,5,5,0,0,0,0,0,0,0,0,0,0
MBT,3,3,3,3,7,3,3,7,3,3,3,2,2,2,2,3,1,3,3,2
MCE,5,6,5,5,5,5,5,5,5,5,0,0,0,0,0,0,0,0,0,0
MCG,6,7,6,6,6,6,6,6,11,6,6,6,7,7,7,6,7,6,7,6
MCI,5,6,5,5,5,5,5,5,5,5,0,0,0,0,0,0,0,0,0,0
MCK,5,6,5,5,5,5,5,5,5,5,0,0,0,0,0,0,0,0,0,0
MCM,0,0,0,0,0,0,0,0,0,0,1,1,1,1,1,1,2,1,2,3
MCN,5,6,5,5,5,5,5,5,5,5,0,0,0,0,0,0,0,0,0,0
MCO,5,6,5,5,5,5,5,5,5,5,0,0,0,0,0,0,0,0,0,0
MCP,4,4,4,4,4,4,4,4,4,4,4,5,6,4,4,5,4,4,4,5
MCT,1,1,1,1,1,1,1,1,1,1,2,3,3,3,3,2,3,2,1,1
MCV,7,8,7,7,7,7,7,7,3,7,5,4,4,5,5,4,1,5,5,4
MCX,2,2,2,2,2,2,2,2,2,2,7,7,3,3,3,7,6,7,6,7
MCY,7,8,7,7,7,7,7,7,3,7,5,4,4,5,5,4,1,5,5,4
MCZ,4,4,4,4,4,4,4,4,4,4,4,5,6,4,4,5,4,4,4,5
MDC,3,1,1,3,7,3,3,7,3,3,2,2,2,2,2,3,1,3,3,2
MDE,5,6,5,5,4,5,4,4,5,5,4,0,0,4,4,0,4,4,4,0
MDG,3,3,3,3,3,3,3,3,3,3,3,2,2,2,2,3,1,3,3,2
MDK,1,24,1,1,1,1,1,1,1,1,8,3,5,6,6,2,5,2,1,1
MDL,3,3,3,3,3,3,3,3,3,3,3,2,2,2,2,3,1,3,3,2
MDQ,4,4,4,4,4,4,4,4,4,4,4,5,6,4,4,5,4,4,4,5
MDT,5,6,5,5,5,5,5,5,5,5,0,0,0,0,0,0,0,0,0,0
MDU,7,8,7,7,7,7,7,7,10,7,5,4,4,5,5,4,8,5,5,4
MDW,5,6,5,5,5,5,5,5,5,5,0,0,0,0,0,0,0,0,0,0
MDZ,4,4,4,4,4,4,4,4,4,4,4,5,6,4,4,5,4,4,4,5
MEA,4,4,4,4,4,4,4,4,4,4,4,5,6,4,4,5,4,4,4,5
MEB,7,8,7,7,7,7,7,7,3,7,5,4,4,5,5,4,1,5,5,4
MEC,4,4,5,5,4,5,4,4,5,5,4,0,0,4,4,0,4,4,4,0
MED,1,1,1,1,1,1,1,1,1,1,2,3,3,3,3,2,3,2,1,1
MEE,21,26,27,25,26,26,20,19,24,21,18,15,15,15,15,15,15,14,14,16
MEG,1,24,1,1,1,1,1,1,1,1,8,3,5,6,6,2,5,2,1,1
MEH,15,19,19,18,18,19,14,14,16,15,12,11,11,12,12,11,12,11,11,11
MEI,5,6,5,5,5,5,5,5,5,5,0,0,0,0,0,0,0,0,0,0
MEL,7,8,7,7,7,7,7,7,3,7,5,4,4,5,5,4,1,5,5,4
MEM,5,6,5,5,5,5,5,5,5,5,0,0,0,0,0,0,0,0,0,0
MEU,4,4,4,4,4,4,4,4,4,4,4,5,6,4,4,5,4,4,4,5
MEX,5,6,5,5,5,5,5,4,5,5,0,0,0,0,0,0,0,0,0,0
MFE,5,6,5,5,5,5,5,5,5,5,0,0,0,0,0,0,0,0,0,0
MFM,3,3,3,3,3,3,3,3,3,3,3,2,2,2,2,3,1,3,3,2
MFR,5,6,5,5,5,5,5,5,5,5,0,0,0,0,0,0,0,0,0,0
MFU,1,24,1,1,1,1,1,1,1,1,8,3,5,6,6,2,5,2,1,1
MGA,5,6,5,5,5,5,5,4,5,5,0,0,0,0,0,0,0,0,0,0
MGB,7,8,7,7,7,7,7,7,3,7,5,4,4,5,5,4,1,5,5,4
MGF,4,4,4,4,4,4,4,4,4,4,4,5,6,4,4,5,4,4,4,5
MGH,1,24,1,1,1,1,1,1,1,1,8,3,5,6,6,2,5,2,1,1
MGM,5,6,5,5,5,5,5,5,5,5,0,0,0,0,0,0,0,0,0,0
MGQ,1,1,1,1,1,1,1,1,1,1,2,3,5,6,6,2,5,2,1,1
MGS,7,8,7,7,7,7,7,7,10,7,5,4,4,5,5,4,8,5,5,4
MGT,7,8,7,7,7,7,7,7,3,7,5,4,4,5,5,4,1,5,5,4
MGW,5,6,5,5,5,5,5,5,5,5,0,0,0,0,0,0,0,0,0,0
MGZ,3,3,3,3,3,3,3,3,3,3,3,2,2,2,2,3,1,3,3,2
MHC,4,4,4,4,4,4,4,4,4,4,4,5,6,4,4,5,4,4,4,5
MHD,1,1,1,1,1,1,1,1,1,1,2,3,3,3,3,2,3,2,1,1
MHG,0,0,0,0,0,0,0,0,0,0,1,1,1,1,1,1,2,1,2,3
MHH,5,6,5,5,5,5,5,5,5,5,0,0,0,0,0,0,0,0,0,0
MHK,5,6,5,5,5,5,5,5,5,5,0,0,0,0,0,0,0,0,0,0
MHQ,0,0,0,0,0,0,0,0,0,0,1,1,1,1,1,1,2,1,2,3
MHT,5,6,5,5,5,5,5,5,5,5,0,0,0,0,0,0,0,0,0,0
MIA,5,6,5,5,5,5,5,5,5,5,0,0,0,0,0,0,0,0,0,0
MID,5,6,5,5,5,5,5,4,5,5,0,0,0,0,0,0,0,0,0,0
MIG,3,3,3,3,3,3,3,3,3,3,3,2,2,2,2,3,1,3,3,2
MII,4,4,4,4,4,4,4,4,4,4,4,5,6,4,4,5,4,4,4,5
MIM,7,8,7,7,7,7,7,7,3,7,5,4,4,5,5,4,1,5,5,4
MIR,0,0,0,0,0,0,0,0,0,0,1,1,1,1,1,1,2,1,2,3
MIS,7,8,7,7,7,7,7,7,10,7,5,4,4,5,5,4,8,5,5,4
MJD,1,1,1,1,1,1,1,1,1,1,2,3,3,3,3,2,3,2,1,1
MJF,15,19,19,18,18,19,14,14,16,15,12,11,11,12,12,11,12,11,11,11
MJM,1,24,1,1,1,1,1,1,1,1,8,3,5,6,6,2,5,2,1,1
MJN,1,1,20,1,1,1,1,1,1,1,15,3,5,6,6,2,5,2,1,1
MJT,0,0,0,0,0,0,0,0,0,0,1,1,1,1,1,1,2,1,2,3
MJU,3,1,1,3,7,3,3,7,3,3,2,2,2,2,2,3,1,3,3,2
MJV,0,0,0,0,0,0,0,0,0,0,1,1,1,1,1,1,2,1,2,3
MJZ,2,2,2,2,2,2,2,2,2,2,7,7,3,3,3,7,6,7,6,7
MKE,5,6,5,5,5,5,5,5,5,5,0,0,0,0,0,0,0,0,0,0
MKG,5,6,5,5,5,5,5,5,5,5,0,0,0,0,0,0,0,0,0,0
MKK,5,6,5,5,5,5,5,5,5,5,0,0,0,0,0,0,0,0,0,0
MKL,5,6,5,5,5,5,5,5,5,5,0,0,0,0,0,0,0,0,0,0
MKM,3,1,1,3,7,3,3,7,3,3,2,2,2,2,2,3,1,3,3,2
MKP,12,14,14,14,13,14,11,11,10,12,11,10,10,10,11,10,8,5,5,10
MKQ,3,1,1,3,7,3,3,7,3,3,2,2,2,2,2,3,1,3,3,2
MKW,3,1,1,3,7,3,3,7,3,3,2,2,2,2,2,3,1,3,3,2
MKY,7,8,7,7,7,7,7,7,3,7,5,4,4,5,5,4,1,5,5,4
MLA,0,0,0,0,0,0,0,0,0,0,1,1,1,1,1,1,2,1,2,3
MLB,5,6,5,5,5,5,5,5,5,5,0,0,0,0,0,0,0,0,0,0
MLE,1,1,1,1,1,1,1,1,1,1,2,3,3,3,3,2,3,2,1,1
MLG,3,1,1,3,7,3,3,7,3,3,2,2,2,2,2,3,1,3,3,2
MLH,0,0,0,0,0,0,0,0,0,0,1,1,1,1,1,1,2,1,2,3
MLI,5,6,5,5,5,5,5,5,5,5,0,0,0,0,0,0,0,0,0,0
MLL,6,7,6,6,6,6,6,6,11,6,6,6,7,7,7,6,7,6,7,6
MLM,5,6,5,5,5,5,5,5,5,5,0,0,0,0,0,0,0,0,0,0
MLN,0,0,0,0,0,0,0,0,0,0,1,1,1,1,1,1,2,1,2,3
MLO,0,0,0,0,0,0,0,0,0,0,1,1,1,1,1,1,2,1,2,3
MLU,5,6,5,5,5,5,5,5,5,5,0,0,0,0,0,0,0,0,0,0
MLW,1,24,1,1,1,1,1,1,1,1,8,3,5,6,6,2,5,2,1,1
MLX,1,0,1,1,0,1,1,1,0,0,2,3,3,3,3,2,3,2,1,1
MLY,6,7,6,6,6,6,6,6,11,6,6,6,7,7,7,6,7,6,7,6
MMB,3,3,3,3,3,3,3,3,3,3,3,2,2,2,2,3,1,3,3,2
MME,0,0,0,0,0,0,0,0,0,0,1,1,1,1,1,1,2,1,2,3
MMH,5,6,5,5,5,5,5,5,5,5,0,0,0,0,0,0,0,0,0,0
MMJ,3,3,3,3,3,3,3,3,3,3,3,2,2,2,2,3,1,3,3,2
MMK,2,2,2,2,2,2,2,2,2,2,7,7,3,3,3,7,6,7,6,7
MMO,0,24,0,1,1,1,1,0,1,1,8,3,5,6,6,2,5,2,1,1
MMU,5,6,5,5,5,5,5,5,5,5,0,0,0,0,0,0,0,0,0,0
MMX,0,0,0,0,0,0,0,0,0,0,1,1,1,1,1,1,2,1,2,3
MMY,3,3,3,3,3,3,3,3,3,3,3,2,2,2,2,3,1,3,3,2
MNA,3,1,1,3,7,3,3,7,3,3,2,2,2,2,2,3,1,3,3,2
MNG,7,8,7,7,7,7,7,7,3,7,5,4,4,5,5,4,1,5,5,4
MNL,3,3,3,3,7,3,3,7,3,3,3,2,2,2,2,3,1,3,3,2
MNS,1,24,1,1,1,1,1,1,1,1,8,3,5,6,6,2,5,2,1,1
MNT,6,7,6,6,6,6,6,6,11,6,6,6,7,7,7,6,7,6,7,6
MOB,5,6,5,5,5,5,5,5,5,5,0,0,0,0,0,0,0,0,0,0
MOC,4,4,4,4,4,4,4,4,4,4,4,5,6,4,4,5,4,4,4,5
MOD,5,6,5,5,5,5,5,5,5,5,0,0,0,0,0,0,0,0,0,0
MOF,3,1,1,3,7,3,3,7,3,3,2,2,2,2,2,3,1,3,3,2
MOI,7,8,7,7,7,7,7,7,10,7,5,4,4,5,5,4,8,5,5,4
MOL,0,0,0,0,0,0,0,0,0,0,1,1,1,1,1,1,2,1,2,3
MOQ,1,1,20,1,1,1,1,1,1,1,15,3,5,6,6,2,5,2,1,1
MOT,5,6,5,5,5,5,5,5,5,5,0,0,0,0,0,0,0,0,0,0
MOU,6,7,6,6,6,6,6,6,11,6,6,6,7,7,7,6,7,6,7,6
MOV,7,8,7,7,7,7,7,7,3,7,5,4,4,5,5,4,1,5,5,4
MOZ,12,14,14,14,13,14,11,11,10,12,11,10,10,10,11,10,8,5,5,10
MPA,24,16,28,28,29,16,23,22,13,24,23,23,20,19,20,22,18,21,19,25
MPH,3,3,3,3,7,3,3,7,3,3,3,2,2,2,2,3,1,3,3,2
MPL,0,0,0,0,0,0,0,0,0,0,1,1,1,1,1,1,2,1,2,3
MPM,1,24,1,1,1,1,1,1,1,1,8,3,5,6,6,2,5,2,1,1
MPN,4,4,4,4,4,4,4,4,4,4,4,5,6,4,4,5,4,4,4,5
MPP,10,11,10,10,9,10,9,9,9,10,14,13,13,13,13,12,13,12,12,13
MQF,2,2,2,2,2,2,2,2,2,2,7,7,3,3,3,7,6,7,6,7
MQH,4,4,4,4,4,4,4,4,4,4,4,5,6,4,4,5,4,4,4,5
MQJ,2,2,2,2,2,2,2,2,2,2,7,7,3,3,3,7,6,7,6,7
MQL,7,8,7,7,7,7,7,7,3,7,5,4,4,5,5,4,1,5,5,4
MQM,1,0,1,1,0,1,1,1,0,0,2,3,3,3,3,2,3,2,1,1
MQN,15,19,19,18,18,19,14,14,16,15,12,11,11,12,12,11,12,11,11,11
MQP,1,24,1,1,1,1,1,1,1,1,8,3,5,6,6,2,5,2,1,1
MQT,5,6,5,5,5,5,5,5,5,5,0,0,0,0,0,0,0,0,0,0
MQX,1,1,1,1,1,1,1,1,1,1,8,3,5,6,6,2,5,2,1,1
MRA,1,1,1,1,1,1,1,1,1,1,2,3,3,3,3,2,3,2,1,1
MRD,5,24,5,5,4,5,5,4,5,5,0,0,0,0,0,0,0,0,0,0
MRE,16,1,22,21,21,21,15,15,1,1,17,16,5,6,6,14,5,15,15,15
MRS,0,0,0,0,0,0,0,0,0,0,1,1,1,1,1,1,2,1,2,3
MRU,1,1,1,1,1,1,1,1,1,1,2,3,5,6,6,2,5,2,1,1
MRV,2,2,2,2,2,2,2,2,2,2,7,7,3,3,3,7,6,7,6,7
MRX,1,1,1,1,1,1,1,1,1,1,2,3,3,3,3,2,3,2,1,1
MRY,5,6,5,5,5,5,5,5,5,5,0,0,0,0,0,0,0,0,0,0
MRZ,7,8,7,7,7,7,7,7,3,7,5,4,4,5,5,4,1,5,5,4
MSA,26,18,12,30,20,18,25,24,25,14,9,8,8,11,8,8,9,10,10,12
MSJ,3,3,3,3,3,3,3,3,3,3,3,2,2,2,2,3,1,3,3,2
MSL,5,6,5,5,5,5,5,5,5,5,0,0,0,0,0,0,0,0,0,0
MSN,5,6,5,5,5,5,5,5,5,5,0,0,0,0,0,0,0,0,0,0
MSO,5,6,5,5,5,5,5,5,5,5,0,0,0,0,0,0,0,0,0,0
MSP,5,6,5,5,5,5,5,5,5,5,0,0,0,0,0,0,0,0,0,0
MSQ,2,0,2,2,0,0,2,2,0,0,7,7,3,3,3,7,6,7,6,7
MSR,1,0,1,1,0,1,1,1,0,0,2,3,3,3,3,2,3,2,1,1
MSS,5,6,5,5,5,5,5,5,5,5,0,0,0,0,0,0,0,0,0,0
MST,0,0,0,0,0,0,0,0,0,0,1,1,1,1,1,1,2,1,2,3
MSU,1,24,1,1,1,1,1,1,1,1,8,3,5,6,6,2,5,2,1,1
MSW,1,1,1,1,1,1,1,1,1,1,2,3,3,3,3,2,3,2,1,1
MSY,5,6,5,5,5,5,5,5,5,5,0,0,0,0,0,0,0,0,0,0
MSZ,1,24,1,1,1,1,1,1,1,1,8,3,5,6,6,2,5,2,1,1
MTE,4,4,4,4,4,4,4,4,4,4,4,5,6,4,4,5,4,4,4,5
MTJ,5,6,5,5,5,5,5,5,5,5,0,0,0,0,0,0,0,0,0,0
MTM,6,7,6,13,12,6,6,6,11,6,6,6,7,7,7,6,7,6,7,6
MTR,5,6,5,5,4,5,4,4,5,5,4,0,0,4,4,0,4,4,4,0
MTS,1,24,1,1,1,1,1,1,1,1,8,3,5,6,6,2,5,2,1,1
MTT,5,6,5,5,5,5,5,4,5,5,0,0,0,0,0,0,0,0,0,0
MTV,7,8,7,7,7,7,7,7,10,7,5,4,4,5,5,4,8,5,5,4
MTY,5,6,5,5,5,5,5,4,5,5,0,0,0,0,0,0,0,0,0,0
MUA,7,8,7,7,7,7,7,7,10,7,5,4,4,5,5,4,8,5,5,4
MUB,1,24,1,1,1,1,1,1,1,1,8,3,5,6,6,2,5,2,1,1
MUC,0,0,0,0,0,0,0,0,0,0,1,1,1,1,1,1,2,1,2,3
MUE,5,6,5,5,5,5,5,5,5,5,0,0,0,0,0,0,0,0,0,0
MUK,7,8,7,7,7,7,7,7,10,7,5,4,4,5,5,4,8,5,5,4
MUN,5,24,5,5,4,5,5,4,5,5,0,0,0,0,0,0,0,0,0,0
MUR,3,1,1,3,7,3,3,7,3,3,2,2,2,2,2,3,1,3,3,2
MUW,0,0,0,0,0,0,0,0,0,0,1,1,1,1,1,1,2,1,2,1
MUX,1,1,1,1,1,1,1,1,1,1,2,3,3,3,3,2,3,2,1,1
MVD,4,4,4,4,4,4,4,4,4,4,4,5,6,4,4,5,4,4,4,5
MVP,5,6,5,5,4,5,4,4,5,5,4,0,0,4,4,0,4,4,4,0
MVR,1,24,1,1,1,1,1,1,1,1,8,3,5,6,6,2,5,2,1,1
MVT,12,14,14,14,13,14,11,11,10,12,11,10,10,10,11,10,8,5,5,10
MVY,5,6,5,5,5,5,5,5,5,5,0,0,0,0,0,0,0,0,0,0
MWA,5,6,5,5,5,5,5,5,5,5,0,0,0,0,0,0,0,0,0,0
MWF,7,8,7,7,7,7,7,7,10,7,5,4,4,5,5,4,8,5,5,4
MWX,3,3,3,3,3,3,3,3,3,3,3,2,2,2,2,3,1,3,3,2
MWZ,1,1,1,1,1,1,1,1,1,1,2,3,5,6,6,2,5,2,1,1
MXH,7,8,7,7,7,7,7,7,10,7,5,4,4,5,5,4,8,5,5,4
MXL,5,6,5,5,5,5,5,4,5,5,0,0,0,0,0,0,0,0,0,0
MXP,0,0,0,0,0,0,0,0,0,0,1,1,1,1,1,1,2,1,2,3
MXV,3,3,2,3,3,3,3,3,2,3,3,2,2,2,2,3,6,7,6,2
MXX,0,0,0,0,0,0,0,0,0,0,1,1,1,1,1,1,2,1,2,3
MXZ,3,3,3,3,3,3,3,3,3,3,3,2,2,2,2,3,1,3,3,2
MYA,7,8,7,7,7,7,7,7,3,7,5,4,4,5,5,4,1,5,5,4
MYD,16,1,22,21,21,21,15,15,1,1,17,16,5,6,6,14,5,15,15,15
MYG,5,6,5,5,5,5,5,5,5,5,0,0,0,0,0,0,0,0,0,0
MYJ,3,3,3,3,3,3,3,3,3,3,3,2,2,2,2,3,1,3,3,2
MYQ,1,1,1,1,1,1,1,1,1,1,2,3,3,3,3,2,3,2,1,1
MYR,5,6,5,5,5,5,5,5,5,5,0,0,0,0,0,0,0,0,0,0
MYT,3,3,3,3,3,3,3,3,3,3,3,2,2,2,2,3,1,3,3,2
MYU,6,7,6,6,6,6,6,6,11,6,6,6,7,7,7,6,7,6,7,6
MYW,1,1,1,1,1,1,1,1,1,1,2,3,5,6,6,2,5,2,1,1
MYY,3,1,1,3,7,3,3,7,3,3,2,2,2,2,2,3,1,3,3,2
MZG,3,3,3,3,3,3,3,3,3,3,3,2,2,2,2,3,1,3,3,2
MZH,1,0,1,1,0,1,1,1,0,0,2,3,3,3,3,2,3,2,1,1
MZL,5,6,5,5,4,5,4,4,5,5,4,0,0,4,4,0,4,4,4,0
MZR,1,1,1,1,1,1,1,1,1,1,2,3,3,3,3,2,3,2,1,1
MZT,5,6,5,5,5,5,5,4,5,5,0,0,0,0,0,0,0,0,0,0
MZV,3,1,1,3,7,3,3,7,3,3,2,2,2,2,2,3,1,3,3,2
MZW,0,0,0,0,0,0,0,0,0,0,1,1,1,1,1,1,2,1,2,1
NAG,1,1,1,1,1,1,1,1,1,1,2,3,3,3,3,2,3,2,1,1
NAH,3,1,1,3,7,3,3,7,3,3,2,2,2,2,2,3,1,3,3,2
NAJ,1,2,1,1,2,2,1,2,2,2,7,7,3,3,3,7,6,7,6,7
NAN,7,8,7,7,7,7,7,7,10,7,5,4,4,5,5,4,8,5,5,4
NAO,3,3,3,3,3,3,3,3,3,3,3,2,2,2,2,3,1,3,3,2
NAP,0,0,0,0,0,0,0,0,0,0,1,1,1,1,1,1,2,1,2,3
NAQ,11,12,21,12,11,20,10,10,12,11,10,9,9,9,9,9,10,9,9,9
NAS,5,6,5,5,5,5,5,5,5,5,0,0,0,0,0,0,0,0,0,0
NAT,4,4,4,4,4,4,4,4,4,4,4,5,6,4,4,5,4,4,4,5
NAV,1,0,1,1,0,1,1,1,0,0,2,3,3,3,3,2,3,2,1,1
NAW,3,3,3,3,3,3,3,3,3,3,3,2,2,2,2,3,1,3,3,2
NAY,3,3,3,3,3,3,3,3,3,3,3,2,2,2,2,3,1,3,3,2
NBC,2,2,2,2,2,2,2,2,2,2,7,7,3,3,3,7,6,7,6,7
NBE,0,0,0,0,0,0,0,0,0,0,1,1,1,1,1,1,2,1,2,3
NBO,1,1,1,1,1,1,1,1,1,1,2,3,5,6,6,2,5,2,1,1
NBS,3,3,3,3,3,3,3,3,3,3,3,2,2,2,2,3,1,3,3,2
NBX,3,1,1,3,7,3,3,7,3,3,2,2,2,2,2,3,1,3,3,2
NCE,0,0,0,0,0,0,0,0,0,0,1,1,1,1,1,1,2,1,2,3
NCL,0,0,0,0,0,0,0,0,0,0,1,1,1,1,1,1,2,1,2,3
NCU,2,2,2,2,2,2,2,2,2,2,7,7,3,3,3,7,6,7,6,7
NDB,0,24,1,1,1,1,1,0,1,1,8,3,5,6,6,2,5,2,1,1
NDG,3,3,3,3,3,3,3,3,3,3,3,2,2,2,2,3,1,3,3,2
NDJ,1,24,1,1,1,1,1,1,1,1,8,3,5,6,6,2,5,2,1,1
NDR,0,0,0,0,0,0,0,0,0,0,1,1,1,1,1,1,2,1,2,3
NDU,24,16,28,28,29,16,23,22,13,24,23,23,20,19,20,22,18,21,19,25
NDY,8,9,8,8,8,8,8,8,7,8,20,19,17,17,17,18,17,19,18,19
NER,2,2,2,2,2,2,2,2,2,2,7,7,3,3,3,7,6,7,6,7
NEV,5,6,5,5,4,5,5,5,5,5,0,0,0,0,0,0,0,0,0,0
NGB,3,3,3,3,3,3,3,3,3,3,3,2,2,2,2,3,1,3,3,2
NGE,1,24,1,1,1,1,1,1,1,1,8,3,5,6,6,2,5,2,1,1
NGK,2,2,2,2,2,2,2,2,2,2,7,7,3,3,3,7,6,7,6,7
NGO,3,3,3,3,3,3,3,3,3,3,3,2,2,2,2,3,1,3,3,2
NGQ,3,3,3,3,3,3,3,3,3,3,3,2,2,2,2,3,1,3,3,2
NGS,3,3,3,3,3,3,3,3,3,3,3,2,2,2,2,3,1,3,3,2
NHV,12,14,14,14,13,14,11,11,10,12,11,10,10,10,11,10,8,5,5,10
NIB,6,7,6,6,6,6,6,6,11,6,6,6,7,7,7,6,7,6,7,6
NIM,1,24,1,1,1,1,1,1,1,1,8,3,5,6,6,2,5,2,1,1
NIQ,11,12,21,12,11,20,10,10,12,11,10,9,9,9,9,9,10,9,9,9
NJC,2,2,2,2,2,2,2,2,2,2,7,7,3,3,3,7,6,7,6,7
NJF,1,1,1,1,1,1,1,1,1,1,2,3,3,3,3,2,3,2,1,1
NKC,0,24,1,1,1,1,1,0,1,1,8,3,5,6,6,2,5,2,1,1
NKG,3,3,3,3,3,3,3,3,3,3,3,2,2,2,2,3,1,3,3,2
NKI,6,7,6,13,12,6,6,6,11,6,6,6,7,7,7,6,7,6,7,6
NKM,3,3,3,3,3,3,3,3,3,3,3,2,2,2,2,3,1,3,3,2
NLA,1,24,1,1,1,1,1,1,1,1,8,3,5,6,6,2,5,2,1,1
NLD,5,6,5,5,5,5,5,4,5,5,0,0,0,0,0,0,0,0,0,0
NLG,6,7,6,20,19,6,6,6,11,6,6,6,7,7,7,6,7,6,7,6
NLK,7,8,7,7,7,7,7,7,3,7,5,4,4,5,5,4,1,5,5,4
NLT,3,3,3,3,3,3,3,3,3,3,3,2,2,2,2,3,1,3,3,2
NMA,2,2,2,2,2,2,2,2,2,2,7,7,3,3,3,7,6,7,6,7
NME,6,7,6,6,6,6,6,6,11,6,6,6,7,7,7,6,7,6,7,6
NNB,7,8,7,7,7,7,7,7,10,7,5,4,4,5,5,4,8,5,5,4
NNG,3,3,3,3,3,3,3,3,3,3,3,2,2,2,2,3,1,3,3,2
NNM,2,2,2,2,2,2,2,2,2,2,7,7,3,3,3,7,6,7,6,7
NNT,3,3,3,3,3,3,3,3,3,3,3,2,2,2,2,3,1,3,3,2
NNY,3,3,3,3,3,3,3,3,3,3,3,2,2,2,2,3,1,3,3,2
NOB,5,6,5,5,5,5,5,4,5,5,0,0,0,0,0,0,0,0,0,0
NOC,0,0,0,0,0,0,0,0,0,0,1,1,1,1,1,1,2,1,2,3
NOJ,2,2,2,2,2,2,2,2,2,2,7,7,3,3,3,7,6,7,6,7
NOP,1,0,1,1,0,1,1,1,0,0,2,3,3,3,3,2,3,2,1,1
NOS,1,1,20,1,1,1,1,1,1,1,15,3,5,6,6,2,5,2,1,1
NOU,7,8,7,7,7,7,7,7,3,7,5,4,4,5,5,4,8,5,5,4
NOV,1,24,1,1,1,1,1,1,1,1,8,3,5,6,6,2,5,2,1,1
NOZ,2,2,2,2,2,2,2,2,2,2,7,7,3,3,3,7,6,7,6,7
NPE,7,8,7,7,7,7,7,7,10,7,5,4,4,5,5,4,8,5,5,4
NPL,7,8,7,7,7,7,7,7,10,7,5,4,4,5,5,4,8,5,5,4
NQN,4,4,4,4,4,4,4,4,4,4,4,5,6,4,4,5,4,4,4,5
NQU,5,6,5,5,4,5,4,4,5,5,4,0,0,4,4,0,4,4,4,0
NQY,0,0,0,0,0,0,0,0,0,0,1,1,1,1,1,1,2,1,2,3
NRA,7,8,7,7,7,7,7,7,3,7,5,4,4,5,5,4,1,5,5,4
NRK,0,0,0,0,0,0,0,0,0,0,1,1,1,1,1,1,2,1,2,3
NRL,8,9,8,8,8,8,8,8,7,8,20,19,17,17,17,18,17,19,18,19
NRN,0,0,0,0,0,0,0,0,0,0,1,1,1,1,1,1,2,1,2,3
NRT,3,3,3,3,3,3,3,3,3,3,3,2,2,2,2,3,1,3,3,2
NSH,1,1,1,1,1,1,1,1,1,1,2,3,3,3,3,2,3,2,1,1
NSI,1,24,1,1,1,1,1,1,1,1,8,3,5,6,6,2,5,2,1,1
NSK,2,2,2,2,2,2,2,2,2,2,7,7,3,3,3,7,6,7,6,7
NSN,7,8,7,7,7,7,7,7,10,7,5,4,4,5,5,4,8,5,5,4
NSQ,11,12,21,12,11,20,10,10,12,11,10,9,9,9,9,9,10,9,9,9
NST,3,3,3,3,3,3,3,3,3,3,3,2,2,2,2,3,1,3,3,2
NTE,0,0,0,0,0,0,0,0,0,0,1,1,1,1,1,1,2,1,2,3
NTG,3,3,3,3,3,3,3,3,3,3,3,2,2,2,2,3,1,3,3,2
NTL,7,8,7,7,7,7,7,7,3,7,5,4,4,5,5,4,1,5,5,4
NTN,7,8,7,7,7,7,7,7,3,7,5,4,4,5,5,4,1,5,5,4
NTQ,3,3,3,3,3,3,3,3,3,3,3,2,2,2,2,3,1,3,3,2
NTX,3,1,1,3,7,3,3,7,3,3,2,2,2,2,2,3,1,3,3,2
NUE,0,0,0,0,0,0,0,0,0,0,1,1,1,1,1,1,2,1,2,3
NUI,6,7,6,6,6,6,6,6,11,6,6,6,7,7,7,6,7,6,7,6
NUL,6,7,6,6,6,6,6,6,11,6,6,6,7,7,7,6,7,6,7,6
NUP,6,7,6,6,6,6,6,6,11,6,6,6,7,7,7,6,7,6,7,6
NUS,7,8,7,7,7,7,7,7,10,7,5,4,4,5,5,4,8,5,5,4
NUX,2,2,2,2,2,2,2,2,2,2,7,7,3,3,3,7,6,7,6,7
NVA,5,6,5,5,4,5,4,4,5,5,4,0,0,4,4,0,4,4,4,0
NVI,2,2,2,2,2,2,2,2,2,2,7,7,3,3,3,7,6,7,6,7
NVK,15,19,19,18,18,19,14,14,16,15,12,11,11,12,12,11,12,11,11,11
NVT,4,4,4,4,4,4,4,4,4,4,4,5,6,4,4,5,4,4,4,5
NWI,0,0,0,0,0,0,0,0,0,0,1,1,1,1,1,1,2,1,2,3
NYA,2,2,2,2,2,2,2,2,2,2,7,7,3,3,3,7,6,7,6,7
NYI,1,24,1,1,1,1,1,1,1,1,8,3,5,6,6,2,5,2,1,1
NYK,16,1,22,21,21,21,15,15,1,1,17,16,5,6,6,14,5,15,15,15
NYM,2,2,2,2,2,2,2,2,2,2,7,7,3,3,3,7,6,7,6,7
NYO,0,0,0,0,0,0,0,0,0,0,1,1,1,1,1,1,2,1,2,3
NYT,3,3,1,3,3,3,3,3,3,3,3,2,2,2,2,3,1,3,3,2
NYU,3,3,3,3,3,3,3,3,3,3,3,2,2,2,2,3,1,3,3,2
NZH,2,2,2,2,2,2,2,2,2,2,7,7,3,3,3,7,6,7,6,7
OAG,7,8,7,7,7,7,7,7,3,7,5,4,4,5,5,4,1,5,5,4
OAJ,5,6,5,5,5,5,5,5,5,5,0,0,0,0,0,0,0,0,0,0
OAK,5,6,5,5,5,5,5,5,5,5,0,0,0,0,0,0,0,0,0,0
OAL,4,4,4,4,4,4,4,4,4,4,4,5,6,4,4,5,4,4,4,5
OAX,5,6,5,5,5,5,5,4,5,5,0,0,0,0,0,0,0,0,0,0
OBO,3,3,3,3,3,3,3,3,3,3,3,2,2,2,2,3,1,3,3,2
OBU,6,7,6,6,6,6,6,6,11,6,6,6,7,7,7,6,7,6,7,6
OBY,11,12,21,12,11,20,10,10,12,11,10,9,9,9,9,9,10,9,9,9
OCC,4,4,5,5,4,5,4,4,5,5,4,0,0,4,4,0,4,4,4,0
ODN,3,1,1,3,7,3,3,7,3,3,2,2,2,2,2,3,1,3,3,2
ODO,2,2,2,2,2,2,2,2,2,2,7,7,3,3,3,7,6,7,6,7
ODS,2,0,2,2,2,0,2,2,2,2,7,7,3,3,3,7,6,7,6,7
ODY,3,3,3,3,3,3,3,3,3,3,3,2,2,2,2,3,1,3,3,2
OER,0,0,0,0,0,0,0,0,0,0,1,1,1,1,1,1,2,1,2,3
OGD,5,6,5,5,5,5,5,5,5,5,0,0,0,0,0,0,0,0,0,0
OGG,5,6,5,5,5,5,5,5,5,5,0,0,0,0,0,0,0,0,0,0
OGL,5,6,5,5,4,5,5,5,5,5,0,0,0,0,0,0,0,0,0,0
OGM,10,11,10,10,9,10,9,9,9,10,14,13,13,13,13,12,13,12,12,13
OGS,5,6,5,5,5,5,5,5,5,5,0,0,0,0,0,0,0,0,0,0
OGX,0,0,0,0,0,0,0,0,0,0,1,1,1,1,1,1,2,1,2,1
OGZ,2,2,2,2,2,2,2,2,2,2,7,7,3,3,3,7,6,7,6,7
OHE,3,3,3,3,3,3,3,3,3,3,3,2,2,2,2,3,1,3,3,2
OHH,2,2,2,2,2,2,2,2,2,2,7,7,3,3,3,7,6,7,6,7
OIA,4,4,4,4,4,4,4,4,4,4,4,5,6,4,4,5,4,4,4,5
OIM,3,3,3,3,3,3,3,3,3,3,3,2,2,2,2,3,1,3,3,2
OIT,3,3,3,3,3,3,3,3,3,3,3,2,2,2,2,3,1,3,3,2
OKA,3,3,3,3,3,3,3,3,3,3,3,2,2,2,2,3,1,3,3,2
OKC,5,6,5,5,5,5,5,5,5,5,0,0,0,0,0,0,0,0,0,0
OKJ,3,3,3,3,3,3,3,3,3,3,3,2,2,2,2,3,1,3,3,2
OKL,3,1,1,3,7,3,3,7,3,3,2,2,2,2,2,3,1,3,3,2
OLA,0,0,0,0,0,0,0,0,0,0,1,1,1,1,1,1,2,1,2,3
OLB,0,0,0,0,0,0,0,0,0,0,1,1,1,1,1,1,2,1,2,3
OLC,4,4,4,4,4,4,4,4,4,4,4,5,6,4,4,5,4,4,4,5
OLF,5,6,5,5,5,5,5,5,5,5,0,0,0,0,0,0,0,0,0,0
OLH,6,7,6,11,10,6,6,6,11,6,6,6,7,7,7,6,7,6,7,6
OLL,1,24,1,1,1,1,1,1,1,1,8,3,5,6,6,2,5,2,1,1
OLP,7,8,7,7,7,7,7,7,3,7,5,4,4,5,5,4,1,5,5,4
OMA,5,6,5,5,5,5,5,5,5,5,0,0,0,0,0,0,0,0,0,0
OMD,1,24,1,1,1,1,1,1,1,1,8,3,5,6,6,2,5,2,1,1
OME,6,7,6,6,6,6,6,6,11,6,6,6,7,7,7,6,7,6,7,6
OMH,1,1,1,1,1,1,1,1,1,1,2,3,3,3,3,2,3,2,1,1
OMO,0,0,0,0,0,0,0,0,0,0,1,1,1,1,1,1,2,1,2,3
OMR,0,0,0,0,0,0,0,0,0,0,1,1,1,1,1,1,2,1,2,3
OMS,2,2,2,2,2,2,2,2,2,2,7,7,3,3,3,7,6,7,6,7
OND,24,16,28,28,29,16,23,22,13,24,23,23,20,19,20,22,18,21,19,25
ONG,7,8,7,7,7,7,7,7,3,7,5,4,4,5,5,4,1,5,5,4
ONJ,3,3,3,3,3,3,3,3,3,3,3,2,2,2,2,3,1,3,3,2
ONQ,0,0,0,0,0,0,0,0,0,0,1,1,1,1,1,1,2,1,2,3
ONT,5,6,5,5,5,5,5,5,5,5,0,0,0,0,0,0,0,0,0,0
OOK,6,7,6,6,6,6,6,6,11,6,6,6,7,7,7,6,7,6,7,6
OOL,7,8,7,7,7,3,3,7,3,7,5,4,4,5,5,4,1,5,5,4
OPO,0,0,0,0,0,0,0,0,0,0,1,1,1,1,1,1,2,1,2,3
OPS,4,4,4,4,4,4,4,4,4,4,4,5,6,4,4,5,4,4,4,5
ORB,0,0,0,0,0,0,0,0,0,0,1,1,1,1,1,1,2,1,2,3
ORD,5,6,5,5,5,5,5,5,5,5,0,0,0,0,0,0,0,0,0,0
ORF,5,6,5,5,5,5,5,5,5,5,0,0,0,0,0,0,0,0,0,0
ORH,5,6,5,5,5,5,5,5,5,5,0,0,0,0,0,0,0,0,0,0
ORI,6,7,6,11,10,6,6,6,11,6,6,6,7,7,7,6,7,6,7,6
ORK,0,0,0,0,0,0,0,0,0,0,1,1,1,1,1,1,2,1,2,3
ORN,0,0,0,0,0,0,0,0,0,0,1,1,1,1,1,1,2,1,2,1
ORU,4,4,4,4,4,4,4,4,4,4,4,5,6,4,4,5,4,4,4,5
ORV,6,7,6,6,6,6,6,6,11,6,6,6,7,7,7,6,7,6,7,6
ORX,4,4,4,4,4,4,4,4,4,4,4,5,6,4,4,5,4,4,4,5
ORY,0,0,0,0,0,0,0,0,0,0,1,1,1,1,1,1,2,1,2,3
ORZ,17,22,23,22,22,22,16,4,20,17,16,14,14,14,14,13,14,13,13,14
OSD,0,0,0,0,0,0,0,0,0,0,1,1,1,1,1,1,2,1,2,3
OSI,0,0,0,0,0,0,0,0,0,0,1,1,1,1,1,1,2,1,2,3
OSL,0,0,0,0,0,0,0,0,0,0,1,1,1,1,1,1,2,1,2,3
OSM,1,1,1,1,1,1,1,1,1,1,2,3,3,3,3,2,3,2,1,1
OSR,0,0,0,0,0,0,0,0,0,0,1,1,1,1,1,1,2,1,2,3
OSS,2,2,2,2,2,2,2,2,2,2,7,7,3,3,3,7,6,7,6,7
OST,0,0,0,0,0,0,0,0,0,0,1,1,1,1,1,1,2,1,2,3
OSW,2,2,2,2,2,2,2,2,2,2,7,7,3,3,3,7,6,7,6,7
OSY,15,19,19,18,18,19,14,14,16,15,12,11,11,12,12,11,12,11,11,11
OTD,10,11,10,10,9,10,9,9,9,10,14,13,13,13,13,12,13,12,12,13
OTH,5,6,5,5,5,5,5,5,5,5,0,0,0,0,0,0,0,0,0,0
OTP,0,0,0,0,0,0,0,0,0,0,1,1,1,1,1,1,2,1,2,3
OTZ,6,7,6,6,6,6,6,6,11,6,6,6,7,7,7,6,7,6,7,6
OUA,1,24,1,1,1,1,1,0,1,1,8,3,5,6,6,2,5,2,1,1
OUD,0,0,0,0,0,0,0,0,0,0,1,1,1,1,1,1,2,1,2,3
OUL,0,0,0,0,0,0,0,0,0,0,1,1,1,1,1,1,2,1,2,3
OUZ,0,24,1,1,1,1,1,0,1,1,8,3,5,6,6,2,5,2,1,1
OVB,2,2,2,2,2,2,2,2,2,2,7,7,3,3,3,7,6,7,6,7
OVD,0,0,0,0,0,0,0,0,0,0,1,1,1,1,1,1,2,1,2,3
OVS,2,2,2,2,2,2,2,2,2,2,7,7,3,3,3,7,6,7,6,7
OWB,5,6,5,5,5,5,5,5,5,5,0,0,0,0,0,0,0,0,0,0
OXB,1,24,1,1,1,1,1,0,1,1,8,3,5,6,6,2,5,2,1,1
OZC,3,3,3,3,7,3,3,7,3,3,3,2,2,2,2,3,1,3,3,2
OZH,2,2,2,2,2,2,2,2,2,2,7,7,3,3,3,7,6,7,6,7
OZZ,0,24,1,0,1,1,0,0,0,1,8,3,5,6,6,2,5,2,1,1
PAC,10,11,10,10,9,10,9,9,9,10,14,13,13,13,13,12,13,12,12,13
PAD,0,0,0,0,0,0,0,0,0,0,1,1,1,1,1,1,2,1,2,3
PAF,1,1,1,1,1,1,1,1,1,1,2,3,5,6,6,2,5,2,1,1
PAG,3,3,3,3,7,3,3,7,3,3,3,2,2,2,2,3,1,3,3,2
PAH,5,6,5,5,5,5,5,5,5,5,0,0,0,0,0,0,0,0,0,0
PAP,5,6,5,5,4,5,5,5,5,5,0,0,0,0,0,0,0,0,0,0
PAS,0,0,0,0,0,0,0,0,0,0,1,1,1,1,1,1,2,1,2,3
PAT,1,1,1,1,1,1,1,1,1,1,2,3,3,3,3,2,3,2,1,1
PAV,4,4,4,4,4,4,4,4,4,4,4,5,6,4,4,5,4,4,4,5
PAZ,5,6,5,5,5,5,5,4,5,5,0,0,0,0,0,0,0,0,0,0
PBC,5,6,5,5,5,5,5,4,5,5,0,0,0,0,0,0,0,0,0,0
PBD,1,1,1,1,1,1,1,1,1,1,2,3,3,3,3,2,3,2,1,1
PBG,5,6,5,5,5,5,5,5,5,5,0,0,0,0,0,0,0,0,0,0
PBH,1,1,1,1,1,1,1,1,3,3,2,3,3,3,3,2,3,2,1,1
PBI,5,6,5,5,5,5,5,5,5,5,0,0,0,0,0,0,0,0,0,0
PBJ,7,8,7,7,7,7,7,7,10,7,5,4,4,5,5,4,8,5,5,4
PBL,5,24,5,5,4,5,5,4,5,5,0,0,0,0,0,0,0,0,0,0
PBM,5,6,5,5,4,5,5,5,5,5,0,0,0,0,0,0,0,0,0,0
PBO,7,8,7,7,7,7,7,7,3,7,5,4,4,5,5,4,1,5,5,4
PBU,3,3,3,3,3,3,3,3,3,3,3,2,2,2,2,3,1,3,3,2
PBZ,1,24,1,1,1,1,1,1,1,1,8,3,5,6,6,2,5,2,1,1
PCL,4,4,4,4,4,4,4,4,4,4,4,5,0,4,4,5,4,4,4,5
PCR,5,6,5,5,4,5,4,4,5,5,4,0,0,4,4,0,4,4,4,0
PDA,5,6,5,5,4,5,4,4,5,5,4,0,0,4,4,0,4,4,4,0
PDG,3,1,1,3,7,3,3,7,3,3,2,2,2,2,2,3,1,3,3,2
PDL,0,20,0,19,0,0,0,0,17,16,1,1,1,1,1,1,2,16,2,3
PDP,4,4,4,4,4,4,4,4,4,4,4,5,6,4,4,5,4,4,4,5
PDS,5,6,5,5,5,5,5,4,5,5,0,0,0,0,0,0,0,0,0,0
PDT,5,6,5,5,5,5,5,5,5,5,0,0,0,0,0,0,0,0,0,0
PDV,0,0,0,0,0,0,0,0,0,0,1,1,1,1,1,1,2,1,2,3
PDX,5,6,5,5,5,5,5,5,5,5,0,0,0,0,0,0,0,0,0,0
PEC,6,7,6,13,12,6,6,6,11,6,6,6,7,7,7,6,7,6,7,6
PED,2,2,2,2,2,2,2,2,2,2,7,7,3,3,3,7,6,7,6,7
PEE,2,2,2,2,2,2,2,2,2,2,7,7,3,3,3,7,6,7,6,7
PEG,0,0,0,0,0,0,0,0,0,0,1,1,1,1,1,1,2,1,2,3
PEI,5,6,5,5,4,5,4,4,5,5,4,0,0,4,4,0,4,4,4,0
PEK,3,3,3,3,3,3,3,3,3,3,3,2,2,2,2,3,1,3,3,2
PEM,4,4,4,4,4,4,4,4,4,4,4,5,6,4,4,5,4,4,4,5
PEN,3,3,1,3,3,3,3,7,3,3,2,2,2,2,2,3,1,3,3,2
PER,7,8,7,7,7,7,7,7,3,7,5,4,4,5,5,4,1,5,5,4
PES,2,2,2,2,2,2,2,2,2,2,7,7,3,3,3,7,6,7,6,7
PET,4,4,4,4,4,4,4,4,4,4,4,5,6,4,4,5,4,4,4,5
PEU,5,6,5,5,5,5,5,4,5,5,0,0,0,0,0,0,0,0,0,0
PEW,1,1,1,1,1,1,1,1,1,1,2,3,3,3,3,2,3,2,1,1
PEZ,2,2,2,2,2,2,2,2,2,2,7,7,3,3,3,7,6,7,6,7
PFB,4,4,4,4,4,4,4,4,4,4,4,5,6,4,4,5,4,4,4,5
PFO,0,0,0,0,0,0,0,0,0,0,1,1,1,1,1,1,2,1,2,3
PFQ,1,1,1,1,1,1,1,1,1,1,2,3,3,3,3,2,3,2,1,1
PGA,5,6,5,5,5,5,5,5,5,5,0,0,0,0,0,0,0,0,0,0
PGD,5,6,5,5,5,5,5,5,5,5,0,0,0,0,0,0,0,0,0,0
PGF,0,0,0,0,0,0,0,0,0,0,1,1,1,1,1,1,2,1,2,3
PGK,3,1,1,3,7,3,3,7,3,3,2,2,2,2,2,3,1,3,3,2
PGU,1,1,1,1,1,1,1,1,1,1,2,3,3,3,3,2,3,2,1,1
PGV,5,6,5,5,5,5,5,5,5,5,0,0,0,0,0,0,0,0,0,0
PGX,0,0,0,0,0,0,0,0,0,0,1,1,1,1,1,1,2,1,2,3
PHB,4,4,4,4,4,4,4,4,4,4,4,5,6,4,4,5,4,4,4,5
PHC,1,24,1,1,1,1,1,1,1,1,8,3,5,6,6,2,5,2,1,1
PHE,7,8,7,7,7,7,7,7,3,7,5,4,4,5,5,4,1,5,5,4
PHF,5,6,5,5,5,5,5,5,5,5,0,0,0,0,0,0,0,0,0,0
PHL,5,6,5,5,5,5,5,5,5,5,0,0,0,0,0,0,0,0,0,0
PHO,6,7,6,6,6,6,6,6,11,6,6,6,7,7,7,6,7,6,7,6
PHS,3,3,3,3,3,3,3,3,3,3,3,2,2,2,2,3,1,3,3,2
PHW,1,24,1,1,1,1,1,1,1,1,8,3,5,6,6,2,5,2,1,1
PHX,5,6,5,5,5,5,5,5,5,5,0,0,0,0,0,0,0,0,0,0
PIA,5,6,5,5,5,5,5,5,5,5,0,0,0,0,0,0,0,0,0,0
PIB,5,6,5,5,5,5,5,5,5,5,0,0,0,0,0,0,0,0,0,0
PIE,5,6,5,5,5,5,5,5,5,5,0,0,0,0,0,0,0,0,0,0
PIH,5,6,5,5,5,5,5,5,5,5,0,0,0,0,0,0,0,0,0,0
PIK,0,0,0,0,0,0,0,0,0,0,1,1,1,1,1,1,2,1,2,3
PIN,4,4,4,4,4,4,4,4,4,4,4,5,6,4,4,5,4,4,4,5
PIP,6,7,6,16,16,6,6,6,11,6,6,6,7,7,7,6,7,6,7,6
PIR,5,6,5,5,5,5,5,5,5,5,0,0,0,0,0,0,0,0,0,0
PIS,0,0,0,0,0,0,0,0,0,0,1,1,1,1,1,1,2,1,2,3
PIT,5,6,5,5,5,5,5,5,5,5,0,0,0,0,0,0,0,0,0,0
PIU,4,4,4,4,4,4,4,4,4,4,4,5,6,4,4,5,4,4,4,5
PIX,0,20,0,19,0,0,0,0,17,16,1,1,1,1,1,1,2,16,2,3
PIZ,6,7,6,6,6,6,6,6,11,6,6,6,7,7,7,6,7,6,7,6
PJA,0,0,0,0,0,0,0,0,0,0,1,1,1,1,1,1,2,1,2,3
PJG,1,1,1,1,1,1,1,1,1,1,2,3,3,3,3,2,3,2,1,1
PJM,5,6,5,5,5,5,5,4,5,5,0,0,0,0,0,0,0,0,0,0
PKA,6,7,6,6,6,6,6,6,11,6,6,6,7,7,7,6,7,6,7,6
PKB,5,6,5,5,5,5,5,5,5,5,0,0,0,0,0,0,0,0,0,0
PKC,2,2,2,2,2,2,2,2,2,2,7,7,3,3,3,7,6,7,6,7
PKE,7,8,7,7,7,7,7,7,3,7,5,4,4,5,5,4,1,5,5,4
PKN,3,1,1,3,7,3,3,7,3,3,2,2,2,2,2,3,1,3,3,2
PKR,1,1,1,1,1,1,1,1,3,3,2,3,3,3,3,2,3,2,1,1
PKU,3,1,1,3,7,3,3,7,3,3,2,2,2,2,2,3,1,3,3,2
PKY,3,1,1,3,7,3,3,7,3,3,2,2,2,2,2,3,1,3,3,2
PKZ,3,3,3,3,3,3,3,3,3,3,3,2,2,2,2,3,1,3,3,2
PLJ,17,22,23,22,22,22,16,4,20,17,16,14,14,14,14,13,14,13,13,14
PLM,3,1,1,3,7,3,3,7,3,3,2,2,2,2,2,3,1,3,3,2
PLN,5,6,5,5,5,5,5,5,5,5,0,0,0,0,0,0,0,0,0,0
PLO,7,8,7,7,7,7,7,7,3,7,5,4,4,5,5,4,1,5,5,4
PLQ,0,0,0,0,0,0,0,0,0,0,1,1,1,1,1,1,2,1,2,3
PLS,5,6,5,5,5,5,5,5,5,5,0,0,0,0,0,0,0,0,0,0
PLU,4,4,4,4,4,4,4,4,4,4,4,5,6,4,4,5,4,4,4,5
PLW,3,1,1,3,7,3,3,7,3,3,2,2,2,2,2,3,1,3,3,2
PLX,2,2,2,2,2,2,2,2,2,2,7,7,3,3,3,7,6,7,6,7
PLZ,1,24,1,1,1,1,1,1,1,1,8,3,5,6,6,2,5,2,1,1
PMC,4,4,4,4,4,4,4,4,4,4,4,5,6,4,4,5,4,4,4,5
PMF,0,0,0,0,0,0,0,0,0,0,1,1,1,1,1,1,2,1,2,3
PMI,0,0,0,0,0,0,0,0,0,0,1,1,1,1,1,1,2,1,2,3
PMO,0,0,0,0,0,0,0,0,0,0,1,1,1,1,1,1,2,1,2,3
PMR,7,8,7,7,7,7,7,7,10,7,5,4,4,5,5,4,8,5,5,4
PMV,5,24,5,5,4,5,5,4,5,5,0,0,0,0,0,0,0,0,0,0
PMW,4,4,4,4,4,4,4,4,4,4,4,5,6,4,4,5,4,4,4,5
PMY,4,4,4,4,4,4,4,4,4,4,4,5,6,4,4,5,4,4,4,5
PMZ,5,6,5,5,5,5,5,4,5,5,0,0,0,0,0,0,0,0,0,0
PNA,0,0,0,0,0,0,0,0,0,0,1,1,1,1,1,1,2,1,2,3
PND,17,22,23,22,22,22,16,4,20,17,16,14,14,14,14,13,14,13,13,14
PNH,3,3,3,3,3,3,3,3,3,3,3,2,2,2,2,3,1,3,3,2
PNI,7,8,7,7,7,7,7,7,10,7,5,4,4,5,5,4,8,5,5,4
PNK,3,1,1,3,7,3,3,7,3,3,2,2,2,2,2,3,1,3,3,2
PNL,0,0,0,0,0,0,0,0,0,0,1,1,1,1,1,1,2,1,2,3
PNP,7,8,7,7,7,7,7,7,10,7,5,4,4,5,5,4,8,5,5,4
PNQ,1,1,1,1,1,1,1,1,1,1,2,3,3,3,3,2,3,2,1,1
PNR,1,24,1,1,1,1,1,1,1,1,8,3,5,6,6,2,5,2,1,1
PNS,5,6,5,5,5,5,5,5,5,5,0,0,0,0,0,0,0,0,0,0
PNZ,4,4,4,4,4,4,4,4,4,4,4,5,6,4,4,5,4,4,4,5
POA,4,4,4,4,4,4,4,4,4,4,4,5,6,4,4,5,4,4,4,5
POG,1,24,1,1,1,1,1,1,1,1,8,3,5,6,6,2,5,2,1,1
POI,4,4,4,4,4,4,4,4,4,4,4,5,6,4,4,5,4,4,4,5
POJ,4,4,4,4,4,4,4,4,4,4,4,5,6,4,4,5,4,4,4,5
POL,1,24,1,1,1,1,1,1,1,1,8,3,5,6,6,2,5,2,1,1
POM,7,8,7,7,7,7,7,7,10,7,5,4,4,5,5,4,8,5,5,4
POP,5,6,5,5,5,5,5,5,5,5,0,0,0,0,0,0,0,0,0,0
POR,0,0,0,0,0,0,0,0,0,0,1,1,1,1,1,1,2,1,2,3
POS,5,6,5,5,4,5,5,5,5,5,0,0,0,0,0,0,0,0,0,0
POZ,0,0,0,0,0,0,0,0,0,0,1,1,1,1,1,1,2,1,2,3
PPB,4,4,4,4,4,4,4,4,4,4,4,5,6,4,4,5,4,4,4,5
PPG,5,6,5,5,5,5,5,5,5,5,0,0,0,0,0,0,0,0,0,0
PPK,2,2,2,2,2,2,2,2,2,2,7,7,3,3,3,7,6,7,6,7
PPN,5,6,5,5,4,5,4,4,5,5,4,0,0,4,4,0,4,4,4,0
PPP,7,8,7,7,7,7,7,7,3,7,5,4,4,5,5,4,1,5,5,4
PPQ,7,8,7,7,7,7,7,7,10,7,5,4,4,5,5,4,8,5,5,4
PPS,3,3,3,3,7,3,3,7,3,3,3,2,2,2,2,3,1,3,3,2
PPT,12,14,14,14,13,14,11,11,10,12,11,10,10,10,11,10,8,5,5,10
PPV,6,7,6,13,12,6,6,6,11,6,6,6,7,7,7,6,7,6,7,6
PPW,8,9,8,8,8,8,8,8,7,8,20,19,17,17,17,18,17,19,18,19
PQC,3,3,3,3,3,3,3,3,3,3,3,2,2,2,2,3,1,3,3,2
PQI,5,6,5,5,5,5,5,5,5,5,0,0,0,0,0,0,0,0,0,0
PQM,5,6,5,5,5,5,5,4,5,5,0,0,0,0,0,0,0,0,0,0
PQQ,7,8,7,7,7,7,7,7,3,7,5,4,4,5,5,4,1,5,5,4
PQS,6,7,6,6,6,6,6,6,11,6,6,6,7,7,7,6,7,6,7,6
PRA,4,4,4,4,4,4,4,4,4,4,4,5,6,4,4,5,4,4,4,5
PRC,5,6,5,5,5,5,5,5,5,5,0,0,0,0,0,0,0,0,0,0
PRG,0,0,0,0,0,0,0,0,0,0,1,1,1,1,1,1,2,1,2,3
PRH,3,3,3,3,3,3,3,3,3,3,3,2,2,2,2,3,1,3,3,2
PRI,1,1,1,1,1,1,1,1,1,1,2,3,3,6,6,2,5,2,1,1
PRN,0,0,0,0,0,0,0,0,0,0,1,1,1,1,1,1,2,1,2,3
PSA,0,0,0,0,0,0,0,0,0,0,1,1,1,1,1,1,2,1,2,3
PSC,5,6,5,5,5,5,5,5,5,5,0,0,0,0,0,0,0,0,0,0
PSE,5,6,5,5,5,5,5,5,5,5,0,0,0,0,0,0,0,0,0,0
PSG,6,7,6,13,12,6,6,6,11,6,6,6,7,7,7,6,7,6,7,6
PSJ,3,1,1,3,7,3,3,7,3,3,2,2,2,2,2,3,1,3,3,2
PSM,5,6,5,5,5,5,5,5,5,5,0,0,0,0,0,0,0,0,0,0
PSO,5,6,5,5,4,5,4,4,5,5,4,0,0,4,4,0,4,4,4,0
PSP,5,6,5,5,5,5,5,5,5,5,0,0,0,0,0,0,0,0,0,0
PSR,0,0,0,0,0,0,0,0,0,0,1,1,1,1,1,1,2,1,2,3
PSS,4,4,4,4,4,4,4,4,4,4,4,5,6,4,4,5,4,4,4,5
PTG,1,24,1,1,1,1,1,1,1,1,8,3,5,6,6,2,5,2,1,1
PTH,6,7,6,16,16,6,6,6,11,6,6,6,7,7,7,6,7,6,7,6
PTJ,7,8,7,7,7,7,7,7,3,7,5,4,4,5,5,4,1,5,5,4
PTP,5,6,5,5,4,5,5,5,5,5,0,0,0,0,0,0,0,0,0,0
PTU,6,7,6,6,6,6,6,6,11,6,6,6,7,7,7,6,7,6,7,6
PTY,5,6,5,5,4,5,5,4,5,5,0,0,0,0,0,0,0,0,0,0
PUB,5,6,5,5,5,5,5,5,5,5,0,0,0,0,0,0,0,0,0,0
PUE,10,11,10,10,9,10,9,9,9,10,14,13,13,13,13,12,13,12,12,13
PUF,0,0,0,0,0,0,0,0,0,0,1,1,1,1,1,1,2,1,2,3
PUG,7,8,7,7,7,7,7,7,3,7,5,4,4,5,5,4,1,5,5,4
PUJ,5,6,5,5,5,5,5,5,5,5,0,0,0,0,0,0,0,0,0,0
PUM,3,1,1,3,7,3,3,7,3,3,2,2,2,2,2,3,1,3,3,2
PUQ,4,4,4,4,4,4,4,4,4,4,4,5,6,4,4,5,4,4,4,5
PUS,3,3,3,3,3,3,3,3,3,3,3,2,2,2,2,3,1,3,3,2
PUU,5,6,5,5,4,5,4,4,5,5,4,0,0,4,4,0,4,4,4,0
PUW,5,6,5,5,5,5,5,5,5,5,0,0,0,0,0,0,0,0,0,0
PUY,0,0,0,0,0,0,0,0,0,0,1,1,1,1,1,1,2,1,2,3
PVA,5,6,5,5,4,5,4,4,5,5,4,0,0,4,4,0,4,4,4,0
PVC,5,6,5,5,5,5,5,5,5,5,0,0,0,0,0,0,0,0,0,0
PVD,5,6,5,5,5,5,5,5,5,5,0,0,0,0,0,0,0,0,0,0
PVE,10,11,10,10,9,10,9,9,9,10,14,13,13,13,13,12,13,12,12,13
PVG,3,3,3,3,3,3,3,3,3,3,3,2,2,2,2,3,1,3,3,2
PVH,4,4,4,4,4,4,4,4,4,4,4,5,6,4,4,5,4,4,4,5
PVK,0,0,0,0,0,0,0,0,0,0,1,1,1,1,1,1,2,1,2,3
PVR,5,6,5,5,5,5,5,5,5,5,0,0,0,0,0,0,0,0,0,0
PVU,5,6,5,5,5,5,5,5,5,5,0,0,0,0,0,0,0,0,0,0
PWE,2,2,2,2,2,2,2,2,2,2,7,7,3,3,3,7,6,7,6,7
PWM,5,6,5,5,5,5,5,5,5,5,0,0,0,0,0,0,0,0,0,0
PWQ,2,2,2,2,2,2,2,2,2,2,7,7,3,3,3,7,6,7,6,7
PXM,5,6,5,5,5,5,5,4,5,5,0,0,0,0,0,0,0,0,0,0
PXO,0,0,0,0,0,0,0,0,0,0,1,1,1,1,1,1,2,1,2,3
PXU,3,3,3,3,3,3,3,3,3,3,3,2,2,2,2,3,1,3,3,2
PYC,10,11,10,10,9,10,9,9,9,10,14,13,13,13,13,12,13,12,12,13
PYH,5,24,5,5,4,5,5,4,5,5,0,0,0,0,0,0,0,0,0,0
PYJ,2,2,2,2,2,2,2,2,2,2,7,7,3,3,3,7,6,7,6,7
PYY,3,3,3,3,3,3,3,3,3,3,3,2,2,2,2,3,1,3,3,2
PZB,1,24,1,1,1,1,1,1,1,1,8,3,5,6,6,2,5,2,1,1
PZH,1,1,1,1,1,1,1,1,1,1,2,3,3,3,3,2,3,2,1,1
PZI,3,3,3,3,3,3,3,3,3,3,3,2,2,2,2,3,1,3,3,2
PZO,5,24,5,5,4,5,5,4,5,5,0,0,0,0,0,0,0,0,0,0
PZU,1,1,1,1,1,1,1,1,1,1,2,3,3,3,3,2,3,2,1,1
QBC,5,6,5,5,5,5,5,5,5,5,0,0,0,0,0,0,0,0,0,0
QFG,11,12,21,12,11,20,10,10,12,11,10,9,9,9,9,9,10,9,9,9
QFN,11,12,21,12,11,20,10,10,12,11,10,9,9,9,9,9,10,9,9,9
QFX,11,12,21,12,11,20,10,10,12,11,10,9,9,9,9,9,10,9,9,9
QJH,11,12,21,12,11,20,10,10,12,11,10,9,9,9,9,9,10,9,9,9
QOQ,11,12,21,12,11,20,10,10,12,11,10,9,9,9,9,9,10,9,9,9
QOW,1,24,1,1,1,1,1,1,1,1,8,3,5,6,6,2,5,2,1,1
QRO,5,6,5,5,5,5,5,5,5,5,0,0,0,0,0,0,0,0,0,0
QRW,1,24,1,1,1,1,1,1,1,1,8,3,5,6,6,2,5,2,1,1
QSF,0,0,0,0,0,0,0,0,0,0,1,1,1,1,1,1,2,1,2,3
QUB,1,1,1,1,1,1,1,1,1,1,2,3,3,3,3,2,3,2,1,1
QUO,1,24,1,1,1,1,1,1,1,1,8,3,5,6,6,2,5,2,1,1
QUV,11,12,21,12,11,20,10,10,12,11,10,9,9,9,9,9,10,9,9,9
QUW,11,12,21,12,11,20,10,10,12,11,10,9,9,9,9,9,10,9,9,9
RAB,7,8,7,7,7,7,7,7,10,7,5,4,4,5,5,4,8,5,5,4
RAE,1,1,1,1,1,1,1,1,1,1,2,3,3,3,3,2,3,2,1,1
RAH,1,1,1,1,1,1,1,1,1,1,2,3,3,3,3,2,3,2,1,1
RAI,0,24,0,1,1,1,1,0,1,1,8,3,5,6,6,2,5,2,1,1
RAJ,1,1,1,1,1,1,1,1,1,1,2,3,3,3,3,2,3,2,1,1
RAK,0,0,0,0,0,0,0,0,0,0,1,1,1,1,1,1,2,1,2,3
RAO,4,4,4,4,4,4,4,4,4,4,4,5,6,4,4,5,4,4,4,5
RAP,5,6,5,5,5,5,5,5,5,5,0,0,0,0,0,0,0,0,0,0
RAR,7,8,7,7,7,7,7,7,10,7,5,4,4,5,5,4,8,5,5,4
RAS,1,1,1,1,1,1,1,1,1,1,2,3,3,3,3,2,3,2,1,1
RBA,0,0,0,0,0,0,0,0,0,0,1,1,1,1,1,1,2,1,2,3
RBQ,4,4,4,4,4,4,4,4,4,4,4,5,6,4,4,5,4,4,4,5
RBR,4,4,4,4,4,4,4,4,4,4,4,5,6,4,4,5,4,4,4,5
RBV,7,8,7,7,7,7,7,7,10,7,5,4,4,5,5,4,8,5,5,4
RBY,6,7,6,6,6,6,6,6,11,6,6,6,7,7,7,6,7,6,7,6
RCB,1,24,1,1,1,1,1,1,1,1,8,3,5,6,6,2,5,2,1,1
RCE,23,13,17,27,28,28,22,21,27,23,19,18,16,16,16,17,16,18,17,18
RCH,5,6,5,5,4,5,4,4,5,5,4,0,0,4,4,0,4,4,4,0
RCM,7,8,7,7,7,7,7,7,3,7,5,4,4,5,5,4,1,5,5,4
RCY,5,6,5,5,5,5,5,5,5,5,0,0,0,0,0,0,0,0,0,0
RDC,4,4,4,4,4,4,4,4,4,4,4,5,6,4,4,5,4,4,4,5
RDD,5,6,5,5,5,5,5,5,5,5,0,0,0,0,0,0,0,0,0,0
RDM,5,6,5,5,5,5,5,5,5,5,0,0,0,0,0,0,0,0,0,0
RDN,3,1,1,3,3,3,3,7,3,3,2,2,2,2,2,3,1,3,3,2
RDU,5,6,5,5,5,5,5,5,5,5,0,0,0,0,0,0,0,0,0,0
RDV,6,7,6,6,6,6,6,6,11,6,6,6,7,7,7,6,7,6,7,6
RDZ,0,0,0,0,0,0,0,0,0,0,1,1,1,1,1,1,2,1,2,3
REC,4,4,4,4,4,4,4,4,4,4,4,5,6,4,4,5,4,4,4,5
REG,0,0,0,0,0,0,0,0,0,0,1,1,1,1,1,1,2,1,2,3
REL,4,4,4,4,4,4,4,4,4,4,4,5,6,4,4,5,4,4,4,5
REN,2,2,2,2,2,2,2,2,2,2,7,7,3,3,3,7,6,7,6,7
REP,3,3,3,3,3,3,3,3,3,3,3,2,2,2,2,3,1,3,3,2
RES,4,4,4,4,4,4,4,4,4,4,4,5,6,4,4,5,4,4,4,5
RET,15,19,19,18,18,19,14,14,16,15,12,11,11,12,12,11,12,11,11,11
REU,0,0,0,0,0,0,0,0,0,0,1,1,1,1,1,1,2,1,2,3
REX,5,6,5,5,5,5,5,4,5,5,0,0,0,0,0,0,0,0,0,0
RFD,5,6,5,5,5,5,5,5,5,5,0,0,0,0,0,0,0,0,0,0
RFP,12,14,14,14,13,14,11,11,10,12,11,10,10,10,11,10,8,5,5,10
RGA,4,4,4,4,4,4,4,4,4,4,4,5,6,4,4,5,4,4,4,5
RGI,12,14,14,14,13,14,11,11,10,12,11,10,10,10,11,10,8,5,5,10
RGK,2,2,2,2,2,2,2,2,2,2,7,7,3,3,3,7,6,7,6,7
RGL,4,4,4,4,4,4,4,4,4,4,4,5,6,4,4,5,4,4,4,5
RGN,3,3,3,3,3,3,3,3,3,3,3,2,2,2,2,3,1,3,3,2
RGS,0,0,0,0,0,0,0,0,0,0,1,1,1,1,1,1,2,1,2,3
RHD,4,4,4,4,4,4,4,4,4,4,4,5,6,4,4,5,4,4,4,5
RHI,5,6,5,5,5,5,5,5,5,5,0,0,0,0,0,0,0,0,0,0
RHO,0,0,0,0,0,0,0,0,0,0,1,1,1,1,1,1,2,1,2,3
RIA,4,4,4,4,4,4,4,4,4,4,4,5,6,4,4,5,4,4,4,5
RIB,4,4,4,4,4,4,4,4,4,4,4,5,6,4,4,5,4,4,4,5
RIC,5,6,5,5,5,5,5,5,5,5,0,0,0,0,0,0,0,0,0,0
RIG,4,4,4,4,4,4,4,4,4,4,4,5,6,4,4,5,4,4,4,5
RIW,5,6,5,5,5,5,5,5,5,5,0,0,0,0,0,0,0,0,0,0
RIX,0,0,0,0,0,0,0,0,0,0,1,1,1,1,1,1,2,1,2,3
RIY,1,1,1,1,1,1,1,1,1,1,2,3,3,3,3,2,3,2,1,1
RJA,1,1,1,1,1,1,1,1,1,1,2,3,3,3,3,2,3,2,1,1
RJH,1,1,1,1,1,1,1,1,1,1,2,3,3,3,3,2,3,2,1,1
RJK,0,0,0,0,0,0,0,0,0,0,1,1,1,1,1,1,2,1,2,3
RJL,0,0,0,0,0,0,0,0,0,0,1,1,1,1,1,1,2,1,2,3
RKA,12,14,14,14,13,14,11,11,10,12,11,10,10,10,11,10,8,5,5,10
RKD,5,6,5,5,5,5,5,5,5,5,0,0,0,0,0,0,0,0,0,0
RKS,5,6,5,5,5,5,5,5,5,5,0,0,0,0,0,0,0,0,0,0
RKV,11,12,21,12,11,20,10,10,12,11,10,9,9,9,9,9,10,9,9,9
RLG,0,0,0,0,0,0,0,0,0,0,1,1,1,1,1,1,2,1,2,3
RLK,3,3,3,3,3,3,3,3,3,3,3,2,2,2,2,3,1,3,3,2
RMA,7,8,7,7,7,7,7,7,3,7,5,4,4,5,5,4,1,5,5,4
RMF,0,0,0,0,0,0,0,0,0,0,1,1,1,1,1,1,2,1,2,3
RMI,2,2,2,2,2,2,2,2,2,2,7,7,3,3,3,7,6,7,6,7
RMP,6,7,6,6,6,6,6,6,11,6,6,6,7,7,7,6,7,6,7,6
RMQ,3,3,3,3,3,3,3,3,3,3,3,2,2,2,2,3,1,3,3,2
RMT,12,14,14,14,13,14,11,11,10,12,11,10,10,10,11,10,8,5,5,10
RNA,7,8,7,7,7,7,7,7,10,7,5,4,4,5,5,4,8,5,5,4
RNB,0,0,0,0,0,0,0,0,0,0,1,1,1,1,1,1,2,1,2,3
RNL,7,8,7,7,7,7,7,7,10,7,5,4,4,5,5,4,8,5,5,4
RNN,0,0,0,0,0,0,0,0,0,0,1,1,1,1,1,1,2,1,2,3
RNO,5,6,5,5,5,5,5,5,5,5,0,0,0,0,0,0,0,0,0,0
RNS,0,0,0,0,0,0,0,0,0,0,1,1,1,1,1,1,2,1,2,3
ROA,5,6,5,5,5,5,5,5,5,5,0,0,0,0,0,0,0,0,0,0
ROB,1,24,1,1,1,1,1,0,1,1,8,3,5,6,6,2,5,2,1,1
ROC,5,6,5,5,5,5,5,5,5,5,0,0,0,0,0,0,0,0,0,0
ROI,3,3,3,3,3,3,3,3,3,3,3,2,2,2,2,3,1,3,3,2
ROK,7,8,7,7,7,7,7,7,3,7,5,4,4,5,5,4,1,5,5,4
ROO,4,4,4,4,4,4,4,4,4,4,4,5,6,4,4,5,4,4,4,5
ROP,3,3,3,3,3,3,3,3,3,3,3,2,2,2,2,3,1,3,3,2
ROR,3,3,3,3,3,3,3,3,3,3,3,2,2,2,2,3,1,3,3,2
ROS,4,4,4,4,4,4,4,4,4,4,4,5,6,4,4,5,4,4,4,5
ROT,7,8,7,7,7,7,7,7,10,7,5,4,4,5,5,4,8,5,5,4
ROV,2,2,2,2,2,2,2,2,2,2,7,7,3,3,3,7,6,7,6,7
ROW,5,6,5,5,5,5,5,5,5,5,0,0,0,0,0,0,0,0,0,0
RPR,1,1,1,1,1,1,1,1,1,1,2,3,3,3,3,2,3,2,1,1
RRG,1,1,1,1,1,1,1,1,1,1,2,3,5,6,6,2,5,2,1,1
RRS,0,0,0,0,0,0,0,0,0,0,1,1,1,1,1,1,2,1,2,3
RSA,4,4,4,4,4,4,4,4,4,4,4,5,6,4,4,5,4,4,4,5
RSD,5,6,5,5,5,5,5,5,5,5,0,0,0,0,0,0,0,0,0,0
RSH,6,7,6,6,6,6,6,6,11,6,6,6,7,7,7,6,7,6,7,6
RST,5,6,5,5,5,5,5,5,5,5,0,0,0,0,0,0,0,0,0,0
RSU,3,3,3,3,3,3,3,3,3,3,3,2,2,2,2,3,1,3,3,2
RSW,5,6,5,5,5,5,5,5,5,5,0,0,0,0,0,0,0,0,0,0
RTA,7,8,7,7,7,7,7,7,10,7,5,4,4,5,5,4,8,5,5,4
RTB,5,6,5,5,5,5,5,4,5,5,0,0,0,0,0,0,0,0,0,0
RTM,0,0,0,0,0,0,0,0,0,0,1,1,1,1,1,1,2,1,2,3
RTW,2,2,2,2,2,2,2,2,2,2,7,7,3,3,3,7,6,7,6,7
RUA,1,1,1,1,1,1,1,1,1,1,2,3,5,6,6,2,5,2,1,1
RUH,1,1,1,1,1,1,1,1,1,1,2,3,3,3,3,2,3,2,1,1
RUN,1,1,20,1,1,1,1,1,1,1,15,3,5,6,6,2,5,2,1,1
RUR,12,14,14,14,13,14,11,11,10,12,11,10,10,10,11,10,8,5,5,10
RUS,7,8,7,7,7,7,7,7,10,7,5,4,4,5,5,4,8,5,5,4
RUT,5,6,5,5,5,5,5,5,5,5,0,0,0,0,0,0,0,0,0,0
RVD,4,4,4,4,4,4,4,4,4,4,4,5,6,4,4,5,4,4,4,5
RVE,5,6,5,5,4,5,4,4,5,5,4,0,0,4,4,0,4,4,4,0
RVK,15,19,19,18,18,19,14,14,16,15,12,11,11,12,12,11,12,11,11,11
RVN,0,0,0,0,0,0,0,0,0,0,1,1,1,1,1,1,2,1,2,3
RVT,7,8,7,7,7,7,7,7,3,7,5,4,4,5,5,4,1,5,5,4
RVV,12,14,14,14,13,14,11,11,10,12,11,10,10,10,11,10,8,5,5,10
RXS,3,3,3,3,7,3,3,7,3,3,3,2,2,2,2,3,1,3,3,2
RYG,0,0,0,0,0,0,0,0,0,0,1,1,1,1,1,1,2,1,2,3
RYK,1,1,1,1,1,1,1,1,1,1,2,3,3,3,3,2,3,2,1,1
RZE,0,0,0,0,0,0,0,0,0,0,1,1,1,1,1,1,2,1,2,3
RZR,1,1,1,1,1,1,1,1,1,1,2,3,3,3,3,2,3,2,1,1
SAB,5,6,5,5,4,5,5,5,5,5,0,0,0,0,0,0,0,0,0,0
SAE,11,12,21,12,11,20,10,10,12,11,10,9,9,9,9,9,10,9,9,9
SAF,5,6,5,5,5,5,5,5,5,5,0,0,0,0,0,0,0,0,0,0
SAH,1,1,1,1,1,1,1,1,1,1,2,3,3,3,3,2,3,2,1,1
SAL,5,6,5,5,5,5,5,4,5,5,0,0,0,0,0,0,0,0,0,0
SAN,5,6,5,5,5,5,5,5,5,5,0,0,0,0,0,0,0,0,0,0
SAP,5,6,5,5,5,5,5,4,5,5,0,0,0,0,0,0,0,0,0,0
SAT,5,6,5,5,5,5,5,5,5,5,0,0,0,0,0,0,0,0,0,0
SAV,5,6,5,5,5,5,5,5,5,5,0,0,0,0,0,0,0,0,0,0
SAW,0,0,0,0,0,1,0,0,0,0,2,1,3,3,3,2,2,1,1,3
SAX,10,11,10,10,9,10,9,9,9,10,14,13,13,13,13,12,13,12,12,13
SBA,5,6,5,5,5,5,5,5,5,5,0,0,0,0,0,0,0,0,0,0
SBH,5,6,5,5,4,5,5,5,5,5,0,0,0,0,0,0,0,0,0,0
SBN,5,6,5,5,5,5,5,5,5,5,0,0,0,0,0,0,0,0,0,0
SBP,5,6,5,5,5,5,5,5,5,5,0,0,0,0,0,0,0,0,0,0
SBW,3,1,1,3,7,3,3,7,3,3,2,2,2,2,2,3,1,3,3,2
SBY,5,6,5,5,5,5,5,5,5,5,0,0,0,0,0,0,0,0,0,0
SBZ,0,0,0,0,0,0,0,0,0,0,1,1,1,1,1,1,2,1,2,3
SCC,6,7,6,6,6,6,6,6,11,6,6,6,7,7,7,6,7,6,7,6
SCE,5,6,5,5,5,5,5,5,5,5,0,0,0,0,0,0,0,0,0,0
SCK,5,6,5,5,5,5,5,5,5,5,0,0,0,0,0,0,0,0,0,0
SCL,4,4,4,4,4,4,4,4,4,4,4,5,6,4,4,5,4,4,4,5
SCM,6,7,6,6,6,6,6,6,11,6,6,6,7,7,7,6,7,6,7,6
SCN,0,0,0,0,0,0,0,0,0,0,1,1,1,1,1,1,2,1,2,3
SCO,2,2,2,2,2,2,2,2,2,2,7,7,3,3,3,7,6,7,6,7
SCQ,0,0,0,0,0,0,0,0,0,0,1,1,1,1,1,1,2,1,2,3
SCT,1,1,1,1,1,1,1,1,1,1,2,3,3,3,3,2,3,2,1,1
SCU,5,6,5,5,4,5,5,4,5,5,0,0,0,0,0,0,0,0,0,0
SCW,2,2,2,2,2,2,2,2,2,2,7,7,3,3,3,7,6,7,6,7
SCY,4,4,5,5,4,5,4,4,5,5,4,0,0,4,4,0,4,4,4,0
SCZ,7,8,7,7,7,7,7,7,10,7,5,4,4,5,5,4,8,5,5,4
SDD,1,24,1,1,1,1,1,1,1,1,8,3,5,6,6,2,5,2,1,1
SDE,4,4,4,4,4,4,4,4,4,4,4,5,6,4,4,5,4,4,4,5
SDF,5,6,5,5,5,5,5,5,5,5,0,0,0,0,0,0,0,0,0,0
SDG,1,1,1,1,1,1,1,1,1,1,2,3,3,3,3,2,3,2,1,1
SDJ,3,3,3,3,3,3,3,3,3,3,3,2,2,2,2,3,1,3,3,2
SDK,3,1,1,3,7,3,3,7,3,3,2,2,2,2,2,3,1,3,3,2
SDL,0,0,0,0,0,0,0,0,0,0,1,1,1,1,1,1,2,1,2,3
SDN,0,0,0,0,0,0,0,0,0,0,1,1,1,1,1,1,2,1,2,3
SDP,6,7,6,5,5,6,6,6,11,6,6,6,7,7,7,6,7,6,7,6
SDQ,5,6,5,5,4,5,5,5,5,5,0,0,0,0,0,0,0,0,0,0
SDR,0,0,0,0,0,0,0,0,0,0,1,1,1,1,1,1,2,1,2,3
SDU,4,4,4,4,4,4,4,4,4,4,4,5,6,4,4,5,4,4,4,5
SDV,25,17,11,29,30,17,24,23,6,25,24,24,22,21,21,23,21,23,22,26
SDY,5,6,5,5,5,5,5,5,5,5,0,0,0,0,0,0,0,0,0,0
SEA,5,6,5,5,5,5,5,5,5,5,0,0,0,0,0,0,0,0,0,0
SEN,0,0,0,0,0,0,0,0,0,0,1,1,1,1,1,1,2,1,2,3
SEZ,1,1,1,1,1,1,1,1,1,1,2,3,3,6,6,2,5,2,1,1
SFA,1,1,1,1,1,1,1,1,1,1,2,3,3,3,3,2,3,2,1,1
SFB,5,6,5,5,5,5,5,5,5,5,0,0,0,0,0,0,0,0,0,0
SFG,5,6,5,5,4,5,5,5,5,5,0,0,0,0,0,0,0,0,0,0
SFJ,11,12,21,12,11,20,10,10,12,11,10,9,9,9,9,9,10,9,9,9
SFL,0,24,0,1,1,1,1,0,1,1,8,3,5,6,6,2,5,2,1,1
SFN,4,4,4,4,4,4,4,4,4,4,4,5,6,4,4,5,4,4,4,5
SFO,5,6,5,5,5,5,5,5,5,5,0,0,0,0,0,0,0,0,0,0
SFT,0,0,0,0,0,0,0,0,0,0,1,1,1,1,1,1,2,1,2,3
SGC,2,2,2,2,2,2,2,2,2,2,7,7,3,3,3,7,6,7,6,7
SGD,0,0,0,0,0,0,0,0,0,0,1,1,1,1,1,1,2,1,2,3
SGF,5,6,5,5,5,5,5,5,5,5,0,0,0,0,0,0,0,0,0,0
SGG,11,12,21,12,11,20,10,10,12,11,10,9,9,9,9,9,10,9,9,9
SGN,3,3,3,3,3,3,3,3,3,3,3,2,2,2,2,3,1,3,3,2
SGO,7,8,7,7,7,7,7,7,3,7,5,4,4,5,5,4,1,5,5,4
SGU,5,6,5,5,5,5,5,5,5,5,0,0,0,0,0,0,0,0,0,0
SGY,6,7,6,13,12,6,6,6,11,6,6,6,7,7,7,6,7,6,7,6
SHA,3,3,3,3,3,3,3,3,3,3,3,2,2,2,2,3,1,3,3,2
SHB,3,3,3,3,3,3,3,3,3,3,3,2,2,2,2,3,1,3,3,2
SHC,1,1,1,1,1,1,1,1,1,1,8,3,5,6,6,2,5,2,1,1
SHD,5,6,5,5,5,5,5,5,5,5,0,0,0,0,0,0,0,0,0,0
SHE,3,3,3,3,3,3,3,3,3,3,3,2,2,2,2,3,1,3,3,2
SHG,6,7,6,6,6,6,6,6,11,6,6,6,7,7,7,6,7,6,7,6
SHH,6,7,6,6,6,6,6,6,11,6,6,6,7,7,7,6,7,6,7,6
SHJ,1,1,1,1,1,1,1,1,1,1,2,3,3,3,3,2,3,2,1,1
SHL,1,1,1,1,1,1,1,1,1,1,2,3,3,3,3,2,3,2,1,1
SHM,3,3,3,3,3,3,3,3,3,3,3,2,2,2,2,3,1,3,3,2
SHP,3,3,3,3,3,3,3,3,3,3,3,2,2,2,2,3,1,3,3,2
SHR,5,6,5,5,5,5,5,5,5,5,0,0,0,0,0,0,0,0,0,0
SHV,5,6,5,5,5,5,5,5,5,5,0,0,0,0,0,0,0,0,0,0
SHW,1,1,1,1,1,1,1,1,1,1,2,3,3,3,3,2,3,2,1,1
SHX,6,7,6,6,6,6,6,6,11,6,6,6,7,7,7,6,7,6,7,6
SIC,10,11,10,10,9,10,9,9,9,10,14,13,13,13,13,12,13,12,12,13
SID,0,0,0,0,0,0,0,0,0,0,1,1,1,1,1,1,2,1,2,3
SIN,3,3,1,3,3,3,3,7,3,3,2,2,2,2,2,3,1,3,3,2
SIP,2,2,2,2,2,2,2,2,2,2,7,7,3,3,3,7,6,7,6,7
SIT,6,7,6,13,12,6,6,6,11,6,6,6,7,7,7,6,7,6,7,6
SJC,5,6,5,5,5,5,5,5,5,5,0,0,0,0,0,0,0,0,0,0
SJD,5,6,5,5,5,5,5,5,5,5,0,0,0,0,0,0,0,0,0,0
SJE,5,6,5,5,4,5,4,4,5,5,4,0,0,4,4,0,4,4,4,0
SJI,3,3,3,3,7,3,3,7,3,3,3,2,2,2,2,3,1,3,3,2
SJJ,0,0,0,0,0,0,0,0,0,0,1,1,1,1,1,1,2,1,2,3
SJK,4,4,4,4,4,4,4,4,4,4,4,5,6,4,4,5,4,4,4,5
SJL,4,4,4,4,4,4,4,4,4,4,4,5,6,4,4,5,4,4,4,5
SJO,5,6,5,5,5,5,5,4,5,5,0,0,0,0,0,0,0,0,0,0
SJP,4,4,4,4,4,4,4,4,4,4,4,5,6,4,4,5,4,4,4,5
SJT,5,6,5,5,5,5,5,5,5,5,0,0,0,0,0,0,0,0,0,0
SJU,5,6,5,5,5,5,5,5,5,5,0,0,0,0,0,0,0,0,0,0
SJW,3,3,3,3,3,3,3,3,3,3,3,2,2,2,2,3,1,3,3,2
SJZ,0,20,0,19,0,0,0,0,17,16,1,1,1,1,1,1,2,16,2,3
SKB,5,6,5,5,4,5,5,5,5,5,0,0,0,0,0,0,0,0,0,0
SKD,2,2,2,2,2,2,2,2,2,2,7,7,3,3,3,7,6,7,6,7
SKE,0,0,0,0,0,0,0,0,0,0,1,1,1,1,1,1,2,1,2,3
SKG,0,0,0,0,0,0,0,0,0,0,1,1,1,1,1,1,2,1,2,3
SKK,6,7,6,6,6,6,6,6,11,6,6,6,7,7,7,6,7,6,7,6
SKN,15,19,19,18,18,19,14,14,16,15,12,11,11,12,12,11,12,11,11,11
SKO,1,24,1,1,1,1,1,1,1,1,8,3,5,6,6,2,5,2,1,1
SKP,0,0,0,0,0,0,0,0,0,0,1,1,1,1,1,1,2,1,2,3
SKT,1,1,1,1,1,1,1,1,1,1,2,3,3,3,3,2,3,2,1,1
SKU,0,0,0,0,0,0,0,0,0,0,1,1,1,1,1,1,2,1,2,3
SKX,2,2,2,2,2,2,2,2,2,2,7,7,3,3,3,7,6,7,6,7
SKZ,1,1,1,1,1,1,1,1,1,1,2,3,3,3,3,2,3,2,1,1
SLA,4,4,4,4,4,4,4,4,4,4,4,5,6,4,4,5,4,4,4,5
SLC,5,6,5,5,5,5,5,5,5,5,0,0,0,0,0,0,0,0,0,0
SLH,7,8,7,7,7,7,7,7,10,7,5,4,4,5,5,4,8,5,5,4
SLI,1,24,1,1,1,1,1,1,1,1,8,3,5,6,6,2,5,2,1,1
SLK,5,6,5,5,5,5,5,5,5,5,0,0,0,0,0,0,0,0,0,0
SLL,1,1,1,1,1,1,1,1,1,1,2,3,3,3,3,2,3,2,1,1
SLM,0,0,0,0,0,0,0,0,0,0,1,1,1,1,1,1,2,1,2,3
SLN,5,6,5,5,5,5,5,5,5,5,0,0,0,0,0,0,0,0,0,0
SLP,5,6,5,5,5,5,5,5,5,5,0,0,0,0,0,0,0,0,0,0
SLQ,6,7,6,6,6,6,6,6,11,6,6,6,7,7,7,6,7,6,7,6
SLU,5,6,5,5,4,5,5,5,5,5,0,0,0,0,0,0,0,0,0,0
SLW,5,6,5,5,5,5,5,4,5,5,0,0,0,0,0,0,0,0,0,0
SLX,5,6,5,5,5,5,5,5,5,5,0,0,0,0,0,0,0,0,0,0
SLY,2,2,2,2,2,2,2,2,2,2,7,7,3,3,3,7,6,7,6,7
SLZ,4,4,4,4,4,4,4,4,4,4,4,5,6,4,4,5,4,4,4,5
SMA,0,20,0,19,0,0,0,0,17,16,1,1,1,1,1,1,2,16,2,3
SMF,5,6,5,5,5,5,5,5,5,5,0,0,0,0,0,0,0,0,0,0
SMI,0,0,0,0,0,0,0,0,0,0,1,1,1,1,1,1,2,1,2,3
SMK,6,7,6,6,6,6,6,6,11,6,6,6,7,7,7,6,7,6,7,6
SML,5,6,5,5,5,5,5,5,5,5,0,0,0,0,0,0,0,0,0,0
SMR,5,6,5,5,4,5,4,4,5,5,4,0,0,4,4,0,4,4,4,0
SMS,1,1,20,1,1,1,1,1,1,1,15,3,5,6,6,2,5,2,1,1
SMX,5,6,5,5,5,5,5,5,5,5,0,0,0,0,0,0,0,0,0,0
SNA,5,6,5,5,5,5,5,5,5,5,0,0,0,0,0,0,0,0,0,0
SNE,0,0,0,0,0,0,0,0,0,0,1,1,1,1,1,1,2,1,2,3
SNN,0,0,0,0,0,0,0,0,0,0,1,1,1,1,1,1,2,1,2,3
SNO,3,3,3,3,3,3,3,3,3,3,3,2,2,2,2,3,1,3,3,2
SNP,6,7,6,5,5,6,6,6,11,6,6,6,7,7,7,6,7,6,7,6
SNU,5,6,5,5,5,5,5,5,5,5,0,0,0,0,0,0,0,0,0,0
SNV,5,24,5,5,4,5,5,4,5,5,0,0,0,0,0,0,0,0,0,0
SNW,3,3,3,3,3,3,3,3,3,3,3,2,2,2,2,3,1,3,3,2
SOC,3,1,1,3,7,3,3,7,3,3,2,2,2,2,2,3,1,3,3,2
SOF,0,0,0,0,0,0,0,0,0,0,1,1,1,1,1,1,2,1,2,3
SOG,0,0,0,0,0,0,0,0,0,0,1,1,1,1,1,1,2,1,2,3
SOJ,15,19,19,18,18,19,14,14,16,15,12,11,11,12,12,11,12,11,11,11
SOM,5,24,5,5,4,5,5,4,5,5,0,0,0,0,0,0,0,0,0,0
SON,7,8,7,7,7,7,7,7,10,7,5,4,4,5,5,4,8,5,5,4
SOQ,3,1,1,3,7,3,3,7,3,3,2,2,2,2,2,3,1,3,3,2
SOU,0,0,0,0,0,0,0,0,0,0,1,1,1,1,1,1,2,1,2,3
SOW,5,6,5,5,5,5,5,5,5,5,0,0,0,0,0,0,0,0,0,0
SOY,8,9,8,8,8,8,8,8,7,8,20,19,17,17,17,18,17,19,18,19
SPB,27,21,13,31,17,11,26,25,15,27,27,25,23,24,24,24,23,24,25,28
SPC,0,0,0,0,0,0,0,0,0,0,1,1,1,1,1,1,2,1,2,3
SPD,1,1,1,1,1,1,1,1,1,1,2,3,3,3,3,2,3,2,1,1
SPI,5,6,5,5,5,5,5,5,5,5,0,0,0,0,0,0,0,0,0,0
SPN,3,3,3,3,3,3,3,3,3,3,3,2,2,2,2,3,1,3,3,2
SPP,1,24,1,1,1,1,1,1,1,1,8,3,5,6,6,2,5,2,1,1
SPR,17,22,23,22,22,22,16,4,20,17,16,14,14,14,14,13,14,13,13,14
SPS,5,6,5,5,5,5,5,5,5,5,0,0,0,0,0,0,0,0,0,0
SPU,0,0,0,0,0,0,0,0,0,0,1,1,1,1,1,1,2,1,2,3
SQS,17,22,23,22,22,22,16,4,20,17,16,14,14,14,14,13,14,13,13,14
SRA,4,4,4,4,4,4,4,4,4,4,4,5,6,4,4,5,4,4,4,5
SRE,4,4,4,4,4,4,4,4,4,4,4,5,6,4,4,5,4,4,4,5
SRG,3,1,1,3,7,3,3,7,3,3,2,2,2,2,2,3,1,3,3,2
SRK,11,12,21,12,11,20,10,10,12,11,10,9,9,9,9,9,10,9,9,9
SRP,0,0,0,0,0,0,0,0,0,0,1,1,1,1,1,1,2,1,2,3
SRQ,5,6,5,5,5,5,5,5,5,5,0,0,0,0,0,0,0,0,0,0
SRV,6,7,6,6,6,6,6,6,11,6,6,6,7,7,7,6,7,6,7,6
SRX,1,1,1,1,1,1,1,1,1,1,2,3,3,3,3,2,3,2,1,1
SRY,1,1,1,1,1,1,1,1,1,1,2,3,3,3,3,2,3,2,1,1
SRZ,4,4,4,4,4,4,4,4,4,4,4,5,6,4,4,5,4,4,4,5
SSA,4,4,4,4,4,4,4,4,4,4,4,5,6,4,4,5,4,4,4,5
SSB,27,21,13,31,17,11,26,25,15,27,27,25,23,24,24,24,23,24,25,28
SSG,1,24,1,1,1,1,1,1,1,1,8,3,5,6,6,2,5,2,1,1
SSH,1,1,1,1,1,1,1,1,1,1,2,3,3,3,3,2,3,2,1,1
SSJ,0,0,0,0,0,19,0,14,0,0,12,11,11,12,12,11,12,11,11,11
SSR,7,8,7,7,7,7,7,7,10,7,5,4,4,5,5,4,8,5,5,4
SSY,1,24,1,1,1,1,1,1,1,1,8,3,5,6,6,2,5,2,1,1
STC,5,6,5,5,5,5,5,5,5,5,0,0,0,0,0,0,0,0,0,0
STD,5,24,5,5,4,5,5,4,5,5,0,0,0,0,0,0,0,0,0,0
STG,6,7,6,5,5,6,6,6,11,6,6,6,7,7,7,6,7,6,7,6
STI,5,6,5,5,5,5,5,5,5,5,0,0,0,0,0,0,0,0,0,0
STL,5,6,5,5,5,5,5,5,5,5,0,0,0,0,0,0,0,0,0,0
STM,4,4,4,4,4,4,4,4,4,4,4,5,6,4,4,5,4,4,4,5
STN,0,0,0,0,0,0,0,0,0,0,1,1,1,1,1,1,2,1,2,3
STR,0,0,0,0,0,0,0,0,0,0,1,1,1,1,1,1,2,1,2,3
STS,5,6,5,5,5,5,5,5,5,5,0,0,0,0,0,0,0,0,0,0
STT,5,6,5,5,5,5,5,5,5,5,0,0,0,0,0,0,0,0,0,0
STV,1,1,1,1,1,1,1,1,1,1,2,3,3,3,3,2,3,2,1,1
STW,2,2,2,2,2,2,2,2,2,2,7,7,3,3,3,7,6,7,6,7
STX,5,6,5,5,5,5,5,5,5,5,0,0,0,0,0,0,0,0,0,0
STZ,4,4,4,4,4,4,4,4,4,4,4,5,6,4,4,5,4,4,4,5
SUB,3,1,1,3,7,3,3,7,3,3,2,2,2,2,2,3,1,3,3,2
SUF,0,0,0,0,0,0,0,0,0,0,1,1,1,1,1,1,2,1,2,3
SUG,3,3,3,3,7,3,3,7,3,3,3,2,2,2,2,3,1,3,3,2
SUJ,0,0,0,0,0,0,0,0,0,0,1,1,1,1,1,1,2,1,2,3
SUK,2,2,2,2,2,2,2,2,2,2,7,7,3,3,3,7,6,7,6,7
SUR,26,18,12,30,20,18,25,24,25,14,9,8,8,11,8,8,9,10,10,12
SUV,7,8,7,7,7,7,7,7,10,7,5,4,4,5,5,4,8,5,5,4
SUX,5,6,5,5,5,5,5,5,5,5,0,0,0,0,0,0,0,0,0,0
SVA,6,7,6,6,6,6,6,6,11,6,6,6,7,7,7,6,7,6,7,6
SVB,1,1,20,1,1,1,1,1,1,1,15,3,5,6,6,2,5,2,1,1
SVC,5,6,5,5,5,5,5,5,5,5,0,0,0,0,0,0,0,0,0,0
SVD,5,6,5,5,4,5,5,5,5,5,0,0,0,0,0,0,0,0,0,0
SVG,0,0,0,0,0,0,0,0,0,0,1,1,1,1,1,1,2,1,2,3
SVI,9,10,9,9,4,9,4,4,8,9,4,20,18,4,4,19,4,4,4,21
SVJ,15,19,19,18,18,19,14,14,16,15,12,11,11,12,12,11,12,11,11,11
SVK,17,22,23,22,22,22,16,4,20,17,16,14,14,14,14,13,14,13,13,14
SVL,0,0,0,0,0,0,0,0,0,0,1,1,1,1,1,1,2,1,2,3
SVO,2,2,2,2,2,2,2,2,2,2,7,7,3,3,3,7,6,7,6,7
SVP,1,24,1,1,1,1,1,1,1,1,8,3,5,6,6,2,5,2,1,1
SVQ,0,0,0,0,0,0,0,0,0,0,1,1,1,1,1,1,2,1,2,3
SVR,11,12,21,12,11,20,10,10,12,11,10,9,9,9,9,9,10,9,9,9
SVS,6,7,6,6,6,6,6,6,11,6,6,6,7,7,7,6,7,6,7,6
SVU,7,8,7,7,7,7,7,7,10,7,5,4,4,5,5,4,8,5,5,4
SVX,2,2,2,2,2,2,2,2,2,2,7,7,3,3,3,7,6,7,6,7
SVZ,5,24,5,5,4,5,5,4,5,5,0,0,0,0,0,0,0,0,0,0
SWA,3,3,3,3,3,3,3,3,3,3,3,2,2,2,2,3,1,3,3,2
SWF,5,6,5,5,5,5,5,5,5,5,0,0,0,0,0,0,0,0,0,0
SWJ,7,8,7,7,7,7,7,7,10,7,5,4,4,5,5,4,8,5,5,4
SXB,0,0,0,0,0,0,0,0,0,0,1,1,1,1,1,1,2,1,2,3
SXF,0,0,0,0,0,0,0,0,0,0,1,1,1,1,1,1,2,1,2,3
SXI,1,1,1,1,1,1,1,1,1,1,2,3,3,3,3,2,3,2,1,1
SXK,3,1,1,3,7,3,3,7,3,3,2,2,2,2,2,3,1,3,3,2
SXM,5,6,5,5,4,5,5,5,5,5,0,0,0,0,0,0,0,0,0,0
SXO,4,4,4,4,4,4,4,4,4,4,4,5,6,4,4,5,4,4,4,5
SXP,6,7,6,6,6,6,6,6,11,6,6,6,7,7,7,6,7,6,7,6
SXR,1,1,1,1,1,1,1,1,1,1,2,3,3,3,3,2,3,2,1,1
SXX,4,4,4,4,4,4,4,4,4,4,4,5,6,4,4,5,4,4,4,5
SYB,6,7,6,11,10,6,6,6,11,6,6,6,7,7,7,6,7,6,7,6
SYD,7,8,7,7,7,7,7,7,3,7,5,4,4,5,5,4,1,5,5,4
SYM,3,3,3,3,3,3,3,3,3,3,3,2,2,2,2,3,1,3,3,2
SYO,3,3,3,3,3,3,3,3,3,3,3,2,2,2,2,3,1,3,3,2
SYQ,5,6,5,5,5,5,5,5,5,5,0,0,0,0,0,0,0,0,0,0
SYR,5,6,5,5,5,5,5,5,5,5,0,0,0,0,0,0,0,0,0,0
SYX,3,3,3,3,3,3,3,3,3,3,3,2,2,2,2,3,1,3,3,2
SYY,0,0,0,0,0,0,0,0,0,0,1,1,1,1,1,1,2,1,2,3
SYZ,1,1,1,1,1,1,1,1,1,1,2,3,3,3,3,2,3,2,1,1
SZA,1,24,1,1,1,1,1,1,1,1,8,3,5,6,6,2,5,2,1,1
SZB,3,1,1,3,3,3,3,7,3,3,2,2,2,2,2,3,1,3,3,2
SZE,1,1,1,1,1,1,1,1,1,1,8,3,5,6,6,2,5,2,1,1
SZG,0,0,0,0,0,0,0,0,0,0,1,1,1,1,1,1,2,1,2,3
SZI,2,2,2,2,2,2,2,2,2,2,7,7,3,3,3,7,6,7,6,7
SZX,3,3,3,3,3,3,3,3,3,3,3,2,2,2,2,3,1,3,3,2
SZZ,0,0,0,0,0,0,0,0,0,0,1,1,1,1,1,1,2,1,2,3
TAB,5,6,5,5,4,5,5,5,5,5,0,0,0,0,0,0,0,0,0,0
TAC,3,3,3,3,7,3,3,7,3,3,3,2,2,2,2,3,1,3,3,2
TAE,3,3,3,3,3,3,3,3,3,3,3,2,2,2,2,3,1,3,3,2
TAG,3,3,3,3,7,3,3,7,3,3,3,2,2,2,2,3,1,3,3,2
TAH,7,8,7,7,7,7,7,7,10,7,5,4,4,5,5,4,8,5,5,4
TAI,1,1,1,1,1,1,1,1,1,1,2,3,3,3,3,2,3,2,1,1
TAK,3,3,3,3,3,3,3,3,3,3,3,2,2,2,2,3,1,3,3,2
TAL,6,7,6,6,6,6,6,6,11,6,6,6,7,7,7,6,7,6,7,6
TAM,5,6,5,5,5,5,5,4,5,5,0,0,0,0,0,0,0,0,0,0
TAO,3,3,3,3,3,3,3,3,3,3,3,2,2,2,2,3,1,3,3,2
TAP,5,6,5,5,5,5,5,4,5,5,0,0,0,0,0,0,0,0,0,0
TAS,2,2,2,2,2,2,2,2,2,2,7,7,3,3,3,7,6,7,6,7
TAY,0,0,0,0,0,0,0,0,0,0,1,1,1,1,1,1,2,1,2,3
TBB,3,3,3,3,3,3,3,3,3,3,3,2,2,2,2,3,1,3,3,2
TBG,7,8,7,7,7,7,7,7,10,7,5,4,4,5,5,4,8,5,5,4
TBI,5,6,5,5,5,5,5,5,5,5,0,0,0,0,0,0,0,0,0,0
TBN,5,6,5,5,5,5,5,5,5,5,0,0,0,0,0,0,0,0,0,0
TBP,4,4,4,4,4,4,4,4,4,4,4,5,6,4,4,5,4,4,4,5
TBS,2,0,2,2,0,0,2,2,0,0,7,7,3,3,3,7,6,7,6,7
TBT,4,4,4,4,4,4,4,4,4,4,4,5,6,4,4,5,4,4,4,5
TBU,7,8,7,7,7,7,7,7,10,7,5,4,4,5,5,4,8,5,5,4
TBW,2,2,2,2,2,2,2,2,2,2,7,7,3,3,3,7,6,7,6,7
TBZ,1,1,1,1,1,1,1,1,1,1,2,3,3,3,3,2,3,2,1,1
TCB,5,6,5,5,5,5,5,5,5,5,0,0,0,0,0,0,0,0,0,0
TCD,9,10,9,9,4,9,4,4,8,9,4,20,18,4,4,19,4,4,4,21
TCG,3,3,3,3,3,3,3,3,3,3,3,2,2,2,2,3,1,3,3,2
TCO,5,6,5,5,4,5,4,4,5,5,4,0,0,4,4,0,4,4,4,0
TCQ,4,4,4,4,4,4,4,4,4,4,4,5,6,4,4,5,4,4,4,5
TCR,1,1,1,1,1,1,1,1,1,1,2,3,3,3,3,2,3,2,1,1
TCT,6,7,6,6,6,6,6,6,11,6,6,6,7,7,7,6,7,6,7,6
TCZ,3,3,3,3,3,3,3,3,3,3,3,2,2,2,2,3,1,3,3,2
TDD,4,4,4,4,4,4,4,4,4,4,4,5,6,4,4,5,4,4,4,5
TDX,3,3,1,3,3,3,3,3,3,3,3,2,2,2,2,3,1,3,3,2
TEB,5,6,5,5,5,5,5,5,5,5,0,0,0,0,0,0,0,0,0,0
TEE,0,0,0,0,0,0,0,0,0,0,1,1,1,1,1,1,2,1,2,1
TEN,3,3,3,3,3,3,3,3,3,3,3,2,2,2,2,3,1,3,3,2
TEQ,1,0,1,1,0,1,1,1,0,0,2,3,3,3,3,2,3,2,1,1
TER,0,20,0,19,0,0,0,0,17,16,1,1,1,1,1,1,2,16,2,3
TET,1,24,1,1,1,1,1,1,1,1,8,3,5,6,6,2,5,2,1,1
TFF,4,4,4,4,4,4,4,4,4,4,4,5,6,4,4,5,4,4,4,5
TFI,7,8,7,7,7,7,7,7,10,7,5,4,4,5,5,4,8,5,5,4
TFN,0,0,0,0,0,0,0,0,0,0,1,1,1,1,1,1,2,1,2,3
TFS,0,0,0,0,0,0,0,0,0,0,1,1,1,1,1,1,2,1,2,3
TGC,3,1,1,3,7,3,3,7,3,3,2,2,2,2,2,3,1,3,3,2
TGD,0,0,0,0,0,0,0,0,0,0,1,1,1,1,1,1,2,1,2,3
TGG,3,1,1,3,3,3,3,7,3,3,2,2,2,2,2,3,1,3,3,2
TGH,7,8,7,7,7,7,7,7,10,7,5,4,4,5,5,4,8,5,5,4
TGI,4,4,4,4,4,4,4,4,4,4,4,5,6,4,4,5,4,4,4,5
TGJ,21,26,27,25,26,26,20,19,24,21,18,15,15,15,15,15,15,14,14,16
TGK,2,2,2,2,2,2,2,2,2,2,7,7,3,3,3,7,6,7,6,7
TGM,0,0,0,0,0,0,0,0,0,0,1,1,1,1,1,1,2,1,2,3
TGO,3,3,3,3,3,3,3,3,3,3,3,2,2,2,2,3,1,3,3,2
TGP,2,2,2,2,2,2,2,2,2,2,7,7,3,3,3,7,6,7,6,7
TGR,0,0,0,0,0,0,0,0,0,0,1,1,1,1,1,1,2,1,2,1
TGU,5,6,5,5,5,5,5,4,5,5,0,0,0,0,0,0,0,0,0,0
TGZ,5,6,5,5,5,5,5,4,5,5,0,0,0,0,0,0,0,0,0,0
THD,3,3,3,3,3,3,3,3,3,3,3,2,2,2,2,3,1,3,3,2
THE,4,4,4,4,4,4,4,4,4,4,4,5,6,4,4,5,4,4,4,5
THL,3,3,3,3,3,3,3,3,3,3,3,2,2,2,2,3,1,3,3,2
THN,0,0,0,0,0,0,0,0,0,0,1,1,1,1,1,1,2,1,2,3
THR,1,1,1,1,1,1,1,1,1,1,2,3,3,3,3,2,3,2,1,1
THS,3,3,1,3,3,3,3,3,3,3,3,2,2,2,2,3,1,3,3,2
THU,11,12,21,12,11,20,10,10,12,11,10,9,9,9,9,9,10,9,9,9
THX,2,2,2,2,2,2,2,2,2,2,7,7,3,3,3,7,6,7,6,7
TIA,0,0,0,0,0,0,0,0,0,0,1,1,1,1,1,1,2,1,2,3
TID,0,0,0,0,0,0,0,0,0,0,1,1,1,1,1,1,2,1,2,1
TIF,1,1,1,1,1,1,1,1,1,1,2,3,3,3,3,2,3,2,1,1
TIH,12,14,14,14,13,14,11,11,10,12,11,10,10,10,11,10,8,5,5,10
TIJ,5,6,5,5,5,5,5,4,5,5,0,0,0,0,0,0,0,0,0,0
TIM,3,1,1,3,7,3,3,7,3,3,2,2,2,2,2,3,1,3,3,2
TIP,1,1,1,1,1,1,1,1,1,1,2,3,3,3,3,2,3,2,1,1
TIR,1,1,1,1,1,1,1,1,1,1,2,3,3,3,3,2,3,2,1,1
TIU,7,8,7,7,7,7,7,7,10,7,5,4,4,5,5,4,8,5,5,4
TIV,0,0,0,0,0,0,0,0,0,0,1,1,1,1,1,1,2,1,2,3
TIZ,7,8,7,7,7,7,7,7,10,7,5,4,4,5,5,4,8,5,5,4
TJA,4,4,4,4,4,4,4,4,4,4,4,5,6,4,4,5,4,4,4,5
TJM,2,2,2,2,2,2,2,2,2,2,7,7,3,3,3,7,6,7,6,7
TJQ,3,1,1,3,7,3,3,7,3,3,2,2,2,2,2,3,1,3,3,2
TJU,2,2,2,2,2,2,2,2,2,2,7,7,3,3,3,7,6,7,6,7
TKD,1,24,1,1,1,1,1,1,1,1,8,3,5,6,6,2,5,2,1,1
TKE,6,7,6,13,12,6,6,6,11,6,6,6,7,7,7,6,7,6,7,6
TKG,3,1,1,3,7,3,3,7,3,3,2,2,2,2,2,3,1,3,3,2
TKJ,22,27,16,26,27,27,21,20,26,22,26,26,25,23,23,26,24,26,23,29
TKK,7,8,7,7,7,7,7,7,10,7,5,4,4,5,5,4,8,5,5,4
TKP,12,14,14,14,13,14,11,11,10,12,11,10,10,10,11,10,8,5,5,10
TKS,3,3,3,3,3,3,3,3,3,3,3,2,2,2,2,3,1,3,3,2
TKU,0,0,0,0,0,0,0,0,0,0,1,1,1,1,1,1,2,1,2,3
TKX,12,14,14,14,13,14,11,11,10,12,11,10,10,10,11,10,8,5,5,10
TLA,6,7,6,6,6,6,6,6,11,6,6,6,7,7,7,6,7,6,7,6
TLC,5,6,5,5,5,5,5,5,5,5,0,0,0,0,0,0,0,0,0,0
TLE,1,1,20,1,1,1,1,1,1,1,15,3,5,6,6,2,5,2,1,1
TLH,5,6,5,5,5,5,5,5,5,5,0,0,0,0,0,0,0,0,0,0
TLJ,6,7,6,6,6,6,6,6,11,6,6,6,7,7,7,6,7,6,7,6
TLL,0,0,0,0,0,0,0,0,0,0,1,1,1,1,1,1,2,1,2,3
TLM,0,0,0,0,0,0,0,0,0,0,1,1,1,1,1,1,2,1,2,3
TLN,0,0,0,0,0,0,0,0,0,0,1,1,1,1,1,1,2,1,2,3
TLS,0,0,0,0,0,0,0,0,0,0,1,1,1,1,1,1,2,1,2,3
TLT,6,7,6,6,6,6,6,6,11,6,6,6,7,7,7,6,7,6,7,6
TLV,0,0,0,0,0,0,0,0,0,0,1,1,1,1,1,1,2,1,2,3
TMC,3,1,1,3,7,3,3,7,3,3,2,2,2,2,2,3,1,3,3,2
TME,5,6,5,5,4,5,4,4,5,5,4,0,0,4,4,0,4,4,4,0
TMI,1,1,1,1,1,1,1,1,3,3,2,3,3,3,3,2,3,2,1,1
TMJ,2,2,2,2,2,2,2,2,2,2,7,7,3,3,3,7,6,7,6,7
TML,1,24,1,1,1,1,1,1,1,1,8,3,5,6,6,2,5,2,1,1
TMM,1,1,20,1,1,1,1,1,1,1,15,3,5,6,6,2,5,2,1,1
TMP,0,0,0,0,0,0,0,0,0,0,1,1,1,1,1,1,2,1,2,3
TMR,0,0,0,0,0,0,0,0,0,0,1,1,1,1,1,1,2,1,2,1
TMS,0,24,0,1,1,1,1,0,1,1,8,3,5,6,6,2,5,2,1,1
TMT,4,4,4,4,4,4,4,4,4,4,4,5,6,4,4,5,4,4,4,5
TMU,5,6,5,5,5,5,5,4,5,5,0,0,0,0,0,0,0,0,0,0
TMW,7,8,7,7,7,7,7,7,3,7,5,4,4,5,5,4,1,5,5,4
TNA,3,3,3,3,3,3,3,3,3,3,3,2,2,2,2,3,1,3,3,2
TNC,6,7,6,6,6,6,6,6,11,6,6,6,7,7,7,6,7,6,7,6
TNG,0,0,0,0,0,0,0,0,0,0,1,1,1,1,1,1,2,1,2,3
TNJ,3,1,1,3,7,3,3,7,3,3,2,2,2,2,2,3,1,3,3,2
TNK,6,7,6,6,6,6,6,6,11,6,6,6,7,7,7,6,7,6,7,6
TNN,3,3,3,3,3,3,3,3,3,3,3,2,2,2,2,3,1,3,3,2
TNO,5,6,5,5,5,5,5,4,5,5,0,0,0,0,0,0,0,0,0,0
TNR,1,1,20,1,1,1,1,1,1,1,15,3,5,6,6,2,5,2,1,1
TNW,4,4,5,5,4,5,4,4,5,5,4,0,0,4,4,0,4,4,4,0
TOB,1,1,1,1,1,1,1,1,1,1,2,3,3,3,3,2,3,2,1,1
TOE,0,0,0,0,1,0,0,0,0,0,1,1,1,1,1,1,2,1,1,1
TOF,2,2,2,2,2,2,2,2,2,2,7,7,3,3,3,7,6,7,6,7
TOG,6,7,6,6,6,6,6,6,11,6,6,6,7,7,7,6,7,6,7,6
TOH,7,8,7,7,7,7,7,7,10,7,5,4,4,5,5,4,8,5,5,4
TOL,5,6,5,5,5,5,5,5,5,5,0,0,0,0,0,0,0,0,0,0
TOS,15,19,19,18,18,19,14,14,16,15,12,11,11,12,12,11,12,11,11,11
TOU,21,26,27,25,26,26,20,19,24,21,18,15,15,15,15,15,15,14,14,16
TOY,3,3,3,3,3,3,3,3,3,3,3,2,2,2,2,3,1,3,3,2
TPA,5,6,5,5,5,5,5,5,5,5,0,0,0,0,0,0,0,0,0,0
TPE,3,3,3,3,3,3,3,3,3,3,3,2,2,2,2,3,1,3,3,2
TPP,4,4,4,4,4,4,4,4,4,4,4,5,0,4,4,5,4,4,4,5
TPQ,5,6,5,5,5,5,5,4,5,5,0,0,0,0,0,0,0,0,0,0
TPS,0,0,0,0,0,0,0,0,0,0,1,1,1,1,1,1,2,1,2,3
TQA,11,12,21,12,11,20,10,10,12,11,10,9,9,9,9,9,10,9,9,9
TQI,11,12,21,12,11,20,10,10,12,11,10,9,9,9,9,9,10,9,9,9
TQL,2,2,2,2,2,2,2,2,2,2,7,7,3,3,3,7,6,7,6,7
TRC,5,6,5,5,5,5,5,4,5,5,0,0,0,0,0,0,0,0,0,0
TRD,0,0,0,0,0,0,0,0,0,0,1,1,1,1,1,1,2,1,2,3
TRE,0,0,0,0,0,0,0,0,0,0,1,1,1,1,1,1,2,1,2,3
TRF,0,0,0,0,0,0,0,0,0,0,1,1,1,1,1,1,2,1,2,3
TRG,7,8,7,7,7,7,7,7,10,7,5,4,4,5,5,4,8,5,5,4
TRI,5,6,5,5,5,5,5,5,5,5,0,0,0,0,0,0,0,0,0,0
TRK,3,1,1,3,7,3,3,7,3,3,2,2,2,2,2,3,1,3,3,2
TRN,0,0,0,0,0,0,0,0,0,0,1,1,1,1,1,1,2,1,2,3
TRO,7,8,7,7,7,7,7,7,3,7,5,4,4,5,5,4,1,5,5,4
TRR,1,1,1,1,1,1,1,1,1,1,2,3,3,3,3,2,3,2,1,1
TRS,0,0,0,0,0,0,0,0,0,0,1,1,1,1,1,1,2,1,2,3
TRU,4,4,4,4,4,4,4,4,4,4,4,5,6,4,4,5,4,4,4,5
TRV,1,1,1,1,1,1,1,1,1,1,2,3,3,3,3,2,3,2,1,1
TRW,7,8,7,7,7,7,7,7,10,7,5,4,4,5,5,4,8,5,5,4
TRZ,1,1,1,1,1,1,1,7,1,3,2,3,3,3,3,2,3,2,1,1
TSA,3,3,3,3,3,3,3,3,3,3,3,2,2,2,2,3,1,3,3,2
TSE,2,2,2,2,2,2,2,2,2,2,7,7,3,3,3,7,6,7,6,7
TSF,0,0,0,0,0,0,0,0,0,0,1,1,1,1,1,1,2,1,2,3
TSH,1,24,1,1,1,1,1,1,1,1,8,3,5,6,6,2,5,2,1,1
TSJ,3,3,3,3,3,3,3,3,3,3,3,2,2,2,2,3,1,3,3,2
TSN,3,3,3,3,3,3,3,3,3,3,3,2,2,2,2,3,1,3,3,2
TSR,0,0,0,0,0,0,0,0,0,0,1,1,1,1,1,1,2,1,2,3
TST,3,3,3,3,3,3,3,3,3,3,3,2,2,2,2,3,1,3,3,2
TSV,7,8,7,7,7,7,7,7,3,7,5,4,4,5,5,4,1,5,5,4
TTA,0,24,1,0,1,1,0,0,0,1,8,3,5,6,6,2,5,2,1,1
TTE,3,1,1,3,7,3,3,7,3,3,2,2,2,2,2,3,1,3,3,2
TTJ,3,3,3,3,3,3,3,3,3,3,3,2,2,2,2,3,1,3,3,2
TTN,5,6,5,5,5,5,5,5,5,5,0,0,0,0,0,0,0,0,0,0
TTQ,5,6,5,5,5,5,5,4,5,5,0,0,0,0,0,0,0,0,0,0
TTT,3,3,3,3,3,3,3,3,3,3,3,2,2,2,2,3,1,3,3,2
TTU,0,24,1,0,1,1,0,0,0,1,8,3,5,6,6,2,5,2,1,1
TUA,4,4,5,5,4,5,4,4,5,5,4,0,0,4,4,0,4,4,4,0
TUB,12,14,14,14,13,14,11,11,10,12,11,10,10,10,11,10,8,5,5,10
TUC,4,4,4,4,4,4,4,4,4,4,4,5,6,4,4,5,4,4,4,5
TUF,0,0,0,0,0,0,0,0,0,0,1,1,1,1,1,1,2,1,2,3
TUG,3,3,3,3,7,3,3,7,3,3,3,2,2,2,2,3,1,3,3,2
TUI,1,1,1,1,1,1,1,1,1,1,2,3,3,3,3,2,3,2,1,1
TUK,1,1,1,1,1,1,1,1,1,1,2,3,3,3,3,2,3,2,1,1
TUL,5,6,5,5,5,5,5,5,5,5,0,0,0,0,0,0,0,0,0,0
TUN,0,0,0,0,1,0,0,0,0,0,1,1,1,1,1,1,2,1,1,1
TUO,7,8,7,7,7,7,7,7,10,7,5,4,4,5,5,4,8,5,5,4
TUP,5,6,5,5,5,5,5,5,5,5,0,0,0,0,0,0,0,0,0,0
TUR,4,4,4,4,4,4,4,4,4,4,4,5,6,4,4,5,4,4,4,5
TUS,5,6,5,5,5,5,5,5,5,5,0,0,0,0,0,0,0,0,0,0
TUU,1,1,1,1,1,1,1,1,1,1,2,3,3,3,3,2,3,2,1,1
TVC,5,6,5,5,5,5,5,5,5,5,0,0,0,0,0,0,0,0,0,0
TVF,5,6,5,5,5,5,5,5,5,5,0,0,0,0,0,0,0,0,0,0
TVS,3,3,3,3,3,3,3,3,3,3,3,2,2,2,2,3,1,3,3,2
TVU,7,8,7,7,7,7,7,7,10,7,5,4,4,5,5,4,8,5,5,4
TVY,3,3,3,3,3,3,3,3,3,3,3,2,2,2,2,3,1,3,3,2
TWB,7,8,7,7,7,7,7,7,3,7,5,4,4,5,5,4,1,5,5,4
TWF,5,6,5,5,5,5,5,5,5,5,0,0,0,0,0,0,0,0,0,0
TWU,3,1,1,3,7,3,3,7,3,3,2,2,2,2,2,3,1,3,3,2
TXK,5,6,5,5,5,5,5,5,5,5,0,0,0,0,0,0,0,0,0,0
TXL,0,0,0,0,0,0,0,0,0,0,1,1,1,1,1,1,2,1,2,3
TXN,3,3,3,3,3,3,3,3,3,3,3,2,2,2,2,3,1,3,3,2
TYF,0,0,0,0,0,0,0,0,0,0,1,1,1,1,1,1,2,1,2,3
TYN,3,3,3,3,3,3,3,3,3,3,3,2,2,2,2,3,1,3,3,2
TYR,5,6,5,5,5,5,5,5,5,5,0,0,0,0,0,0,0,0,0,0
TYS,5,6,5,5,5,5,5,5,5,5,0,0,0,0,0,0,0,0,0,0
TZA,17,22,23,22,22,22,16,4,20,17,16,14,14,14,14,13,14,13,13,14
TZL,0,0,0,0,0,0,0,0,0,0,1,1,1,1,1,1,2,1,2,3
TZX,1,0,1,1,0,1,1,1,0,0,2,3,3,3,3,2,3,2,1,1
UAH,12,14,14,14,13,14,11,11,10,12,11,10,10,10,11,10,8,5,5,10
UAK,11,12,21,12,11,20,10,10,12,11,10,9,9,9,9,9,10,9,9,9
UAP,12,14,14,14,13,14,11,11,10,12,11,10,10,10,11,10,8,5,5,10
UAQ,4,4,4,4,4,4,4,4,4,4,4,5,6,4,4,5,4,4,4,5
UAS,16,1,22,21,21,21,15,15,1,1,17,16,5,6,6,14,5,15,15,15
UBA,4,4,4,4,4,4,4,4,4,4,4,5,6,4,4,5,4,4,4,5
UBJ,3,3,3,3,3,3,3,3,3,3,3,2,2,2,2,3,1,3,3,2
UBP,3,3,3,3,3,3,3,3,3,3,3,2,2,2,2,3,1,3,3,2
UCT,2,2,2,2,2,2,2,2,2,2,7,7,3,3,3,7,6,7,6,7
UDI,4,4,4,4,4,4,4,4,4,4,4,5,6,4,4,5,4,4,4,5
UDJ,0,0,0,0,0,0,0,0,0,0,1,1,1,1,1,1,2,1,2,3
UDR,1,1,1,1,1,1,1,1,1,1,2,3,3,3,3,2,3,2,1,1
UEL,1,24,1,1,1,1,1,1,1,1,8,3,5,6,6,2,5,2,1,1
UEO,3,3,3,3,3,3,3,3,3,3,3,2,2,2,2,3,1,3,3,2
UET,1,1,1,1,1,1,1,1,1,1,2,3,3,3,3,2,3,2,1,1
UFA,2,2,2,2,2,2,2,2,2,2,7,7,3,3,3,7,6,7,6,7
UGB,6,7,6,16,16,6,6,6,11,6,6,6,7,7,7,6,7,6,7,6
UGC,2,2,2,2,2,2,2,2,2,2,7,7,3,3,3,7,6,7,6,7
UIB,5,6,5,5,4,5,4,4,5,5,4,0,0,4,4,0,4,4,4,0
UIH,3,3,3,3,3,3,3,3,3,3,3,2,2,2,2,3,1,3,3,2
UII,5,6,5,5,5,5,5,4,5,5,0,0,0,0,0,0,0,0,0,0
UIN,5,6,5,5,5,5,5,5,5,5,0,0,0,0,0,0,0,0,0,0
UIO,4,4,5,5,4,5,4,4,5,5,4,0,0,4,4,0,4,4,4,0
UIP,0,0,0,0,0,0,0,0,0,0,1,1,1,1,1,1,2,1,2,3
UKA,16,1,22,21,21,21,15,15,1,1,17,16,5,6,6,14,5,15,15,15
UKB,3,3,3,3,3,3,3,3,3,3,3,2,2,2,2,3,1,3,3,2
UKK,2,2,2,2,2,2,2,2,2,2,7,7,3,3,3,7,6,7,6,7
UKS,2,2,2,2,2,2,2,2,2,2,7,7,3,3,3,7,6,7,6,7
UKX,2,2,2,2,2,2,2,2,2,2,7,7,3,3,3,7,6,7,6,7
ULB,7,8,7,7,7,7,7,7,10,7,5,4,4,5,5,4,8,5,5,4
ULG,3,3,2,3,3,3,3,3,2,3,3,2,2,2,2,3,6,7,6,2
ULH,1,1,1,1,1,1,1,1,1,1,2,3,3,3,3,2,3,2,1,1
ULK,2,2,2,2,2,2,2,2,2,2,7,7,3,3,3,7,6,7,6,7
ULN,3,3,2,3,3,3,3,3,2,3,3,2,2,2,2,3,6,7,6,2
ULO,3,3,2,3,3,3,3,3,2,3,3,2,2,2,2,3,6,7,6,2
ULP,7,8,7,7,7,7,7,7,3,7,5,4,4,5,5,4,1,5,5,4
ULV,2,2,2,2,2,2,2,2,2,2,7,7,3,3,3,7,6,7,6,7
ULZ,3,3,2,3,3,3,3,3,2,3,3,2,2,2,2,3,6,7,6,2
UMD,11,12,21,12,11,20,10,10,12,11,10,9,9,9,9,9,10,9,9,9
UME,0,0,0,0,0,0,0,0,0,0,1,1,1,1,1,1,2,1,2,3
UNG,7,8,7,7,7,7,7,7,10,7,5,4,4,5,5,4,8,5,5,4
UNK,6,7,6,6,6,6,6,6,11,6,6,6,7,7,7,6,7,6,7,6
UNN,3,3,3,3,3,3,3,3,3,3,3,2,2,2,2,3,1,3,3,2
UPG,3,1,1,3,7,3,3,7,3,3,2,2,2,2,2,3,1,3,3,2
UPK,11,12,21,12,11,20,10,10,12,11,10,9,9,9,9,9,10,9,9,9
UPN,5,6,5,5,5,5,5,4,5,5,0,0,0,0,0,0,0,0,0,0
URA,2,2,2,2,2,2,2,2,2,2,7,7,3,3,3,7,6,7,6,7
URC,3,3,3,3,3,3,3,3,3,3,3,2,2,2,2,3,1,3,3,2
URE,0,0,0,0,0,0,0,0,0,0,1,1,1,1,1,1,2,1,2,3
URG,4,4,4,4,4,4,4,4,4,4,4,5,6,4,4,5,4,4,4,5
URJ,2,2,2,2,2,2,2,2,2,2,7,7,3,3,3,7,6,7,6,7
URS,2,2,2,2,2,2,2,2,2,2,7,7,3,3,3,7,6,7,6,7
URT,3,3,1,3,3,3,3,3,3,3,3,2,2,2,2,3,1,3,3,2
URY,1,1,1,1,1,1,1,1,1,1,2,3,3,3,3,2,3,2,1,1
USH,4,4,4,4,4,4,4,4,4,4,4,5,6,4,4,5,4,4,4,5
USK,2,2,2,2,2,2,2,2,2,2,7,7,3,3,3,7,6,7,6,7
USM,3,3,1,3,3,3,3,7,3,3,3,2,2,2,2,3,1,3,3,2
USN,3,3,3,3,3,3,3,3,3,3,3,2,2,2,2,3,1,3,3,2
UST,5,6,5,5,5,5,5,5,5,5,0,0,0,0,0,0,0,0,0,0
USU,3,3,3,3,7,3,3,7,3,3,3,2,2,2,2,3,1,3,3,2
UTH,3,3,3,3,3,3,3,3,3,3,3,2,2,2,2,3,1,3,3,2
UTN,1,24,1,1,1,1,1,1,1,1,8,3,5,6,6,2,5,2,1,1
UTP,3,3,1,3,3,3,3,7,3,3,3,2,2,2,2,3,1,3,3,2
UTS,2,2,2,2,2,2,2,2,2,2,7,7,3,3,3,7,6,7,6,7
UTT,1,24,1,1,1,1,1,1,1,1,8,3,5,6,6,2,5,2,1,1
UUA,2,2,2,2,2,2,2,2,2,2,7,7,3,3,3,7,6,7,6,7
UUD,2,2,2,2,2,2,2,2,2,2,7,7,3,3,3,7,6,7,6,7
UUS,2,2,2,2,2,2,2,2,2,2,7,7,3,3,3,7,6,7,6,7
UVE,21,26,27,25,26,26,20,19,24,21,18,15,15,15,15,15,15,14,14,16
UVF,5,6,5,5,5,5,5,5,5,5,0,0,0,0,0,0,0,0,0,0
UYL,1,1,1,1,1,1,1,1,1,1,2,3,3,3,3,2,3,2,1,1
UYN,3,3,3,3,3,3,3,3,3,3,3,2,2,2,2,3,1,3,3,2
UYU,4,4,4,4,4,4,4,4,4,4,4,5,6,4,4,5,4,4,4,5
VAA,0,0,0,0,0,0,0,0,0,0,1,1,1,1,1,1,2,1,2,3
VAI,7,8,7,7,7,7,7,7,10,7,5,4,4,5,5,4,8,5,5,4
VAK,6,7,6,6,6,6,6,6,11,6,6,6,7,7,7,6,7,6,7,6
VAN,1,0,1,1,0,1,1,1,0,0,2,3,3,3,3,2,3,2,1,1
VAO,7,8,7,7,7,7,7,7,10,7,5,4,4,5,5,4,8,5,5,4
VAR,0,0,0,0,0,0,0,0,0,0,1,1,1,1,1,1,2,1,2,3
VAS,0,0,0,0,0,1,0,0,0,0,2,1,3,3,3,2,2,1,1,3
VAW,15,19,19,18,18,19,14,14,16,15,12,11,11,12,12,11,12,11,11,11
VBV,7,8,7,7,7,7,7,7,10,7,5,4,4,5,5,4,8,5,5,4
VBY,0,0,0,0,0,0,0,0,0,0,1,1,1,1,1,1,2,1,2,3
VCA,3,3,3,3,3,3,3,3,3,3,3,2,2,2,2,3,1,3,3,2
VCE,0,0,0,0,0,0,0,0,0,0,1,1,1,1,1,1,2,1,2,3
VCL,3,3,3,3,3,3,3,3,3,3,3,2,2,2,2,3,1,3,3,2
VCP,4,4,4,4,4,4,4,4,4,4,4,5,6,4,4,5,4,4,4,5
VCS,3,3,3,3,3,3,3,3,3,3,3,2,2,2,2,3,1,3,3,2
VCT,5,6,5,5,5,5,5,5,5,5,0,0,0,0,0,0,0,0,0,0
VDA,0,0,0,0,0,0,0,0,0,0,1,1,1,1,1,1,2,1,2,3
VDB,0,0,0,0,0,0,0,0,0,0,1,1,1,1,1,1,2,1,2,3
VDC,4,4,4,4,4,4,4,4,4,4,4,5,6,4,4,5,4,4,4,5
VDE,0,0,0,0,0,0,0,0,0,0,1,1,1,1,1,1,2,1,2,3
VDH,3,3,3,3,3,3,3,3,3,3,3,2,2,2,2,3,1,3,3,2
VDM,4,4,4,4,4,4,4,4,4,4,4,5,6,4,4,5,4,4,4,5
VDS,15,19,19,18,18,19,14,14,16,15,12,11,11,12,12,11,12,11,11,11
VDZ,6,7,6,5,5,6,6,6,11,6,6,6,7,7,7,6,7,6,7,6
VEE,6,7,6,6,6,6,6,6,11,6,6,6,7,7,7,6,7,6,7,6
VEL,5,6,5,5,5,5,5,5,5,5,0,0,0,0,0,0,0,0,0,0
VER,5,6,5,5,5,5,5,4,5,5,0,0,0,0,0,0,0,0,0,0
VFA,1,24,1,1,1,1,1,1,1,1,8,3,5,6,6,2,5,2,1,1
VGA,1,1,1,1,1,1,1,1,1,1,2,3,3,3,3,2,3,2,1,1
VGO,0,0,0,0,0,0,0,0,0,0,1,1,1,1,1,1,2,1,2,3
VGZ,5,6,5,5,4,5,4,4,5,5,4,0,0,4,4,0,4,4,4,0
VHC,1,24,1,1,1,1,1,1,1,1,8,3,5,6,6,2,5,2,1,1
VHM,0,0,0,0,0,0,0,0,19,0,1,1,1,1,1,1,2,1,2,3
VIE,0,0,0,0,0,0,0,0,0,0,1,1,1,1,1,1,2,1,2,3
VIG,5,24,5,5,4,5,5,4,5,5,0,0,0,0,0,0,0,0,0,0
VII,3,3,3,3,3,3,3,3,3,3,3,2,2,2,2,3,1,3,3,2
VIJ,5,6,5,5,5,5,5,5,5,5,0,0,0,0,0,0,0,0,0,0
VIL,0,0,0,0,0,1,0,0,0,0,1,1,1,1,1,1,2,1,2,3
VIN,0,0,0,0,0,0,0,0,0,0,1,1,1,1,1,1,2,1,2,3
VIS,5,6,5,5,5,5,5,5,5,5,0,0,0,0,0,0,0,0,0,0
VIX,4,4,4,4,4,4,4,4,4,4,4,5,6,4,4,5,4,4,4,5
VKG,3,3,3,3,3,3,3,3,3,3,3,2,2,2,2,3,1,3,3,2
VKO,2,2,2,2,2,2,2,2,2,2,7,7,3,3,3,7,6,7,6,7
VKT,2,2,2,2,2,2,2,2,2,2,7,7,3,3,3,7,6,7,6,7
VLC,0,0,0,0,0,0,0,0,0,0,1,1,1,1,1,1,2,1,2,3
VLD,5,6,5,5,5,5,5,5,5,5,0,0,0,0,0,0,0,0,0,0
VLI,7,8,7,7,7,7,7,7,10,7,5,4,4,5,5,4,8,5,5,4
VLL,0,0,0,0,0,0,0,0,0,0,1,1,1,1,1,1,2,1,2,3
VLN,5,6,5,5,4,5,5,4,5,5,0,0,0,0,0,0,0,0,0,0
VLS,7,8,7,7,7,7,7,7,10,7,5,4,4,5,5,4,8,5,5,4
VLV,5,24,5,5,4,5,5,4,5,5,0,0,0,0,0,0,0,0,0,0
VLY,0,0,0,0,0,0,0,0,0,0,1,1,1,1,1,1,2,1,2,3
VNO,0,0,0,0,0,0,0,0,0,0,1,1,1,1,1,1,2,1,2,3
VNS,1,1,1,1,1,1,1,1,1,1,2,3,3,3,3,2,3,2,1,1
VNX,1,24,1,1,1,1,1,1,1,1,8,3,5,6,6,2,5,2,1,1
VOG,2,2,2,2,2,2,2,2,2,2,7,7,3,3,3,7,6,7,6,7
VOL,0,0,0,0,0,0,0,0,0,0,1,1,1,1,1,1,2,1,2,3
VOZ,2,2,2,2,2,2,2,2,2,2,7,7,3,3,3,7,6,7,6,7
VPE,1,24,1,1,1,1,1,1,1,1,8,3,5,6,6,2,5,2,1,1
VPS,5,6,5,5,5,5,5,5,5,5,0,0,0,0,0,0,0,0,0,0
VPY,1,24,1,1,1,1,1,1,1,1,8,3,5,6,6,2,5,2,1,1
VQS,5,6,5,5,5,5,5,5,5,5,0,0,0,0,0,0,0,0,0,0
VRA,5,6,5,5,5,5,5,5,5,5,0,0,0,0,0,0,0,0,0,0
VRC,3,3,3,3,7,3,3,7,3,3,3,2,2,2,2,3,1,3,3,2
VRN,0,0,0,0,0,0,0,0,0,0,1,1,1,1,1,1,2,1,2,3
VSA,5,6,5,5,5,5,5,4,5,5,0,0,0,0,0,0,0,0,0,0
VST,0,0,0,0,0,0,0,0,0,0,1,1,1,1,1,1,2,1,2,3
VTE,3,3,3,3,3,3,3,3,3,3,3,2,2,2,2,3,1,3,3,2
VTZ,1,1,1,1,1,1,1,1,1,1,2,3,3,3,3,2,3,2,1,1
VUP,5,6,5,5,4,5,4,4,5,5,4,0,0,4,4,0,4,4,4,0
VUS,2,2,2,2,2,2,2,2,2,2,7,7,3,3,3,7,6,7,6,7
VVC,5,6,5,5,4,5,4,4,5,5,4,0,0,4,4,0,4,4,4,0
VVI,4,4,4,4,4,4,4,4,4,4,4,5,6,4,4,5,4,4,4,5
VVO,2,2,2,2,2,2,2,2,2,2,7,7,3,3,3,7,6,7,6,7
VXC,1,24,1,1,1,1,1,1,1,1,8,3,5,6,6,2,5,2,1,1
VXE,0,0,0,0,0,0,0,0,0,0,1,1,1,1,1,1,2,1,2,3
VXO,0,0,0,0,0,0,0,0,0,0,1,1,1,1,1,1,2,1,2,3
WAA,6,7,6,6,6,6,6,6,11,6,6,6,7,7,7,6,7,6,7,6
WAE,1,1,1,1,1,1,1,1,1,1,2,3,3,3,3,2,3,2,1,1
WAG,7,8,7,7,7,7,7,7,10,7,5,4,4,5,5,4,8,5,5,4
WAT,0,0,0,0,0,0,0,0,0,0,1,1,1,1,1,1,2,1,2,3
WAW,0,0,0,0,0,0,0,0,0,0,1,1,1,1,1,1,2,1,2,3
WBB,6,7,6,6,6,6,6,6,11,6,6,6,7,7,7,6,7,6,7,6
WBM,7,8,7,7,7,7,7,7,10,7,5,4,4,5,5,4,8,5,5,4
WBQ,6,7,6,6,6,6,6,6,11,6,6,6,7,7,7,6,7,6,7,6
WDH,1,24,1,1,1,1,1,1,1,1,8,3,5,6,6,2,5,2,1,1
WEF,3,3,3,3,3,3,3,3,3,3,3,2,2,2,2,3,1,3,3,2
WEI,7,8,7,7,7,7,7,7,3,7,5,4,4,5,5,4,1,5,5,4
WGA,7,8,7,7,7,7,7,7,3,7,5,4,4,5,5,4,1,5,5,4
WGP,3,1,1,3,7,3,3,7,3,3,2,2,2,2,2,3,1,3,3,2
WHK,7,8,7,7,7,7,7,7,10,7,5,4,4,5,5,4,8,5,5,4
WIC,0,0,0,0,0,0,0,0,0,0,1,1,1,1,1,1,2,1,2,3
WIL,16,1,22,21,21,21,15,15,1,1,17,16,5,6,6,14,5,15,15,15
WIN,7,8,7,7,7,7,7,7,3,7,5,4,4,5,5,4,1,5,5,4
WJR,1,1,1,1,1,1,1,1,1,1,2,3,5,6,6,2,5,2,1,1
WJU,3,3,3,3,3,3,3,3,3,3,3,2,2,2,2,3,1,3,3,2
WKJ,3,3,3,3,3,3,3,3,3,3,3,2,2,2,2,3,1,3,3,2
WLG,7,8,7,7,7,7,7,7,10,7,5,4,4,5,5,4,8,5,5,4
WLH,7,8,7,7,7,7,7,7,10,7,5,4,4,5,5,4,8,5,5,4
WLK,6,7,6,6,6,6,6,6,11,6,6,6,7,7,7,6,7,6,7,6
WLS,7,8,7,7,7,7,7,7,10,7,5,4,4,5,5,4,8,5,5,4
WMI,0,0,0,0,0,0,0,0,0,0,1,1,1,1,1,1,2,1,2,3
WMN,1,1,20,1,1,1,1,1,1,1,15,3,5,6,6,2,5,2,1,1
WMO,6,7,6,6,6,6,6,6,11,6,6,6,7,7,7,6,7,6,7,6
WMR,1,1,20,1,1,1,1,1,1,1,15,3,5,6,6,2,5,2,1,1
WMX,3,1,1,3,7,3,3,7,3,3,2,2,2,2,2,3,1,3,3,2
WNA,6,7,6,6,6,6,6,6,11,6,6,6,7,7,7,6,7,6,7,6
WNH,3,3,3,3,3,3,3,3,3,3,3,2,2,2,2,3,1,3,3,2
WNN,26,18,12,30,20,18,25,24,25,14,9,8,8,11,8,8,9,10,10,12
WNP,3,3,3,3,7,3,3,7,3,3,3,2,2,2,2,3,1,3,3,2
WNR,7,8,7,7,7,7,7,7,3,7,5,4,4,5,5,4,1,5,5,4
WNZ,3,3,3,3,3,3,3,3,3,3,3,2,2,2,2,3,1,3,3,2
WRE,7,8,7,7,7,7,7,7,10,7,5,4,4,5,5,4,8,5,5,4
WRG,6,7,6,13,12,6,6,6,11,6,6,6,7,7,7,6,7,6,7,6
WRL,5,6,5,5,5,5,5,5,5,5,0,0,0,0,0,0,0,0,0,0
WRO,0,0,0,0,0,0,0,0,0,0,1,1,1,1,1,1,2,1,2,3
WRY,8,9,8,8,8,8,8,8,7,8,20,19,17,17,17,18,17,19,18,19
WSN,6,7,6,16,16,6,6,6,11,6,6,6,7,7,7,6,7,6,7,6
WSX,23,13,17,27,28,28,22,21,27,23,19,18,16,16,16,17,16,18,17,18
WSZ,7,8,7,7,7,7,7,7,10,7,5,4,4,5,5,4,8,5,5,4
WTK,6,7,6,6,6,6,6,6,11,6,6,6,7,7,7,6,7,6,7,6
WTL,6,7,6,6,6,6,6,6,11,6,6,6,7,7,7,6,7,6,7,6
WUA,3,3,3,3,3,3,3,3,3,3,3,2,2,2,2,3,1,3,3,2
WUH,3,3,3,3,3,3,3,3,3,3,3,2,2,2,2,3,1,3,3,2
WUS,3,3,3,3,3,3,3,3,3,3,3,2,2,2,2,3,1,3,3,2
WUX,3,3,3,3,3,3,3,3,3,3,3,2,2,2,2,3,1,3,3,2
WUZ,3,3,3,3,3,3,3,3,3,3,3,2,2,2,2,3,1,3,3,2
WVB,1,24,1,1,1,1,1,1,1,1,8,3,5,6,6,2,5,2,1,1
WWK,7,8,7,7,7,7,7,7,10,7,5,4,4,5,5,4,8,5,5,4
WWP,6,7,6,13,12,6,6,6,11,6,6,6,7,7,7,6,7,6,7,6
WWT,6,7,6,6,6,6,6,6,11,6,6,6,7,7,7,6,7,6,7,6
WXN,3,3,3,3,3,3,3,3,3,3,3,2,2,2,2,3,1,3,3,2
WYA,7,8,7,7,7,7,7,7,3,7,5,4,4,5,5,4,1,5,5,4
XAP,4,4,4,4,4,4,4,4,4,4,4,5,6,4,4,5,4,4,4,5
XBE,26,18,12,30,20,18,25,24,25,14,9,8,8,11,8,8,9,10,10,12
XBJ,1,1,1,1,1,1,1,1,1,1,2,3,3,3,3,2,3,2,1,1
XCH,7,8,7,7,7,7,7,7,3,7,5,4,4,5,5,4,1,5,5,4
XCR,0,0,0,0,0,0,0,0,0,0,1,1,1,1,1,1,2,1,2,3
XEQ,11,12,21,12,11,20,10,10,12,11,10,9,9,9,9,9,10,9,9,9
XFN,3,3,3,3,3,3,3,3,3,3,3,2,2,2,2,3,1,3,3,2
XFW,0,0,0,0,0,0,0,0,0,0,1,1,1,1,1,1,2,1,2,3
XGR,14,18,18,17,20,13,13,13,25,14,9,8,8,8,8,8,9,8,8,8
XIC,3,3,3,3,3,3,3,3,3,3,3,2,2,2,2,3,1,3,3,2
XIL,3,3,3,3,3,3,3,3,3,3,3,2,2,2,2,3,1,3,3,2
XIY,3,3,3,3,3,3,3,3,3,3,3,2,2,2,2,3,1,3,3,2
XKH,3,3,3,3,3,3,3,3,3,3,3,2,2,2,2,3,1,3,3,2
XKS,26,18,12,30,20,18,25,24,25,14,9,8,8,11,8,8,9,10,10,12
XMH,12,14,14,14,13,14,11,11,10,12,11,10,10,10,11,10,8,5,5,10
XMN,3,3,3,3,3,3,3,3,3,3,3,2,2,2,2,3,1,3,3,2
XMS,4,4,5,5,4,5,4,4,5,5,4,0,0,4,4,0,4,4,4,0
XNA,5,6,5,5,5,5,5,5,5,5,0,0,0,0,0,0,0,0,0,0
XNN,3,3,3,3,3,3,3,3,3,3,3,2,2,2,2,3,1,3,3,2
XQP,5,6,5,5,5,5,5,4,5,5,0,0,0,0,0,0,0,0,0,0
XRY,0,0,0,0,0,0,0,0,0,0,1,1,1,1,1,1,2,1,2,3
XSB,1,1,1,1,1,1,1,1,1,1,2,3,3,3,3,2,3,2,1,1
XSC,5,6,5,5,5,5,5,5,5,5,0,0,0,0,0,0,0,0,0,0
XTG,7,8,7,7,7,7,7,7,3,7,5,4,4,5,5,4,1,5,5,4
XUZ,3,3,3,3,3,3,3,3,3,3,3,2,2,2,2,3,1,3,3,2
YAA,5,6,5,5,5,5,5,5,5,5,0,0,0,0,0,0,0,0,0,0
YAB,14,5,18,17,20,13,13,13,18,14,9,8,8,8,10,8,11,8,8,8
YAC,26,18,12,30,20,18,25,24,25,14,9,8,8,11,8,8,9,10,10,12
YAG,26,18,12,30,20,18,25,24,25,14,9,8,8,11,8,8,9,10,10,12
YAK,6,7,6,13,12,6,6,6,11,6,6,6,7,7,7,6,7,6,7,6
YAM,5,18,5,5,20,5,5,5,25,14,9,8,8,0,0,8,9,10,0,0
YAP,3,3,3,3,3,3,3,3,3,3,3,2,2,2,2,3,1,3,3,2
YAT,14,18,18,17,20,13,13,13,25,14,9,8,8,8,8,8,9,10,10,8
YAX,26,18,12,30,20,18,25,24,25,14,9,8,8,11,8,8,9,10,10,12
YAY,14,18,18,17,5,12,13,13,25,5,13,12,12,8,8,8,9,8,8,0
YBC,14,6,18,17,5,5,13,13,25,5,0,0,0,8,8,8,9,8,8,0
YBG,14,18,18,17,5,5,13,13,25,5,0,0,0,8,8,8,9,8,8,0
YBK,14,5,18,17,20,13,13,13,18,14,9,8,8,8,10,8,11,8,8,8
YBL,5,6,5,5,5,5,5,5,5,5,0,0,0,0,0,0,0,0,0,0
YBP,3,3,3,3,3,3,3,3,3,3,3,2,2,2,2,3,1,3,3,2
YBR,5,6,5,5,5,5,5,5,5,5,0,0,0,0,0,0,0,0,0,0
YBX,14,18,18,17,5,12,13,13,25,5,13,12,12,8,8,8,9,8,8,0
YCB,14,5,18,17,20,13,13,13,18,14,9,8,8,8,10,8,11,8,8,8
YCD,5,6,5,5,5,5,5,5,5,5,0,0,0,0,0,0,0,0,0,0
YCG,5,6,5,5,5,5,5,5,5,5,0,0,0,0,0,0,0,0,0,0
YCL,14,18,18,17,5,5,13,13,25,5,0,0,0,8,8,8,9,8,8,0
YCO,14,5,18,17,20,13,13,13,18,14,9,8,8,8,10,8,11,8,8,8
YCS,14,5,18,17,20,13,13,13,18,14,9,8,8,8,10,8,11,8,8,8
YCU,3,3,3,3,3,3,3,3,3,3,3,2,2,2,2,3,1,3,3,2
YCY,14,5,18,17,20,13,13,13,18,14,9,8,8,8,10,8,11,8,8,8
YDF,14,6,5,5,5,5,5,5,5,5,0,0,0,0,0,0,0,0,0,0
YDP,14,18,18,17,15,12,13,13,25,26,13,12,12,8,8,8,9,8,8,22
YDQ,5,6,5,5,5,5,5,5,5,5,0,0,0,0,0,0,0,0,0,0
YEG,5,6,5,5,5,5,5,5,5,5,0,0,0,0,0,0,0,0,0,0
YEK,14,5,18,17,20,13,13,13,18,14,9,8,8,8,10,8,11,8,8,8
YER,26,18,12,30,20,18,25,24,25,14,9,8,8,11,8,8,9,10,10,12
YES,1,1,1,1,1,1,1,1,1,1,2,3,3,3,3,2,3,2,1,1
YEV,14,5,18,17,20,13,13,13,18,14,9,8,8,8,10,8,11,8,8,8
YFA,14,18,18,17,20,13,13,13,25,14,9,8,8,8,8,8,9,10,10,8
YFB,14,5,18,17,20,13,13,13,18,14,9,8,8,8,10,8,11,8,8,8
YFC,5,6,5,5,5,5,5,5,5,5,0,0,0,0,0,0,0,0,0,0
YFH,5,18,5,30,20,5,5,5,25,14,9,8,8,11,8,8,9,10,10,0
YFJ,14,5,18,17,20,13,13,13,18,14,9,8,8,8,10,8,11,8,8,8
YFO,14,5,18,17,20,13,13,13,18,14,9,8,8,8,10,8,11,8,8,8
YFS,14,5,18,17,20,13,13,13,18,14,9,8,8,8,10,8,11,8,8,8
YGH,14,5,18,17,20,13,13,13,18,14,9,8,8,8,10,8,11,8,8,8
YGJ,3,3,3,3,3,3,3,3,3,3,3,2,2,2,2,3,1,3,3,2
YGK,5,6,5,5,5,5,5,5,5,5,0,0,0,0,0,0,0,0,0,0
YGL,14,18,18,17,20,13,13,13,25,14,9,8,8,8,8,8,9,8,8,8
YGP,14,6,18,17,5,5,13,13,25,5,0,0,0,8,8,8,9,8,8,0
YGR,14,6,18,17,5,5,13,13,25,5,0,0,0,8,8,8,9,8,8,0
YGT,14,5,18,17,20,13,13,13,18,14,9,8,8,8,10,8,11,8,8,8
YGV,14,18,18,17,5,5,13,13,25,5,0,0,0,8,8,8,9,8,8,0
YGW,14,18,18,17,20,13,13,13,25,14,9,8,8,8,8,8,9,8,8,8
YGX,14,5,18,17,20,13,13,13,18,14,9,8,8,8,10,8,11,8,8,8
YGZ,14,5,18,17,20,13,13,13,18,14,9,8,8,8,10,8,11,8,8,8
YHD,26,18,12,30,20,18,25,24,25,14,9,8,8,11,8,8,9,10,10,12
YHI,14,5,18,17,20,13,13,13,18,14,9,8,8,8,10,8,11,8,8,8
YHK,14,5,18,17,20,13,13,13,18,14,9,8,8,8,10,8,11,8,8,8
YHM,5,6,5,5,5,5,5,5,5,5,0,0,0,0,0,0,0,0,0,0
YHO,14,18,18,17,15,12,13,13,25,26,13,12,12,8,8,8,9,8,8,22
YHP,26,18,12,30,20,18,25,24,25,14,9,8,8,11,8,8,9,10,10,12
YHR,14,18,18,17,31,12,13,13,25,28,13,12,12,8,8,8,9,8,8,20
YHU,14,18,18,17,5,5,13,13,25,5,0,0,0,8,8,8,9,8,8,0
YHY,14,5,18,17,20,13,13,13,18,14,9,8,8,8,10,8,11,8,8,8
YHZ,5,6,5,5,5,5,5,5,5,5,0,0,0,0,0,0,0,0,0,0
YIC,3,3,3,3,3,3,3,3,3,3,3,2,2,2,2,3,1,3,3,2
YIE,3,3,3,3,3,3,3,3,3,3,3,2,2,2,2,3,1,3,3,2
YIF,14,18,18,17,31,12,13,13,25,28,13,12,12,8,8,8,9,8,8,20
YIH,3,3,3,3,3,3,3,3,3,3,3,2,2,2,2,3,1,3,3,2
YIK,14,18,18,17,20,13,13,13,25,14,9,8,8,8,8,8,9,8,8,8
YIN,3,3,3,3,3,3,3,3,3,3,3,2,2,2,2,3,1,3,3,2
YIO,14,5,18,17,20,13,13,13,18,14,9,8,8,8,10,8,11,8,8,8
YIW,3,3,3,3,3,3,3,3,3,3,3,2,2,2,2,3,1,3,3,2
YJT,14,6,5,5,5,5,5,5,5,5,0,0,0,0,0,0,0,0,0,0
YKA,5,6,5,5,5,5,5,5,5,5,0,0,0,0,0,0,0,0,0,0
YKF,5,6,5,5,5,5,5,5,5,5,0,0,0,0,0,0,0,0,0,0
YKG,14,18,18,17,20,13,13,13,25,14,9,8,8,8,8,8,9,8,8,8
YKL,14,18,18,17,5,5,13,13,25,5,0,0,0,8,8,8,9,8,8,0
YKM,5,6,5,5,5,5,5,5,5,5,0,0,0,0,0,0,0,0,0,0
YKQ,14,18,18,17,20,13,13,13,25,14,9,8,8,8,8,8,9,8,8,8
YKS,2,2,2,2,2,2,2,2,2,2,7,7,3,3,3,7,6,7,6,7
YKT,5,6,5,5,5,5,5,5,5,5,0,0,0,0,0,0,0,0,0,0
YKU,14,18,18,17,20,13,13,13,25,14,9,8,8,8,8,8,9,8,8,8
YLC,14,5,18,17,20,13,13,13,18,14,9,8,8,8,10,8,11,8,8,8
YLE,14,5,18,17,20,13,13,13,18,14,9,8,8,8,10,8,11,8,8,8
YLH,5,18,5,30,20,5,5,5,25,14,9,8,8,11,8,8,9,10,10,0
YLL,5,6,5,5,5,5,5,5,5,5,0,0,0,0,0,0,0,0,0,0
YLW,5,6,5,5,5,5,5,5,5,5,0,0,0,0,0,0,0,0,0,0
YMM,5,6,5,5,5,5,5,5,5,5,0,0,0,0,0,0,0,0,0,0
YMN,14,18,18,17,15,12,13,13,25,26,13,12,12,8,8,8,9,8,8,22
YMO,14,18,18,17,20,13,13,13,25,14,9,8,8,8,8,8,9,10,10,8
YMT,14,18,18,17,20,13,13,13,25,14,9,8,8,8,8,8,9,8,8,8
YNA,14,18,18,17,31,12,13,13,25,28,13,12,12,8,8,8,9,8,8,20
YNB,1,1,1,1,1,1,1,1,1,1,2,3,3,3,3,2,3,2,1,1
YNC,14,18,18,17,20,13,13,13,25,14,9,8,8,8,8,8,9,8,8,8
YNG,5,6,5,5,5,5,5,5,5,5,0,0,0,0,0,0,0,0,0,0
YNJ,3,3,3,3,3,3,3,3,3,3,3,2,2,2,2,3,1,3,3,2
YNO,26,18,12,30,20,18,25,24,25,14,9,8,8,11,8,8,9,10,10,12
YNP,14,18,18,17,15,12,13,13,25,26,13,12,12,8,8,8,9,8,8,22
YNS,14,18,18,17,20,13,13,13,25,14,9,8,8,8,8,8,9,8,8,8
YNT,3,3,3,3,3,3,3,3,3,3,3,2,2,2,2,3,1,3,3,2
YNY,3,3,3,3,3,3,3,3,3,3,3,2,2,2,2,3,1,3,3,2
YNZ,3,3,3,3,3,3,3,3,3,3,3,2,2,2,2,3,1,3,3,2
YOG,5,18,5,30,20,5,5,5,25,14,9,8,8,11,8,8,9,10,10,0
YOJ,5,6,5,5,5,5,5,5,5,5,0,0,0,0,0,0,0,0,0,0
YOL,1,24,1,1,1,1,1,1,1,1,8,3,5,6,6,2,5,2,1,1
YOP,5,6,5,5,5,5,5,5,5,5,0,0,0,0,0,0,0,0,0,0
YOW,5,6,5,5,5,5,5,5,5,5,0,0,0,0,0,0,0,0,0,0
YPC,14,5,18,17,20,13,13,13,18,14,9,8,8,8,10,8,11,8,8,8
YPH,14,18,18,17,20,13,13,13,25,14,9,8,8,8,8,8,9,8,8,8
YPJ,14,18,18,17,20,13,13,13,25,14,9,8,8,8,8,8,9,8,8,8
YPL,5,18,5,30,20,5,5,5,25,14,9,8,8,11,8,8,9,10,10,0
YPM,26,18,12,30,20,18,25,24,25,14,9,8,8,11,8,8,9,10,10,12
YPN,14,18,18,17,5,5,13,13,25,5,0,0,0,8,8,8,9,8,8,0
YPO,14,18,18,17,20,13,13,13,25,14,9,8,8,8,8,8,9,10,10,8
YPR,5,6,5,5,5,5,5,5,5,5,0,0,0,0,0,0,0,0,0,0
YPW,5,6,5,5,5,5,5,5,5,5,0,0,0,0,0,0,0,0,0,0
YPX,14,18,18,17,20,13,13,13,25,14,9,8,8,8,8,8,9,8,8,8
YPY,14,5,18,17,20,13,13,13,18,14,9,8,8,8,10,8,11,8,8,8
YQB,14,6,18,17,5,5,13,13,25,5,0,0,0,8,8,8,9,8,8,0
YQC,14,18,18,17,20,13,13,13,25,14,9,8,8,8,8,8,9,8,8,8
YQD,14,5,18,17,20,13,13,13,18,14,9,8,8,8,10,8,11,8,8,8
YQF,5,6,5,5,5,5,5,5,5,5,0,0,0,0,0,0,0,0,0,0
YQG,5,6,5,5,5,5,5,5,5,5,0,0,0,0,0,0,0,0,0,0
YQK,26,18,12,30,20,18,25,24,25,14,9,8,8,11,8,8,9,10,10,12
YQL,5,6,5,5,5,5,5,5,5,5,0,0,0,0,0,0,0,0,0,0
YQM,5,6,5,5,5,5,5,5,5,5,0,0,0,0,0,0,0,0,0,0
YQQ,5,6,5,5,5,5,5,5,5,5,0,0,0,0,0,0,0,0,0,0
YQR,5,6,5,5,5,5,5,5,5,5,0,0,0,0,0,0,0,0,0,0
YQT,5,18,5,30,20,5,5,5,25,14,9,8,8,11,8,8,9,10,10,0
YQU,5,6,5,5,5,5,5,5,5,5,0,0,0,0,0,0,0,0,0,0
YQX,14,6,5,5,5,5,5,5,5,5,0,0,0,0,0,0,0,0,0,0
YQY,5,6,5,5,5,5,5,5,5,5,0,0,0,0,0,0,0,0,0,0
YQZ,5,6,5,5,5,5,5,5,5,5,0,0,0,0,0,0,0,0,0,0
YRA,14,5,18,17,20,13,13,13,18,14,9,8,8,8,10,8,11,8,8,8
YRB,14,5,18,17,20,13,13,13,18,14,9,8,8,8,10,8,11,8,8,8
YRG,14,18,18,17,15,12,13,13,25,26,13,12,12,8,8,8,9,8,8,22
YRL,26,18,12,30,20,18,25,24,25,14,9,8,8,11,8,8,9,10,10,12
YRT,14,5,18,17,20,13,13,13,18,14,9,8,8,8,10,8,11,8,8,8
YSB,5,18,5,5,20,5,5,5,25,14,9,8,8,0,0,8,9,10,0,0
YSG,14,5,18,17,20,13,13,13,18,14,9,8,8,8,10,8,11,8,8,8
YSJ,5,6,5,5,5,5,5,5,5,5,0,0,0,0,0,0,0,0,0,0
YSK,14,18,18,17,20,13,13,13,25,14,9,8,8,8,8,8,9,8,8,8
YSM,14,5,18,17,20,13,13,13,18,14,9,8,8,8,10,8,11,8,8,8
YSO,14,18,18,17,15,12,13,13,25,26,13,12,12,8,8,8,9,8,8,22
YSY,14,5,18,17,20,13,13,13,18,14,9,8,8,8,10,8,11,8,8,8
YTE,14,5,18,17,20,13,13,13,18,14,9,8,8,8,10,8,11,8,8,8
YTH,14,5,18,17,20,13,13,13,18,14,9,8,8,8,10,8,11,8,8,8
YTL,26,18,12,30,20,18,25,24,25,14,9,8,8,11,8,8,9,10,10,12
YTQ,14,18,18,17,20,13,13,13,25,14,9,8,8,8,8,8,9,8,8,8
YTS,5,18,5,5,20,5,5,5,25,14,9,8,8,11,8,8,9,10,10,0
YTY,3,3,3,3,3,3,3,3,3,3,3,2,2,2,2,3,1,3,3,2
YTZ,5,6,5,5,5,5,5,5,5,5,0,0,0,0,0,0,0,0,0,0
YUB,14,5,18,17,20,13,13,13,18,14,9,8,8,8,10,8,11,8,8,8
YUD,14,18,18,17,20,13,13,13,25,14,9,8,8,8,8,8,9,8,8,8
YUL,5,6,5,5,5,5,5,5,5,5,0,0,0,0,0,0,0,0,0,0
YUM,5,6,5,5,5,5,5,5,5,5,0,0,0,0,0,0,0,0,0,0
YUS,3,3,3,3,3,3,3,3,3,3,3,2,2,2,2,3,1,3,3,2
YUT,14,5,18,17,20,13,13,13,18,14,9,8,8,8,10,8,11,8,8,8
YUX,14,5,18,17,20,13,13,13,18,14,9,8,8,8,10,8,11,8,8,8
YUY,14,18,18,17,5,13,13,13,25,5,9,8,8,8,8,8,9,8,8,8
YVB,14,6,18,17,5,5,13,13,25,5,0,0,0,8,8,8,9,8,8,0
YVM,14,5,18,17,20,13,13,13,18,14,9,8,8,8,10,8,11,8,8,8
YVO,14,18,18,17,5,13,13,13,25,5,9,8,8,8,8,8,9,8,8,8
YVP,14,18,18,17,20,13,13,13,25,14,9,8,8,8,8,8,9,8,8,8
YVQ,14,5,18,17,20,13,13,13,18,14,9,8,8,8,10,8,11,8,8,8
YVR,5,6,5,5,5,5,5,5,5,5,0,0,0,0,0,0,0,0,0,0
YVZ,26,18,12,30,20,18,25,24,25,14,9,8,8,11,8,8,9,10,10,12
YWB,14,18,18,17,20,13,13,13,25,14,9,8,8,8,8,8,9,8,8,8
YWG,5,6,5,5,5,5,5,5,5,5,9,8,8,0,0,8,0,0,0,0
YWH,23,13,17,27,28,28,22,21,27,23,19,18,16,16,16,17,16,18,17,18
YWJ,14,5,18,17,20,13,13,13,18,14,9,8,8,8,10,8,11,8,8,8
YWK,14,18,18,17,5,5,13,13,25,5,0,0,0,8,8,8,9,8,8,0
YWL,5,6,5,5,5,5,5,5,5,5,0,0,0,0,0,0,0,0,0,0
YWP,5,18,5,30,20,5,5,5,25,14,9,8,8,11,8,8,9,10,10,0
YXC,5,6,5,5,5,5,5,5,5,5,0,0,0,0,0,0,0,0,0,0
YXE,5,6,5,5,5,5,5,5,5,5,0,0,0,0,0,0,0,0,0,0
YXH,5,6,5,5,5,5,5,5,5,5,0,0,0,0,0,0,0,0,0,0
YXJ,5,6,5,5,5,5,5,5,5,5,0,0,0,0,0,0,0,0,0,0
YXL,26,18,12,30,20,18,25,24,25,14,9,8,8,11,8,8,9,10,10,12
YXN,14,5,18,17,20,13,13,13,18,14,9,8,8,8,10,8,11,8,8,8
YXP,14,5,18,17,20,13,13,13,18,14,9,8,8,8,10,8,11,8,8,8
YXS,5,6,5,5,5,5,5,5,5,5,0,0,0,0,0,0,0,0,0,0
YXT,5,6,5,5,5,5,5,5,5,5,0,0,0,0,0,0,0,0,0,0
YXU,5,6,5,5,5,5,5,5,5,5,0,0,0,0,0,0,0,0,0,0
YXX,5,6,5,5,5,5,5,5,5,5,0,0,0,0,0,0,0,0,0,0
YXY,5,6,5,5,5,5,5,5,5,5,0,0,0,0,0,0,0,0,0,0
YYB,5,18,5,5,20,5,5,5,25,14,9,8,8,0,0,8,9,10,0,0
YYC,5,6,5,5,5,5,5,5,5,5,0,0,0,0,0,0,0,0,0,0
YYD,5,6,5,5,5,5,5,5,5,5,0,0,0,0,0,0,0,0,0,0
YYE,5,6,5,5,5,5,5,5,5,5,0,0,0,0,0,0,0,0,0,0
YYF,5,6,5,5,5,5,5,5,5,5,0,0,0,0,0,0,0,0,0,0
YYG,5,6,5,5,5,5,5,5,5,5,0,0,0,0,0,0,0,0,0,0
YYH,14,5,18,17,20,13,13,13,18,14,9,8,8,8,10,8,11,8,8,8
YYJ,5,6,5,5,5,5,5,5,5,5,0,0,0,0,0,0,0,0,0,0
YYQ,14,5,18,17,20,13,13,13,18,14,9,8,8,8,10,8,11,8,8,8
YYR,14,18,18,17,5,12,13,13,25,5,13,12,12,8,8,8,9,8,8,0
YYT,14,6,5,5,5,5,5,5,5,5,0,0,0,0,0,0,0,0,0,0
YYU,5,18,5,30,20,5,5,5,25,14,9,8,8,11,8,8,9,10,10,0
YYY,14,6,18,17,5,5,13,13,25,5,0,0,0,8,8,8,9,8,8,0
YYZ,5,6,5,5,5,5,5,5,5,5,0,0,0,0,0,0,0,0,0,0
YZF,14,5,18,17,20,13,13,13,18,14,9,8,8,8,10,8,11,8,8,8
YZG,14,18,18,17,20,13,13,13,25,14,9,8,8,8,8,8,9,8,8,8
YZP,5,6,5,5,5,5,5,5,5,5,0,0,0,0,0,0,0,0,0,0
YZR,5,6,5,5,5,5,5,5,5,5,0,0,0,0,0,0,0,0,0,0
YZS,14,5,18,17,20,13,13,13,18,14,9,8,8,8,10,8,11,8,8,8
YZT,5,6,5,5,5,5,5,5,5,5,0,0,0,0,0,0,0,0,0,0
YZV,14,18,18,17,5,5,13,13,25,5,0,0,0,8,8,8,9,8,8,0
YZY,3,3,3,3,3,3,3,3,3,3,3,2,2,2,2,3,1,3,3,2
YZZ,5,6,5,5,5,5,5,5,5,5,0,0,0,0,0,0,0,0,0,0
ZAD,0,0,0,0,0,0,0,0,0,0,1,1,1,1,1,1,2,1,2,3
ZAG,0,0,0,0,0,0,0,0,0,0,1,1,1,1,1,1,2,1,2,3
ZAH,1,1,1,1,1,1,1,1,1,1,2,3,3,3,3,2,3,2,1,1
ZAL,4,4,4,4,4,4,4,4,4,4,4,5,6,4,4,5,4,4,4,5
ZAM,3,3,3,3,7,3,3,7,3,3,3,2,2,2,2,3,1,3,3,2
ZAT,3,3,3,3,3,3,3,3,3,3,3,2,2,2,2,3,1,3,3,2
ZAZ,0,0,0,0,0,0,0,0,0,0,1,1,1,1,1,1,2,1,2,3
ZBF,14,6,18,17,5,5,13,13,25,5,0,0,0,8,8,8,9,8,8,0
ZBL,7,8,7,7,7,7,7,7,3,7,5,4,4,5,5,4,1,5,5,4
ZBR,1,1,1,1,1,1,1,1,1,1,2,3,3,3,3,2,3,2,1,1
ZCL,5,6,5,5,5,5,5,5,5,5,0,0,0,0,0,0,0,0,0,0
ZCO,4,4,4,4,4,4,4,4,4,4,4,5,6,4,4,5,4,4,4,5
ZDY,1,1,1,1,1,1,1,1,1,1,2,3,3,3,3,2,3,2,1,1
ZEL,5,6,5,5,5,5,5,5,5,5,0,0,0,0,0,0,0,0,0,0
ZEM,14,18,18,17,20,13,13,13,25,14,9,8,8,8,8,8,9,8,8,8
ZFM,14,5,18,17,20,13,13,13,18,14,9,8,8,8,10,8,11,8,8,8
ZFN,14,5,18,17,20,13,13,13,18,14,9,8,8,8,10,8,11,8,8,8
ZGS,14,18,18,17,31,12,13,13,25,28,13,12,12,8,8,8,9,8,8,20
ZGU,7,8,7,7,7,7,7,7,10,7,5,4,4,5,5,4,8,5,5,4
ZHA,3,3,3,3,3,3,3,3,3,3,3,2,2,2,2,3,1,3,3,2
ZHY,3,3,3,3,3,3,3,3,3,3,3,2,2,2,2,3,1,3,3,2
ZIG,1,24,1,1,1,1,1,0,1,1,8,3,5,6,6,2,5,2,1,1
ZIH,5,6,5,5,5,5,5,5,5,5,0,0,0,0,0,0,0,0,0,0
ZKE,14,18,18,17,20,13,13,13,25,14,9,8,8,8,8,8,9,10,10,8
ZKG,14,18,18,17,31,12,13,13,25,28,13,12,12,8,8,8,9,8,8,20
ZLO,5,6,5,5,5,5,5,4,5,5,0,0,0,0,0,0,0,0,0,0
ZLT,14,18,18,17,31,12,13,13,25,28,13,12,12,8,8,8,9,8,8,20
ZMT,5,6,5,5,5,5,5,5,5,5,0,0,0,0,0,0,0,0,0,0
ZNE,7,8,7,7,7,7,7,7,3,7,5,4,4,5,5,4,1,5,5,4
ZNZ,1,1,1,1,1,1,1,1,1,1,2,3,5,6,6,2,5,2,1,1
ZOS,4,4,4,4,4,4,4,4,4,4,4,5,6,4,4,5,4,4,4,5
ZPB,26,18,12,30,20,18,25,24,25,14,9,8,8,11,8,8,9,10,10,12
ZQN,7,8,7,7,7,7,7,7,10,7,5,4,4,5,5,4,8,5,5,4
ZQW,0,0,0,0,0,0,0,0,0,0,1,1,1,1,1,1,2,1,2,3
ZQZ,3,3,3,3,3,3,3,3,3,3,3,2,2,2,2,3,1,3,3,2
ZRH,0,0,0,0,0,0,0,0,0,0,1,1,1,1,1,1,2,1,2,3
ZRJ,26,18,12,30,20,18,25,24,25,14,9,8,8,11,8,8,9,10,10,12
ZSA,5,6,5,5,5,5,5,5,5,5,0,0,0,0,0,0,0,0,0,0
ZSE,1,1,1,1,1,1,1,1,1,1,2,3,5,6,6,2,5,2,1,1
ZSJ,26,18,12,30,20,18,25,24,25,14,9,8,8,11,8,8,9,10,10,12
ZTB,14,18,18,17,31,12,13,13,25,28,13,12,12,8,8,8,9,8,8,20
ZTH,0,0,0,0,0,0,0,0,0,0,1,1,1,1,1,1,2,1,2,3
ZUH,3,3,3,3,3,3,3,3,3,3,3,2,2,2,2,3,1,3,3,2
ZUM,14,18,18,17,5,12,13,13,25,5,13,12,12,8,8,8,9,8,8,0
ZVK,3,3,3,3,3,3,3,3,3,3,3,2,2,2,2,3,1,3,3,2
ZYI,3,3,3,3,3,3,3,3,3,3,3,2,2,2,2,3,1,3,3,2
ZYL,1,1,1,1,1,1,1,1,1,1,2,3,3,3,3,2,3,2,1,1
